global_step,episode,step_in_episode,vehicle_queue,vehicle_wait,ped_queue,ped_wait,ped_thru_step,veh_thru_step,phase,reward
0,0,0,0,0.0,0,0.0,0,0,0,-0.0
1,0,1,0,0.0,0,0.0,0,0,0,-0.0
2,0,2,0,0.0,0,0.0,0,0,0,-0.0
3,0,3,0,0.0,0,0.0,0,0,0,-0.0
4,0,4,0,0.0,0,0.0,0,0,0,-0.0
5,0,5,0,0.0,0,0.0,0,0,0,-0.0
6,0,6,0,0.0,0,0.0,0,0,0,-0.0
7,0,7,0,0.0,0,0.0,0,0,0,-0.0
8,0,8,0,0.0,0,0.0,0,0,0,-0.0
9,0,9,0,0.0,0,0.0,0,0,0,-0.0
10,0,10,0,0.0,0,0.0,0,0,0,-0.0
11,0,11,0,0.0,0,0.0,0,0,0,-0.0
12,0,12,0,0.0,0,0.0,0,0,0,-0.0
13,0,13,0,0.0,0,0.0,0,0,0,-0.0
14,0,14,0,0.0,0,0.0,0,0,0,-0.0
15,0,15,0,0.0,0,0.0,0,0,0,-0.0
16,0,16,0,0.0,0,0.0,0,0,0,-0.0
17,0,17,0,0.0,0,0.0,0,0,0,-0.0
18,0,18,0,0.0,0,0.0,0,0,0,-0.0
19,0,19,0,0.0,0,0.0,0,0,0,-0.0
20,0,20,0,0.0,0,0.0,0,0,0,-0.0
21,0,21,0,0.0,0,0.0,0,0,0,-0.0
22,0,22,0,0.0,0,0.0,0,0,0,-0.0
23,0,23,0,0.0,0,0.0,0,0,0,-0.0
24,0,24,0,0.0,0,0.0,0,0,0,-0.0
25,0,25,0,0.0,0,0.0,0,0,0,-0.0
26,0,26,0,0.0,0,0.0,0,0,0,-0.0
27,0,27,0,0.0,0,0.0,0,0,0,-0.0
28,0,28,0,0.0,0,0.0,0,0,0,-0.0
29,0,29,0,0.0,0,0.0,0,0,0,-0.0
30,0,30,0,0.0,0,0.0,0,0,0,-0.0
31,0,31,0,0.0,0,0.0,0,0,0,-0.0
32,0,32,0,0.0,0,0.0,0,0,0,-0.0
33,0,33,0,0.0,0,0.0,0,0,0,-0.0
34,0,34,0,0.0,0,0.0,0,0,0,-0.0
35,0,35,0,0.0,0,0.0,0,0,0,-0.0
36,0,36,0,0.0,0,0.0,0,0,0,-0.0
37,0,37,0,0.0,0,0.0,0,0,0,-0.0
38,0,38,0,0.0,0,0.0,0,0,0,-0.0
39,0,39,0,0.0,0,0.0,0,0,0,-0.0
40,0,40,0,0.0,0,0.0,0,0,0,-0.0
41,0,41,0,0.0,0,0.0,0,0,0,-0.0
42,0,42,0,0.0,0,0.0,0,0,0,-0.0
43,0,43,0,0.0,0,0.0,0,0,0,-0.0
44,0,44,0,0.0,0,0.0,0,0,0,-0.0
45,0,45,0,0.0,0,0.0,0,0,0,-0.0
46,0,46,0,0.0,0,0.0,0,0,0,-0.0
47,0,47,0,0.0,0,0.0,0,0,0,-0.0
48,0,48,0,0.0,0,0.0,0,0,0,-0.0
49,0,49,0,0.0,0,0.0,0,0,1,-0.0
50,0,50,0,0.0,0,0.0,0,0,1,-0.0
51,0,51,0,0.0,0,0.0,0,0,1,-0.0
52,0,52,0,0.0,0,0.0,0,0,1,-0.0
53,0,53,0,0.0,0,0.0,0,0,1,-0.0
54,0,54,0,0.0,0,0.0,0,0,1,-0.0
55,0,55,0,0.0,0,0.0,0,0,1,-0.0
56,0,56,0,0.0,0,0.0,0,0,1,-0.0
57,0,57,0,0.0,0,0.0,0,0,1,-0.0
58,0,58,0,0.0,0,0.0,0,0,1,-0.0
59,0,59,0,0.0,0,0.0,0,0,1,-0.0
60,0,60,0,0.0,0,0.0,0,0,1,-0.0
61,0,61,0,0.0,0,0.0,0,0,1,-0.0
62,0,62,0,0.0,0,0.0,0,0,1,-0.0
63,0,63,0,0.0,0,0.0,0,0,1,-0.0
64,0,64,0,0.0,1,1.5,0,0,1,-0.05
65,0,65,0,0.0,1,2.0,0,0,1,-0.05
66,0,66,0,0.0,1,2.5,0,0,1,-0.05
67,0,67,0,0.0,2,4.5,0,0,1,-0.1
68,0,68,0,0.0,3,7.0,0,0,1,-0.15
69,0,69,0,0.0,3,8.5,0,0,1,-0.15
70,0,70,0,0.0,3,10.0,0,0,1,-0.15
71,0,71,0,0.0,3,11.5,0,0,1,-0.15
72,0,72,0,0.0,3,13.0,0,0,1,-0.15
73,0,73,0,0.0,3,14.5,0,0,1,-0.15
74,0,74,0,0.0,3,16.0,0,0,1,-0.15
75,0,75,0,0.0,3,17.5,0,0,1,-0.15
76,0,76,1,1.5,3,19.0,0,0,1,-0.16
77,0,77,1,2.0,3,20.5,0,0,1,-0.16
78,0,78,5,8.5,3,22.0,0,0,1,-0.2
79,0,79,5,11.0,3,23.5,0,0,1,-0.2
80,0,80,5,13.5,3,25.0,0,0,1,-0.2
81,0,81,5,16.0,3,26.5,0,0,1,-0.2
82,0,82,5,18.5,3,28.0,0,0,1,-0.2
83,0,83,5,21.0,3,29.5,0,0,1,-0.2
84,0,84,5,23.5,3,31.0,0,0,1,-0.2
85,0,85,5,26.0,3,32.5,0,0,1,-0.2
86,0,86,8,33.0,3,34.0,0,0,1,-0.22999999999999998
87,0,87,8,37.0,4,37.0,0,0,1,-0.28
88,0,88,8,41.0,5,40.5,0,0,1,-0.33
89,0,89,9,46.5,5,43.0,0,0,1,-0.33999999999999997
90,0,90,9,51.0,6,47.0,0,0,1,-0.39
91,0,91,9,55.5,6,50.0,0,0,1,-0.39
92,0,92,9,60.0,6,53.0,0,0,1,-0.39
93,0,93,9,64.5,6,56.0,0,0,1,-0.39
94,0,94,9,69.0,6,59.0,0,0,1,-0.39
95,0,95,9,73.5,6,62.0,0,0,1,-0.39
96,0,96,9,78.0,6,65.0,0,0,1,-0.39
97,0,97,9,82.5,7,69.5,0,0,1,-0.43999999999999995
98,0,98,9,87.0,6,71.0,0,0,1,-0.39
99,0,99,10,93.0,6,74.0,0,0,1,-0.4
100,0,100,10,98.0,6,77.0,0,0,1,-0.4
101,0,101,11,104.5,7,81.5,0,0,1,-0.45999999999999996
102,0,102,12,111.5,7,85.0,0,0,1,-0.47
103,0,103,12,117.5,7,88.5,0,0,1,-0.47
104,0,104,12,123.5,7,92.0,0,0,1,-0.47
105,0,105,12,129.5,7,95.5,0,0,1,-0.47
106,0,106,12,135.5,7,99.0,0,0,1,-0.47
107,0,107,12,141.5,7,102.5,0,0,1,-0.47
108,0,108,12,147.5,7,106.0,0,0,1,-0.47
109,0,109,12,153.5,7,109.5,0,0,1,-0.47
110,0,110,12,159.5,7,113.0,0,0,1,-0.47
111,0,111,12,165.5,8,118.0,0,0,1,-0.52
112,0,112,12,171.5,8,122.0,0,0,1,-0.52
113,0,113,12,177.5,8,126.0,0,0,1,-0.52
114,0,114,13,185.0,8,130.0,0,0,1,-0.53
115,0,115,13,191.5,8,134.0,0,0,1,-0.53
116,0,116,13,198.0,8,138.0,0,0,1,-0.53
117,0,117,13,204.5,8,142.0,0,0,1,-0.53
118,0,118,13,211.0,8,146.0,0,0,1,-0.53
119,0,119,13,217.5,8,150.0,0,0,1,-0.53
120,0,120,14,225.5,8,154.0,0,0,1,-0.54
121,0,121,14,232.5,8,158.0,0,0,1,-0.54
122,0,122,14,239.5,8,162.0,0,0,1,-0.54
123,0,123,15,248.0,8,166.0,0,0,1,-0.55
124,0,124,16,257.0,8,170.0,0,0,1,-0.56
125,0,125,16,265.0,8,174.0,0,0,1,-0.56
126,0,126,16,273.0,8,178.0,0,0,1,-0.56
127,0,127,16,281.0,8,182.0,0,0,1,-0.56
128,0,128,16,289.0,8,186.0,0,0,1,-0.56
129,0,129,16,297.0,8,190.0,0,0,1,-0.56
130,0,130,16,305.0,8,194.0,0,0,1,-0.56
131,0,131,16,313.0,8,198.0,0,0,1,-0.56
132,0,132,16,321.0,8,202.0,0,0,1,-0.56
133,0,133,16,329.0,8,206.0,0,0,1,-0.56
134,0,134,17,338.5,8,210.0,0,0,1,-0.5700000000000001
135,0,135,17,347.0,8,214.0,0,0,1,-0.5700000000000001
136,0,136,17,355.5,8,218.0,0,0,1,-0.5700000000000001
137,0,137,17,364.0,8,222.0,0,0,1,-0.5700000000000001
138,0,138,17,372.5,8,226.0,0,0,1,-0.5700000000000001
139,0,139,17,381.0,8,230.0,0,0,2,-0.5700000000000001
140,0,140,17,389.5,8,234.0,0,0,2,-0.5700000000000001
141,0,141,17,398.0,8,238.0,0,0,2,-0.5700000000000001
142,0,142,19,409.5,8,242.0,0,0,2,-0.5900000000000001
143,0,143,19,419.0,8,246.0,0,0,2,-0.5900000000000001
144,0,144,19,428.5,8,250.0,0,0,2,-0.5900000000000001
145,0,145,19,438.0,8,254.0,0,0,2,-0.5900000000000001
146,0,146,19,447.5,8,258.0,0,0,2,-0.5900000000000001
147,0,147,19,457.0,8,262.0,0,0,2,-0.5900000000000001
148,0,148,19,466.5,8,266.0,0,2,2,-0.5900000000000001
149,0,149,19,476.0,8,270.0,0,0,2,-0.5900000000000001
150,0,150,20,487.0,8,274.0,0,0,2,-0.6000000000000001
151,0,151,19,430.5,8,278.0,0,0,3,-0.5900000000000001
152,0,152,20,441.5,8,282.0,0,0,3,-0.6000000000000001
153,0,153,21,453.0,8,286.0,0,0,3,-0.61
154,0,154,21,463.5,8,290.0,0,0,3,-0.61
155,0,155,21,474.0,8,294.0,0,0,3,-0.61
156,0,156,21,484.5,8,298.0,0,0,3,-0.61
157,0,157,21,495.0,8,302.0,0,0,3,-0.61
158,0,158,21,505.5,8,306.0,0,0,3,-0.61
159,0,159,22,517.5,8,310.0,0,1,3,-0.62
160,0,160,22,528.5,8,314.0,0,0,3,-0.62
161,0,161,22,539.5,8,318.0,0,0,3,-0.62
162,0,162,24,553.5,8,322.0,0,0,3,-0.64
163,0,163,24,565.5,8,326.0,0,0,3,-0.64
164,0,164,28,583.5,8,330.0,0,0,3,-0.68
165,0,165,28,597.5,8,334.0,0,1,3,-0.68
166,0,166,28,611.5,8,338.0,0,0,3,-0.68
167,0,167,28,625.5,8,342.0,0,0,3,-0.68
168,0,168,28,639.5,8,346.0,0,0,3,-0.68
169,0,169,29,655.0,8,350.0,0,1,3,-0.69
170,0,170,30,671.0,8,354.0,0,0,3,-0.7
171,0,171,32,689.0,8,358.0,0,0,3,-0.72
172,0,172,33,706.5,8,362.0,0,0,3,-0.73
173,0,173,35,726.0,8,366.0,0,0,3,-0.75
174,0,174,36,745.0,8,370.0,0,0,3,-0.76
175,0,175,37,764.5,8,374.0,0,0,3,-0.77
176,0,176,37,783.0,8,378.0,0,0,3,-0.77
177,0,177,37,801.5,8,382.0,0,0,3,-0.77
178,0,178,37,820.0,8,386.0,0,0,3,-0.77
179,0,179,37,838.5,8,390.0,0,0,3,-0.77
180,0,180,37,857.0,8,394.0,0,1,3,-0.77
181,0,181,37,875.5,8,398.0,0,0,3,-0.77
182,0,182,39,897.0,8,402.0,0,0,3,-0.79
183,0,183,39,916.0,8,406.0,0,1,3,-0.79
184,0,184,39,935.5,8,410.0,0,0,3,-0.79
185,0,185,39,955.0,8,414.0,0,0,3,-0.79
186,0,186,40,976.0,8,418.0,0,1,3,-0.8
187,0,187,42,999.0,8,422.0,0,0,3,-0.8200000000000001
188,0,188,43,1021.5,8,426.0,0,1,3,-0.8300000000000001
189,0,189,43,1043.0,8,430.0,0,0,3,-0.8300000000000001
190,0,190,43,1064.5,8,434.0,0,0,3,-0.8300000000000001
191,0,191,43,1086.0,8,438.0,0,0,3,-0.8300000000000001
192,0,192,43,1107.5,8,442.0,0,0,3,-0.8300000000000001
193,0,193,44,1130.5,8,446.0,0,0,3,-0.8400000000000001
194,0,194,44,1152.5,8,450.0,0,0,3,-0.8400000000000001
195,0,195,46,1177.5,8,454.0,0,0,3,-0.8600000000000001
196,0,196,45,1198.5,8,458.0,0,0,3,-0.8500000000000001
197,0,197,45,1221.0,8,462.0,0,0,3,-0.8500000000000001
198,0,198,45,1243.5,8,466.0,0,1,3,-0.8500000000000001
199,0,199,45,1266.0,8,470.0,0,0,3,-0.8500000000000001
200,0,200,47,1291.5,8,474.0,0,0,3,-0.87
201,0,201,48,1316.5,8,478.0,0,0,3,-0.88
202,0,202,48,1340.5,8,482.0,0,0,3,-0.88
203,0,203,48,1364.5,8,486.0,0,0,3,-0.88
204,0,204,48,1388.5,8,490.0,0,1,3,-0.88
205,0,205,48,1412.5,8,494.0,0,0,3,-0.88
206,0,206,48,1436.5,8,498.0,0,0,3,-0.88
207,0,207,48,1460.5,8,502.0,0,2,3,-0.88
208,0,208,48,1484.5,8,506.0,0,0,3,-0.88
209,0,209,49,1510.0,8,510.0,0,0,3,-0.89
210,0,210,49,1534.5,8,514.0,0,0,3,-0.89
211,0,211,49,1559.0,8,518.0,0,1,4,-0.89
212,0,212,49,1583.5,8,522.0,0,1,4,-0.89
213,0,213,51,1611.0,8,526.0,0,0,4,-0.91
214,0,214,53,1639.5,8,530.0,0,0,4,-0.93
215,0,215,53,1666.0,8,534.0,0,0,4,-0.93
216,0,216,54,1694.0,8,538.0,0,0,4,-0.9400000000000001
217,0,217,56,1724.0,8,542.0,0,0,4,-0.9600000000000001
218,0,218,56,1752.0,8,546.0,0,1,4,-0.9600000000000001
219,0,219,56,1780.0,8,550.0,0,0,4,-0.9600000000000001
220,0,220,57,1809.5,8,554.0,0,0,4,-0.97
221,0,221,57,1838.0,8,558.0,0,0,4,-0.97
222,0,222,58,1868.0,8,562.0,0,0,4,-0.98
223,0,223,52,1554.0,8,566.0,0,0,5,-0.92
224,0,224,48,1346.5,8,570.0,0,0,5,-0.88
225,0,225,47,1178.5,8,574.0,0,0,5,-0.87
226,0,226,43,1042.5,8,578.0,0,0,5,-0.8300000000000001
227,0,227,43,1035.5,8,582.0,0,0,5,-0.8300000000000001
228,0,228,40,964.0,8,586.0,0,0,5,-0.8
229,0,229,36,901.5,8,590.0,0,0,5,-0.76
230,0,230,32,874.5,8,594.0,0,0,5,-0.72
231,0,231,32,890.5,6,446.5,0,0,5,-0.62
232,0,232,31,900.0,5,366.0,0,0,5,-0.56
233,0,233,31,915.5,3,210.0,0,0,5,-0.45999999999999996
234,0,234,31,931.0,3,211.5,0,0,5,-0.45999999999999996
235,0,235,33,949.5,3,213.0,0,0,5,-0.48
236,0,236,33,966.0,3,214.5,0,0,5,-0.48
237,0,237,33,982.5,3,216.0,0,0,5,-0.48
238,0,238,33,999.0,3,217.5,0,0,5,-0.48
239,0,239,33,1015.5,3,219.0,0,0,5,-0.48
240,0,240,33,1032.0,3,220.5,0,2,5,-0.48
241,0,241,33,1048.5,2,143.5,0,0,5,-0.43000000000000005
242,0,242,33,1065.0,2,144.5,0,0,5,-0.43000000000000005
243,0,243,33,1081.5,2,145.5,0,0,5,-0.43000000000000005
244,0,244,33,1098.0,2,146.5,0,0,5,-0.43000000000000005
245,0,245,34,1116.0,2,147.5,0,0,5,-0.44000000000000006
246,0,246,34,1133.0,2,148.5,0,0,5,-0.44000000000000006
247,0,247,34,1150.0,2,149.5,0,0,5,-0.44000000000000006
248,0,248,34,1167.0,2,150.5,0,0,5,-0.44000000000000006
249,0,249,34,1184.0,2,151.5,0,0,5,-0.44000000000000006
250,0,250,34,1201.0,2,152.5,0,0,5,-0.44000000000000006
251,0,251,34,1218.0,2,153.5,0,0,5,-0.44000000000000006
252,0,252,34,1235.0,2,154.5,0,0,5,-0.44000000000000006
253,0,253,35,1253.5,2,155.5,0,2,5,-0.44999999999999996
254,0,254,35,1271.0,2,156.5,0,0,5,-0.44999999999999996
255,0,255,36,1290.0,2,157.5,0,0,5,-0.45999999999999996
256,0,256,37,1309.5,2,158.5,0,2,5,-0.47
257,0,257,37,1328.0,2,159.5,0,0,5,-0.47
258,0,258,37,1346.5,2,160.5,0,0,5,-0.47
259,0,259,37,1365.0,2,161.5,0,0,5,-0.47
260,0,260,37,1383.5,2,162.5,0,0,5,-0.47
261,0,261,37,1402.0,2,163.5,0,0,5,-0.47
262,0,262,37,1420.5,2,164.5,0,0,5,-0.47
263,0,263,37,1439.0,2,165.5,0,0,5,-0.47
264,0,264,37,1457.5,2,166.5,0,0,5,-0.47
265,0,265,38,1477.5,3,169.0,0,0,5,-0.53
266,0,266,38,1496.5,3,170.5,0,0,5,-0.53
267,0,267,38,1515.5,3,172.0,0,0,5,-0.53
268,0,268,38,1534.5,3,173.5,0,0,5,-0.53
269,0,269,38,1553.5,3,175.0,0,0,5,-0.53
270,0,270,38,1572.5,3,176.5,0,0,5,-0.53
271,0,271,38,1591.5,2,173.5,0,0,5,-0.48
272,0,272,38,1610.5,2,174.5,0,0,5,-0.48
273,0,273,37,1433.0,2,175.5,0,0,6,-0.47
274,0,274,35,1365.0,2,176.5,0,0,6,-0.44999999999999996
275,0,275,36,1384.0,2,177.5,0,0,6,-0.45999999999999996
276,0,276,36,1402.0,4,181.5,0,0,6,-0.56
277,0,277,36,1420.0,3,181.5,0,0,6,-0.51
278,0,278,36,1438.0,3,183.0,0,0,6,-0.51
279,0,279,36,1456.0,3,184.5,0,0,6,-0.51
280,0,280,36,1474.0,4,187.5,0,0,6,-0.56
281,0,281,36,1492.0,4,189.5,0,0,6,-0.56
282,0,282,37,1511.5,4,191.5,0,0,6,-0.5700000000000001
283,0,283,37,1530.0,6,196.5,0,0,6,-0.6699999999999999
284,0,284,37,1548.5,5,197.5,0,0,6,-0.62
285,0,285,40,1571.5,6,201.5,0,0,6,-0.7
286,0,286,40,1591.5,5,202.5,0,0,6,-0.65
287,0,287,42,1614.5,6,206.5,0,1,6,-0.72
288,0,288,44,1638.5,6,209.0,0,0,6,-0.74
289,0,289,44,1660.5,8,215.0,0,0,6,-0.8400000000000001
290,0,290,44,1682.5,7,216.5,0,0,6,-0.79
291,0,291,44,1704.5,8,221.5,0,0,6,-0.8400000000000001
292,0,292,44,1726.5,7,222.5,0,0,6,-0.79
293,0,293,44,1748.5,7,225.0,0,0,6,-0.79
294,0,294,45,1772.0,7,228.5,0,0,6,-0.8
295,0,295,46,1796.0,8,233.5,0,0,6,-0.8600000000000001
296,0,296,46,1819.0,9,239.0,0,0,6,-0.91
297,0,297,46,1842.0,8,241.5,0,0,6,-0.8600000000000001
298,0,298,47,1866.5,8,245.5,0,0,6,-0.87
299,0,299,47,1890.0,7,246.0,0,0,6,-0.82
300,0,300,47,1913.5,8,251.0,0,0,6,-0.87
301,0,301,47,1937.0,9,256.5,0,0,6,-0.9199999999999999
302,0,302,47,1960.5,10,262.5,0,1,6,-0.97
303,0,303,48,1985.5,10,267.5,0,3,6,-0.98
304,0,304,49,2011.0,10,272.5,0,0,6,-0.99
305,0,305,49,2035.5,10,277.5,0,0,6,-0.99
306,0,306,49,2060.0,10,282.5,0,3,6,-0.99
307,0,307,49,2084.5,10,287.5,0,0,6,-0.99
308,0,308,49,2109.0,11,294.0,0,0,6,-1.04
309,0,309,49,2133.5,11,299.5,0,1,6,-1.04
310,0,310,49,2158.0,11,305.0,0,0,6,-1.04
311,0,311,49,2182.5,12,312.0,0,0,6,-1.0899999999999999
312,0,312,49,2207.0,13,319.5,0,1,6,-1.1400000000000001
313,0,313,49,2231.5,13,326.0,0,0,6,-1.1400000000000001
314,0,314,49,2256.0,13,332.5,0,0,6,-1.1400000000000001
315,0,315,50,2282.0,13,339.0,0,2,6,-1.15
316,0,316,50,2307.0,13,345.5,0,0,6,-1.15
317,0,317,50,2332.0,13,352.0,0,0,6,-1.15
318,0,318,50,2357.0,13,358.5,0,4,6,-1.15
319,0,319,50,2382.0,13,365.0,0,0,6,-1.15
320,0,320,50,2407.0,13,371.5,0,0,6,-1.15
321,0,321,50,2432.0,13,378.0,0,4,6,-1.15
322,0,322,50,2457.0,13,384.5,0,0,6,-1.15
323,0,323,50,2482.0,13,391.0,0,0,6,-1.15
324,0,324,52,2510.0,13,397.5,0,8,6,-1.17
325,0,325,52,2536.0,13,404.0,0,0,6,-1.17
326,0,326,52,2562.0,13,410.5,0,1,6,-1.17
327,0,327,52,2588.0,13,417.0,0,3,6,-1.17
328,0,328,52,2614.0,13,423.5,0,0,6,-1.17
329,0,329,52,2640.0,13,430.0,0,1,6,-1.17
330,0,330,52,2666.0,13,436.5,0,2,6,-1.17
331,0,331,53,2693.5,13,443.0,0,1,6,-1.1800000000000002
332,0,332,53,2720.0,13,449.5,0,1,6,-1.1800000000000002
333,0,333,53,2746.5,13,456.0,0,0,6,-1.1800000000000002
334,0,334,53,2773.0,13,462.5,0,1,6,-1.1800000000000002
335,0,335,54,2801.0,13,469.0,0,2,6,-1.19
336,0,336,54,2828.0,13,475.5,0,0,6,-1.19
337,0,337,54,2855.0,13,482.0,0,1,6,-1.19
338,0,338,54,2882.0,13,488.5,0,0,6,-1.19
339,0,339,54,2909.0,13,495.0,0,0,6,-1.19
340,0,340,54,2936.0,13,501.5,0,1,6,-1.19
341,0,341,55,2964.5,13,508.0,0,0,6,-1.2000000000000002
342,0,342,55,2992.0,13,514.5,0,0,6,-1.2000000000000002
343,0,343,55,3019.5,13,521.0,0,1,6,-1.2000000000000002
344,0,344,55,3047.0,13,527.5,0,1,6,-1.2000000000000002
345,0,345,55,3074.5,13,534.0,0,0,6,-1.2000000000000002
346,0,346,55,3102.0,13,540.5,0,1,6,-1.2000000000000002
347,0,347,55,3129.5,13,547.0,0,0,6,-1.2000000000000002
348,0,348,55,3157.0,13,553.5,0,0,6,-1.2000000000000002
349,0,349,55,3184.5,13,560.0,0,0,6,-1.2000000000000002
350,0,350,56,3213.5,13,566.5,0,0,6,-1.21
351,0,351,56,3241.5,13,573.0,0,2,6,-1.21
352,0,352,56,3269.5,14,581.0,0,0,6,-1.26
353,0,353,56,3297.5,13,586.0,0,1,6,-1.21
354,0,354,56,3325.5,13,592.5,0,0,6,-1.21
355,0,355,56,3353.5,13,599.0,0,1,6,-1.21
356,0,356,57,3383.0,14,607.0,0,0,6,-1.27
357,0,357,57,3411.5,14,614.0,0,1,6,-1.27
358,0,358,58,3441.5,13,618.5,0,1,6,-1.23
359,0,359,58,3470.5,13,625.0,0,0,6,-1.23
360,0,360,59,3501.0,13,631.5,0,0,6,-1.24
361,0,361,60,3532.0,14,639.5,0,2,6,-1.2999999999999998
362,0,362,60,3562.0,14,646.5,0,0,6,-1.2999999999999998
363,0,363,61,3593.5,14,653.5,0,1,7,-1.31
364,0,364,63,3627.0,14,660.5,0,0,7,-1.33
365,0,365,63,3658.5,14,667.5,0,0,7,-1.33
366,0,366,64,3691.5,14,674.5,0,1,7,-1.3399999999999999
367,0,367,64,3723.5,14,681.5,0,1,7,-1.3399999999999999
368,0,368,64,3755.5,14,688.5,0,0,7,-1.3399999999999999
369,0,369,64,3787.5,14,695.5,0,0,7,-1.3399999999999999
370,0,370,64,3819.5,14,702.5,0,0,7,-1.3399999999999999
371,0,371,64,3851.5,14,709.5,0,0,7,-1.3399999999999999
372,0,372,64,3883.5,14,716.5,0,0,7,-1.3399999999999999
373,0,373,64,3915.5,14,723.5,0,0,7,-1.3399999999999999
374,0,374,66,3950.5,14,730.5,0,0,7,-1.3599999999999999
375,0,375,64,3687.5,14,737.5,0,0,8,-1.3399999999999999
376,0,376,62,3510.5,14,744.5,0,0,8,-1.3199999999999998
377,0,377,60,3335.0,14,751.5,0,0,8,-1.2999999999999998
378,0,378,59,3207.5,14,758.5,0,1,8,-1.29
379,0,379,59,3237.0,14,765.5,0,1,8,-1.29
380,0,380,57,3171.5,14,772.5,0,0,8,-1.27
381,0,381,57,3179.0,14,779.5,0,0,8,-1.27
382,0,382,57,3207.5,14,786.5,0,0,8,-1.27
383,0,383,57,3236.0,14,793.5,0,0,8,-1.27
384,0,384,58,3266.0,14,800.5,0,0,8,-1.2799999999999998
385,0,385,58,3295.0,14,807.5,0,1,8,-1.2799999999999998
386,0,386,58,3324.0,14,814.5,0,0,8,-1.2799999999999998
387,0,387,58,3353.0,14,821.5,0,0,8,-1.2799999999999998
388,0,388,58,3382.0,14,828.5,0,0,8,-1.2799999999999998
389,0,389,58,3411.0,14,835.5,0,1,8,-1.2799999999999998
390,0,390,59,3441.5,14,842.5,0,0,8,-1.29
391,0,391,60,3472.5,14,849.5,0,0,8,-1.2999999999999998
392,0,392,60,3502.5,14,856.5,0,0,8,-1.2999999999999998
393,0,393,61,3534.0,14,863.5,0,0,8,-1.31
394,0,394,63,3567.5,14,870.5,0,0,8,-1.33
395,0,395,63,3599.0,14,877.5,0,0,8,-1.33
396,0,396,63,3630.5,14,884.5,0,0,8,-1.33
397,0,397,63,3662.0,14,891.5,0,0,8,-1.33
398,0,398,63,3693.5,14,898.5,0,1,8,-1.33
399,0,399,63,3725.0,14,905.5,0,1,8,-1.33
400,0,400,64,3758.0,14,912.5,0,2,8,-1.3399999999999999
401,0,401,64,3790.0,14,919.5,0,0,8,-1.3399999999999999
402,0,402,64,3822.0,14,926.5,0,0,8,-1.3399999999999999
403,0,403,65,3855.5,14,933.5,0,0,8,-1.35
404,0,404,67,3891.0,14,940.5,0,0,8,-1.37
405,0,405,67,3924.5,14,947.5,1,0,8,-1.37
406,0,406,67,3958.0,14,954.5,0,0,8,-1.37
407,0,407,67,3991.5,14,961.5,0,0,8,-1.37
408,0,408,67,4025.0,14,968.5,0,0,8,-1.37
409,0,409,68,4060.0,14,975.5,0,1,8,-1.38
410,0,410,68,4094.0,14,982.5,0,0,8,-1.38
411,0,411,68,4128.0,14,989.5,0,0,8,-1.38
412,0,412,68,4162.0,14,996.5,0,0,8,-1.38
413,0,413,70,4199.0,14,1003.5,0,0,8,-1.4
414,0,414,71,4235.5,14,1010.5,0,0,8,-1.41
415,0,415,71,4271.0,14,1017.5,0,0,8,-1.41
416,0,416,71,4306.5,14,1024.5,0,0,8,-1.41
417,0,417,71,4342.0,14,1031.5,0,0,8,-1.41
418,0,418,71,4377.5,14,1038.5,0,0,8,-1.41
419,0,419,71,4413.0,14,1045.5,0,0,8,-1.41
420,0,420,71,4448.5,14,1052.5,0,1,8,-1.41
421,0,421,71,4484.0,14,1059.5,0,0,8,-1.41
422,0,422,71,4519.5,14,1066.5,0,0,8,-1.41
423,0,423,71,4555.0,14,1073.5,0,0,8,-1.41
424,0,424,74,4595.0,14,1080.5,0,0,8,-1.44
425,0,425,74,4632.0,14,1087.5,0,0,8,-1.44
426,0,426,74,4669.0,14,1094.5,0,1,8,-1.44
427,0,427,75,4707.5,14,1101.5,0,1,8,-1.45
428,0,428,75,4745.0,14,1108.5,0,0,8,-1.45
429,0,429,75,4782.5,14,1115.5,0,0,8,-1.45
430,0,430,76,4821.5,14,1122.5,0,1,8,-1.46
431,0,431,76,4859.5,14,1129.5,0,1,8,-1.46
432,0,432,78,4900.5,14,1136.5,0,0,8,-1.48
433,0,433,79,4941.0,14,1143.5,0,0,8,-1.49
434,0,434,79,4980.5,14,1150.5,0,0,8,-1.49
435,0,435,80,5021.5,14,1157.5,0,0,9,-1.5
436,0,436,81,5063.0,14,1164.5,0,1,9,-1.51
437,0,437,81,5103.5,14,1171.5,0,0,9,-1.51
438,0,438,81,5144.0,14,1178.5,0,0,9,-1.51
439,0,439,81,5184.5,14,1185.5,1,0,9,-1.51
440,0,440,81,5225.0,14,1192.5,0,2,9,-1.51
441,0,441,75,4419.0,10,927.5,0,0,0,-1.25
442,0,442,71,3932.5,10,932.5,0,0,0,-1.21
443,0,443,69,3500.0,9,895.0,0,0,0,-1.14
444,0,444,65,3087.0,9,899.5,0,0,0,-1.1
445,0,445,67,3122.5,9,904.0,0,0,0,-1.12
446,0,446,63,2742.0,9,908.5,0,0,0,-1.08
447,0,447,59,2397.5,9,913.0,0,0,0,-1.04
448,0,448,58,2261.0,8,830.0,0,0,0,-0.98
449,0,449,56,2118.0,5,590.5,0,0,0,-0.81
450,0,450,52,1847.5,4,517.5,0,0,0,-0.72
451,0,451,50,1746.0,4,519.5,0,0,0,-0.7
452,0,452,49,1637.0,4,521.5,0,0,0,-0.69
453,0,453,46,1441.0,4,523.5,0,0,0,-0.66
454,0,454,46,1407.5,4,525.5,0,0,0,-0.66
455,0,455,43,1307.0,4,527.5,0,1,0,-0.63
456,0,456,39,1181.5,4,529.5,0,0,0,-0.5900000000000001
457,0,457,39,1201.0,4,531.5,0,0,0,-0.5900000000000001
458,0,458,35,1106.0,4,533.5,0,0,0,-0.55
459,0,459,32,1055.5,4,535.5,1,0,0,-0.52
460,0,460,32,1071.5,2,175.0,0,0,0,-0.42000000000000004
461,0,461,31,1043.5,2,176.0,0,0,0,-0.41000000000000003
462,0,462,30,1043.0,2,177.0,0,0,0,-0.4
463,0,463,29,1041.0,2,178.0,0,0,0,-0.39
464,0,464,27,1034.0,2,179.0,0,3,0,-0.37
465,0,465,28,1047.0,2,180.0,0,0,0,-0.38
466,0,466,28,1061.0,2,181.0,0,0,0,-0.38
467,0,467,28,1075.0,3,183.5,0,0,0,-0.43000000000000005
468,0,468,28,1089.0,3,185.0,0,0,0,-0.43000000000000005
469,0,469,28,1103.0,2,184.0,0,0,0,-0.38
470,0,470,28,1117.0,2,185.0,0,0,0,-0.38
471,0,471,29,1132.5,2,186.0,0,1,0,-0.39
472,0,472,29,1147.0,2,187.0,0,1,0,-0.39
473,0,473,29,1161.5,2,188.0,0,0,0,-0.39
474,0,474,30,1177.5,3,190.5,0,1,0,-0.44999999999999996
475,0,475,31,1194.0,4,193.5,0,0,0,-0.51
476,0,476,31,1209.5,3,193.5,0,1,0,-0.45999999999999996
477,0,477,31,1225.0,3,195.0,0,0,0,-0.45999999999999996
478,0,478,31,1240.5,3,196.5,0,1,0,-0.45999999999999996
479,0,479,31,1256.0,3,198.0,0,0,0,-0.45999999999999996
480,0,480,31,1271.5,3,196.5,0,0,0,-0.45999999999999996
481,0,481,31,1287.0,4,199.5,0,1,0,-0.51
482,0,482,31,1302.5,4,201.5,0,1,0,-0.51
483,0,483,31,1318.0,4,203.5,0,0,0,-0.51
484,0,484,31,1333.5,3,202.5,0,0,0,-0.45999999999999996
485,0,485,31,1349.0,4,205.5,0,0,0,-0.51
486,0,486,31,1364.5,4,207.5,0,0,0,-0.51
487,0,487,31,1380.0,4,209.5,0,1,0,-0.51
488,0,488,31,1395.5,4,211.5,0,0,0,-0.51
489,0,489,31,1411.0,4,213.5,1,0,0,-0.51
490,0,490,32,1428.0,4,215.5,0,0,0,-0.52
491,0,491,30,1237.0,5,219.0,0,0,1,-0.55
492,0,492,29,1152.5,5,221.5,0,0,1,-0.54
493,0,493,29,1167.0,5,224.0,0,0,1,-0.54
494,0,494,29,1181.5,6,228.0,0,0,1,-0.59
495,0,495,33,1202.0,6,231.0,0,0,1,-0.63
496,0,496,33,1218.5,7,235.5,0,1,1,-0.6799999999999999
497,0,497,33,1235.0,7,239.0,0,0,1,-0.6799999999999999
498,0,498,33,1251.5,7,242.5,0,0,1,-0.6799999999999999
499,0,499,33,1268.0,7,246.0,0,0,1,-0.6799999999999999
500,0,500,34,1286.0,7,249.5,0,0,1,-0.69
501,0,501,34,1303.0,8,254.5,0,0,1,-0.74
502,0,502,35,1321.5,7,256.5,0,0,1,-0.7
503,0,503,35,1332.5,7,260.0,0,0,1,-0.7
504,0,504,35,1350.0,7,263.5,0,0,1,-0.7
505,0,505,36,1369.0,8,268.5,0,0,1,-0.76
506,0,506,37,1388.5,7,270.5,0,0,1,-0.72
507,0,507,37,1407.0,7,274.0,0,0,1,-0.72
508,0,508,37,1425.5,7,277.5,0,0,1,-0.72
509,0,509,37,1444.0,7,281.0,0,0,1,-0.72
510,0,510,37,1462.5,7,284.5,0,0,1,-0.72
511,0,511,37,1481.0,7,288.0,0,0,1,-0.72
512,0,512,37,1499.5,7,291.5,0,1,1,-0.72
513,0,513,38,1519.5,7,295.0,0,0,1,-0.73
514,0,514,40,1541.5,7,298.5,0,0,1,-0.75
515,0,515,40,1561.5,7,302.0,0,0,1,-0.75
516,0,516,40,1581.5,7,305.5,0,0,1,-0.75
517,0,517,40,1601.5,7,309.0,0,0,1,-0.75
518,0,518,40,1621.5,7,312.5,0,0,1,-0.75
519,0,519,40,1641.5,7,316.0,0,0,1,-0.75
520,0,520,40,1661.5,8,321.0,0,0,1,-0.8
521,0,521,41,1683.0,8,325.0,0,2,1,-0.81
522,0,522,41,1703.5,8,329.0,0,0,1,-0.81
523,0,523,41,1724.0,8,333.0,0,0,1,-0.81
524,0,524,42,1746.0,9,338.5,0,2,1,-0.87
525,0,525,42,1767.0,9,343.0,0,0,1,-0.87
526,0,526,42,1788.0,9,347.5,0,0,1,-0.87
527,0,527,42,1809.0,9,352.0,0,0,1,-0.87
528,0,528,42,1830.0,9,356.5,0,0,1,-0.87
529,0,529,42,1851.0,9,361.0,0,0,1,-0.87
530,0,530,43,1873.5,10,367.0,0,0,1,-0.9299999999999999
531,0,531,43,1895.0,10,372.0,0,2,1,-0.9299999999999999
532,0,532,43,1916.5,10,377.0,0,0,1,-0.9299999999999999
533,0,533,43,1938.0,10,382.0,0,1,1,-0.9299999999999999
534,0,534,44,1961.0,10,387.0,0,2,1,-0.94
535,0,535,44,1983.0,10,392.0,0,0,1,-0.94
536,0,536,44,2005.0,10,397.0,0,3,1,-0.94
537,0,537,44,2027.0,10,402.0,0,1,1,-0.94
538,0,538,44,2049.0,10,407.0,0,0,1,-0.94
539,0,539,44,2071.0,10,412.0,0,2,1,-0.94
540,0,540,45,2094.5,11,418.5,0,1,1,-1.0
541,0,541,45,2117.0,10,422.0,0,0,1,-0.95
542,0,542,45,2139.5,10,427.0,0,1,1,-0.95
543,0,543,45,2162.0,10,432.0,0,1,1,-0.95
544,0,544,46,2186.0,11,438.5,0,0,1,-1.01
545,0,545,46,2209.0,11,444.0,0,1,1,-1.01
546,0,546,46,2232.0,11,449.5,0,1,1,-1.01
547,0,547,46,2255.0,11,455.0,0,0,1,-1.01
548,0,548,46,2278.0,10,457.0,0,3,1,-0.96
549,0,549,46,2301.0,10,462.0,0,1,1,-0.96
550,0,550,46,2324.0,10,467.0,0,0,1,-0.96
551,0,551,46,2347.0,11,473.5,0,2,1,-1.01
552,0,552,46,2370.0,11,479.0,0,2,1,-1.01
553,0,553,46,2393.0,11,484.5,0,2,1,-1.01
554,0,554,47,2417.5,11,490.0,0,3,1,-1.02
555,0,555,47,2441.0,11,495.5,0,1,1,-1.02
556,0,556,47,2464.5,11,501.0,0,0,1,-1.02
557,0,557,49,2491.0,11,506.5,0,2,1,-1.04
558,0,558,50,2517.0,11,512.0,0,1,1,-1.05
559,0,559,50,2542.0,11,517.5,0,0,1,-1.05
560,0,560,50,2567.0,11,523.0,0,0,1,-1.05
561,0,561,51,2593.5,11,528.5,0,3,1,-1.06
562,0,562,51,2619.0,11,534.0,0,1,1,-1.06
563,0,563,52,2646.0,11,539.5,0,0,1,-1.07
564,0,564,52,2672.0,11,545.0,0,2,1,-1.07
565,0,565,53,2699.5,11,550.5,0,0,1,-1.08
566,0,566,53,2726.0,11,556.0,0,1,1,-1.08
567,0,567,53,2752.5,11,561.5,0,2,1,-1.08
568,0,568,54,2780.5,11,567.0,0,0,1,-1.09
569,0,569,54,2807.5,11,572.5,0,2,1,-1.09
570,0,570,54,2834.5,11,578.0,0,3,1,-1.09
571,0,571,54,2861.5,11,583.5,0,0,1,-1.09
572,0,572,55,2890.0,11,589.0,0,0,1,-1.1
573,0,573,55,2917.5,12,596.0,0,4,1,-1.15
574,0,574,56,2946.5,11,600.0,0,1,1,-1.11
575,0,575,57,2976.0,11,605.5,0,1,1,-1.12
576,0,576,57,3004.5,11,611.0,0,1,1,-1.12
577,0,577,57,3033.0,11,616.5,0,1,1,-1.12
578,0,578,57,3061.5,11,622.0,0,2,1,-1.12
579,0,579,57,3090.0,11,627.5,0,1,1,-1.12
580,0,580,59,3121.5,12,634.5,0,2,1,-1.19
581,0,581,59,3151.0,12,640.5,0,0,2,-1.19
582,0,582,59,3180.5,12,646.5,0,2,2,-1.19
583,0,583,59,3210.0,12,652.5,0,1,2,-1.19
584,0,584,60,3241.0,12,658.5,0,0,2,-1.2
585,0,585,60,3271.0,12,664.5,0,2,2,-1.2
586,0,586,60,3301.0,12,670.5,0,1,2,-1.2
587,0,587,60,3331.0,12,676.5,0,1,2,-1.2
588,0,588,60,3361.0,12,682.5,0,1,2,-1.2
589,0,589,61,3392.5,12,688.5,0,2,2,-1.21
590,0,590,61,3423.0,12,694.5,0,1,2,-1.21
591,0,591,61,3453.5,12,700.5,0,0,2,-1.21
592,0,592,61,3484.0,12,706.5,0,0,2,-1.21
593,0,593,60,3175.0,12,712.5,0,0,3,-1.2
594,0,594,58,2946.0,12,718.5,0,3,3,-1.18
595,0,595,56,2778.5,12,724.5,0,0,3,-1.1600000000000001
596,0,596,54,2676.0,12,730.5,0,0,3,-1.1400000000000001
597,0,597,56,2706.0,12,736.5,0,1,3,-1.1600000000000001
598,0,598,55,2672.5,12,742.5,0,0,3,-1.15
599,0,599,54,2689.0,12,748.5,0,0,3,-1.1400000000000001
600,0,600,54,2716.0,12,754.5,0,0,3,-1.1400000000000001
601,0,601,55,2744.5,12,760.5,0,0,3,-1.15
602,0,602,55,2772.0,12,766.5,0,1,3,-1.15
603,0,603,55,2799.5,12,772.5,0,0,3,-1.15
604,0,604,55,2827.0,12,778.5,0,0,3,-1.15
605,0,605,55,2854.5,12,784.5,0,1,3,-1.15
606,0,606,56,2883.5,12,790.5,0,0,3,-1.1600000000000001
607,0,607,56,2911.5,12,796.5,0,1,3,-1.1600000000000001
608,0,608,56,2939.5,12,802.5,0,1,3,-1.1600000000000001
609,0,609,56,2967.5,12,808.5,0,0,3,-1.1600000000000001
610,0,610,57,2997.0,12,814.5,0,0,3,-1.17
611,0,611,58,3027.0,12,820.5,0,0,3,-1.18
612,0,612,59,3057.5,12,826.5,0,0,3,-1.19
613,0,613,60,3088.5,12,832.5,0,1,3,-1.2
614,0,614,60,3118.5,12,838.5,0,0,3,-1.2
615,0,615,61,3150.0,12,844.5,0,0,3,-1.21
616,0,616,61,3180.5,12,850.5,0,0,3,-1.21
617,0,617,61,3211.0,12,856.5,0,1,3,-1.21
618,0,618,61,3241.5,12,862.5,0,2,3,-1.21
619,0,619,61,3272.0,12,868.5,0,0,3,-1.21
620,0,620,62,3304.0,12,874.5,0,0,3,-1.22
621,0,621,63,3336.5,12,880.5,0,0,3,-1.23
622,0,622,64,3369.5,12,886.5,0,0,3,-1.24
623,0,623,65,3403.0,12,892.5,0,0,3,-1.25
624,0,624,65,3435.5,12,898.5,0,0,3,-1.25
625,0,625,65,3468.0,12,904.5,0,0,3,-1.25
626,0,626,65,3500.5,12,910.5,0,0,3,-1.25
627,0,627,65,3533.0,12,916.5,0,0,3,-1.25
628,0,628,65,3565.5,12,922.5,0,0,3,-1.25
629,0,629,65,3598.0,12,928.5,0,1,3,-1.25
630,0,630,65,3630.5,12,934.5,0,0,3,-1.25
631,0,631,66,3664.5,12,940.5,0,0,3,-1.26
632,0,632,68,3700.5,12,946.5,0,0,3,-1.28
633,0,633,69,3736.0,12,952.5,0,0,3,-1.29
634,0,634,70,3772.0,12,958.5,0,1,3,-1.2999999999999998
635,0,635,70,3807.0,12,964.5,0,0,3,-1.2999999999999998
636,0,636,70,3842.0,12,970.5,0,0,3,-1.2999999999999998
637,0,637,70,3877.0,12,976.5,0,0,3,-1.2999999999999998
638,0,638,70,3912.0,12,982.5,0,0,3,-1.2999999999999998
639,0,639,70,3947.0,12,988.5,0,0,3,-1.2999999999999998
640,0,640,71,3983.5,12,994.5,0,0,3,-1.31
641,0,641,71,4019.0,12,1000.5,0,0,3,-1.31
642,0,642,71,4054.5,12,1006.5,0,0,3,-1.31
643,0,643,71,4090.0,12,1012.5,0,0,3,-1.31
644,0,644,71,4125.5,12,1018.5,0,0,3,-1.31
645,0,645,72,4162.5,12,1024.5,0,1,3,-1.3199999999999998
646,0,646,72,4198.5,12,1030.5,0,0,3,-1.3199999999999998
647,0,647,73,4236.0,12,1036.5,0,0,3,-1.33
648,0,648,74,4274.0,12,1042.5,0,0,3,-1.3399999999999999
649,0,649,75,4312.5,12,1048.5,0,0,3,-1.35
650,0,650,75,4350.0,12,1054.5,0,0,3,-1.35
651,0,651,77,4390.5,12,1060.5,0,0,3,-1.37
652,0,652,77,4429.0,12,1066.5,0,0,3,-1.37
653,0,653,78,4469.0,12,1072.5,0,0,4,-1.38
654,0,654,78,4508.0,12,1078.5,0,0,4,-1.38
655,0,655,79,4548.5,12,1084.5,0,2,4,-1.3900000000000001
656,0,656,79,4588.0,12,1090.5,0,0,4,-1.3900000000000001
657,0,657,79,4627.5,13,1098.0,0,0,4,-1.44
658,0,658,79,4667.0,13,1104.5,1,1,4,-1.44
659,0,659,80,4708.0,13,1111.0,0,0,4,-1.4500000000000002
660,0,660,81,4749.5,13,1117.5,0,0,4,-1.46
661,0,661,82,4791.5,13,1124.0,0,0,4,-1.47
662,0,662,82,4832.5,13,1130.5,0,0,4,-1.47
663,0,663,84,4876.5,13,1137.0,0,0,4,-1.49
664,0,664,84,4918.5,13,1143.5,0,0,4,-1.49
665,0,665,78,4290.0,11,917.0,0,2,5,-1.33
666,0,666,74,3818.5,9,848.0,0,0,5,-1.19
667,0,667,70,3383.0,8,793.0,0,0,5,-1.1
668,0,668,66,2984.0,8,797.0,0,0,5,-1.06
669,0,669,66,3017.0,8,756.5,0,0,5,-1.06
670,0,670,62,2646.5,8,760.5,0,0,5,-1.02
671,0,671,60,2327.5,8,764.5,0,1,5,-1.0
672,0,672,58,2126.5,8,768.5,0,1,5,-0.98
673,0,673,58,2071.5,5,491.0,1,0,5,-0.83
674,0,674,54,1815.0,4,489.5,0,0,5,-0.74
675,0,675,51,1661.5,4,491.5,0,0,5,-0.71
676,0,676,50,1619.5,5,495.0,0,0,5,-0.75
677,0,677,46,1445.0,5,497.5,0,0,5,-0.71
678,0,678,43,1354.0,4,488.0,1,0,5,-0.63
679,0,679,42,1326.5,3,487.0,0,0,5,-0.57
680,0,680,40,1208.5,3,488.5,0,0,5,-0.55
681,0,681,39,1226.5,3,490.0,0,1,5,-0.54
682,0,682,37,1151.5,3,491.5,0,1,5,-0.52
683,0,683,35,1094.5,4,494.5,0,0,5,-0.55
684,0,684,36,1113.5,2,97.0,0,0,5,-0.45999999999999996
685,0,685,33,1083.0,1,96.0,1,1,5,-0.38
686,0,686,32,1071.0,1,96.5,0,0,5,-0.37
687,0,687,31,1078.5,1,97.0,0,1,5,-0.36
688,0,688,30,1074.0,1,97.5,0,0,5,-0.35
689,0,689,29,1078.5,1,98.0,0,0,5,-0.33999999999999997
690,0,690,29,1093.0,1,98.5,0,0,5,-0.33999999999999997
691,0,691,29,1107.5,3,102.0,1,1,5,-0.43999999999999995
692,0,692,30,1123.5,3,103.5,0,0,5,-0.44999999999999996
693,0,693,31,1140.0,3,105.0,0,0,5,-0.45999999999999996
694,0,694,31,1155.5,2,103.5,0,0,5,-0.41000000000000003
695,0,695,31,1171.0,2,104.5,0,0,5,-0.41000000000000003
696,0,696,31,1186.5,2,105.5,0,2,5,-0.41000000000000003
697,0,697,31,1202.0,2,106.5,0,0,5,-0.41000000000000003
698,0,698,31,1217.5,2,107.5,0,0,5,-0.41000000000000003
699,0,699,31,1233.0,3,110.0,0,1,5,-0.45999999999999996
700,0,700,31,1248.5,4,113.0,0,0,5,-0.51
701,0,701,31,1264.0,4,115.0,0,1,5,-0.51
702,0,702,32,1281.0,4,117.0,0,0,5,-0.52
703,0,703,36,1303.0,4,119.0,0,0,5,-0.56
704,0,704,37,1322.5,4,121.0,0,2,5,-0.5700000000000001
705,0,705,38,1342.5,4,123.0,0,1,5,-0.5800000000000001
706,0,706,38,1361.5,4,125.0,0,0,5,-0.5800000000000001
707,0,707,38,1380.5,4,127.0,0,0,5,-0.5800000000000001
708,0,708,38,1399.5,3,123.0,0,0,5,-0.53
709,0,709,38,1418.5,3,124.5,0,0,5,-0.53
710,0,710,39,1439.0,3,126.0,0,1,5,-0.54
711,0,711,40,1460.0,3,127.5,0,0,5,-0.55
712,0,712,40,1480.0,3,129.0,0,0,5,-0.55
713,0,713,40,1500.0,3,130.5,0,0,5,-0.55
714,0,714,40,1520.0,3,132.0,0,0,5,-0.55
715,0,715,38,1317.0,3,133.5,0,0,6,-0.53
716,0,716,36,1233.0,3,135.0,0,0,6,-0.51
717,0,717,34,1235.5,3,136.5,0,0,6,-0.49
718,0,718,34,1252.5,3,138.0,0,0,6,-0.49
719,0,719,34,1269.5,3,139.5,0,0,6,-0.49
720,0,720,35,1288.0,3,141.0,0,0,6,-0.5
721,0,721,37,1308.5,3,142.5,0,0,6,-0.52
722,0,722,37,1327.0,3,144.0,0,0,6,-0.52
723,0,723,37,1345.5,3,145.5,0,0,6,-0.52
724,0,724,37,1364.0,3,147.0,1,0,6,-0.52
725,0,725,37,1382.5,3,148.5,0,2,6,-0.52
726,0,726,37,1401.0,3,150.0,0,0,6,-0.52
727,0,727,37,1419.5,3,151.5,0,0,6,-0.52
728,0,728,37,1438.0,3,153.0,0,0,6,-0.52
729,0,729,38,1458.0,3,154.5,0,0,6,-0.53
730,0,730,39,1478.5,3,156.0,0,0,6,-0.54
731,0,731,39,1498.0,3,157.5,0,0,6,-0.54
732,0,732,40,1519.0,3,159.0,0,0,6,-0.55
733,0,733,40,1539.0,3,160.5,0,0,6,-0.55
734,0,734,40,1559.0,3,162.0,0,0,6,-0.55
735,0,735,40,1579.0,4,165.0,0,0,6,-0.6000000000000001
736,0,736,40,1599.0,4,167.0,0,0,6,-0.6000000000000001
737,0,737,40,1619.0,4,169.0,0,0,6,-0.6000000000000001
738,0,738,40,1639.0,4,171.0,0,0,6,-0.6000000000000001
739,0,739,40,1659.0,4,173.0,0,0,6,-0.6000000000000001
740,0,740,40,1679.0,4,175.0,0,0,6,-0.6000000000000001
741,0,741,40,1699.0,5,178.5,0,0,6,-0.65
742,0,742,42,1722.0,5,181.0,0,0,6,-0.6699999999999999
743,0,743,42,1743.0,5,183.5,0,0,6,-0.6699999999999999
744,0,744,42,1764.0,5,186.0,0,0,6,-0.6699999999999999
745,0,745,42,1785.0,5,188.5,0,3,6,-0.6699999999999999
746,0,746,42,1806.0,5,191.0,0,0,6,-0.6699999999999999
747,0,747,42,1827.0,6,195.0,0,0,6,-0.72
748,0,748,42,1848.0,6,198.0,0,1,6,-0.72
749,0,749,43,1870.5,8,204.0,0,0,6,-0.8300000000000001
750,0,750,43,1892.0,7,206.0,0,0,6,-0.78
751,0,751,43,1913.5,7,209.5,0,0,6,-0.78
752,0,752,44,1936.5,7,213.0,0,0,6,-0.79
753,0,753,44,1958.5,7,216.5,0,0,6,-0.79
754,0,754,44,1980.5,8,221.5,0,0,6,-0.8400000000000001
755,0,755,44,2002.5,8,225.5,0,1,6,-0.8400000000000001
756,0,756,44,2024.5,8,229.5,0,0,6,-0.8400000000000001
757,0,757,44,2046.5,8,233.5,0,3,6,-0.8400000000000001
758,0,758,44,2068.5,8,237.5,0,0,6,-0.8400000000000001
759,0,759,44,2090.5,8,241.5,0,0,6,-0.8400000000000001
760,0,760,44,2112.5,8,245.5,0,4,6,-0.8400000000000001
761,0,761,46,2137.5,8,249.5,0,0,6,-0.8600000000000001
762,0,762,46,2160.5,8,253.5,0,0,6,-0.8600000000000001
763,0,763,46,2183.5,8,257.5,0,4,6,-0.8600000000000001
764,0,764,46,2206.5,8,261.5,0,0,6,-0.8600000000000001
765,0,765,46,2229.5,8,265.5,0,0,6,-0.8600000000000001
766,0,766,46,2252.5,8,269.5,0,3,6,-0.8600000000000001
767,0,767,46,2275.5,8,273.5,0,0,6,-0.8600000000000001
768,0,768,47,2300.0,9,279.0,0,0,6,-0.9199999999999999
769,0,769,47,2323.5,9,283.5,0,2,6,-0.9199999999999999
770,0,770,47,2347.0,9,288.0,0,2,6,-0.9199999999999999
771,0,771,49,2373.5,9,292.5,0,0,6,-0.94
772,0,772,50,2399.5,8,293.5,0,1,6,-0.9
773,0,773,50,2424.5,8,297.5,0,1,6,-0.9
774,0,774,50,2449.5,8,301.5,0,0,6,-0.9
775,0,775,50,2474.5,9,307.0,0,1,6,-0.95
776,0,776,52,2502.5,9,311.5,0,2,6,-0.97
777,0,777,52,2528.5,9,316.0,0,0,6,-0.97
778,0,778,52,2554.5,9,320.5,0,3,6,-0.97
779,0,779,53,2582.0,9,325.0,0,1,6,-0.98
780,0,780,53,2608.5,9,329.5,0,0,6,-0.98
781,0,781,54,2636.5,9,334.0,0,1,6,-0.99
782,0,782,55,2665.0,9,338.5,0,3,6,-1.0
783,0,783,55,2692.5,9,343.0,0,0,6,-1.0
784,0,784,55,2720.0,9,347.5,0,0,6,-1.0
785,0,785,55,2747.5,9,352.0,0,2,6,-1.0
786,0,786,55,2775.0,9,356.5,0,1,6,-1.0
787,0,787,55,2802.5,9,361.0,0,0,6,-1.0
788,0,788,55,2830.0,9,365.5,0,2,6,-1.0
789,0,789,55,2857.5,9,370.0,0,0,6,-1.0
790,0,790,55,2885.0,9,374.5,0,0,6,-1.0
791,0,791,56,2914.0,9,379.0,0,3,6,-1.01
792,0,792,56,2942.0,9,383.5,0,1,6,-1.01
793,0,793,56,2970.0,9,388.0,0,2,6,-1.01
794,0,794,56,2998.0,9,392.5,0,2,6,-1.01
795,0,795,56,3026.0,9,397.0,0,1,6,-1.01
796,0,796,56,3054.0,9,401.5,0,1,6,-1.01
797,0,797,56,3082.0,9,406.0,0,2,6,-1.01
798,0,798,57,3111.5,9,410.5,0,0,6,-1.02
799,0,799,57,3140.0,9,415.0,0,1,6,-1.02
800,0,800,57,3168.5,9,419.5,0,3,6,-1.02
801,0,801,58,3198.5,9,424.0,0,0,6,-1.03
802,0,802,59,3229.0,9,428.5,0,1,6,-1.04
803,0,803,59,3258.5,9,433.0,0,3,6,-1.04
804,0,804,59,3288.0,9,437.5,0,1,6,-1.04
805,0,805,59,3317.5,9,442.0,0,1,7,-1.04
806,0,806,59,3347.0,9,446.5,0,5,7,-1.04
807,0,807,59,3376.5,9,451.0,0,0,7,-1.04
808,0,808,59,3406.0,9,455.5,0,0,7,-1.04
809,0,809,59,3435.5,9,460.0,0,3,7,-1.04
810,0,810,59,3465.0,9,464.5,0,0,7,-1.04
811,0,811,61,3497.5,9,469.0,0,1,7,-1.06
812,0,812,61,3528.0,9,473.5,1,1,7,-1.06
813,0,813,61,3558.5,9,478.0,0,0,7,-1.06
814,0,814,61,3589.0,9,482.5,0,0,7,-1.06
815,0,815,61,3619.5,9,487.0,0,1,7,-1.06
816,0,816,61,3650.0,9,491.5,0,0,7,-1.06
817,0,817,59,3365.0,9,496.0,0,1,8,-1.04
818,0,818,57,3145.0,9,500.5,0,0,8,-1.02
819,0,819,55,2996.0,9,505.0,0,0,8,-1.0
820,0,820,56,2966.5,9,509.5,0,0,8,-1.01
821,0,821,55,2943.0,9,514.0,0,0,8,-1.0
822,0,822,53,2920.5,9,518.5,0,0,8,-0.98
823,0,823,53,2947.0,9,523.0,0,2,8,-0.98
824,0,824,53,2973.5,9,527.5,0,0,8,-0.98
825,0,825,53,3000.0,9,532.0,0,0,8,-0.98
826,0,826,55,3029.5,9,536.5,0,1,8,-1.0
827,0,827,55,3057.0,9,541.0,0,1,8,-1.0
828,0,828,56,3086.0,9,545.5,0,0,8,-1.01
829,0,829,57,3115.5,9,550.0,1,0,8,-1.02
830,0,830,58,3145.5,9,554.5,0,0,8,-1.03
831,0,831,58,3174.5,9,559.0,1,0,8,-1.03
832,0,832,58,3203.5,9,563.5,0,1,8,-1.03
833,0,833,58,3232.5,9,568.0,0,0,8,-1.03
834,0,834,58,3261.5,9,572.5,0,0,8,-1.03
835,0,835,58,3290.5,9,577.0,0,0,8,-1.03
836,0,836,58,3319.5,9,581.5,0,2,8,-1.03
837,0,837,59,3350.0,9,586.0,1,0,8,-1.04
838,0,838,60,3381.0,9,590.5,0,0,8,-1.05
839,0,839,60,3411.0,9,595.0,1,0,8,-1.05
840,0,840,61,3442.5,9,599.5,0,0,8,-1.06
841,0,841,61,3473.0,9,604.0,0,0,8,-1.06
842,0,842,61,3503.5,9,608.5,0,2,8,-1.06
843,0,843,61,3534.0,9,613.0,0,0,8,-1.06
844,0,844,63,3567.5,9,617.5,0,0,8,-1.08
845,0,845,63,3599.0,9,622.0,0,1,8,-1.08
846,0,846,63,3630.5,9,626.5,0,1,8,-1.08
847,0,847,65,3665.0,9,631.0,0,0,8,-1.1
848,0,848,65,3697.5,9,635.5,1,0,8,-1.1
849,0,849,65,3730.0,9,640.0,0,0,8,-1.1
850,0,850,67,3765.5,9,644.5,0,0,8,-1.12
851,0,851,68,3800.5,9,649.0,0,0,8,-1.1300000000000001
852,0,852,69,3836.0,9,653.5,0,0,8,-1.14
853,0,853,70,3872.0,9,658.0,0,0,8,-1.15
854,0,854,71,3908.5,9,662.5,0,0,8,-1.16
855,0,855,71,3944.0,9,667.0,0,0,8,-1.16
856,0,856,71,3979.5,9,671.5,0,0,8,-1.16
857,0,857,71,4015.0,9,676.0,1,0,8,-1.16
858,0,858,71,4050.5,9,680.5,0,0,8,-1.16
859,0,859,71,4086.0,9,685.0,0,0,8,-1.16
860,0,860,71,4121.5,9,689.5,0,0,8,-1.16
861,0,861,71,4157.0,9,694.0,0,0,8,-1.16
862,0,862,72,4194.0,9,698.5,0,0,8,-1.17
863,0,863,73,4231.5,9,703.0,0,0,8,-1.18
864,0,864,73,4268.0,10,709.0,0,0,8,-1.23
865,0,865,73,4304.5,10,714.0,1,0,8,-1.23
866,0,866,73,4341.0,10,719.0,0,0,8,-1.23
867,0,867,74,4379.0,11,725.5,0,2,8,-1.29
868,0,868,74,4416.0,11,731.0,0,0,8,-1.29
869,0,869,74,4453.0,11,736.5,0,0,8,-1.29
870,0,870,75,4491.5,11,742.0,0,0,8,-1.3
871,0,871,76,4530.5,11,747.5,0,0,8,-1.31
872,0,872,76,4568.5,11,753.0,0,0,8,-1.31
873,0,873,77,4608.0,11,758.5,0,0,8,-1.32
874,0,874,77,4646.5,11,764.0,0,2,8,-1.32
875,0,875,78,4686.5,11,769.5,0,0,8,-1.33
876,0,876,78,4725.5,12,776.5,0,0,8,-1.38
877,0,877,78,4764.5,12,782.5,0,0,9,-1.38
878,0,878,78,4803.5,12,788.5,0,2,9,-1.38
879,0,879,79,4844.0,12,794.5,0,0,9,-1.3900000000000001
880,0,880,80,4885.0,12,800.5,1,0,9,-1.4
881,0,881,80,4925.0,12,806.5,0,1,9,-1.4
882,0,882,82,4968.0,12,812.5,0,0,9,-1.42
883,0,883,78,4443.0,7,477.0,0,0,0,-1.13
884,0,884,74,3969.5,9,483.5,0,0,0,-1.19
885,0,885,70,3539.0,8,486.0,0,0,0,-1.1
886,0,886,66,3129.0,9,425.5,0,0,0,-1.11
887,0,887,66,3050.0,9,430.0,0,0,0,-1.11
888,0,888,63,2785.5,10,436.0,0,0,0,-1.13
889,0,889,60,2447.5,10,441.0,0,0,0,-1.1
890,0,890,57,2224.5,10,446.0,0,0,0,-1.0699999999999998
891,0,891,57,2182.0,9,348.0,0,0,0,-1.02
892,0,892,54,1917.0,8,343.0,0,0,0,-0.9400000000000001
893,0,893,52,1752.0,6,244.0,0,0,0,-0.8200000000000001
894,0,894,51,1720.0,5,230.5,0,0,0,-0.76
895,0,895,47,1517.5,4,217.5,0,0,0,-0.6699999999999999
896,0,896,45,1418.5,4,219.5,0,1,0,-0.65
897,0,897,43,1370.0,4,221.5,1,1,0,-0.63
898,0,898,40,1231.0,4,223.5,0,0,0,-0.6000000000000001
899,0,899,39,1205.5,4,225.5,0,0,0,-0.5900000000000001
900,0,900,36,1155.5,4,227.5,0,1,0,-0.56
901,0,901,34,1103.0,4,229.5,0,0,0,-0.54
902,0,902,32,1085.0,2,20.0,0,0,0,-0.42000000000000004
903,0,903,31,1083.0,2,21.0,0,0,0,-0.41000000000000003
904,0,904,29,1072.5,2,22.0,0,0,0,-0.39
905,0,905,28,1073.0,2,23.0,0,0,0,-0.38
906,0,906,27,1083.0,2,24.0,0,0,0,-0.37
907,0,907,26,1090.5,2,25.0,0,0,0,-0.36
908,0,908,26,1103.5,2,26.0,0,0,0,-0.36
909,0,909,27,1118.0,2,27.0,0,0,0,-0.37
910,0,910,28,1133.0,2,28.0,0,0,0,-0.38
911,0,911,28,1147.0,2,29.0,0,1,0,-0.38
912,0,912,32,1167.0,2,30.0,0,0,0,-0.42000000000000004
913,0,913,35,1187.5,2,31.0,0,1,0,-0.44999999999999996
914,0,914,35,1205.0,2,32.0,0,1,0,-0.44999999999999996
915,0,915,35,1222.5,2,33.0,0,1,0,-0.44999999999999996
916,0,916,35,1240.0,2,34.0,0,0,0,-0.44999999999999996
917,0,917,35,1257.5,2,35.0,0,1,0,-0.44999999999999996
918,0,918,35,1275.0,2,36.0,0,0,0,-0.44999999999999996
919,0,919,36,1294.0,2,37.0,1,0,0,-0.45999999999999996
920,0,920,37,1313.5,2,38.0,0,0,0,-0.47
921,0,921,37,1332.0,2,39.0,0,0,0,-0.47
922,0,922,38,1352.0,2,40.0,0,0,0,-0.48
923,0,923,39,1372.5,2,41.0,0,1,0,-0.49
924,0,924,39,1392.0,2,42.0,0,1,0,-0.49
925,0,925,39,1411.5,2,43.0,0,0,0,-0.49
926,0,926,39,1431.0,2,44.0,0,0,0,-0.49
927,0,927,39,1450.5,2,45.0,0,0,0,-0.49
928,0,928,39,1470.0,2,46.0,0,0,0,-0.49
929,0,929,39,1489.5,2,47.0,0,1,0,-0.49
930,0,930,39,1509.0,2,48.0,0,0,0,-0.49
931,0,931,40,1530.0,2,49.0,0,0,0,-0.5
932,0,932,41,1551.5,2,50.0,0,0,0,-0.51
933,0,933,40,1344.5,2,51.0,0,0,1,-0.5
934,0,934,38,1252.5,2,52.0,0,0,1,-0.48
935,0,935,36,1251.0,2,53.0,1,0,1,-0.45999999999999996
936,0,936,36,1269.0,2,54.0,0,0,1,-0.45999999999999996
937,0,937,36,1287.0,2,55.0,0,0,1,-0.45999999999999996
938,0,938,36,1305.0,2,56.0,1,0,1,-0.45999999999999996
939,0,939,36,1323.0,2,57.0,0,0,1,-0.45999999999999996
940,0,940,36,1341.0,2,58.0,0,0,1,-0.45999999999999996
941,0,941,39,1363.5,2,59.0,0,0,1,-0.49
942,0,942,40,1384.5,2,60.0,0,0,1,-0.5
943,0,943,41,1406.0,2,61.0,0,0,1,-0.51
944,0,944,42,1428.0,2,62.0,0,0,1,-0.52
945,0,945,42,1449.0,2,63.0,0,0,1,-0.52
946,0,946,40,1462.0,2,64.0,0,0,1,-0.5
947,0,947,38,1475.5,2,65.0,0,0,1,-0.48
948,0,948,38,1494.5,2,66.0,0,0,1,-0.48
949,0,949,40,1516.5,2,67.0,0,1,1,-0.5
950,0,950,40,1536.5,2,68.0,0,1,1,-0.5
951,0,951,41,1558.0,2,69.0,0,0,1,-0.51
952,0,952,42,1580.0,2,70.0,0,0,1,-0.52
953,0,953,42,1601.0,2,71.0,0,0,1,-0.52
954,0,954,42,1622.0,2,72.0,0,0,1,-0.52
955,0,955,42,1643.0,2,73.0,0,0,1,-0.52
956,0,956,42,1664.0,2,74.0,0,0,1,-0.52
957,0,957,42,1685.0,2,75.0,0,0,1,-0.52
958,0,958,42,1706.0,3,77.5,0,0,1,-0.57
959,0,959,42,1727.0,3,79.0,0,0,1,-0.57
960,0,960,42,1748.0,3,80.5,0,0,1,-0.57
961,0,961,43,1770.5,3,82.0,0,0,1,-0.58
962,0,962,43,1792.0,3,83.5,0,2,1,-0.58
963,0,963,43,1813.5,4,86.5,0,1,1,-0.63
964,0,964,43,1835.0,4,88.5,0,0,1,-0.63
965,0,965,43,1856.5,4,90.5,0,0,1,-0.63
966,0,966,43,1878.0,4,92.5,0,2,1,-0.63
967,0,967,43,1899.5,4,94.5,0,0,1,-0.63
968,0,968,43,1921.0,5,98.0,0,1,1,-0.6799999999999999
969,0,969,43,1942.5,5,100.5,0,0,1,-0.6799999999999999
970,0,970,43,1964.0,5,103.0,0,0,1,-0.6799999999999999
971,0,971,44,1987.0,5,105.5,0,1,1,-0.69
972,0,972,45,2010.5,5,108.0,0,0,1,-0.7
973,0,973,45,2033.0,5,110.5,0,1,1,-0.7
974,0,974,45,2055.5,6,114.5,0,1,1,-0.75
975,0,975,45,2078.0,6,117.5,0,0,1,-0.75
976,0,976,45,2100.5,6,120.5,0,1,1,-0.75
977,0,977,45,2123.0,6,123.5,0,1,1,-0.75
978,0,978,45,2145.5,6,126.5,0,1,1,-0.75
979,0,979,46,2169.5,6,129.5,0,0,1,-0.76
980,0,980,46,2192.5,6,132.5,0,0,1,-0.76
981,0,981,48,2218.5,6,135.5,0,1,1,-0.78
982,0,982,50,2245.5,6,138.5,0,0,1,-0.8
983,0,983,50,2270.5,6,141.5,0,1,1,-0.8
984,0,984,52,2298.5,6,144.5,0,0,1,-0.8200000000000001
985,0,985,52,2324.5,6,147.5,0,0,1,-0.8200000000000001
986,0,986,52,2350.5,6,150.5,0,1,1,-0.8200000000000001
987,0,987,52,2376.5,6,153.5,0,1,1,-0.8200000000000001
988,0,988,52,2402.5,6,156.5,0,1,1,-0.8200000000000001
989,0,989,52,2428.5,6,159.5,0,0,1,-0.8200000000000001
990,0,990,52,2454.5,6,162.5,0,2,1,-0.8200000000000001
991,0,991,53,2482.0,6,165.5,0,2,1,-0.8300000000000001
992,0,992,53,2508.5,6,168.5,0,0,1,-0.8300000000000001
993,0,993,53,2535.0,6,171.5,0,1,1,-0.8300000000000001
994,0,994,53,2561.5,6,174.5,0,3,1,-0.8300000000000001
995,0,995,53,2588.0,6,177.5,0,0,1,-0.8300000000000001
996,0,996,53,2614.5,6,180.5,0,1,1,-0.8300000000000001
997,0,997,53,2641.0,6,183.5,0,3,1,-0.8300000000000001
998,0,998,53,2667.5,6,186.5,0,0,1,-0.8300000000000001
999,0,999,53,2694.0,6,189.5,0,1,1,-0.8300000000000001
1000,1,0,0,0.0,0,0.0,0,0,0,-0.0
1001,1,1,0,0.0,0,0.0,0,0,0,-0.0
1002,1,2,0,0.0,0,0.0,0,0,0,-0.0
1003,1,3,0,0.0,0,0.0,0,0,0,-0.0
1004,1,4,0,0.0,0,0.0,0,0,0,-0.0
1005,1,5,0,0.0,0,0.0,0,0,0,-0.0
1006,1,6,0,0.0,0,0.0,0,0,0,-0.0
1007,1,7,0,0.0,0,0.0,0,0,0,-0.0
1008,1,8,0,0.0,0,0.0,0,0,0,-0.0
1009,1,9,0,0.0,0,0.0,0,0,0,-0.0
1010,1,10,0,0.0,0,0.0,0,0,0,-0.0
1011,1,11,0,0.0,0,0.0,0,0,0,-0.0
1012,1,12,0,0.0,0,0.0,0,0,0,-0.0
1013,1,13,0,0.0,0,0.0,0,0,0,-0.0
1014,1,14,0,0.0,0,0.0,0,0,0,-0.0
1015,1,15,0,0.0,0,0.0,0,0,0,-0.0
1016,1,16,0,0.0,0,0.0,0,0,0,-0.0
1017,1,17,0,0.0,0,0.0,0,0,0,-0.0
1018,1,18,0,0.0,0,0.0,0,0,0,-0.0
1019,1,19,0,0.0,0,0.0,0,0,0,-0.0
1020,1,20,0,0.0,0,0.0,0,0,0,-0.0
1021,1,21,0,0.0,0,0.0,0,0,0,-0.0
1022,1,22,0,0.0,0,0.0,0,0,0,-0.0
1023,1,23,0,0.0,0,0.0,0,0,0,-0.0
1024,1,24,0,0.0,0,0.0,0,0,0,-0.0
1025,1,25,0,0.0,0,0.0,0,0,0,-0.0
1026,1,26,0,0.0,0,0.0,0,0,0,-0.0
1027,1,27,0,0.0,0,0.0,0,0,0,-0.0
1028,1,28,0,0.0,0,0.0,0,0,0,-0.0
1029,1,29,0,0.0,0,0.0,0,0,0,-0.0
1030,1,30,0,0.0,0,0.0,0,0,0,-0.0
1031,1,31,0,0.0,0,0.0,0,0,0,-0.0
1032,1,32,0,0.0,0,0.0,0,0,0,-0.0
1033,1,33,0,0.0,0,0.0,0,0,0,-0.0
1034,1,34,0,0.0,0,0.0,0,0,0,-0.0
1035,1,35,0,0.0,0,0.0,0,0,0,-0.0
1036,1,36,0,0.0,0,0.0,0,0,0,-0.0
1037,1,37,0,0.0,0,0.0,0,0,0,-0.0
1038,1,38,0,0.0,0,0.0,0,0,0,-0.0
1039,1,39,0,0.0,0,0.0,0,0,0,-0.0
1040,1,40,0,0.0,0,0.0,0,0,0,-0.0
1041,1,41,0,0.0,0,0.0,0,0,0,-0.0
1042,1,42,0,0.0,0,0.0,0,0,0,-0.0
1043,1,43,0,0.0,0,0.0,0,0,0,-0.0
1044,1,44,0,0.0,0,0.0,0,0,0,-0.0
1045,1,45,0,0.0,0,0.0,0,0,0,-0.0
1046,1,46,0,0.0,0,0.0,0,0,0,-0.0
1047,1,47,0,0.0,0,0.0,0,0,0,-0.0
1048,1,48,0,0.0,0,0.0,0,0,0,-0.0
1049,1,49,0,0.0,0,0.0,0,0,1,-0.0
1050,1,50,0,0.0,0,0.0,0,0,1,-0.0
1051,1,51,0,0.0,0,0.0,0,0,1,-0.0
1052,1,52,0,0.0,0,0.0,0,0,1,-0.0
1053,1,53,0,0.0,0,0.0,0,0,1,-0.0
1054,1,54,0,0.0,0,0.0,0,0,1,-0.0
1055,1,55,0,0.0,0,0.0,0,0,1,-0.0
1056,1,56,0,0.0,0,0.0,0,0,1,-0.0
1057,1,57,0,0.0,0,0.0,0,0,1,-0.0
1058,1,58,0,0.0,0,0.0,0,0,1,-0.0
1059,1,59,0,0.0,0,0.0,0,0,1,-0.0
1060,1,60,0,0.0,0,0.0,0,0,1,-0.0
1061,1,61,0,0.0,2,3.0,0,0,1,-0.1
1062,1,62,0,0.0,2,4.0,0,0,1,-0.1
1063,1,63,0,0.0,2,5.0,0,0,1,-0.1
1064,1,64,0,0.0,2,6.0,0,0,1,-0.1
1065,1,65,0,0.0,2,7.0,0,0,1,-0.1
1066,1,66,0,0.0,2,8.0,0,0,1,-0.1
1067,1,67,0,0.0,2,9.0,0,0,1,-0.1
1068,1,68,0,0.0,2,10.0,0,0,1,-0.1
1069,1,69,0,0.0,2,11.0,0,0,1,-0.1
1070,1,70,0,0.0,2,12.0,0,0,1,-0.1
1071,1,71,0,0.0,3,14.5,0,0,1,-0.15
1072,1,72,0,0.0,3,16.0,0,0,1,-0.15
1073,1,73,0,0.0,3,17.5,0,0,1,-0.15
1074,1,74,0,0.0,3,19.0,0,0,1,-0.15
1075,1,75,0,0.0,3,20.5,0,0,1,-0.15
1076,1,76,2,3.0,3,22.0,0,0,1,-0.16999999999999998
1077,1,77,2,4.0,3,23.5,0,0,1,-0.16999999999999998
1078,1,78,4,8.0,3,25.0,0,0,1,-0.19
1079,1,79,4,10.0,3,26.5,0,0,1,-0.19
1080,1,80,4,12.0,3,28.0,0,0,1,-0.19
1081,1,81,4,14.0,3,29.5,0,0,1,-0.19
1082,1,82,4,16.0,4,32.5,0,0,1,-0.24000000000000002
1083,1,83,4,18.0,4,34.5,0,0,1,-0.24000000000000002
1084,1,84,4,20.0,4,36.5,0,0,1,-0.24000000000000002
1085,1,85,4,22.0,4,38.5,0,0,1,-0.24000000000000002
1086,1,86,7,28.5,4,40.5,0,0,1,-0.27
1087,1,87,7,32.0,5,44.0,0,0,1,-0.32
1088,1,88,7,35.5,5,46.5,0,0,1,-0.32
1089,1,89,8,40.5,5,49.0,0,0,1,-0.33
1090,1,90,8,44.5,5,51.5,0,0,1,-0.33
1091,1,91,8,48.5,5,54.0,0,0,1,-0.33
1092,1,92,8,52.5,5,56.5,0,0,1,-0.33
1093,1,93,8,56.5,5,59.0,0,0,1,-0.33
1094,1,94,8,60.5,5,61.5,0,0,1,-0.33
1095,1,95,8,64.5,6,65.5,0,0,1,-0.38
1096,1,96,8,68.5,6,68.5,0,0,1,-0.38
1097,1,97,9,74.0,6,71.5,0,0,1,-0.39
1098,1,98,10,80.0,6,74.5,0,0,1,-0.4
1099,1,99,10,85.0,6,77.5,0,0,1,-0.4
1100,1,100,10,90.0,6,80.5,0,0,1,-0.4
1101,1,101,10,95.0,6,83.5,0,0,1,-0.4
1102,1,102,10,100.0,6,86.5,0,0,1,-0.4
1103,1,103,10,105.0,6,89.5,0,0,1,-0.4
1104,1,104,10,110.0,6,92.5,0,0,1,-0.4
1105,1,105,10,115.0,6,95.5,0,0,1,-0.4
1106,1,106,10,120.0,6,98.5,0,0,1,-0.4
1107,1,107,10,125.0,7,103.0,0,0,1,-0.44999999999999996
1108,1,108,10,130.0,7,106.5,0,0,1,-0.44999999999999996
1109,1,109,10,135.0,8,111.5,0,0,1,-0.5
1110,1,110,10,140.0,8,115.5,0,0,1,-0.5
1111,1,111,10,145.0,8,119.5,0,0,1,-0.5
1112,1,112,11,151.5,8,123.5,0,0,1,-0.51
1113,1,113,11,157.0,8,127.5,0,0,1,-0.51
1114,1,114,11,162.5,8,131.5,0,0,1,-0.51
1115,1,115,11,168.0,8,135.5,0,0,1,-0.51
1116,1,116,11,173.5,8,139.5,0,0,1,-0.51
1117,1,117,11,179.0,8,143.5,0,0,1,-0.51
1118,1,118,11,184.5,8,147.5,0,0,1,-0.51
1119,1,119,11,190.0,8,151.5,0,0,1,-0.51
1120,1,120,11,195.5,8,155.5,0,0,1,-0.51
1121,1,121,14,205.5,8,159.5,0,0,1,-0.54
1122,1,122,15,214.0,8,163.5,0,0,1,-0.55
1123,1,123,15,221.5,8,167.5,0,0,1,-0.55
1124,1,124,15,229.0,8,171.5,0,0,1,-0.55
1125,1,125,16,238.0,8,175.5,0,0,1,-0.56
1126,1,126,16,246.0,8,179.5,0,0,1,-0.56
1127,1,127,16,254.0,8,183.5,0,0,1,-0.56
1128,1,128,16,262.0,8,187.5,0,0,1,-0.56
1129,1,129,16,270.0,8,191.5,0,0,1,-0.56
1130,1,130,16,278.0,8,195.5,0,0,1,-0.56
1131,1,131,16,286.0,8,199.5,0,0,1,-0.56
1132,1,132,16,294.0,8,203.5,0,0,1,-0.56
1133,1,133,17,303.5,8,207.5,0,0,1,-0.5700000000000001
1134,1,134,17,312.0,8,211.5,0,0,1,-0.5700000000000001
1135,1,135,17,320.5,8,215.5,0,0,1,-0.5700000000000001
1136,1,136,17,329.0,8,219.5,0,0,1,-0.5700000000000001
1137,1,137,17,337.5,8,223.5,0,0,1,-0.5700000000000001
1138,1,138,17,346.0,8,227.5,0,0,1,-0.5700000000000001
1139,1,139,17,354.5,8,231.5,0,0,2,-0.5700000000000001
1140,1,140,17,363.0,8,235.5,0,0,2,-0.5700000000000001
1141,1,141,18,373.0,8,239.5,0,0,2,-0.5800000000000001
1142,1,142,19,383.5,8,243.5,0,0,2,-0.5900000000000001
1143,1,143,19,393.0,8,247.5,0,0,2,-0.5900000000000001
1144,1,144,19,402.5,8,251.5,0,0,2,-0.5900000000000001
1145,1,145,19,412.0,8,255.5,0,0,2,-0.5900000000000001
1146,1,146,19,421.5,8,259.5,0,0,2,-0.5900000000000001
1147,1,147,19,431.0,8,263.5,0,0,2,-0.5900000000000001
1148,1,148,19,440.5,8,267.5,0,0,2,-0.5900000000000001
1149,1,149,20,451.5,8,271.5,0,0,2,-0.6000000000000001
1150,1,150,21,463.0,8,275.5,0,0,2,-0.61
1151,1,151,21,408.5,8,279.5,0,1,3,-0.61
1152,1,152,23,422.0,8,283.5,0,0,3,-0.63
1153,1,153,23,433.5,8,287.5,0,0,3,-0.63
1154,1,154,23,445.0,8,291.5,0,0,3,-0.63
1155,1,155,23,456.5,8,295.5,0,0,3,-0.63
1156,1,156,23,468.0,8,299.5,0,0,3,-0.63
1157,1,157,23,479.5,8,303.5,0,0,3,-0.63
1158,1,158,23,491.0,8,307.5,0,0,3,-0.63
1159,1,159,23,502.5,8,311.5,0,0,3,-0.63
1160,1,160,23,514.0,8,315.5,0,0,3,-0.63
1161,1,161,23,525.5,8,319.5,0,0,3,-0.63
1162,1,162,25,540.0,8,323.5,0,0,3,-0.65
1163,1,163,26,554.0,8,327.5,0,1,3,-0.66
1164,1,164,30,573.0,8,331.5,0,0,3,-0.7
1165,1,165,31,589.5,8,335.5,0,2,3,-0.71
1166,1,166,31,605.0,8,339.5,0,1,3,-0.71
1167,1,167,31,620.5,8,343.5,0,0,3,-0.71
1168,1,168,31,636.0,8,347.5,0,1,3,-0.71
1169,1,169,34,656.0,8,351.5,0,0,3,-0.74
1170,1,170,34,673.0,8,355.5,0,0,3,-0.74
1171,1,171,34,690.0,8,359.5,0,0,3,-0.74
1172,1,172,34,707.0,8,363.5,0,0,3,-0.74
1173,1,173,35,725.5,8,367.5,0,0,3,-0.75
1174,1,174,35,743.0,8,371.5,0,0,3,-0.75
1175,1,175,35,760.5,8,375.5,0,0,3,-0.75
1176,1,176,36,779.5,8,379.5,0,1,3,-0.76
1177,1,177,36,797.5,8,383.5,0,0,3,-0.76
1178,1,178,36,815.5,8,387.5,0,0,3,-0.76
1179,1,179,37,835.0,8,391.5,0,1,3,-0.77
1180,1,180,38,855.0,8,395.5,0,1,3,-0.78
1181,1,181,38,874.0,8,399.5,0,0,3,-0.78
1182,1,182,38,893.0,8,403.5,0,0,3,-0.78
1183,1,183,39,913.5,8,407.5,0,0,3,-0.79
1184,1,184,41,936.0,8,411.5,0,0,3,-0.81
1185,1,185,41,956.5,8,415.5,0,0,3,-0.81
1186,1,186,43,980.0,8,419.5,0,1,3,-0.8300000000000001
1187,1,187,44,1003.0,8,423.5,0,0,3,-0.8400000000000001
1188,1,188,45,1026.5,8,427.5,0,0,3,-0.8500000000000001
1189,1,189,45,1049.0,8,431.5,0,0,3,-0.8500000000000001
1190,1,190,45,1071.5,8,435.5,0,1,3,-0.8500000000000001
1191,1,191,46,1095.5,8,439.5,0,1,3,-0.8600000000000001
1192,1,192,47,1120.0,8,443.5,0,0,3,-0.87
1193,1,193,47,1143.5,8,447.5,0,0,3,-0.87
1194,1,194,47,1167.0,8,451.5,0,0,3,-0.87
1195,1,195,47,1190.5,8,455.5,0,0,3,-0.87
1196,1,196,48,1215.5,8,459.5,0,0,3,-0.88
1197,1,197,48,1239.5,8,463.5,0,0,3,-0.88
1198,1,198,48,1263.5,8,467.5,0,0,3,-0.88
1199,1,199,48,1287.5,8,471.5,0,0,3,-0.88
1200,1,200,48,1311.5,8,475.5,0,1,3,-0.88
1201,1,201,49,1337.0,8,479.5,0,1,3,-0.89
1202,1,202,49,1361.5,8,483.5,0,0,3,-0.89
1203,1,203,50,1387.5,8,487.5,0,0,3,-0.9
1204,1,204,50,1412.5,8,491.5,0,0,3,-0.9
1205,1,205,51,1439.0,8,495.5,0,0,3,-0.91
1206,1,206,52,1466.0,8,499.5,0,0,3,-0.92
1207,1,207,52,1492.0,8,503.5,0,0,3,-0.92
1208,1,208,52,1518.0,8,507.5,0,0,3,-0.92
1209,1,209,52,1544.0,8,511.5,0,0,3,-0.92
1210,1,210,52,1570.0,8,515.5,0,0,3,-0.92
1211,1,211,52,1596.0,8,519.5,0,1,4,-0.92
1212,1,212,53,1623.5,8,523.5,0,0,4,-0.93
1213,1,213,53,1650.0,8,527.5,0,0,4,-0.93
1214,1,214,53,1676.5,8,531.5,0,0,4,-0.93
1215,1,215,53,1703.0,8,535.5,0,0,4,-0.93
1216,1,216,54,1731.0,8,539.5,0,0,4,-0.9400000000000001
1217,1,217,55,1759.5,8,543.5,0,0,4,-0.9500000000000001
1218,1,218,57,1790.0,8,547.5,0,0,4,-0.97
1219,1,219,57,1818.5,8,551.5,0,0,4,-0.97
1220,1,220,58,1848.5,8,555.5,0,0,4,-0.98
1221,1,221,59,1879.0,8,559.5,0,0,4,-0.99
1222,1,222,59,1908.5,8,563.5,0,0,4,-0.99
1223,1,223,53,1598.5,8,567.5,0,0,5,-0.93
1224,1,224,49,1409.0,8,571.5,0,0,5,-0.89
1225,1,225,46,1248.0,8,575.5,0,0,5,-0.8600000000000001
1226,1,226,42,1115.5,8,579.5,0,0,5,-0.8200000000000001
1227,1,227,42,1136.5,8,583.5,0,0,5,-0.8200000000000001
1228,1,228,38,1036.5,8,587.5,0,0,5,-0.78
1229,1,229,34,992.5,8,591.5,0,0,5,-0.74
1230,1,230,33,988.5,8,595.5,0,0,5,-0.73
1231,1,231,32,984.0,7,513.0,0,0,5,-0.6699999999999999
1232,1,232,31,977.0,7,516.5,0,0,5,-0.6599999999999999
1233,1,233,30,980.5,3,215.0,0,0,5,-0.44999999999999996
1234,1,234,30,995.5,2,141.5,0,0,5,-0.4
1235,1,235,30,1010.5,2,142.5,0,0,5,-0.4
1236,1,236,32,1028.5,2,143.5,0,0,5,-0.42000000000000004
1237,1,237,33,1046.0,2,144.5,0,0,5,-0.43000000000000005
1238,1,238,33,1062.5,2,145.5,0,0,5,-0.43000000000000005
1239,1,239,33,1079.0,2,146.5,0,0,5,-0.43000000000000005
1240,1,240,33,1095.5,2,147.5,0,2,5,-0.43000000000000005
1241,1,241,33,1112.0,2,148.5,0,0,5,-0.43000000000000005
1242,1,242,33,1128.5,2,149.5,0,0,5,-0.43000000000000005
1243,1,243,33,1145.0,2,150.5,0,0,5,-0.43000000000000005
1244,1,244,33,1161.5,2,151.5,0,0,5,-0.43000000000000005
1245,1,245,34,1179.5,2,152.5,0,0,5,-0.44000000000000006
1246,1,246,34,1196.5,2,153.5,0,0,5,-0.44000000000000006
1247,1,247,34,1213.5,2,154.5,0,0,5,-0.44000000000000006
1248,1,248,34,1230.5,2,155.5,0,0,5,-0.44000000000000006
1249,1,249,34,1247.5,2,156.5,0,0,5,-0.44000000000000006
1250,1,250,34,1264.5,2,157.5,0,0,5,-0.44000000000000006
1251,1,251,34,1281.5,2,158.5,0,0,5,-0.44000000000000006
1252,1,252,35,1300.0,2,159.5,0,0,5,-0.44999999999999996
1253,1,253,35,1317.5,2,160.5,0,2,5,-0.44999999999999996
1254,1,254,35,1335.0,2,161.5,0,0,5,-0.44999999999999996
1255,1,255,36,1354.0,2,162.5,0,0,5,-0.45999999999999996
1256,1,256,36,1372.0,3,165.0,0,0,5,-0.51
1257,1,257,36,1390.0,3,166.5,0,0,5,-0.51
1258,1,258,36,1408.0,3,168.0,0,0,5,-0.51
1259,1,259,36,1426.0,3,169.5,0,0,5,-0.51
1260,1,260,36,1444.0,3,171.0,0,0,5,-0.51
1261,1,261,36,1462.0,3,172.5,0,0,5,-0.51
1262,1,262,37,1481.5,2,169.5,0,0,5,-0.47
1263,1,263,37,1500.0,2,170.5,0,0,5,-0.47
1264,1,264,38,1520.0,2,171.5,0,0,5,-0.48
1265,1,265,38,1539.0,2,172.5,0,0,5,-0.48
1266,1,266,39,1559.5,2,173.5,0,0,5,-0.49
1267,1,267,39,1579.0,2,174.5,0,0,5,-0.49
1268,1,268,39,1598.5,2,175.5,0,0,5,-0.49
1269,1,269,39,1618.0,2,176.5,0,0,5,-0.49
1270,1,270,39,1637.5,2,177.5,0,0,5,-0.49
1271,1,271,39,1657.0,2,178.5,0,2,5,-0.49
1272,1,272,39,1676.5,2,179.5,0,0,5,-0.49
1273,1,273,37,1497.0,2,180.5,0,0,6,-0.47
1274,1,274,35,1424.5,2,181.5,0,0,6,-0.44999999999999996
1275,1,275,36,1443.5,2,182.5,0,0,6,-0.45999999999999996
1276,1,276,36,1461.5,3,185.0,0,0,6,-0.51
1277,1,277,36,1479.5,3,186.5,0,0,6,-0.51
1278,1,278,36,1497.5,3,188.0,0,0,6,-0.51
1279,1,279,36,1515.5,3,189.5,0,0,6,-0.51
1280,1,280,36,1533.5,4,192.5,0,0,6,-0.56
1281,1,281,36,1551.5,3,192.5,0,0,6,-0.51
1282,1,282,37,1571.0,3,194.0,0,0,6,-0.52
1283,1,283,37,1589.5,3,195.5,0,0,6,-0.52
1284,1,284,38,1609.5,4,198.5,0,0,6,-0.5800000000000001
1285,1,285,38,1628.5,4,200.5,0,0,6,-0.5800000000000001
1286,1,286,39,1649.0,4,202.5,0,0,6,-0.5900000000000001
1287,1,287,43,1674.5,4,204.5,0,2,6,-0.63
1288,1,288,43,1696.0,4,206.5,0,0,6,-0.63
1289,1,289,43,1717.5,4,208.5,0,0,6,-0.63
1290,1,290,43,1739.0,4,210.5,0,0,6,-0.63
1291,1,291,43,1760.5,4,212.5,0,0,6,-0.63
1292,1,292,43,1782.0,5,216.0,0,0,6,-0.6799999999999999
1293,1,293,43,1803.5,5,218.5,0,0,6,-0.6799999999999999
1294,1,294,44,1826.5,5,221.0,0,0,6,-0.69
1295,1,295,47,1853.0,5,223.5,0,0,6,-0.72
1296,1,296,47,1876.5,5,226.0,0,0,6,-0.72
1297,1,297,47,1900.0,7,231.5,0,0,6,-0.82
1298,1,298,47,1923.5,6,233.0,0,0,6,-0.77
1299,1,299,47,1947.0,7,237.5,0,0,6,-0.82
1300,1,300,47,1970.5,7,241.0,0,0,6,-0.82
1301,1,301,47,1994.0,8,246.0,0,0,6,-0.87
1302,1,302,47,2017.5,9,251.5,0,1,6,-0.9199999999999999
1303,1,303,47,2041.0,11,259.0,0,1,6,-1.02
1304,1,304,47,2064.5,10,262.5,0,0,6,-0.97
1305,1,305,49,2091.0,10,267.5,0,0,6,-0.99
1306,1,306,49,2115.5,10,272.5,0,0,6,-0.99
1307,1,307,49,2140.0,10,277.5,0,0,6,-0.99
1308,1,308,49,2164.5,12,285.5,0,0,6,-1.0899999999999999
1309,1,309,49,2189.0,11,289.5,0,0,6,-1.04
1310,1,310,49,2213.5,11,295.0,0,1,6,-1.04
1311,1,311,49,2238.0,11,300.5,0,0,6,-1.04
1312,1,312,49,2262.5,11,306.0,0,0,6,-1.04
1313,1,313,49,2287.0,12,313.0,0,3,6,-1.0899999999999999
1314,1,314,50,2313.0,12,319.0,0,0,6,-1.1
1315,1,315,51,2339.5,12,325.0,0,1,6,-1.1099999999999999
1316,1,316,51,2365.0,12,331.0,0,1,6,-1.1099999999999999
1317,1,317,51,2390.5,12,337.0,0,0,6,-1.1099999999999999
1318,1,318,51,2416.0,12,343.0,0,1,6,-1.1099999999999999
1319,1,319,51,2441.5,12,349.0,0,0,6,-1.1099999999999999
1320,1,320,51,2467.0,12,355.0,0,0,6,-1.1099999999999999
1321,1,321,51,2492.5,12,361.0,0,1,6,-1.1099999999999999
1322,1,322,51,2518.0,12,367.0,0,1,6,-1.1099999999999999
1323,1,323,51,2543.5,12,373.0,0,0,6,-1.1099999999999999
1324,1,324,52,2570.5,12,379.0,0,5,6,-1.12
1325,1,325,52,2596.5,13,386.5,0,0,6,-1.17
1326,1,326,52,2622.5,12,391.0,0,0,6,-1.12
1327,1,327,52,2648.5,12,397.0,0,3,6,-1.12
1328,1,328,52,2674.5,12,403.0,0,1,6,-1.12
1329,1,329,52,2700.5,12,409.0,0,0,6,-1.12
1330,1,330,52,2726.5,14,418.0,0,1,6,-1.22
1331,1,331,52,2752.5,14,425.0,0,3,6,-1.22
1332,1,332,53,2780.0,14,432.0,0,0,6,-1.23
1333,1,333,53,2806.5,14,439.0,0,1,6,-1.23
1334,1,334,53,2833.0,14,446.0,0,1,6,-1.23
1335,1,335,54,2861.0,14,453.0,0,3,6,-1.24
1336,1,336,54,2888.0,14,460.0,0,2,6,-1.24
1337,1,337,54,2915.0,14,467.0,0,1,6,-1.24
1338,1,338,54,2942.0,14,474.0,0,1,6,-1.24
1339,1,339,54,2969.0,14,481.0,0,1,6,-1.24
1340,1,340,54,2996.0,14,488.0,0,1,6,-1.24
1341,1,341,54,3023.0,14,495.0,0,1,6,-1.24
1342,1,342,55,3051.5,14,502.0,0,2,6,-1.25
1343,1,343,55,3079.0,14,509.0,0,1,6,-1.25
1344,1,344,55,3106.5,14,516.0,0,1,6,-1.25
1345,1,345,56,3135.5,14,523.0,0,1,6,-1.26
1346,1,346,56,3163.5,14,530.0,0,1,6,-1.26
1347,1,347,56,3191.5,14,537.0,0,2,6,-1.26
1348,1,348,56,3219.5,14,544.0,0,1,6,-1.26
1349,1,349,56,3247.5,14,551.0,0,0,6,-1.26
1350,1,350,56,3275.5,14,558.0,0,0,6,-1.26
1351,1,351,56,3303.5,14,565.0,0,1,6,-1.26
1352,1,352,56,3331.5,14,572.0,0,0,6,-1.26
1353,1,353,56,3359.5,14,579.0,0,1,6,-1.26
1354,1,354,56,3387.5,14,586.0,0,0,6,-1.26
1355,1,355,59,3420.0,14,593.0,0,1,6,-1.29
1356,1,356,59,3449.5,14,600.0,0,0,6,-1.29
1357,1,357,59,3479.0,14,607.0,0,2,6,-1.29
1358,1,358,59,3508.5,14,614.0,0,0,6,-1.29
1359,1,359,61,3541.0,14,621.0,0,0,6,-1.31
1360,1,360,62,3573.0,14,628.0,0,0,6,-1.3199999999999998
1361,1,361,62,3604.0,14,635.0,0,1,6,-1.3199999999999998
1362,1,362,62,3635.0,14,642.0,0,0,6,-1.3199999999999998
1363,1,363,62,3666.0,14,649.0,0,1,7,-1.3199999999999998
1364,1,364,63,3698.5,14,656.0,0,0,7,-1.33
1365,1,365,64,3731.5,14,663.0,0,0,7,-1.3399999999999999
1366,1,366,64,3763.5,14,670.0,0,1,7,-1.3399999999999999
1367,1,367,64,3795.5,14,677.0,0,2,7,-1.3399999999999999
1368,1,368,64,3827.5,14,684.0,0,0,7,-1.3399999999999999
1369,1,369,64,3859.5,14,691.0,0,0,7,-1.3399999999999999
1370,1,370,64,3891.5,14,698.0,0,0,7,-1.3399999999999999
1371,1,371,64,3923.5,14,705.0,0,1,7,-1.3399999999999999
1372,1,372,65,3957.0,14,712.0,0,0,7,-1.35
1373,1,373,65,3989.5,14,719.0,0,0,7,-1.35
1374,1,374,65,4022.0,14,726.0,0,0,7,-1.35
1375,1,375,63,3764.0,14,733.0,0,0,8,-1.33
1376,1,376,61,3577.0,14,740.0,0,0,8,-1.31
1377,1,377,59,3398.5,14,747.0,0,0,8,-1.29
1378,1,378,59,3357.5,14,754.0,0,2,8,-1.29
1379,1,379,58,3305.0,14,761.0,0,0,8,-1.2799999999999998
1380,1,380,57,3243.5,14,768.0,0,0,8,-1.27
1381,1,381,57,3254.5,14,775.0,0,0,8,-1.27
1382,1,382,58,3284.5,14,782.0,0,0,8,-1.2799999999999998
1383,1,383,58,3313.5,14,789.0,0,0,8,-1.2799999999999998
1384,1,384,59,3344.0,14,796.0,0,0,8,-1.29
1385,1,385,60,3375.0,14,803.0,0,0,8,-1.2999999999999998
1386,1,386,60,3405.0,14,810.0,0,0,8,-1.2999999999999998
1387,1,387,60,3435.0,14,817.0,0,0,8,-1.2999999999999998
1388,1,388,60,3465.0,14,824.0,0,2,8,-1.2999999999999998
1389,1,389,60,3495.0,14,831.0,0,0,8,-1.2999999999999998
1390,1,390,60,3525.0,14,838.0,0,0,8,-1.2999999999999998
1391,1,391,60,3555.0,14,845.0,0,0,8,-1.2999999999999998
1392,1,392,60,3585.0,14,852.0,0,0,8,-1.2999999999999998
1393,1,393,61,3616.5,14,859.0,0,0,8,-1.31
1394,1,394,63,3650.0,14,866.0,0,0,8,-1.33
1395,1,395,63,3681.5,14,873.0,0,0,8,-1.33
1396,1,396,63,3713.0,14,880.0,0,0,8,-1.33
1397,1,397,63,3744.5,14,887.0,0,1,8,-1.33
1398,1,398,63,3776.0,14,894.0,0,1,8,-1.33
1399,1,399,63,3807.5,14,901.0,0,0,8,-1.33
1400,1,400,63,3839.0,14,908.0,0,2,8,-1.33
1401,1,401,64,3872.0,14,915.0,0,0,8,-1.3399999999999999
1402,1,402,64,3904.0,14,922.0,0,0,8,-1.3399999999999999
1403,1,403,68,3942.0,14,929.0,0,0,8,-1.38
1404,1,404,68,3976.0,14,936.0,0,0,8,-1.38
1405,1,405,69,4011.5,14,943.0,0,0,8,-1.39
1406,1,406,69,4046.0,14,950.0,0,0,8,-1.39
1407,1,407,69,4080.5,14,957.0,0,0,8,-1.39
1408,1,408,69,4115.0,14,964.0,0,0,8,-1.39
1409,1,409,69,4149.5,14,971.0,0,1,8,-1.39
1410,1,410,69,4184.0,14,978.0,0,0,8,-1.39
1411,1,411,69,4218.5,14,985.0,0,0,8,-1.39
1412,1,412,69,4253.0,14,992.0,0,0,8,-1.39
1413,1,413,70,4289.0,14,999.0,0,0,8,-1.4
1414,1,414,71,4325.5,14,1006.0,1,0,8,-1.41
1415,1,415,72,4362.5,14,1013.0,0,0,8,-1.42
1416,1,416,73,4400.0,14,1020.0,0,0,8,-1.43
1417,1,417,73,4436.5,14,1027.0,0,0,8,-1.43
1418,1,418,73,4473.0,14,1034.0,0,0,8,-1.43
1419,1,419,73,4509.5,14,1041.0,0,1,8,-1.43
1420,1,420,73,4546.0,14,1048.0,0,1,8,-1.43
1421,1,421,73,4582.5,14,1055.0,0,0,8,-1.43
1422,1,422,73,4619.0,14,1062.0,0,0,8,-1.43
1423,1,423,73,4655.5,14,1069.0,0,0,8,-1.43
1424,1,424,74,4693.5,14,1076.0,0,0,8,-1.44
1425,1,425,75,4731.5,14,1083.0,0,0,8,-1.45
1426,1,426,75,4769.0,14,1090.0,0,1,8,-1.45
1427,1,427,77,4809.5,14,1097.0,0,0,8,-1.47
1428,1,428,77,4848.0,14,1104.0,0,0,8,-1.47
1429,1,429,77,4886.5,14,1111.0,0,1,8,-1.47
1430,1,430,78,4926.5,14,1118.0,0,1,8,-1.48
1431,1,431,79,4967.0,14,1125.0,0,0,8,-1.49
1432,1,432,79,5006.5,14,1132.0,0,0,8,-1.49
1433,1,433,79,5046.0,14,1139.0,0,0,8,-1.49
1434,1,434,80,5087.0,14,1146.0,0,0,8,-1.5
1435,1,435,80,5127.0,14,1153.0,0,0,9,-1.5
1436,1,436,81,5168.5,14,1160.0,0,0,9,-1.51
1437,1,437,81,5209.0,14,1167.0,0,0,9,-1.51
1438,1,438,81,5249.5,14,1174.0,0,0,9,-1.51
1439,1,439,81,5290.0,14,1181.0,0,0,9,-1.51
1440,1,440,81,5330.5,14,1188.0,0,1,9,-1.51
1441,1,441,76,4511.0,10,923.0,0,0,0,-1.26
1442,1,442,73,4016.5,10,928.0,0,0,0,-1.23
1443,1,443,71,3558.5,9,875.0,0,0,0,-1.16
1444,1,444,68,3133.0,9,879.5,0,0,0,-1.1300000000000001
1445,1,445,68,3167.0,9,884.0,0,0,0,-1.1300000000000001
1446,1,446,64,2777.5,9,888.5,0,0,0,-1.09
1447,1,447,60,2428.0,9,893.0,0,0,0,-1.05
1448,1,448,57,2203.0,8,810.0,0,0,0,-0.97
1449,1,449,56,2136.5,5,583.5,0,0,0,-0.81
1450,1,450,53,1849.0,4,516.0,0,0,0,-0.73
1451,1,451,51,1668.0,4,518.0,0,0,0,-0.71
1452,1,452,51,1624.5,4,520.0,0,0,0,-0.71
1453,1,453,47,1415.0,4,522.0,0,0,0,-0.6699999999999999
1454,1,454,46,1293.5,4,524.0,0,0,0,-0.66
1455,1,455,46,1269.0,4,526.0,0,1,0,-0.66
1456,1,456,42,1129.5,4,528.0,1,0,0,-0.62
1457,1,457,40,1079.5,4,530.0,0,0,0,-0.6000000000000001
1458,1,458,38,1042.5,4,532.0,0,0,0,-0.5800000000000001
1459,1,459,34,967.0,3,344.0,0,0,0,-0.49
1460,1,460,32,957.0,2,168.5,0,0,0,-0.42000000000000004
1461,1,461,30,960.0,2,169.5,0,0,0,-0.4
1462,1,462,29,955.5,2,170.5,0,0,0,-0.39
1463,1,463,29,970.0,2,171.5,0,1,0,-0.39
1464,1,464,28,972.0,2,172.5,0,2,0,-0.38
1465,1,465,27,983.0,3,175.0,0,0,0,-0.42000000000000004
1466,1,466,27,996.5,2,174.5,0,0,0,-0.37
1467,1,467,27,1010.0,3,177.0,0,0,0,-0.42000000000000004
1468,1,468,27,1023.5,3,178.5,0,0,0,-0.42000000000000004
1469,1,469,27,1037.0,3,180.0,0,0,0,-0.42000000000000004
1470,1,470,27,1050.5,2,178.5,0,0,0,-0.37
1471,1,471,27,1064.0,2,179.5,0,1,0,-0.37
1472,1,472,27,1077.5,2,180.5,0,0,0,-0.37
1473,1,473,28,1092.5,2,181.5,0,0,0,-0.38
1474,1,474,28,1106.5,2,182.5,0,0,0,-0.38
1475,1,475,29,1122.0,2,183.5,0,1,0,-0.39
1476,1,476,29,1136.5,2,184.5,0,0,0,-0.39
1477,1,477,29,1151.0,2,185.5,0,0,0,-0.39
1478,1,478,29,1165.5,2,186.5,0,1,0,-0.39
1479,1,479,29,1180.0,2,187.5,1,0,0,-0.39
1480,1,480,29,1194.5,2,188.5,0,0,0,-0.39
1481,1,481,29,1209.0,2,189.5,0,1,0,-0.39
1482,1,482,30,1225.0,3,192.0,0,0,0,-0.44999999999999996
1483,1,483,30,1240.0,3,193.5,0,0,0,-0.44999999999999996
1484,1,484,30,1255.0,4,196.5,0,0,0,-0.5
1485,1,485,32,1273.0,5,200.0,0,0,0,-0.5700000000000001
1486,1,486,32,1289.0,4,200.5,0,0,0,-0.52
1487,1,487,32,1305.0,4,202.5,0,1,0,-0.52
1488,1,488,32,1321.0,3,200.0,0,1,0,-0.47
1489,1,489,33,1338.5,4,203.0,0,0,0,-0.53
1490,1,490,33,1355.0,4,205.0,0,0,0,-0.53
1491,1,491,31,1164.5,4,207.0,0,1,1,-0.51
1492,1,492,29,1088.0,4,209.0,0,0,1,-0.49
1493,1,493,29,1102.5,5,212.5,0,0,1,-0.54
1494,1,494,31,1120.0,4,213.0,0,0,1,-0.51
1495,1,495,35,1141.5,4,215.0,0,0,1,-0.55
1496,1,496,35,1159.0,4,217.0,0,1,1,-0.55
1497,1,497,36,1178.0,5,220.5,0,0,1,-0.61
1498,1,498,36,1196.0,5,223.0,0,0,1,-0.61
1499,1,499,36,1214.0,5,225.5,0,0,1,-0.61
1500,1,500,36,1232.0,5,228.0,0,0,1,-0.61
1501,1,501,36,1250.0,5,230.5,0,1,1,-0.61
1502,1,502,36,1268.0,6,234.5,0,0,1,-0.6599999999999999
1503,1,503,36,1286.0,6,237.5,0,0,1,-0.6599999999999999
1504,1,504,36,1304.0,6,240.5,0,0,1,-0.6599999999999999
1505,1,505,36,1322.0,6,243.5,0,0,1,-0.6599999999999999
1506,1,506,36,1340.0,7,248.0,0,0,1,-0.71
1507,1,507,36,1358.0,7,251.5,0,0,1,-0.71
1508,1,508,36,1376.0,7,255.0,0,0,1,-0.71
1509,1,509,36,1394.0,7,258.5,0,0,1,-0.71
1510,1,510,36,1412.0,7,262.0,0,0,1,-0.71
1511,1,511,37,1431.5,7,265.5,0,0,1,-0.72
1512,1,512,38,1451.5,7,269.0,0,1,1,-0.73
1513,1,513,38,1470.5,7,272.5,0,0,1,-0.73
1514,1,514,40,1492.5,7,276.0,0,0,1,-0.75
1515,1,515,41,1514.0,7,279.5,0,0,1,-0.76
1516,1,516,41,1534.5,7,283.0,1,0,1,-0.76
1517,1,517,41,1555.0,7,286.5,0,0,1,-0.76
1518,1,518,41,1575.5,7,290.0,0,0,1,-0.76
1519,1,519,41,1596.0,7,293.5,0,0,1,-0.76
1520,1,520,41,1616.5,7,297.0,0,0,1,-0.76
1521,1,521,41,1637.0,7,300.5,0,3,1,-0.76
1522,1,522,41,1657.5,7,304.0,0,0,1,-0.76
1523,1,523,42,1679.5,7,307.5,0,0,1,-0.77
1524,1,524,42,1700.5,7,311.0,0,2,1,-0.77
1525,1,525,42,1721.5,7,314.5,0,0,1,-0.77
1526,1,526,42,1742.5,8,319.5,0,0,1,-0.8200000000000001
1527,1,527,42,1763.5,8,323.5,0,2,1,-0.8200000000000001
1528,1,528,42,1784.5,8,327.5,0,0,1,-0.8200000000000001
1529,1,529,43,1807.0,8,331.5,0,0,1,-0.8300000000000001
1530,1,530,43,1828.5,8,335.5,0,2,1,-0.8300000000000001
1531,1,531,43,1850.0,8,339.5,0,1,1,-0.8300000000000001
1532,1,532,43,1871.5,8,343.5,0,0,1,-0.8300000000000001
1533,1,533,43,1893.0,8,347.5,0,3,1,-0.8300000000000001
1534,1,534,44,1916.0,9,353.0,0,1,1,-0.89
1535,1,535,44,1938.0,9,357.5,0,0,1,-0.89
1536,1,536,44,1960.0,10,363.5,0,4,1,-0.94
1537,1,537,44,1982.0,10,368.5,0,0,1,-0.94
1538,1,538,44,2004.0,10,373.5,0,0,1,-0.94
1539,1,539,44,2026.0,10,378.5,0,3,1,-0.94
1540,1,540,44,2048.0,12,386.5,0,1,1,-1.04
1541,1,541,44,2070.0,11,390.5,0,0,1,-0.99
1542,1,542,44,2092.0,11,396.0,0,3,1,-0.99
1543,1,543,46,2117.0,11,401.5,0,1,1,-1.01
1544,1,544,46,2140.0,12,408.5,0,0,1,-1.06
1545,1,545,46,2163.0,12,414.5,0,3,1,-1.06
1546,1,546,46,2186.0,12,420.5,0,0,1,-1.06
1547,1,547,47,2210.5,12,426.5,0,1,1,-1.0699999999999998
1548,1,548,47,2234.0,12,432.5,0,1,1,-1.0699999999999998
1549,1,549,47,2257.5,12,438.5,0,1,1,-1.0699999999999998
1550,1,550,47,2281.0,12,444.5,0,1,1,-1.0699999999999998
1551,1,551,48,2306.0,12,450.5,0,1,1,-1.08
1552,1,552,48,2330.0,12,456.5,0,1,1,-1.08
1553,1,553,48,2354.0,12,462.5,0,2,1,-1.08
1554,1,554,49,2379.5,12,468.5,0,1,1,-1.0899999999999999
1555,1,555,49,2404.0,12,474.5,0,2,1,-1.0899999999999999
1556,1,556,49,2428.5,12,480.5,0,1,1,-1.0899999999999999
1557,1,557,51,2456.0,12,486.5,0,1,1,-1.1099999999999999
1558,1,558,51,2481.5,12,492.5,0,2,1,-1.1099999999999999
1559,1,559,51,2507.0,12,498.5,0,1,1,-1.1099999999999999
1560,1,560,51,2532.5,12,504.5,0,2,1,-1.1099999999999999
1561,1,561,51,2558.0,12,510.5,0,2,1,-1.1099999999999999
1562,1,562,52,2585.0,12,516.5,0,0,1,-1.12
1563,1,563,53,2612.5,12,522.5,0,1,1,-1.13
1564,1,564,53,2639.0,12,528.5,0,0,1,-1.13
1565,1,565,53,2665.5,12,534.5,0,2,1,-1.13
1566,1,566,54,2693.5,12,540.5,0,0,1,-1.1400000000000001
1567,1,567,54,2720.5,12,546.5,0,0,1,-1.1400000000000001
1568,1,568,55,2749.0,12,552.5,0,1,1,-1.15
1569,1,569,55,2776.5,12,558.5,0,1,1,-1.15
1570,1,570,55,2804.0,12,564.5,0,1,1,-1.15
1571,1,571,56,2833.0,12,570.5,0,2,1,-1.1600000000000001
1572,1,572,56,2861.0,12,576.5,0,1,1,-1.1600000000000001
1573,1,573,57,2890.5,12,582.5,0,1,1,-1.17
1574,1,574,57,2919.0,12,588.5,0,2,1,-1.17
1575,1,575,57,2947.5,12,594.5,0,0,1,-1.17
1576,1,576,57,2976.0,12,600.5,0,3,1,-1.17
1577,1,577,58,3006.0,12,606.5,0,2,1,-1.18
1578,1,578,58,3035.0,12,612.5,0,0,1,-1.18
1579,1,579,58,3064.0,12,618.5,0,2,1,-1.18
1580,1,580,58,3093.0,12,624.5,0,2,1,-1.18
1581,1,581,58,3122.0,12,630.5,0,1,2,-1.18
1582,1,582,59,3152.5,12,636.5,0,0,2,-1.19
1583,1,583,60,3183.5,12,642.5,0,1,2,-1.2
1584,1,584,60,3213.5,12,648.5,0,1,2,-1.2
1585,1,585,60,3243.5,12,654.5,0,0,2,-1.2
1586,1,586,60,3273.5,12,660.5,0,3,2,-1.2
1587,1,587,60,3303.5,12,666.5,0,1,2,-1.2
1588,1,588,60,3333.5,12,672.5,0,1,2,-1.2
1589,1,589,62,3366.5,12,678.5,0,1,2,-1.22
1590,1,590,62,3397.5,12,684.5,0,0,2,-1.22
1591,1,591,62,3428.5,12,690.5,0,0,2,-1.22
1592,1,592,62,3459.5,12,696.5,0,0,2,-1.22
1593,1,593,61,3187.0,12,702.5,0,0,3,-1.21
1594,1,594,59,2979.5,12,708.5,0,1,3,-1.19
1595,1,595,57,2842.5,12,714.5,0,0,3,-1.17
1596,1,596,55,2768.0,12,720.5,0,0,3,-1.15
1597,1,597,55,2795.5,12,726.5,0,1,3,-1.15
1598,1,598,54,2798.0,12,732.5,0,0,3,-1.1400000000000001
1599,1,599,57,2829.5,12,738.5,0,0,3,-1.17
1600,1,600,57,2858.0,12,744.5,0,0,3,-1.17
1601,1,601,58,2888.0,12,750.5,0,0,3,-1.18
1602,1,602,59,2918.5,13,758.0,0,0,3,-1.24
1603,1,603,59,2948.0,12,762.5,0,0,3,-1.19
1604,1,604,59,2977.5,12,768.5,0,0,3,-1.19
1605,1,605,59,3007.0,12,774.5,0,1,3,-1.19
1606,1,606,59,3036.5,12,780.5,0,0,3,-1.19
1607,1,607,59,3066.0,12,786.5,0,1,3,-1.19
1608,1,608,59,3095.5,12,792.5,0,1,3,-1.19
1609,1,609,60,3126.5,12,798.5,0,0,3,-1.2
1610,1,610,60,3156.5,12,804.5,0,0,3,-1.2
1611,1,611,60,3186.5,12,810.5,0,0,3,-1.2
1612,1,612,60,3216.5,12,816.5,0,0,3,-1.2
1613,1,613,62,3249.5,12,822.5,0,1,3,-1.22
1614,1,614,62,3280.5,12,828.5,0,0,3,-1.22
1615,1,615,62,3311.5,12,834.5,0,0,3,-1.22
1616,1,616,62,3342.5,12,840.5,0,0,3,-1.22
1617,1,617,63,3375.0,12,846.5,0,2,3,-1.23
1618,1,618,64,3408.0,12,852.5,0,2,3,-1.24
1619,1,619,64,3440.0,12,858.5,0,0,3,-1.24
1620,1,620,65,3473.5,12,864.5,0,0,3,-1.25
1621,1,621,65,3506.0,12,870.5,0,0,3,-1.25
1622,1,622,66,3540.0,12,876.5,0,0,3,-1.26
1623,1,623,66,3573.0,12,882.5,0,0,3,-1.26
1624,1,624,69,3610.5,12,888.5,0,0,3,-1.29
1625,1,625,69,3645.0,12,894.5,0,0,3,-1.29
1626,1,626,69,3679.5,12,900.5,0,0,3,-1.29
1627,1,627,69,3714.0,12,906.5,0,0,3,-1.29
1628,1,628,69,3748.5,12,912.5,0,1,3,-1.29
1629,1,629,69,3783.0,12,918.5,0,0,3,-1.29
1630,1,630,69,3817.5,12,924.5,0,0,3,-1.29
1631,1,631,70,3853.5,12,930.5,0,0,3,-1.2999999999999998
1632,1,632,71,3890.0,12,936.5,0,0,3,-1.31
1633,1,633,72,3927.0,12,942.5,0,0,3,-1.3199999999999998
1634,1,634,72,3963.0,12,948.5,0,0,3,-1.3199999999999998
1635,1,635,72,3999.0,12,954.5,0,0,3,-1.3199999999999998
1636,1,636,73,4036.5,12,960.5,0,0,3,-1.33
1637,1,637,73,4073.0,12,966.5,0,1,3,-1.33
1638,1,638,73,4109.5,12,972.5,0,0,3,-1.33
1639,1,639,73,4146.0,12,978.5,0,0,3,-1.33
1640,1,640,73,4182.5,12,984.5,0,0,3,-1.33
1641,1,641,76,4223.5,12,990.5,0,0,3,-1.3599999999999999
1642,1,642,76,4261.5,12,996.5,0,0,3,-1.3599999999999999
1643,1,643,76,4299.5,12,1002.5,0,0,3,-1.3599999999999999
1644,1,644,78,4340.5,12,1008.5,0,0,3,-1.38
1645,1,645,78,4379.5,12,1014.5,0,1,3,-1.38
1646,1,646,78,4418.5,12,1020.5,0,0,3,-1.38
1647,1,647,78,4457.5,12,1026.5,0,0,3,-1.38
1648,1,648,78,4496.5,12,1032.5,0,0,3,-1.38
1649,1,649,78,4535.5,12,1038.5,0,0,3,-1.38
1650,1,650,79,4576.0,12,1044.5,0,0,3,-1.3900000000000001
1651,1,651,80,4617.0,12,1050.5,0,0,3,-1.4
1652,1,652,81,4658.5,12,1056.5,0,0,3,-1.4100000000000001
1653,1,653,81,4699.0,12,1062.5,0,0,4,-1.4100000000000001
1654,1,654,82,4741.0,12,1068.5,0,0,4,-1.42
1655,1,655,82,4782.0,12,1074.5,0,1,4,-1.42
1656,1,656,82,4823.0,12,1080.5,0,0,4,-1.42
1657,1,657,82,4864.0,12,1086.5,0,0,4,-1.42
1658,1,658,82,4905.0,12,1092.5,1,0,4,-1.42
1659,1,659,82,4946.0,12,1098.5,1,0,4,-1.42
1660,1,660,83,4988.5,12,1104.5,0,0,4,-1.43
1661,1,661,84,5031.5,12,1110.5,0,0,4,-1.44
1662,1,662,84,5073.5,12,1116.5,1,0,4,-1.44
1663,1,663,84,5115.5,13,1124.0,0,0,4,-1.49
1664,1,664,86,5160.5,14,1132.0,0,0,4,-1.56
1665,1,665,80,4527.0,10,845.0,0,2,5,-1.3
1666,1,666,76,4042.0,8,781.0,0,0,5,-1.1600000000000001
1667,1,667,73,3598.0,8,785.0,0,0,5,-1.13
1668,1,668,69,3190.5,8,789.0,0,0,5,-1.0899999999999999
1669,1,669,69,3225.0,8,730.5,0,0,5,-1.0899999999999999
1670,1,670,65,2854.0,8,734.5,0,0,5,-1.05
1671,1,671,61,2524.0,8,738.5,0,0,5,-1.01
1672,1,672,59,2299.0,8,742.5,0,1,5,-0.99
1673,1,673,58,2255.0,6,563.5,0,1,5,-0.8799999999999999
1674,1,674,55,1989.0,5,559.5,0,0,5,-0.8
1675,1,675,52,1805.5,5,562.0,0,0,5,-0.77
1676,1,676,51,1777.5,4,478.0,0,1,5,-0.71
1677,1,677,48,1591.5,4,480.0,0,0,5,-0.6799999999999999
1678,1,678,46,1496.5,4,482.0,0,1,5,-0.66
1679,1,679,44,1455.0,5,485.5,0,0,5,-0.69
1680,1,680,40,1324.5,4,481.0,0,0,5,-0.6000000000000001
1681,1,681,40,1314.0,4,483.0,0,1,5,-0.6000000000000001
1682,1,682,37,1253.5,4,485.0,0,1,5,-0.5700000000000001
1683,1,683,33,1195.5,3,290.0,1,1,5,-0.48
1684,1,684,33,1186.0,3,98.0,0,0,5,-0.48
1685,1,685,32,1169.5,2,97.5,0,1,5,-0.42000000000000004
1686,1,686,30,1143.0,2,98.5,0,1,5,-0.4
1687,1,687,31,1159.5,3,101.0,0,2,5,-0.45999999999999996
1688,1,688,29,1153.5,3,98.0,0,0,5,-0.43999999999999995
1689,1,689,28,1165.5,3,99.5,0,0,5,-0.43000000000000005
1690,1,690,29,1181.0,4,102.5,0,0,5,-0.49
1691,1,691,30,1197.0,4,104.5,0,0,5,-0.5
1692,1,692,30,1212.0,4,106.5,0,0,5,-0.5
1693,1,693,31,1228.5,4,108.5,0,0,5,-0.51
1694,1,694,31,1244.0,5,112.0,0,0,5,-0.56
1695,1,695,31,1259.5,3,105.0,0,0,5,-0.45999999999999996
1696,1,696,31,1275.0,3,106.5,0,0,5,-0.45999999999999996
1697,1,697,31,1290.5,3,108.0,0,0,5,-0.45999999999999996
1698,1,698,31,1306.0,3,109.5,0,0,5,-0.45999999999999996
1699,1,699,31,1321.5,3,111.0,0,0,5,-0.45999999999999996
1700,1,700,32,1338.5,3,112.5,0,0,5,-0.47
1701,1,701,33,1356.0,3,114.0,0,0,5,-0.48
1702,1,702,34,1374.0,3,115.5,0,0,5,-0.49
1703,1,703,36,1394.0,3,117.0,1,0,5,-0.51
1704,1,704,37,1413.5,3,118.5,0,3,5,-0.52
1705,1,705,38,1433.5,3,120.0,0,0,5,-0.53
1706,1,706,38,1452.5,3,121.5,0,0,5,-0.53
1707,1,707,38,1471.5,3,123.0,0,0,5,-0.53
1708,1,708,38,1490.5,3,124.5,0,0,5,-0.53
1709,1,709,38,1509.5,3,126.0,0,0,5,-0.53
1710,1,710,38,1528.5,3,127.5,0,0,5,-0.53
1711,1,711,39,1549.0,3,129.0,0,0,5,-0.54
1712,1,712,42,1573.0,3,130.5,0,0,5,-0.57
1713,1,713,43,1595.5,3,132.0,0,0,5,-0.58
1714,1,714,43,1617.0,3,133.5,0,0,5,-0.58
1715,1,715,41,1425.0,3,135.0,0,0,6,-0.5599999999999999
1716,1,716,39,1328.0,3,136.5,0,0,6,-0.54
1717,1,717,37,1332.0,3,138.0,0,0,6,-0.52
1718,1,718,37,1350.5,3,139.5,0,0,6,-0.52
1719,1,719,37,1369.0,3,141.0,0,0,6,-0.52
1720,1,720,37,1387.5,3,142.5,0,0,6,-0.52
1721,1,721,37,1406.0,3,144.0,0,0,6,-0.52
1722,1,722,39,1427.5,3,145.5,0,0,6,-0.54
1723,1,723,39,1447.0,3,147.0,0,0,6,-0.54
1724,1,724,39,1466.5,3,148.5,0,0,6,-0.54
1725,1,725,39,1486.0,3,150.0,0,2,6,-0.54
1726,1,726,39,1505.5,3,151.5,0,0,6,-0.54
1727,1,727,39,1525.0,4,154.5,0,0,6,-0.5900000000000001
1728,1,728,39,1544.5,4,156.5,0,0,6,-0.5900000000000001
1729,1,729,39,1564.0,4,158.5,0,0,6,-0.5900000000000001
1730,1,730,40,1585.0,4,160.5,0,0,6,-0.6000000000000001
1731,1,731,40,1605.0,4,162.5,0,0,6,-0.6000000000000001
1732,1,732,40,1625.0,4,164.5,0,0,6,-0.6000000000000001
1733,1,733,41,1646.5,4,166.5,0,0,6,-0.61
1734,1,734,41,1667.0,4,168.5,0,0,6,-0.61
1735,1,735,41,1687.5,4,170.5,0,0,6,-0.61
1736,1,736,41,1708.0,5,174.0,0,0,6,-0.6599999999999999
1737,1,737,41,1728.5,5,176.5,0,0,6,-0.6599999999999999
1738,1,738,41,1749.0,5,179.0,0,0,6,-0.6599999999999999
1739,1,739,41,1769.5,5,181.5,0,0,6,-0.6599999999999999
1740,1,740,42,1791.5,6,185.5,0,0,6,-0.72
1741,1,741,42,1812.5,6,188.5,0,0,6,-0.72
1742,1,742,42,1833.5,6,191.5,0,0,6,-0.72
1743,1,743,42,1854.5,6,194.5,0,0,6,-0.72
1744,1,744,42,1875.5,6,197.5,0,0,6,-0.72
1745,1,745,42,1896.5,6,200.5,0,3,6,-0.72
1746,1,746,42,1917.5,6,203.5,0,0,6,-0.72
1747,1,747,42,1938.5,6,206.5,0,0,6,-0.72
1748,1,748,42,1959.5,6,209.5,0,1,6,-0.72
1749,1,749,43,1982.0,6,212.5,0,0,6,-0.73
1750,1,750,44,2005.0,6,215.5,0,0,6,-0.74
1751,1,751,44,2027.0,7,220.0,0,1,6,-0.79
1752,1,752,44,2049.0,6,221.5,0,0,6,-0.74
1753,1,753,46,2074.0,6,224.5,0,0,6,-0.76
1754,1,754,46,2097.0,6,227.5,0,1,6,-0.76
1755,1,755,46,2120.0,7,232.0,0,1,6,-0.81
1756,1,756,46,2143.0,7,235.5,0,0,6,-0.81
1757,1,757,46,2166.0,7,239.0,0,3,6,-0.81
1758,1,758,46,2189.0,7,242.5,0,1,6,-0.81
1759,1,759,46,2212.0,7,246.0,0,0,6,-0.81
1760,1,760,46,2235.0,7,249.5,0,4,6,-0.81
1761,1,761,46,2258.0,7,253.0,0,0,6,-0.81
1762,1,762,47,2282.5,7,256.5,0,0,6,-0.82
1763,1,763,47,2306.0,8,261.5,0,4,6,-0.87
1764,1,764,47,2329.5,7,263.5,0,0,6,-0.82
1765,1,765,47,2353.0,7,267.0,0,0,6,-0.82
1766,1,766,47,2376.5,7,270.5,0,1,6,-0.82
1767,1,767,47,2400.0,9,277.0,0,2,6,-0.9199999999999999
1768,1,768,47,2423.5,9,281.5,0,0,6,-0.9199999999999999
1769,1,769,48,2448.5,9,286.0,1,1,6,-0.9299999999999999
1770,1,770,48,2472.5,9,290.5,0,1,6,-0.9299999999999999
1771,1,771,48,2496.5,9,295.0,0,0,6,-0.9299999999999999
1772,1,772,49,2522.0,9,299.5,0,1,6,-0.94
1773,1,773,51,2549.5,9,304.0,0,0,6,-0.96
1774,1,774,51,2575.0,9,308.5,0,0,6,-0.96
1775,1,775,51,2600.5,10,314.5,0,1,6,-1.01
1776,1,776,52,2627.5,10,319.5,0,1,6,-1.02
1777,1,777,52,2653.5,10,324.5,0,0,6,-1.02
1778,1,778,53,2681.0,10,329.5,0,3,6,-1.03
1779,1,779,53,2707.5,10,334.5,0,1,6,-1.03
1780,1,780,53,2734.0,10,339.5,0,0,6,-1.03
1781,1,781,53,2760.5,10,344.5,0,1,6,-1.03
1782,1,782,53,2787.0,10,349.5,0,2,6,-1.03
1783,1,783,54,2815.0,10,354.5,0,1,6,-1.04
1784,1,784,54,2842.0,10,359.5,0,0,6,-1.04
1785,1,785,54,2869.0,10,364.5,0,2,6,-1.04
1786,1,786,54,2896.0,10,369.5,0,0,6,-1.04
1787,1,787,54,2923.0,10,374.5,0,2,6,-1.04
1788,1,788,54,2950.0,10,379.5,0,2,6,-1.04
1789,1,789,55,2978.5,10,384.5,0,0,6,-1.05
1790,1,790,56,3007.5,10,389.5,0,0,6,-1.06
1791,1,791,56,3035.5,10,394.5,0,3,6,-1.06
1792,1,792,57,3065.0,10,399.5,0,0,6,-1.0699999999999998
1793,1,793,57,3093.5,10,404.5,0,1,6,-1.0699999999999998
1794,1,794,57,3122.0,10,409.5,0,1,6,-1.0699999999999998
1795,1,795,57,3150.5,10,414.5,0,2,6,-1.0699999999999998
1796,1,796,57,3179.0,10,419.5,0,1,6,-1.0699999999999998
1797,1,797,58,3209.0,10,424.5,0,2,6,-1.08
1798,1,798,58,3238.0,10,429.5,0,2,6,-1.08
1799,1,799,58,3267.0,10,434.5,0,0,6,-1.08
1800,1,800,58,3296.0,10,439.5,0,1,6,-1.08
1801,1,801,58,3325.0,10,444.5,0,3,6,-1.08
1802,1,802,60,3357.0,10,449.5,0,1,6,-1.1
1803,1,803,60,3387.0,10,454.5,0,2,6,-1.1
1804,1,804,60,3417.0,10,459.5,1,1,6,-1.1
1805,1,805,60,3447.0,10,464.5,0,2,7,-1.1
1806,1,806,60,3477.0,10,469.5,1,1,7,-1.1
1807,1,807,60,3507.0,10,474.5,0,2,7,-1.1
1808,1,808,60,3537.0,10,479.5,0,2,7,-1.1
1809,1,809,60,3567.0,10,484.5,0,1,7,-1.1
1810,1,810,60,3597.0,10,489.5,0,1,7,-1.1
1811,1,811,63,3631.5,10,494.5,0,2,7,-1.13
1812,1,812,64,3664.5,10,499.5,0,0,7,-1.1400000000000001
1813,1,813,64,3696.5,10,504.5,0,2,7,-1.1400000000000001
1814,1,814,64,3728.5,10,509.5,0,2,7,-1.1400000000000001
1815,1,815,64,3760.5,10,514.5,0,1,7,-1.1400000000000001
1816,1,816,65,3794.0,10,519.5,0,2,7,-1.15
1817,1,817,63,3501.5,10,524.5,0,0,8,-1.13
1818,1,818,63,3287.5,10,529.5,0,0,8,-1.13
1819,1,819,61,3137.0,10,534.5,0,0,8,-1.1099999999999999
1820,1,820,60,3058.0,10,539.5,0,0,8,-1.1
1821,1,821,60,3088.0,10,544.5,0,0,8,-1.1
1822,1,822,58,3066.0,10,549.5,0,0,8,-1.08
1823,1,823,58,3095.0,10,554.5,0,0,8,-1.08
1824,1,824,58,3124.0,10,559.5,0,0,8,-1.08
1825,1,825,58,3153.0,10,564.5,0,0,8,-1.08
1826,1,826,58,3182.0,10,569.5,0,1,8,-1.08
1827,1,827,58,3211.0,10,574.5,0,0,8,-1.08
1828,1,828,58,3240.0,10,579.5,0,0,8,-1.08
1829,1,829,58,3269.0,10,584.5,0,0,8,-1.08
1830,1,830,58,3298.0,10,589.5,1,0,8,-1.08
1831,1,831,60,3330.0,10,594.5,0,0,8,-1.1
1832,1,832,60,3360.0,10,599.5,1,0,8,-1.1
1833,1,833,60,3390.0,10,604.5,0,0,8,-1.1
1834,1,834,60,3420.0,10,609.5,1,0,8,-1.1
1835,1,835,60,3450.0,10,614.5,0,0,8,-1.1
1836,1,836,60,3480.0,10,619.5,0,0,8,-1.1
1837,1,837,61,3511.5,10,624.5,1,0,8,-1.1099999999999999
1838,1,838,61,3542.0,10,629.5,0,0,8,-1.1099999999999999
1839,1,839,63,3575.5,10,634.5,0,0,8,-1.13
1840,1,840,65,3610.0,10,639.5,1,0,8,-1.15
1841,1,841,65,3642.5,10,644.5,0,0,8,-1.15
1842,1,842,65,3675.0,10,649.5,0,2,8,-1.15
1843,1,843,68,3712.0,10,654.5,0,1,8,-1.1800000000000002
1844,1,844,68,3746.0,10,659.5,0,0,8,-1.1800000000000002
1845,1,845,68,3780.0,10,664.5,0,0,8,-1.1800000000000002
1846,1,846,68,3814.0,10,669.5,0,2,8,-1.1800000000000002
1847,1,847,68,3848.0,10,674.5,0,0,8,-1.1800000000000002
1848,1,848,68,3882.0,10,679.5,0,0,8,-1.1800000000000002
1849,1,849,68,3916.0,10,684.5,0,0,8,-1.1800000000000002
1850,1,850,68,3950.0,10,689.5,0,0,8,-1.1800000000000002
1851,1,851,69,3985.5,10,694.5,0,0,8,-1.19
1852,1,852,70,4021.5,10,699.5,0,0,8,-1.2
1853,1,853,71,4058.0,10,704.5,0,1,8,-1.21
1854,1,854,71,4093.5,10,709.5,0,0,8,-1.21
1855,1,855,71,4129.0,11,716.0,0,0,8,-1.26
1856,1,856,71,4164.5,11,721.5,0,0,8,-1.26
1857,1,857,71,4200.0,11,727.0,0,0,8,-1.26
1858,1,858,72,4237.0,11,732.5,1,1,8,-1.27
1859,1,859,73,4274.5,11,738.0,1,0,8,-1.28
1860,1,860,74,4312.5,11,743.5,0,0,8,-1.29
1861,1,861,74,4349.5,11,749.0,0,0,8,-1.29
1862,1,862,75,4388.0,11,754.5,0,0,8,-1.3
1863,1,863,75,4425.5,11,760.0,0,0,8,-1.3
1864,1,864,75,4463.0,11,765.5,0,0,8,-1.3
1865,1,865,75,4500.5,11,771.0,0,0,8,-1.3
1866,1,866,75,4538.0,12,778.0,0,1,8,-1.35
1867,1,867,75,4575.5,12,784.0,0,0,8,-1.35
1868,1,868,75,4613.0,12,790.0,0,0,8,-1.35
1869,1,869,75,4650.5,13,797.5,0,0,8,-1.4
1870,1,870,76,4689.5,13,804.0,0,0,8,-1.4100000000000001
1871,1,871,76,4727.5,13,810.5,0,0,8,-1.4100000000000001
1872,1,872,77,4767.0,13,817.0,0,0,8,-1.42
1873,1,873,78,4807.0,13,823.5,0,0,8,-1.4300000000000002
1874,1,874,78,4846.0,13,830.0,0,1,8,-1.4300000000000002
1875,1,875,79,4886.5,13,836.5,0,1,8,-1.44
1876,1,876,79,4926.0,13,843.0,0,0,8,-1.44
1877,1,877,79,4965.5,13,849.5,0,0,9,-1.44
1878,1,878,79,5005.0,13,856.0,0,0,9,-1.44
1879,1,879,79,5044.5,13,862.5,0,1,9,-1.44
1880,1,880,79,5084.0,13,869.0,0,0,9,-1.44
1881,1,881,81,5126.5,15,878.5,0,1,9,-1.56
1882,1,882,82,5168.5,13,882.0,0,0,9,-1.47
1883,1,883,78,4625.5,9,625.5,0,0,0,-1.23
1884,1,884,75,4129.0,9,630.0,0,1,0,-1.2
1885,1,885,72,3678.0,8,574.0,0,0,0,-1.12
1886,1,886,68,3255.0,8,512.5,0,0,0,-1.08
1887,1,887,68,3289.0,9,518.0,0,0,0,-1.1300000000000001
1888,1,888,65,2912.0,10,524.0,0,0,0,-1.15
1889,1,889,61,2564.5,11,530.5,0,0,0,-1.1600000000000001
1890,1,890,58,2253.0,12,537.5,0,0,0,-1.18
1891,1,891,58,2282.0,10,437.0,0,0,0,-1.08
1892,1,892,55,2001.5,8,426.0,0,0,0,-0.9500000000000001
1893,1,893,51,1758.0,7,329.0,1,0,0,-0.86
1894,1,894,51,1783.5,6,311.5,0,0,0,-0.81
1895,1,895,47,1576.5,5,298.5,1,0,0,-0.72
1896,1,896,43,1404.0,5,301.0,0,1,0,-0.6799999999999999
1897,1,897,43,1425.5,5,303.5,0,2,0,-0.6799999999999999
1898,1,898,40,1292.0,5,306.0,0,0,0,-0.65
1899,1,899,38,1235.0,5,308.5,0,0,0,-0.63
1900,1,900,36,1210.0,5,311.0,0,1,0,-0.61
1901,1,901,33,1138.5,5,313.5,0,0,0,-0.5800000000000001
1902,1,902,31,1111.5,5,316.0,0,0,0,-0.56
1903,1,903,31,1127.0,4,310.5,0,1,0,-0.51
1904,1,904,29,1116.5,4,312.5,0,0,0,-0.49
1905,1,905,29,1131.0,3,111.5,0,0,0,-0.43999999999999995
1906,1,906,28,1135.0,3,113.0,0,0,0,-0.43000000000000005
1907,1,907,27,1143.0,3,114.5,0,0,0,-0.42000000000000004
1908,1,908,27,1156.5,3,116.0,0,1,0,-0.42000000000000004
1909,1,909,27,1170.0,3,117.5,0,1,0,-0.42000000000000004
1910,1,910,30,1188.0,3,119.0,0,1,0,-0.44999999999999996
1911,1,911,30,1203.0,3,120.5,0,1,0,-0.44999999999999996
1912,1,912,33,1222.5,3,122.0,0,0,0,-0.48
1913,1,913,36,1243.5,3,123.5,0,1,0,-0.51
1914,1,914,37,1263.0,3,125.0,0,2,0,-0.52
1915,1,915,38,1283.0,3,126.5,0,1,0,-0.53
1916,1,916,38,1302.0,3,128.0,0,0,0,-0.53
1917,1,917,38,1321.0,3,129.5,0,0,0,-0.53
1918,1,918,38,1340.0,3,131.0,0,0,0,-0.53
1919,1,919,38,1359.0,3,132.5,0,0,0,-0.53
1920,1,920,40,1381.0,3,134.0,0,0,0,-0.55
1921,1,921,40,1401.0,3,135.5,0,0,0,-0.55
1922,1,922,40,1421.0,3,137.0,0,0,0,-0.55
1923,1,923,40,1441.0,3,138.5,0,0,0,-0.55
1924,1,924,40,1461.0,3,140.0,0,0,0,-0.55
1925,1,925,40,1481.0,3,141.5,0,0,0,-0.55
1926,1,926,40,1501.0,3,143.0,0,0,0,-0.55
1927,1,927,40,1521.0,3,144.5,0,0,0,-0.55
1928,1,928,40,1541.0,3,146.0,0,0,0,-0.55
1929,1,929,41,1562.5,3,147.5,0,0,0,-0.5599999999999999
1930,1,930,41,1583.0,3,149.0,0,0,0,-0.5599999999999999
1931,1,931,41,1603.5,3,150.5,0,0,0,-0.5599999999999999
1932,1,932,42,1625.5,3,152.0,0,0,0,-0.57
1933,1,933,40,1416.5,3,153.5,0,0,1,-0.55
1934,1,934,38,1310.5,3,155.0,0,0,1,-0.53
1935,1,935,36,1306.0,3,156.5,0,0,1,-0.51
1936,1,936,36,1324.0,3,158.0,0,0,1,-0.51
1937,1,937,36,1342.0,3,159.5,0,0,1,-0.51
1938,1,938,36,1360.0,3,161.0,0,0,1,-0.51
1939,1,939,37,1379.5,3,162.5,0,0,1,-0.52
1940,1,940,37,1398.0,3,164.0,0,0,1,-0.52
1941,1,941,40,1421.0,3,165.5,0,0,1,-0.55
1942,1,942,40,1441.0,3,167.0,0,0,1,-0.55
1943,1,943,41,1462.5,3,168.5,0,0,1,-0.5599999999999999
1944,1,944,42,1484.5,3,170.0,0,0,1,-0.57
1945,1,945,42,1505.5,3,171.5,0,0,1,-0.57
1946,1,946,40,1518.5,3,173.0,0,0,1,-0.55
1947,1,947,38,1532.0,3,174.5,0,0,1,-0.53
1948,1,948,38,1551.0,3,176.0,0,0,1,-0.53
1949,1,949,40,1573.0,3,177.5,1,0,1,-0.55
1950,1,950,40,1593.0,3,179.0,0,0,1,-0.55
1951,1,951,41,1614.5,3,180.5,0,0,1,-0.5599999999999999
1952,1,952,42,1636.5,3,182.0,0,0,1,-0.57
1953,1,953,42,1657.5,3,183.5,0,0,1,-0.57
1954,1,954,43,1680.0,4,186.5,0,0,1,-0.63
1955,1,955,43,1701.5,4,188.5,0,0,1,-0.63
1956,1,956,43,1723.0,4,190.5,0,0,1,-0.63
1957,1,957,43,1744.5,5,194.0,0,0,1,-0.6799999999999999
1958,1,958,43,1766.0,5,196.5,0,0,1,-0.6799999999999999
1959,1,959,43,1787.5,5,199.0,0,0,1,-0.6799999999999999
1960,1,960,43,1809.0,5,201.5,0,0,1,-0.6799999999999999
1961,1,961,43,1830.5,5,204.0,0,0,1,-0.6799999999999999
1962,1,962,43,1852.0,5,206.5,0,0,1,-0.6799999999999999
1963,1,963,43,1873.5,5,209.0,0,4,1,-0.6799999999999999
1964,1,964,43,1895.0,5,211.5,0,0,1,-0.6799999999999999
1965,1,965,43,1916.5,5,214.0,0,0,1,-0.6799999999999999
1966,1,966,43,1938.0,6,218.0,0,4,1,-0.73
1967,1,967,43,1959.5,6,221.0,0,0,1,-0.73
1968,1,968,44,1982.5,6,224.0,0,0,1,-0.74
1969,1,969,46,2007.5,6,227.0,0,3,1,-0.76
1970,1,970,46,2030.5,7,231.5,0,0,1,-0.81
1971,1,971,46,2053.5,7,235.0,0,0,1,-0.81
1972,1,972,46,2076.5,7,238.5,0,2,1,-0.81
1973,1,973,46,2099.5,7,242.0,0,0,1,-0.81
1974,1,974,46,2122.5,7,245.5,0,0,1,-0.81
1975,1,975,46,2145.5,7,249.0,0,2,1,-0.81
1976,1,976,46,2168.5,7,252.5,0,0,1,-0.81
1977,1,977,46,2191.5,7,256.0,0,0,1,-0.81
1978,1,978,47,2216.0,7,259.5,1,2,1,-0.82
1979,1,979,48,2241.0,7,263.0,0,0,1,-0.83
1980,1,980,49,2266.5,7,266.5,0,1,1,-0.84
1981,1,981,49,2291.0,7,270.0,0,3,1,-0.84
1982,1,982,49,2315.5,7,273.5,0,0,1,-0.84
1983,1,983,49,2340.0,7,277.0,0,1,1,-0.84
1984,1,984,51,2367.5,7,280.5,0,3,1,-0.86
1985,1,985,51,2393.0,7,284.0,0,0,1,-0.86
1986,1,986,51,2418.5,7,287.5,0,0,1,-0.86
1987,1,987,51,2444.0,7,291.0,0,2,1,-0.86
1988,1,988,51,2469.5,7,294.5,0,0,1,-0.86
1989,1,989,52,2496.5,7,298.0,0,0,1,-0.87
1990,1,990,53,2524.0,7,301.5,0,2,1,-0.88
1991,1,991,53,2550.5,7,305.0,0,0,1,-0.88
1992,1,992,53,2577.0,7,308.5,0,0,1,-0.88
1993,1,993,54,2605.0,7,312.0,0,1,1,-0.89
1994,1,994,54,2632.0,7,315.5,0,2,1,-0.89
1995,1,995,54,2659.0,7,319.0,0,1,1,-0.89
1996,1,996,54,2686.0,7,322.5,0,2,1,-0.89
1997,1,997,55,2714.5,7,326.0,0,1,1,-0.9
1998,1,998,55,2742.0,7,329.5,0,0,1,-0.9
1999,1,999,55,2769.5,7,333.0,0,1,1,-0.9
2000,2,0,0,0.0,0,0.0,0,0,0,-0.0
2001,2,1,0,0.0,0,0.0,0,0,0,-0.0
2002,2,2,0,0.0,0,0.0,0,0,0,-0.0
2003,2,3,0,0.0,0,0.0,0,0,0,-0.0
2004,2,4,0,0.0,0,0.0,0,0,0,-0.0
2005,2,5,0,0.0,0,0.0,0,0,0,-0.0
2006,2,6,0,0.0,0,0.0,0,0,0,-0.0
2007,2,7,0,0.0,0,0.0,0,0,0,-0.0
2008,2,8,0,0.0,0,0.0,0,0,0,-0.0
2009,2,9,0,0.0,0,0.0,0,0,0,-0.0
2010,2,10,0,0.0,0,0.0,0,0,0,-0.0
2011,2,11,0,0.0,0,0.0,0,0,0,-0.0
2012,2,12,0,0.0,0,0.0,0,0,0,-0.0
2013,2,13,0,0.0,0,0.0,0,0,0,-0.0
2014,2,14,0,0.0,0,0.0,0,0,0,-0.0
2015,2,15,0,0.0,0,0.0,0,0,0,-0.0
2016,2,16,0,0.0,0,0.0,0,0,0,-0.0
2017,2,17,0,0.0,0,0.0,0,0,0,-0.0
2018,2,18,0,0.0,0,0.0,0,0,0,-0.0
2019,2,19,0,0.0,0,0.0,0,0,0,-0.0
2020,2,20,0,0.0,0,0.0,0,0,0,-0.0
2021,2,21,0,0.0,0,0.0,0,0,0,-0.0
2022,2,22,0,0.0,0,0.0,0,0,0,-0.0
2023,2,23,0,0.0,0,0.0,0,0,0,-0.0
2024,2,24,0,0.0,0,0.0,0,0,0,-0.0
2025,2,25,0,0.0,0,0.0,0,0,0,-0.0
2026,2,26,0,0.0,0,0.0,0,0,0,-0.0
2027,2,27,0,0.0,0,0.0,0,0,0,-0.0
2028,2,28,0,0.0,0,0.0,0,0,0,-0.0
2029,2,29,0,0.0,0,0.0,0,0,0,-0.0
2030,2,30,0,0.0,0,0.0,0,0,0,-0.0
2031,2,31,0,0.0,0,0.0,0,0,0,-0.0
2032,2,32,0,0.0,0,0.0,0,0,0,-0.0
2033,2,33,0,0.0,0,0.0,0,0,0,-0.0
2034,2,34,0,0.0,0,0.0,0,0,0,-0.0
2035,2,35,0,0.0,0,0.0,0,0,0,-0.0
2036,2,36,0,0.0,0,0.0,0,0,0,-0.0
2037,2,37,0,0.0,0,0.0,0,0,0,-0.0
2038,2,38,0,0.0,0,0.0,0,0,0,-0.0
2039,2,39,0,0.0,0,0.0,0,0,0,-0.0
2040,2,40,0,0.0,0,0.0,0,0,0,-0.0
2041,2,41,0,0.0,0,0.0,0,0,0,-0.0
2042,2,42,0,0.0,0,0.0,0,0,0,-0.0
2043,2,43,0,0.0,0,0.0,0,0,0,-0.0
2044,2,44,0,0.0,0,0.0,0,0,0,-0.0
2045,2,45,0,0.0,0,0.0,0,0,0,-0.0
2046,2,46,0,0.0,0,0.0,0,0,0,-0.0
2047,2,47,0,0.0,0,0.0,0,0,0,-0.0
2048,2,48,0,0.0,0,0.0,0,0,0,-0.0
2049,2,49,0,0.0,0,0.0,0,0,1,-0.0
2050,2,50,0,0.0,0,0.0,0,0,1,-0.0
2051,2,51,0,0.0,0,0.0,0,0,1,-0.0
2052,2,52,0,0.0,0,0.0,0,0,1,-0.0
2053,2,53,0,0.0,0,0.0,0,0,1,-0.0
2054,2,54,0,0.0,0,0.0,0,0,1,-0.0
2055,2,55,0,0.0,0,0.0,0,0,1,-0.0
2056,2,56,0,0.0,0,0.0,0,0,1,-0.0
2057,2,57,0,0.0,0,0.0,0,0,1,-0.0
2058,2,58,0,0.0,0,0.0,0,0,1,-0.0
2059,2,59,0,0.0,0,0.0,0,0,1,-0.0
2060,2,60,0,0.0,0,0.0,0,0,1,-0.0
2061,2,61,0,0.0,0,0.0,0,0,1,-0.0
2062,2,62,0,0.0,0,0.0,0,0,1,-0.0
2063,2,63,0,0.0,0,0.0,0,0,1,-0.0
2064,2,64,0,0.0,0,0.0,0,0,1,-0.0
2065,2,65,0,0.0,1,1.5,0,0,1,-0.05
2066,2,66,0,0.0,1,2.0,0,0,1,-0.05
2067,2,67,0,0.0,2,4.0,0,0,1,-0.1
2068,2,68,0,0.0,2,5.0,0,0,1,-0.1
2069,2,69,0,0.0,2,6.0,0,0,1,-0.1
2070,2,70,0,0.0,2,7.0,0,0,1,-0.1
2071,2,71,0,0.0,2,8.0,0,0,1,-0.1
2072,2,72,0,0.0,2,9.0,0,0,1,-0.1
2073,2,73,0,0.0,2,10.0,0,0,1,-0.1
2074,2,74,0,0.0,2,11.0,0,0,1,-0.1
2075,2,75,0,0.0,2,12.0,0,0,1,-0.1
2076,2,76,0,0.0,3,14.5,0,0,1,-0.15
2077,2,77,1,1.5,3,16.0,0,0,1,-0.16
2078,2,78,5,8.0,3,17.5,0,0,1,-0.2
2079,2,79,5,10.5,3,19.0,0,0,1,-0.2
2080,2,80,5,13.0,4,22.0,0,0,1,-0.25
2081,2,81,5,15.5,4,24.0,0,0,1,-0.25
2082,2,82,5,18.0,4,26.0,0,0,1,-0.25
2083,2,83,5,20.5,4,28.0,0,0,1,-0.25
2084,2,84,5,23.0,4,30.0,0,0,1,-0.25
2085,2,85,5,25.5,4,32.0,0,0,1,-0.25
2086,2,86,8,32.5,4,34.0,0,0,1,-0.28
2087,2,87,8,36.5,4,36.0,0,0,1,-0.28
2088,2,88,8,40.5,4,38.0,0,0,1,-0.28
2089,2,89,9,46.0,4,40.0,0,0,1,-0.29000000000000004
2090,2,90,9,50.5,5,43.5,0,0,1,-0.33999999999999997
2091,2,91,9,55.0,5,46.0,0,0,1,-0.33999999999999997
2092,2,92,9,59.5,5,48.5,0,0,1,-0.33999999999999997
2093,2,93,9,64.0,5,51.0,0,0,1,-0.33999999999999997
2094,2,94,9,68.5,5,53.5,0,0,1,-0.33999999999999997
2095,2,95,9,73.0,6,57.5,0,0,1,-0.39
2096,2,96,9,77.5,6,60.5,0,0,1,-0.39
2097,2,97,9,82.0,6,63.5,0,0,1,-0.39
2098,2,98,9,86.5,6,66.5,0,0,1,-0.39
2099,2,99,10,92.5,6,69.5,0,0,1,-0.4
2100,2,100,10,97.5,6,72.5,0,0,1,-0.4
2101,2,101,12,105.5,6,75.5,0,0,1,-0.42
2102,2,102,12,111.5,6,78.5,0,0,1,-0.42
2103,2,103,12,117.5,6,81.5,0,0,1,-0.42
2104,2,104,12,123.5,7,86.0,0,0,1,-0.47
2105,2,105,12,129.5,7,89.5,0,0,1,-0.47
2106,2,106,12,135.5,7,93.0,0,0,1,-0.47
2107,2,107,12,141.5,8,98.0,0,0,1,-0.52
2108,2,108,12,147.5,7,100.0,0,0,1,-0.47
2109,2,109,12,153.5,7,103.5,0,0,1,-0.47
2110,2,110,12,159.5,7,107.0,0,0,1,-0.47
2111,2,111,12,165.5,8,112.0,0,0,1,-0.52
2112,2,112,12,171.5,8,116.0,0,0,1,-0.52
2113,2,113,13,179.0,8,120.0,0,0,1,-0.53
2114,2,114,14,187.0,8,124.0,0,0,1,-0.54
2115,2,115,14,194.0,8,128.0,0,0,1,-0.54
2116,2,116,14,201.0,8,132.0,0,0,1,-0.54
2117,2,117,14,208.0,8,136.0,0,0,1,-0.54
2118,2,118,14,215.0,8,140.0,0,0,1,-0.54
2119,2,119,14,222.0,8,144.0,0,0,1,-0.54
2120,2,120,14,229.0,8,148.0,0,0,1,-0.54
2121,2,121,14,236.0,8,152.0,0,0,1,-0.54
2122,2,122,14,243.0,8,156.0,0,0,1,-0.54
2123,2,123,15,251.5,8,160.0,0,0,1,-0.55
2124,2,124,15,259.0,8,164.0,0,0,1,-0.55
2125,2,125,15,266.5,8,168.0,0,0,1,-0.55
2126,2,126,15,274.0,8,172.0,0,0,1,-0.55
2127,2,127,15,281.5,8,176.0,0,0,1,-0.55
2128,2,128,15,289.0,8,180.0,0,0,1,-0.55
2129,2,129,15,296.5,8,184.0,0,0,1,-0.55
2130,2,130,15,304.0,8,188.0,0,0,1,-0.55
2131,2,131,16,313.0,8,192.0,0,0,1,-0.56
2132,2,132,16,321.0,8,196.0,0,0,1,-0.56
2133,2,133,16,329.0,8,200.0,0,0,1,-0.56
2134,2,134,17,338.5,8,204.0,0,0,1,-0.5700000000000001
2135,2,135,17,347.0,8,208.0,0,0,1,-0.5700000000000001
2136,2,136,17,355.5,8,212.0,0,0,1,-0.5700000000000001
2137,2,137,17,364.0,8,216.0,0,0,1,-0.5700000000000001
2138,2,138,17,372.5,8,220.0,0,0,1,-0.5700000000000001
2139,2,139,17,381.0,8,224.0,0,0,2,-0.5700000000000001
2140,2,140,17,389.5,8,228.0,0,0,2,-0.5700000000000001
2141,2,141,17,398.0,8,232.0,0,0,2,-0.5700000000000001
2142,2,142,18,408.0,8,236.0,0,0,2,-0.5800000000000001
2143,2,143,18,417.0,8,240.0,0,0,2,-0.5800000000000001
2144,2,144,18,426.0,8,244.0,0,0,2,-0.5800000000000001
2145,2,145,18,435.0,8,248.0,0,0,2,-0.5800000000000001
2146,2,146,18,444.0,8,252.0,0,0,2,-0.5800000000000001
2147,2,147,18,453.0,8,256.0,0,0,2,-0.5800000000000001
2148,2,148,18,462.0,8,260.0,0,2,2,-0.5800000000000001
2149,2,149,18,471.0,8,264.0,0,0,2,-0.5800000000000001
2150,2,150,18,480.0,8,268.0,0,0,2,-0.5800000000000001
2151,2,151,18,416.0,8,272.0,0,1,3,-0.5800000000000001
2152,2,152,19,426.5,8,276.0,0,0,3,-0.5900000000000001
2153,2,153,20,437.5,8,280.0,0,0,3,-0.6000000000000001
2154,2,154,20,447.5,8,284.0,0,0,3,-0.6000000000000001
2155,2,155,20,457.5,8,288.0,0,0,3,-0.6000000000000001
2156,2,156,20,467.5,8,292.0,0,0,3,-0.6000000000000001
2157,2,157,20,477.5,8,296.0,0,0,3,-0.6000000000000001
2158,2,158,20,487.5,8,300.0,0,0,3,-0.6000000000000001
2159,2,159,21,499.0,8,304.0,0,0,3,-0.61
2160,2,160,22,511.0,8,308.0,0,0,3,-0.62
2161,2,161,22,522.0,8,312.0,0,0,3,-0.62
2162,2,162,23,534.5,8,316.0,0,0,3,-0.63
2163,2,163,24,547.5,8,320.0,0,0,3,-0.64
2164,2,164,28,565.5,8,324.0,0,0,3,-0.68
2165,2,165,28,579.5,8,328.0,0,0,3,-0.68
2166,2,166,28,593.5,8,332.0,0,1,3,-0.68
2167,2,167,28,607.5,8,336.0,0,0,3,-0.68
2168,2,168,28,621.5,8,340.0,0,0,3,-0.68
2169,2,169,29,637.0,8,344.0,0,0,3,-0.69
2170,2,170,29,651.5,8,348.0,0,2,3,-0.69
2171,2,171,30,667.5,8,352.0,0,0,3,-0.7
2172,2,172,31,684.0,8,356.0,0,0,3,-0.71
2173,2,173,33,702.5,8,360.0,0,0,3,-0.73
2174,2,174,34,720.5,8,364.0,0,0,3,-0.74
2175,2,175,37,742.0,8,368.0,0,0,3,-0.77
2176,2,176,37,760.5,8,372.0,0,2,3,-0.77
2177,2,177,37,779.0,8,376.0,0,0,3,-0.77
2178,2,178,37,797.5,8,380.0,0,0,3,-0.77
2179,2,179,37,816.0,8,384.0,0,0,3,-0.77
2180,2,180,37,834.5,8,388.0,0,1,3,-0.77
2181,2,181,37,853.0,8,392.0,0,0,3,-0.77
2182,2,182,37,871.5,8,396.0,0,0,3,-0.77
2183,2,183,39,893.0,8,400.0,0,0,3,-0.79
2184,2,184,39,912.5,8,404.0,0,0,3,-0.79
2185,2,185,39,932.0,8,408.0,0,0,3,-0.79
2186,2,186,41,954.5,8,412.0,0,0,3,-0.81
2187,2,187,42,976.5,8,416.0,0,0,3,-0.8200000000000001
2188,2,188,42,997.5,8,420.0,0,0,3,-0.8200000000000001
2189,2,189,42,1018.5,8,424.0,0,0,3,-0.8200000000000001
2190,2,190,42,1039.5,8,428.0,0,0,3,-0.8200000000000001
2191,2,191,43,1062.0,8,432.0,0,1,3,-0.8300000000000001
2192,2,192,43,1083.5,8,436.0,0,0,3,-0.8300000000000001
2193,2,193,44,1106.5,8,440.0,0,0,3,-0.8400000000000001
2194,2,194,45,1130.0,8,444.0,0,0,3,-0.8500000000000001
2195,2,195,45,1152.5,8,448.0,0,0,3,-0.8500000000000001
2196,2,196,45,1175.0,8,452.0,0,0,3,-0.8500000000000001
2197,2,197,45,1197.5,8,456.0,0,1,3,-0.8500000000000001
2198,2,198,45,1220.0,8,460.0,0,0,3,-0.8500000000000001
2199,2,199,45,1242.5,8,464.0,0,0,3,-0.8500000000000001
2200,2,200,46,1266.5,8,468.0,0,0,3,-0.8600000000000001
2201,2,201,47,1291.0,8,472.0,0,1,3,-0.87
2202,2,202,48,1316.0,8,476.0,0,0,3,-0.88
2203,2,203,50,1343.0,8,480.0,0,0,3,-0.9
2204,2,204,50,1368.0,8,484.0,0,1,3,-0.9
2205,2,205,51,1394.5,8,488.0,0,0,3,-0.91
2206,2,206,52,1421.5,8,492.0,0,0,3,-0.92
2207,2,207,52,1447.5,8,496.0,0,1,3,-0.92
2208,2,208,52,1473.5,8,500.0,0,0,3,-0.92
2209,2,209,52,1499.5,8,504.0,0,0,3,-0.92
2210,2,210,52,1525.5,8,508.0,0,1,3,-0.92
2211,2,211,52,1551.5,8,512.0,0,1,4,-0.92
2212,2,212,52,1577.5,8,516.0,0,0,4,-0.92
2213,2,213,53,1605.0,8,520.0,0,0,4,-0.93
2214,2,214,53,1631.5,8,524.0,0,0,4,-0.93
2215,2,215,53,1658.0,8,528.0,0,0,4,-0.93
2216,2,216,54,1686.0,8,532.0,0,0,4,-0.9400000000000001
2217,2,217,54,1713.0,8,536.0,0,0,4,-0.9400000000000001
2218,2,218,55,1741.5,8,540.0,0,0,4,-0.9500000000000001
2219,2,219,55,1769.0,8,544.0,0,0,4,-0.9500000000000001
2220,2,220,55,1796.5,8,548.0,0,0,4,-0.9500000000000001
2221,2,221,55,1824.0,8,552.0,0,0,4,-0.9500000000000001
2222,2,222,55,1851.5,8,556.0,0,0,4,-0.9500000000000001
2223,2,223,50,1542.0,8,560.0,0,0,5,-0.9
2224,2,224,46,1327.5,8,564.0,0,0,5,-0.8600000000000001
2225,2,225,43,1161.0,8,568.0,0,0,5,-0.8300000000000001
2226,2,226,39,1032.5,8,572.0,0,0,5,-0.79
2227,2,227,39,1020.0,7,493.5,0,0,5,-0.74
2228,2,228,37,967.0,7,497.0,0,0,5,-0.72
2229,2,229,34,907.5,7,500.5,0,0,5,-0.69
2230,2,230,31,878.0,7,504.0,0,0,5,-0.6599999999999999
2231,2,231,31,893.5,6,446.0,0,2,5,-0.61
2232,2,232,29,889.0,5,369.5,0,0,5,-0.54
2233,2,233,28,899.5,3,217.0,0,0,5,-0.43000000000000005
2234,2,234,28,913.5,3,218.5,0,0,5,-0.43000000000000005
2235,2,235,30,930.5,3,220.0,0,0,5,-0.44999999999999996
2236,2,236,30,945.5,3,221.5,0,0,5,-0.44999999999999996
2237,2,237,30,960.5,3,223.0,0,0,5,-0.44999999999999996
2238,2,238,31,977.0,3,224.5,0,0,5,-0.45999999999999996
2239,2,239,31,992.5,3,226.0,0,0,5,-0.45999999999999996
2240,2,240,31,1008.0,3,227.5,0,0,5,-0.45999999999999996
2241,2,241,31,1023.5,3,229.0,0,0,5,-0.45999999999999996
2242,2,242,31,1039.0,2,160.0,0,0,5,-0.41000000000000003
2243,2,243,32,1056.0,2,161.0,0,0,5,-0.42000000000000004
2244,2,244,32,1072.0,2,162.0,0,0,5,-0.42000000000000004
2245,2,245,32,1088.0,2,163.0,0,0,5,-0.42000000000000004
2246,2,246,32,1104.0,2,164.0,0,0,5,-0.42000000000000004
2247,2,247,32,1120.0,2,165.0,0,0,5,-0.42000000000000004
2248,2,248,32,1136.0,2,166.0,0,0,5,-0.42000000000000004
2249,2,249,32,1152.0,2,167.0,0,0,5,-0.42000000000000004
2250,2,250,32,1168.0,2,168.0,0,0,5,-0.42000000000000004
2251,2,251,32,1184.0,2,169.0,0,0,5,-0.42000000000000004
2252,2,252,33,1201.5,2,170.0,0,2,5,-0.43000000000000005
2253,2,253,33,1218.0,2,171.0,0,0,5,-0.43000000000000005
2254,2,254,33,1234.5,2,172.0,0,0,5,-0.43000000000000005
2255,2,255,34,1252.5,2,173.0,0,0,5,-0.44000000000000006
2256,2,256,35,1271.0,2,174.0,0,1,5,-0.44999999999999996
2257,2,257,35,1288.5,2,175.0,0,0,5,-0.44999999999999996
2258,2,258,35,1306.0,2,176.0,0,0,5,-0.44999999999999996
2259,2,259,35,1323.5,2,177.0,0,0,5,-0.44999999999999996
2260,2,260,35,1341.0,2,178.0,0,0,5,-0.44999999999999996
2261,2,261,35,1358.5,2,179.0,0,0,5,-0.44999999999999996
2262,2,262,36,1377.5,2,180.0,0,0,5,-0.45999999999999996
2263,2,263,37,1397.0,2,181.0,0,0,5,-0.47
2264,2,264,37,1415.5,2,182.0,0,0,5,-0.47
2265,2,265,38,1435.5,2,183.0,0,0,5,-0.48
2266,2,266,38,1454.5,2,184.0,0,0,5,-0.48
2267,2,267,38,1473.5,3,186.5,0,0,5,-0.53
2268,2,268,38,1492.5,3,188.0,0,0,5,-0.53
2269,2,269,38,1511.5,3,189.5,0,0,5,-0.53
2270,2,270,38,1530.5,3,191.0,0,0,5,-0.53
2271,2,271,38,1549.5,4,194.0,0,1,5,-0.5800000000000001
2272,2,272,38,1568.5,5,197.5,0,0,5,-0.63
2273,2,273,36,1393.5,5,200.0,0,0,6,-0.61
2274,2,274,36,1327.5,5,202.5,0,0,6,-0.61
2275,2,275,36,1345.5,5,205.0,0,0,6,-0.61
2276,2,276,36,1363.5,5,207.5,0,0,6,-0.61
2277,2,277,36,1381.5,5,210.0,0,0,6,-0.61
2278,2,278,36,1399.5,5,212.5,0,0,6,-0.61
2279,2,279,36,1417.5,5,215.0,0,0,6,-0.61
2280,2,280,36,1435.5,5,217.5,0,0,6,-0.61
2281,2,281,36,1453.5,5,220.0,0,0,6,-0.61
2282,2,282,36,1471.5,5,222.5,0,0,6,-0.61
2283,2,283,36,1489.5,5,225.0,0,0,6,-0.61
2284,2,284,37,1509.0,5,227.5,0,0,6,-0.62
2285,2,285,38,1529.0,5,230.0,0,0,6,-0.63
2286,2,286,39,1549.5,5,232.5,0,0,6,-0.64
2287,2,287,40,1570.5,6,236.5,0,2,6,-0.7
2288,2,288,41,1592.0,5,237.5,0,0,6,-0.6599999999999999
2289,2,289,41,1612.5,5,240.0,0,0,6,-0.6599999999999999
2290,2,290,41,1633.0,5,242.5,0,0,6,-0.6599999999999999
2291,2,291,41,1653.5,6,246.5,0,0,6,-0.71
2292,2,292,41,1674.0,6,249.5,0,0,6,-0.71
2293,2,293,41,1694.5,6,252.5,0,0,6,-0.71
2294,2,294,42,1716.5,6,255.5,0,0,6,-0.72
2295,2,295,45,1742.0,7,260.0,0,0,6,-0.8
2296,2,296,45,1764.5,8,265.0,0,0,6,-0.8500000000000001
2297,2,297,45,1787.0,8,269.0,0,0,6,-0.8500000000000001
2298,2,298,45,1809.5,8,273.0,0,0,6,-0.8500000000000001
2299,2,299,45,1832.0,8,277.0,0,0,6,-0.8500000000000001
2300,2,300,45,1854.5,9,282.5,0,0,6,-0.9
2301,2,301,46,1878.5,9,287.0,0,0,6,-0.91
2302,2,302,46,1901.5,9,291.5,0,1,6,-0.91
2303,2,303,46,1924.5,9,296.0,0,2,6,-0.91
2304,2,304,47,1949.0,10,302.0,0,1,6,-0.97
2305,2,305,48,1974.0,9,305.0,0,0,6,-0.9299999999999999
2306,2,306,48,1998.0,10,311.0,0,1,6,-0.98
2307,2,307,48,2022.0,10,316.0,0,0,6,-0.98
2308,2,308,48,2046.0,10,321.0,0,0,6,-0.98
2309,2,309,48,2070.0,11,327.5,0,0,6,-1.03
2310,2,310,48,2094.0,11,333.0,0,0,6,-1.03
2311,2,311,48,2118.0,12,340.0,0,0,6,-1.08
2312,2,312,48,2142.0,11,344.0,0,0,6,-1.03
2313,2,313,48,2166.0,12,351.0,0,1,6,-1.08
2314,2,314,49,2191.5,12,357.0,0,0,6,-1.0899999999999999
2315,2,315,49,2216.0,13,364.5,0,1,6,-1.1400000000000001
2316,2,316,49,2240.5,13,371.0,0,1,6,-1.1400000000000001
2317,2,317,49,2265.0,14,379.0,0,1,6,-1.19
2318,2,318,49,2289.5,14,386.0,0,3,6,-1.19
2319,2,319,49,2314.0,14,393.0,0,0,6,-1.19
2320,2,320,50,2340.0,14,400.0,0,1,6,-1.2
2321,2,321,50,2365.0,14,407.0,0,2,6,-1.2
2322,2,322,50,2390.0,14,414.0,0,1,6,-1.2
2323,2,323,50,2415.0,14,421.0,0,1,6,-1.2
2324,2,324,51,2441.5,14,428.0,0,5,6,-1.21
2325,2,325,51,2467.0,14,435.0,0,0,6,-1.21
2326,2,326,51,2492.5,14,442.0,0,2,6,-1.21
2327,2,327,51,2518.0,14,449.0,0,0,6,-1.21
2328,2,328,51,2543.5,14,456.0,0,1,6,-1.21
2329,2,329,51,2569.0,14,463.0,0,3,6,-1.21
2330,2,330,51,2594.5,14,470.0,0,0,6,-1.21
2331,2,331,52,2621.5,14,477.0,0,0,6,-1.22
2332,2,332,52,2647.5,14,484.0,0,2,6,-1.22
2333,2,333,52,2673.5,14,491.0,0,2,6,-1.22
2334,2,334,54,2702.5,14,498.0,0,2,6,-1.24
2335,2,335,54,2729.5,14,505.0,0,0,6,-1.24
2336,2,336,54,2756.5,14,512.0,0,2,6,-1.24
2337,2,337,54,2783.5,14,519.0,0,1,6,-1.24
2338,2,338,54,2810.5,14,526.0,0,1,6,-1.24
2339,2,339,54,2837.5,14,533.0,0,0,6,-1.24
2340,2,340,54,2864.5,14,540.0,0,1,6,-1.24
2341,2,341,54,2891.5,14,547.0,0,0,6,-1.24
2342,2,342,54,2918.5,14,554.0,0,1,6,-1.24
2343,2,343,54,2945.5,14,561.0,0,2,6,-1.24
2344,2,344,55,2974.0,14,568.0,0,0,6,-1.25
2345,2,345,55,3001.5,14,575.0,0,1,6,-1.25
2346,2,346,55,3029.0,14,582.0,0,0,6,-1.25
2347,2,347,55,3056.5,14,589.0,0,1,6,-1.25
2348,2,348,55,3084.0,14,596.0,0,1,6,-1.25
2349,2,349,55,3111.5,14,603.0,0,0,6,-1.25
2350,2,350,56,3140.5,14,610.0,0,0,6,-1.26
2351,2,351,56,3168.5,14,617.0,0,1,6,-1.26
2352,2,352,57,3198.0,14,624.0,0,0,6,-1.27
2353,2,353,57,3226.5,14,631.0,0,0,6,-1.27
2354,2,354,58,3256.5,14,638.0,0,0,6,-1.2799999999999998
2355,2,355,59,3287.0,14,645.0,0,1,6,-1.29
2356,2,356,60,3318.0,14,652.0,0,1,6,-1.2999999999999998
2357,2,357,60,3348.0,14,659.0,0,1,6,-1.2999999999999998
2358,2,358,60,3378.0,14,666.0,0,0,6,-1.2999999999999998
2359,2,359,61,3409.5,14,673.0,0,0,6,-1.31
2360,2,360,61,3440.0,14,680.0,0,1,6,-1.31
2361,2,361,61,3470.5,14,687.0,0,0,6,-1.31
2362,2,362,61,3501.0,14,694.0,0,1,6,-1.31
2363,2,363,61,3531.5,14,701.0,0,0,7,-1.31
2364,2,364,62,3563.5,14,708.0,0,0,7,-1.3199999999999998
2365,2,365,63,3596.0,14,715.0,0,1,7,-1.33
2366,2,366,63,3627.5,14,722.0,0,0,7,-1.33
2367,2,367,63,3659.0,14,729.0,0,1,7,-1.33
2368,2,368,64,3692.0,14,736.0,0,1,7,-1.3399999999999999
2369,2,369,64,3724.0,14,743.0,0,0,7,-1.3399999999999999
2370,2,370,64,3756.0,14,750.0,0,0,7,-1.3399999999999999
2371,2,371,64,3788.0,14,757.0,0,0,7,-1.3399999999999999
2372,2,372,64,3820.0,14,764.0,0,0,7,-1.3399999999999999
2373,2,373,64,3852.0,14,771.0,0,0,7,-1.3399999999999999
2374,2,374,65,3885.5,14,778.0,0,0,7,-1.35
2375,2,375,63,3622.0,14,785.0,0,1,8,-1.33
2376,2,376,60,3344.0,14,792.0,0,0,8,-1.2999999999999998
2377,2,377,57,3102.5,14,799.0,0,1,8,-1.27
2378,2,378,55,2920.0,14,806.0,0,1,8,-1.25
2379,2,379,56,2949.0,14,813.0,0,0,8,-1.26
2380,2,380,53,2836.5,14,820.0,0,0,8,-1.23
2381,2,381,53,2850.5,14,827.0,0,0,8,-1.23
2382,2,382,53,2814.0,14,834.0,0,0,8,-1.23
2383,2,383,53,2840.5,14,841.0,0,0,8,-1.23
2384,2,384,55,2870.0,14,848.0,0,0,8,-1.25
2385,2,385,54,2836.0,14,855.0,0,1,8,-1.24
2386,2,386,55,2864.5,14,862.0,0,0,8,-1.25
2387,2,387,55,2892.0,14,869.0,0,0,8,-1.25
2388,2,388,56,2921.0,14,876.0,0,0,8,-1.26
2389,2,389,57,2950.5,14,883.0,0,1,8,-1.27
2390,2,390,59,2982.0,14,890.0,0,0,8,-1.29
2391,2,391,60,3013.0,14,897.0,0,0,8,-1.2999999999999998
2392,2,392,61,3044.5,14,904.0,0,0,8,-1.31
2393,2,393,61,3075.0,14,911.0,0,0,8,-1.31
2394,2,394,64,3110.0,14,918.0,0,0,8,-1.3399999999999999
2395,2,395,64,3142.0,14,925.0,0,0,8,-1.3399999999999999
2396,2,396,64,3174.0,14,932.0,0,0,8,-1.3399999999999999
2397,2,397,65,3207.5,14,939.0,0,0,8,-1.35
2398,2,398,65,3240.0,14,946.0,0,1,8,-1.35
2399,2,399,66,3274.0,14,953.0,0,1,8,-1.3599999999999999
2400,2,400,66,3307.0,14,960.0,0,2,8,-1.3599999999999999
2401,2,401,66,3340.0,14,967.0,0,0,8,-1.3599999999999999
2402,2,402,67,3374.5,14,974.0,0,0,8,-1.37
2403,2,403,66,3385.0,14,981.0,0,0,8,-1.3599999999999999
2404,2,404,65,3406.5,14,988.0,0,0,8,-1.35
2405,2,405,65,3429.5,14,995.0,0,1,8,-1.35
2406,2,406,64,3451.5,14,1002.0,0,0,8,-1.3399999999999999
2407,2,407,64,3483.5,14,1009.0,0,0,8,-1.3399999999999999
2408,2,408,63,3504.5,14,1016.0,0,1,8,-1.33
2409,2,409,62,3467.0,14,1023.0,0,1,8,-1.3199999999999998
2410,2,410,62,3498.0,14,1030.0,0,0,8,-1.3199999999999998
2411,2,411,62,3470.5,14,1037.0,0,0,8,-1.3199999999999998
2412,2,412,61,3456.0,14,1044.0,0,0,8,-1.31
2413,2,413,62,3488.0,14,1051.0,0,0,8,-1.3199999999999998
2414,2,414,63,3480.5,14,1058.0,0,0,8,-1.33
2415,2,415,63,3481.5,14,1065.0,0,0,8,-1.33
2416,2,416,64,3514.5,14,1072.0,0,0,8,-1.3399999999999999
2417,2,417,65,3522.0,14,1079.0,0,0,8,-1.35
2418,2,418,66,3556.0,14,1086.0,0,1,8,-1.3599999999999999
2419,2,419,66,3571.5,14,1093.0,1,1,8,-1.3599999999999999
2420,2,420,66,3604.5,14,1100.0,0,0,8,-1.3599999999999999
2421,2,421,66,3623.0,14,1107.0,0,0,8,-1.3599999999999999
2422,2,422,65,3650.0,14,1114.0,0,0,8,-1.35
2423,2,423,67,3685.5,14,1121.0,0,0,8,-1.37
2424,2,424,68,3720.5,14,1128.0,0,0,8,-1.38
2425,2,425,68,3754.5,14,1135.0,0,0,8,-1.38
2426,2,426,69,3790.0,14,1142.0,0,0,8,-1.39
2427,2,427,69,3824.5,14,1149.0,0,0,8,-1.39
2428,2,428,73,3865.0,14,1156.0,0,0,8,-1.43
2429,2,429,73,3901.5,14,1163.0,0,0,8,-1.43
2430,2,430,74,3939.5,14,1170.0,0,1,8,-1.44
2431,2,431,75,3978.0,14,1177.0,0,0,8,-1.45
2432,2,432,76,4017.0,14,1184.0,0,0,8,-1.46
2433,2,433,77,4056.5,14,1191.0,0,0,8,-1.47
2434,2,434,77,4095.0,14,1198.0,0,0,8,-1.47
2435,2,435,78,4135.0,14,1205.0,0,0,9,-1.48
2436,2,436,78,4174.0,14,1212.0,0,0,9,-1.48
2437,2,437,79,4214.5,14,1219.0,0,0,9,-1.49
2438,2,438,79,4254.0,14,1226.0,0,0,9,-1.49
2439,2,439,80,4295.0,14,1233.0,0,0,9,-1.5
2440,2,440,80,4335.0,14,1240.0,0,0,9,-1.5
2441,2,441,75,3530.0,10,962.5,0,1,0,-1.25
2442,2,442,73,3158.5,8,804.0,0,0,0,-1.13
2443,2,443,70,2817.5,8,808.0,0,0,0,-1.1
2444,2,444,67,2509.0,8,812.0,0,0,0,-1.07
2445,2,445,69,2545.5,8,816.0,0,0,0,-1.0899999999999999
2446,2,446,66,2254.0,7,731.5,0,0,0,-1.01
2447,2,447,62,1993.0,7,735.0,0,0,0,-0.97
2448,2,448,60,1927.0,7,738.5,0,0,0,-0.95
2449,2,449,58,1787.0,5,593.0,0,0,0,-0.83
2450,2,450,54,1574.5,4,523.5,0,0,0,-0.74
2451,2,451,52,1521.5,4,525.5,0,0,0,-0.72
2452,2,452,50,1412.0,4,527.5,0,0,0,-0.7
2453,2,453,47,1258.0,4,529.5,0,0,0,-0.6699999999999999
2454,2,454,47,1239.0,4,531.5,0,0,0,-0.6699999999999999
2455,2,455,45,1163.5,4,533.5,0,1,0,-0.65
2456,2,456,41,1076.0,4,535.5,1,0,0,-0.61
2457,2,457,40,1085.0,4,537.5,0,0,0,-0.6000000000000001
2458,2,458,38,1037.5,4,539.5,0,0,0,-0.5800000000000001
2459,2,459,35,1019.0,3,350.5,0,0,0,-0.5
2460,2,460,33,1015.0,2,165.5,1,1,0,-0.43000000000000005
2461,2,461,33,1009.5,2,166.5,0,0,0,-0.43000000000000005
2462,2,462,33,1017.0,2,167.5,0,0,0,-0.43000000000000005
2463,2,463,33,1017.5,2,168.5,0,0,0,-0.43000000000000005
2464,2,464,32,1018.0,2,169.5,0,3,0,-0.42000000000000004
2465,2,465,31,1031.0,2,170.5,0,0,0,-0.41000000000000003
2466,2,466,31,1046.5,2,171.5,0,0,0,-0.41000000000000003
2467,2,467,31,1062.0,2,172.5,0,0,0,-0.41000000000000003
2468,2,468,31,1077.5,2,173.5,0,0,0,-0.41000000000000003
2469,2,469,31,1093.0,3,176.0,0,0,0,-0.45999999999999996
2470,2,470,31,1108.5,3,177.5,0,0,0,-0.45999999999999996
2471,2,471,31,1124.0,3,179.0,0,1,0,-0.45999999999999996
2472,2,472,31,1139.5,3,180.5,0,1,0,-0.45999999999999996
2473,2,473,32,1156.5,2,178.5,0,0,0,-0.42000000000000004
2474,2,474,32,1172.5,2,179.5,0,0,0,-0.42000000000000004
2475,2,475,32,1188.5,2,180.5,0,0,0,-0.42000000000000004
2476,2,476,32,1204.5,2,181.5,0,1,0,-0.42000000000000004
2477,2,477,32,1220.5,2,182.5,0,0,0,-0.42000000000000004
2478,2,478,32,1236.5,2,183.5,0,0,0,-0.42000000000000004
2479,2,479,32,1252.5,3,186.0,0,2,0,-0.47
2480,2,480,32,1268.5,3,187.5,0,0,0,-0.47
2481,2,481,32,1284.5,3,189.0,0,1,0,-0.47
2482,2,482,32,1300.5,3,190.5,0,0,0,-0.47
2483,2,483,32,1316.5,3,192.0,0,0,0,-0.47
2484,2,484,32,1332.5,2,189.5,0,1,0,-0.42000000000000004
2485,2,485,33,1350.0,2,190.5,0,0,0,-0.43000000000000005
2486,2,486,33,1366.5,2,191.5,0,0,0,-0.43000000000000005
2487,2,487,33,1383.0,2,192.5,0,0,0,-0.43000000000000005
2488,2,488,33,1399.5,3,195.0,0,0,0,-0.48
2489,2,489,33,1416.0,3,196.5,0,0,0,-0.48
2490,2,490,33,1432.5,3,198.0,0,0,0,-0.48
2491,2,491,33,1253.0,3,199.5,0,0,1,-0.48
2492,2,492,31,1168.5,4,202.5,0,0,1,-0.51
2493,2,493,32,1185.5,4,204.5,0,0,1,-0.52
2494,2,494,33,1203.0,4,206.5,0,0,1,-0.53
2495,2,495,36,1224.0,5,210.0,0,0,1,-0.61
2496,2,496,36,1242.0,5,212.5,0,0,1,-0.61
2497,2,497,37,1261.5,5,215.0,0,0,1,-0.62
2498,2,498,37,1280.0,5,217.5,0,1,1,-0.62
2499,2,499,37,1298.5,7,223.0,0,0,1,-0.72
2500,2,500,37,1317.0,7,226.0,0,0,1,-0.72
2501,2,501,37,1335.5,7,229.5,0,0,1,-0.72
2502,2,502,37,1354.0,7,233.0,0,0,1,-0.72
2503,2,503,39,1375.5,9,239.5,0,0,1,-0.8400000000000001
2504,2,504,40,1396.5,8,242.0,0,0,1,-0.8
2505,2,505,40,1416.5,8,246.0,0,0,1,-0.8
2506,2,506,40,1436.5,8,250.0,0,0,1,-0.8
2507,2,507,40,1456.5,9,255.5,0,0,1,-0.8500000000000001
2508,2,508,40,1476.5,9,260.0,0,0,1,-0.8500000000000001
2509,2,509,40,1496.5,9,264.5,0,0,1,-0.8500000000000001
2510,2,510,40,1516.5,9,269.0,0,0,1,-0.8500000000000001
2511,2,511,40,1536.5,9,273.5,0,0,1,-0.8500000000000001
2512,2,512,41,1558.0,9,278.0,0,0,1,-0.86
2513,2,513,42,1580.0,9,282.5,0,0,1,-0.87
2514,2,514,42,1601.0,9,287.0,0,0,1,-0.87
2515,2,515,42,1622.0,10,293.0,0,0,1,-0.9199999999999999
2516,2,516,42,1643.0,10,298.0,0,0,1,-0.9199999999999999
2517,2,517,42,1664.0,10,303.0,0,0,1,-0.9199999999999999
2518,2,518,42,1685.0,10,308.0,0,0,1,-0.9199999999999999
2519,2,519,42,1706.0,10,313.0,0,0,1,-0.9199999999999999
2520,2,520,42,1727.0,10,318.0,0,0,1,-0.9199999999999999
2521,2,521,42,1748.0,10,323.0,0,2,1,-0.9199999999999999
2522,2,522,43,1770.5,10,328.0,0,0,1,-0.9299999999999999
2523,2,523,44,1793.5,10,333.0,0,0,1,-0.94
2524,2,524,44,1815.5,10,338.0,0,2,1,-0.94
2525,2,525,44,1837.5,11,344.5,0,0,1,-0.99
2526,2,526,44,1859.5,11,350.0,0,0,1,-0.99
2527,2,527,44,1881.5,11,355.5,0,1,1,-0.99
2528,2,528,44,1903.5,11,361.0,0,0,1,-0.99
2529,2,529,44,1925.5,11,366.5,0,0,1,-0.99
2530,2,530,45,1949.0,11,372.0,0,1,1,-1.0
2531,2,531,45,1971.5,11,377.5,0,2,1,-1.0
2532,2,532,45,1994.0,11,383.0,0,0,1,-1.0
2533,2,533,46,2018.0,11,388.5,0,1,1,-1.01
2534,2,534,46,2041.0,11,394.0,0,2,1,-1.01
2535,2,535,46,2064.0,11,399.5,0,0,1,-1.01
2536,2,536,46,2087.0,12,406.5,0,3,1,-1.06
2537,2,537,46,2110.0,12,412.5,0,1,1,-1.06
2538,2,538,46,2133.0,12,418.5,0,0,1,-1.06
2539,2,539,46,2156.0,12,424.5,0,3,1,-1.06
2540,2,540,47,2180.5,12,430.5,0,1,1,-1.0699999999999998
2541,2,541,47,2204.0,12,436.5,0,0,1,-1.0699999999999998
2542,2,542,48,2229.0,12,442.5,0,2,1,-1.08
2543,2,543,48,2253.0,12,448.5,0,1,1,-1.08
2544,2,544,48,2277.0,12,454.5,0,0,1,-1.08
2545,2,545,48,2301.0,12,460.5,0,1,1,-1.08
2546,2,546,48,2325.0,12,466.5,0,1,1,-1.08
2547,2,547,48,2349.0,13,474.0,0,0,1,-1.13
2548,2,548,48,2373.0,12,478.5,0,1,1,-1.08
2549,2,549,49,2398.5,12,484.5,0,1,1,-1.0899999999999999
2550,2,550,49,2423.0,12,490.5,0,0,1,-1.0899999999999999
2551,2,551,49,2447.5,13,498.0,0,2,1,-1.1400000000000001
2552,2,552,49,2472.0,13,504.5,0,1,1,-1.1400000000000001
2553,2,553,51,2499.5,13,511.0,0,1,1,-1.1600000000000001
2554,2,554,51,2525.0,13,517.5,0,1,1,-1.1600000000000001
2555,2,555,51,2550.5,13,524.0,0,1,1,-1.1600000000000001
2556,2,556,51,2576.0,13,530.5,0,1,1,-1.1600000000000001
2557,2,557,53,2604.5,13,537.0,1,1,1,-1.1800000000000002
2558,2,558,53,2631.0,13,543.5,0,1,1,-1.1800000000000002
2559,2,559,53,2657.5,13,550.0,0,1,1,-1.1800000000000002
2560,2,560,53,2684.0,13,556.5,0,2,1,-1.1800000000000002
2561,2,561,53,2710.5,13,563.0,0,0,1,-1.1800000000000002
2562,2,562,54,2738.5,13,569.5,0,2,1,-1.19
2563,2,563,54,2765.5,13,576.0,0,2,1,-1.19
2564,2,564,54,2792.5,13,582.5,0,1,1,-1.19
2565,2,565,55,2821.0,13,589.0,0,1,1,-1.2000000000000002
2566,2,566,57,2851.5,14,597.0,0,1,1,-1.27
2567,2,567,57,2880.0,13,602.0,0,2,1,-1.22
2568,2,568,57,2908.5,13,608.5,0,1,1,-1.22
2569,2,569,58,2938.5,13,615.0,0,1,1,-1.23
2570,2,570,58,2967.5,14,623.0,0,3,1,-1.2799999999999998
2571,2,571,58,2996.5,14,630.0,0,0,1,-1.2799999999999998
2572,2,572,60,3028.5,14,637.0,0,1,1,-1.2999999999999998
2573,2,573,60,3058.5,14,644.0,0,1,1,-1.2999999999999998
2574,2,574,60,3088.5,14,651.0,0,0,1,-1.2999999999999998
2575,2,575,60,3118.5,14,658.0,0,3,1,-1.2999999999999998
2576,2,576,60,3148.5,14,665.0,0,0,1,-1.2999999999999998
2577,2,577,60,3178.5,14,672.0,0,1,1,-1.2999999999999998
2578,2,578,60,3208.5,14,679.0,0,1,1,-1.2999999999999998
2579,2,579,60,3238.5,14,686.0,0,0,1,-1.2999999999999998
2580,2,580,60,3268.5,14,693.0,0,3,1,-1.2999999999999998
2581,2,581,60,3298.5,14,700.0,0,2,2,-1.2999999999999998
2582,2,582,62,3331.5,14,707.0,0,0,2,-1.3199999999999998
2583,2,583,62,3362.5,14,714.0,0,0,2,-1.3199999999999998
2584,2,584,62,3393.5,14,721.0,0,4,2,-1.3199999999999998
2585,2,585,62,3424.5,14,728.0,0,0,2,-1.3199999999999998
2586,2,586,62,3455.5,14,735.0,0,1,2,-1.3199999999999998
2587,2,587,63,3488.0,14,742.0,0,3,2,-1.33
2588,2,588,63,3519.5,14,749.0,0,1,2,-1.33
2589,2,589,65,3554.0,14,756.0,0,1,2,-1.35
2590,2,590,66,3588.0,14,763.0,0,1,2,-1.3599999999999999
2591,2,591,66,3621.0,14,770.0,0,0,2,-1.3599999999999999
2592,2,592,66,3654.0,14,777.0,0,1,2,-1.3599999999999999
2593,2,593,64,3382.0,14,784.0,0,1,3,-1.3399999999999999
2594,2,594,62,3180.5,14,791.0,0,0,3,-1.3199999999999998
2595,2,595,60,3041.5,14,798.0,0,0,3,-1.2999999999999998
2596,2,596,58,2972.0,14,805.0,0,2,3,-1.2799999999999998
2597,2,597,58,3001.0,14,812.0,0,0,3,-1.2799999999999998
2598,2,598,57,2996.0,14,819.0,0,0,3,-1.27
2599,2,599,58,3026.0,14,826.0,0,1,3,-1.2799999999999998
2600,2,600,58,3055.0,14,833.0,0,0,3,-1.2799999999999998
2601,2,601,59,3085.5,14,840.0,0,0,3,-1.29
2602,2,602,60,3116.5,14,847.0,0,0,3,-1.2999999999999998
2603,2,603,60,3146.5,14,854.0,0,1,3,-1.2999999999999998
2604,2,604,60,3176.5,14,861.0,0,1,3,-1.2999999999999998
2605,2,605,60,3206.5,14,868.0,0,0,3,-1.2999999999999998
2606,2,606,60,3236.5,14,875.0,0,0,3,-1.2999999999999998
2607,2,607,60,3266.5,14,882.0,0,0,3,-1.2999999999999998
2608,2,608,60,3296.5,14,889.0,0,0,3,-1.2999999999999998
2609,2,609,61,3328.0,14,896.0,0,0,3,-1.31
2610,2,610,62,3360.0,14,903.0,0,0,3,-1.3199999999999998
2611,2,611,62,3391.0,14,910.0,0,0,3,-1.3199999999999998
2612,2,612,64,3425.0,14,917.0,0,0,3,-1.3399999999999999
2613,2,613,64,3457.0,14,924.0,0,0,3,-1.3399999999999999
2614,2,614,64,3489.0,14,931.0,0,0,3,-1.3399999999999999
2615,2,615,64,3521.0,14,938.0,0,0,3,-1.3399999999999999
2616,2,616,64,3553.0,14,945.0,0,0,3,-1.3399999999999999
2617,2,617,64,3585.0,14,952.0,0,1,3,-1.3399999999999999
2618,2,618,64,3617.0,14,959.0,0,2,3,-1.3399999999999999
2619,2,619,64,3649.0,14,966.0,0,0,3,-1.3399999999999999
2620,2,620,64,3681.0,14,973.0,0,0,3,-1.3399999999999999
2621,2,621,66,3716.0,14,980.0,0,0,3,-1.3599999999999999
2622,2,622,68,3752.0,14,987.0,0,0,3,-1.38
2623,2,623,68,3786.0,14,994.0,0,0,3,-1.38
2624,2,624,69,3821.5,14,1001.0,0,2,3,-1.39
2625,2,625,69,3856.0,14,1008.0,0,0,3,-1.39
2626,2,626,69,3890.5,14,1015.0,0,0,3,-1.39
2627,2,627,69,3925.0,14,1022.0,0,0,3,-1.39
2628,2,628,69,3959.5,14,1029.0,0,0,3,-1.39
2629,2,629,69,3994.0,14,1036.0,1,0,3,-1.39
2630,2,630,69,4028.5,14,1043.0,0,0,3,-1.39
2631,2,631,69,4063.0,14,1050.0,0,0,3,-1.39
2632,2,632,73,4103.5,14,1057.0,0,0,3,-1.43
2633,2,633,73,4140.0,14,1064.0,0,0,3,-1.43
2634,2,634,73,4176.5,14,1071.0,0,1,3,-1.43
2635,2,635,74,4214.5,14,1078.0,0,0,3,-1.44
2636,2,636,74,4251.5,14,1085.0,0,0,3,-1.44
2637,2,637,74,4288.5,14,1092.0,0,0,3,-1.44
2638,2,638,74,4325.5,14,1099.0,0,0,3,-1.44
2639,2,639,74,4362.5,14,1106.0,0,0,3,-1.44
2640,2,640,74,4399.5,14,1113.0,0,0,3,-1.44
2641,2,641,75,4438.0,14,1120.0,0,0,3,-1.45
2642,2,642,76,4477.0,14,1127.0,0,0,3,-1.46
2643,2,643,76,4515.0,14,1134.0,1,0,3,-1.46
2644,2,644,77,4554.5,14,1141.0,0,0,3,-1.47
2645,2,645,77,4593.0,14,1148.0,0,0,3,-1.47
2646,2,646,77,4631.5,14,1155.0,0,0,3,-1.47
2647,2,647,77,4670.0,14,1162.0,0,0,3,-1.47
2648,2,648,77,4708.5,14,1169.0,0,0,3,-1.47
2649,2,649,78,4748.5,14,1176.0,0,0,3,-1.48
2650,2,650,79,4789.0,14,1183.0,0,0,3,-1.49
2651,2,651,79,4828.5,14,1190.0,0,0,3,-1.49
2652,2,652,82,4872.5,14,1197.0,0,1,3,-1.52
2653,2,653,83,4915.0,14,1204.0,0,0,4,-1.5299999999999998
2654,2,654,83,4956.5,14,1211.0,0,0,4,-1.5299999999999998
2655,2,655,83,4998.0,14,1218.0,0,2,4,-1.5299999999999998
2656,2,656,84,5041.0,14,1225.0,0,0,4,-1.54
2657,2,657,84,5083.0,14,1232.0,0,0,4,-1.54
2658,2,658,84,5125.0,14,1239.0,0,0,4,-1.54
2659,2,659,85,5168.5,14,1246.0,0,0,4,-1.5499999999999998
2660,2,660,85,5211.0,14,1253.0,0,0,4,-1.5499999999999998
2661,2,661,86,5255.0,14,1260.0,0,0,4,-1.56
2662,2,662,86,5298.0,14,1267.0,0,0,4,-1.56
2663,2,663,88,5344.0,14,1274.0,0,0,4,-1.58
2664,2,664,88,5388.0,14,1281.0,0,0,4,-1.58
2665,2,665,82,4754.0,10,989.5,0,0,5,-1.3199999999999998
2666,2,666,78,4260.5,10,994.5,0,1,5,-1.28
2667,2,667,74,3803.0,9,940.0,0,2,5,-1.19
2668,2,668,71,3498.5,9,895.5,0,0,5,-1.16
2669,2,669,70,3428.5,9,900.0,0,0,5,-1.15
2670,2,670,68,3052.0,9,904.5,0,1,5,-1.1300000000000001
2671,2,671,64,2709.0,9,909.0,0,0,5,-1.09
2672,2,672,66,2644.5,9,913.5,0,1,5,-1.11
2673,2,673,63,2436.5,6,656.5,0,1,5,-0.9299999999999999
2674,2,674,60,2226.0,5,655.0,0,0,5,-0.85
2675,2,675,58,2109.0,5,657.5,0,0,5,-0.83
2676,2,676,55,1946.5,6,661.5,0,0,5,-0.8500000000000001
2677,2,677,52,1781.5,5,662.5,0,0,5,-0.77
2678,2,678,51,1758.0,6,666.5,0,1,5,-0.81
2679,2,679,45,1495.0,6,669.5,0,0,5,-0.75
2680,2,680,41,1350.5,7,674.0,0,1,5,-0.76
2681,2,681,41,1330.5,7,677.5,0,1,5,-0.76
2682,2,682,38,1263.5,7,681.0,0,1,5,-0.73
2683,2,683,36,1243.0,5,488.5,0,0,5,-0.61
2684,2,684,34,1239.5,5,491.0,0,1,5,-0.5900000000000001
2685,2,685,33,1228.5,3,292.0,0,0,5,-0.48
2686,2,686,31,1222.5,3,293.5,0,1,5,-0.45999999999999996
2687,2,687,31,1238.0,4,296.5,0,2,5,-0.51
2688,2,688,30,1244.0,4,298.5,0,0,5,-0.5
2689,2,689,30,1259.0,4,300.5,0,0,5,-0.5
2690,2,690,31,1275.5,4,302.5,0,0,5,-0.51
2691,2,691,31,1291.0,6,307.5,0,1,5,-0.61
2692,2,692,32,1308.0,5,308.5,0,0,5,-0.5700000000000001
2693,2,693,32,1324.0,5,311.0,0,0,5,-0.5700000000000001
2694,2,694,32,1340.0,5,313.5,0,0,5,-0.5700000000000001
2695,2,695,32,1356.0,5,316.0,0,0,5,-0.5700000000000001
2696,2,696,32,1372.0,4,312.5,0,0,5,-0.52
2697,2,697,32,1388.0,5,316.0,0,0,5,-0.5700000000000001
2698,2,698,32,1404.0,6,320.0,0,0,5,-0.62
2699,2,699,32,1420.0,4,315.5,0,0,5,-0.52
2700,2,700,34,1439.0,4,317.5,0,0,5,-0.54
2701,2,701,35,1457.5,4,319.5,0,0,5,-0.55
2702,2,702,35,1475.0,5,323.0,0,0,5,-0.6
2703,2,703,37,1495.5,5,325.5,0,0,5,-0.62
2704,2,704,38,1515.5,5,328.0,1,1,5,-0.63
2705,2,705,38,1534.5,5,330.5,0,0,5,-0.63
2706,2,706,38,1553.5,5,333.0,0,0,5,-0.63
2707,2,707,38,1572.5,5,335.5,0,0,5,-0.63
2708,2,708,39,1593.0,5,338.0,0,0,5,-0.64
2709,2,709,41,1615.5,5,340.5,0,0,5,-0.6599999999999999
2710,2,710,41,1636.0,5,343.0,0,0,5,-0.6599999999999999
2711,2,711,43,1659.5,5,345.5,0,0,5,-0.6799999999999999
2712,2,712,45,1684.0,5,348.0,0,0,5,-0.7
2713,2,713,45,1706.5,5,350.5,1,0,5,-0.7
2714,2,714,46,1730.5,5,353.0,0,0,5,-0.71
2715,2,715,44,1534.5,5,355.5,0,0,6,-0.69
2716,2,716,42,1448.5,5,358.0,0,0,6,-0.6699999999999999
2717,2,717,40,1458.5,5,360.5,0,0,6,-0.65
2718,2,718,40,1478.5,5,363.0,0,0,6,-0.65
2719,2,719,40,1498.5,5,365.5,0,0,6,-0.65
2720,2,720,40,1518.5,5,368.0,1,1,6,-0.65
2721,2,721,41,1540.0,5,370.5,0,0,6,-0.6599999999999999
2722,2,722,42,1562.0,5,373.0,0,0,6,-0.6699999999999999
2723,2,723,42,1583.0,5,375.5,0,0,6,-0.6699999999999999
2724,2,724,42,1604.0,5,378.0,0,0,6,-0.6699999999999999
2725,2,725,42,1625.0,5,380.5,0,2,6,-0.6699999999999999
2726,2,726,42,1646.0,5,383.0,0,0,6,-0.6699999999999999
2727,2,727,42,1667.0,5,385.5,0,0,6,-0.6699999999999999
2728,2,728,42,1688.0,5,388.0,0,0,6,-0.6699999999999999
2729,2,729,42,1709.0,5,390.5,0,0,6,-0.6699999999999999
2730,2,730,42,1730.0,5,393.0,0,0,6,-0.6699999999999999
2731,2,731,42,1751.0,5,395.5,0,0,6,-0.6699999999999999
2732,2,732,42,1744.5,5,398.0,0,0,6,-0.6699999999999999
2733,2,733,42,1765.5,5,400.5,0,0,6,-0.6699999999999999
2734,2,734,42,1786.5,5,403.0,0,0,6,-0.6699999999999999
2735,2,735,42,1807.5,5,405.5,0,0,6,-0.6699999999999999
2736,2,736,42,1828.5,5,408.0,0,0,6,-0.6699999999999999
2737,2,737,42,1849.5,5,410.5,0,0,6,-0.6699999999999999
2738,2,738,42,1870.5,5,413.0,0,0,6,-0.6699999999999999
2739,2,739,43,1893.0,5,415.5,0,0,6,-0.6799999999999999
2740,2,740,43,1914.5,5,418.0,0,0,6,-0.6799999999999999
2741,2,741,44,1937.5,5,420.5,0,0,6,-0.69
2742,2,742,44,1959.5,5,423.0,0,0,6,-0.69
2743,2,743,44,1981.5,5,425.5,0,0,6,-0.69
2744,2,744,44,2003.5,5,428.0,0,0,6,-0.69
2745,2,745,44,2025.5,5,430.5,0,1,6,-0.69
2746,2,746,44,2047.5,5,433.0,0,0,6,-0.69
2747,2,747,44,2069.5,6,437.0,0,0,6,-0.74
2748,2,748,44,2091.5,6,440.0,0,0,6,-0.74
2749,2,749,45,2115.0,6,443.0,0,0,6,-0.75
2750,2,750,45,2137.5,6,446.0,0,0,6,-0.75
2751,2,751,45,2160.0,6,449.0,0,0,6,-0.75
2752,2,752,45,2182.5,6,452.0,0,0,6,-0.75
2753,2,753,46,2206.5,6,455.0,0,0,6,-0.76
2754,2,754,46,2229.5,7,459.5,0,0,6,-0.81
2755,2,755,46,2252.5,7,463.0,0,3,6,-0.81
2756,2,756,46,2275.5,7,466.5,0,0,6,-0.81
2757,2,757,46,2298.5,7,470.0,1,1,6,-0.81
2758,2,758,46,2321.5,7,473.5,0,2,6,-0.81
2759,2,759,47,2346.0,8,478.5,0,0,6,-0.87
2760,2,760,47,2369.5,8,482.5,0,1,6,-0.87
2761,2,761,47,2393.0,8,486.5,0,1,6,-0.87
2762,2,762,48,2418.0,8,490.5,0,0,6,-0.88
2763,2,763,48,2442.0,8,494.5,0,1,6,-0.88
2764,2,764,48,2466.0,7,494.5,0,2,6,-0.83
2765,2,765,48,2490.0,7,498.0,0,0,6,-0.83
2766,2,766,48,2514.0,7,501.5,0,3,6,-0.83
2767,2,767,48,2538.0,8,506.5,0,1,6,-0.88
2768,2,768,49,2563.5,8,510.5,0,0,6,-0.89
2769,2,769,49,2588.0,8,514.5,0,2,6,-0.89
2770,2,770,50,2614.0,8,518.5,0,2,6,-0.9
2771,2,771,52,2642.0,8,522.5,0,0,6,-0.92
2772,2,772,52,2668.0,8,526.5,0,1,6,-0.92
2773,2,773,52,2694.0,8,530.5,0,1,6,-0.92
2774,2,774,52,2720.0,8,534.5,0,0,6,-0.92
2775,2,775,52,2746.0,9,540.0,0,1,6,-0.97
2776,2,776,54,2775.0,9,544.5,0,0,6,-0.99
2777,2,777,54,2802.0,9,549.0,0,1,6,-0.99
2778,2,778,54,2829.0,9,553.5,0,2,6,-0.99
2779,2,779,54,2856.0,9,558.0,0,1,6,-0.99
2780,2,780,55,2884.5,9,562.5,0,0,6,-1.0
2781,2,781,55,2912.0,9,567.0,0,1,6,-1.0
2782,2,782,56,2941.0,9,571.5,0,3,6,-1.01
2783,2,783,56,2969.0,9,576.0,0,0,6,-1.01
2784,2,784,56,2997.0,9,580.5,0,0,6,-1.01
2785,2,785,56,3025.0,9,585.0,0,3,6,-1.01
2786,2,786,56,3053.0,9,589.5,0,1,6,-1.01
2787,2,787,56,3081.0,9,594.0,0,0,6,-1.01
2788,2,788,56,3109.0,9,598.5,0,3,6,-1.01
2789,2,789,56,3137.0,9,603.0,0,0,6,-1.01
2790,2,790,56,3165.0,9,607.5,0,1,6,-1.01
2791,2,791,58,3196.0,9,612.0,0,2,6,-1.03
2792,2,792,58,3225.0,9,616.5,0,2,6,-1.03
2793,2,793,58,3254.0,9,621.0,0,1,6,-1.03
2794,2,794,58,3283.0,10,627.0,0,2,6,-1.08
2795,2,795,58,3312.0,10,632.0,0,1,6,-1.08
2796,2,796,58,3341.0,10,637.0,0,1,6,-1.08
2797,2,797,59,3371.5,10,642.0,0,2,6,-1.0899999999999999
2798,2,798,59,3401.0,10,647.0,0,1,6,-1.0899999999999999
2799,2,799,59,3430.5,10,652.0,0,0,6,-1.0899999999999999
2800,2,800,59,3460.0,10,657.0,0,1,6,-1.0899999999999999
2801,2,801,60,3491.0,10,662.0,0,1,6,-1.1
2802,2,802,61,3522.5,10,667.0,0,0,6,-1.1099999999999999
2803,2,803,61,3553.0,10,672.0,0,1,6,-1.1099999999999999
2804,2,804,61,3583.5,10,677.0,0,2,6,-1.1099999999999999
2805,2,805,61,3614.0,10,682.0,0,0,7,-1.1099999999999999
2806,2,806,61,3644.5,10,687.0,0,2,7,-1.1099999999999999
2807,2,807,61,3675.0,10,692.0,0,2,7,-1.1099999999999999
2808,2,808,61,3705.5,10,697.0,0,0,7,-1.1099999999999999
2809,2,809,61,3736.0,10,702.0,0,2,7,-1.1099999999999999
2810,2,810,61,3766.5,10,707.0,0,3,7,-1.1099999999999999
2811,2,811,61,3797.0,10,712.0,0,0,7,-1.1099999999999999
2812,2,812,61,3827.5,10,717.0,0,1,7,-1.1099999999999999
2813,2,813,61,3858.0,10,722.0,0,2,7,-1.1099999999999999
2814,2,814,61,3888.5,10,727.0,0,0,7,-1.1099999999999999
2815,2,815,61,3919.0,10,732.0,0,0,7,-1.1099999999999999
2816,2,816,61,3949.5,10,737.0,0,3,7,-1.1099999999999999
2817,2,817,60,3631.5,10,742.0,0,0,8,-1.1
2818,2,818,60,3385.5,10,747.0,0,0,8,-1.1
2819,2,819,59,3195.5,10,752.0,0,2,8,-1.0899999999999999
2820,2,820,59,3170.5,10,757.0,0,0,8,-1.0899999999999999
2821,2,821,59,3115.5,10,762.0,0,0,8,-1.0899999999999999
2822,2,822,57,3064.5,10,767.0,0,1,8,-1.0699999999999998
2823,2,823,56,3065.0,10,772.0,0,1,8,-1.06
2824,2,824,56,3093.0,10,777.0,0,0,8,-1.06
2825,2,825,56,3121.0,10,782.0,0,1,8,-1.06
2826,2,826,58,3152.0,10,787.0,0,0,8,-1.08
2827,2,827,58,3181.0,10,792.0,0,1,8,-1.08
2828,2,828,58,3210.0,10,797.0,0,0,8,-1.08
2829,2,829,58,3239.0,10,802.0,0,0,8,-1.08
2830,2,830,58,3268.0,10,807.0,0,0,8,-1.08
2831,2,831,60,3300.0,10,812.0,0,0,8,-1.1
2832,2,832,60,3330.0,10,817.0,0,1,8,-1.1
2833,2,833,60,3360.0,10,822.0,0,0,8,-1.1
2834,2,834,60,3390.0,10,827.0,0,0,8,-1.1
2835,2,835,60,3420.0,10,832.0,0,0,8,-1.1
2836,2,836,60,3450.0,10,837.0,0,1,8,-1.1
2837,2,837,60,3480.0,10,842.0,0,2,8,-1.1
2838,2,838,60,3510.0,10,847.0,0,0,8,-1.1
2839,2,839,61,3541.5,10,852.0,0,0,8,-1.1099999999999999
2840,2,840,62,3573.5,10,857.0,1,0,8,-1.12
2841,2,841,63,3606.0,10,862.0,0,0,8,-1.13
2842,2,842,63,3637.5,10,867.0,0,2,8,-1.13
2843,2,843,64,3670.5,10,872.0,0,1,8,-1.1400000000000001
2844,2,844,64,3702.5,10,877.0,0,2,8,-1.1400000000000001
2845,2,845,64,3734.5,10,882.0,0,0,8,-1.1400000000000001
2846,2,846,64,3766.5,10,887.0,0,0,8,-1.1400000000000001
2847,2,847,64,3798.5,10,892.0,0,1,8,-1.1400000000000001
2848,2,848,65,3832.0,10,897.0,0,0,8,-1.15
2849,2,849,65,3864.5,10,902.0,0,0,8,-1.15
2850,2,850,67,3900.0,10,907.0,0,0,8,-1.17
2851,2,851,67,3933.5,10,912.0,1,0,8,-1.17
2852,2,852,68,3968.5,10,917.0,1,0,8,-1.1800000000000002
2853,2,853,69,4004.0,10,922.0,0,0,8,-1.19
2854,2,854,69,4038.5,10,927.0,0,0,8,-1.19
2855,2,855,69,4073.0,10,932.0,0,0,8,-1.19
2856,2,856,69,4107.5,10,937.0,0,1,8,-1.19
2857,2,857,70,4143.5,10,942.0,0,0,8,-1.2
2858,2,858,71,4180.0,10,947.0,0,1,8,-1.21
2859,2,859,71,4215.5,11,953.5,1,0,8,-1.26
2860,2,860,72,4252.5,11,959.0,0,0,8,-1.27
2861,2,861,74,4291.5,10,962.0,1,0,8,-1.24
2862,2,862,74,4328.5,11,968.5,0,0,8,-1.29
2863,2,863,75,4367.0,11,974.0,0,1,8,-1.3
2864,2,864,75,4404.5,11,979.5,0,0,8,-1.3
2865,2,865,75,4442.0,11,985.0,0,0,8,-1.3
2866,2,866,75,4479.5,11,990.5,0,0,8,-1.3
2867,2,867,75,4517.0,11,996.0,0,2,8,-1.3
2868,2,868,75,4554.5,11,1001.5,0,0,8,-1.3
2869,2,869,75,4592.0,11,1007.0,0,0,8,-1.3
2870,2,870,77,4632.5,11,1012.5,0,0,8,-1.32
2871,2,871,79,4674.0,13,1021.0,0,0,8,-1.44
2872,2,872,79,4713.5,13,1027.5,0,0,8,-1.44
2873,2,873,79,4753.0,14,1035.5,1,0,8,-1.49
2874,2,874,80,4794.0,13,1039.5,0,0,8,-1.4500000000000002
2875,2,875,80,4834.0,13,1046.0,0,0,8,-1.4500000000000002
2876,2,876,80,4874.0,13,1052.5,0,0,8,-1.4500000000000002
2877,2,877,80,4914.0,14,1060.5,0,0,9,-1.5
2878,2,878,81,4955.5,14,1067.5,0,2,9,-1.51
2879,2,879,81,4996.0,14,1074.5,0,0,9,-1.51
2880,2,880,81,5036.5,14,1081.5,0,0,9,-1.51
2881,2,881,82,5078.5,14,1088.5,0,2,9,-1.52
2882,2,882,82,5119.5,14,1095.5,0,0,9,-1.52
2883,2,883,78,4582.0,10,664.0,0,0,0,-1.28
2884,2,884,74,4101.5,10,669.0,0,0,0,-1.24
2885,2,885,70,3655.0,10,674.0,0,0,0,-1.2
2886,2,886,66,3240.5,10,623.5,0,0,0,-1.1600000000000001
2887,2,887,66,3273.5,10,628.5,0,0,0,-1.1600000000000001
2888,2,888,62,2891.5,11,635.0,0,0,0,-1.17
2889,2,889,58,2537.0,10,633.0,0,0,0,-1.08
2890,2,890,59,2377.5,8,623.5,1,0,0,-0.99
2891,2,891,58,2251.0,7,624.5,0,0,0,-0.9299999999999999
2892,2,892,55,1969.0,5,600.5,0,0,0,-0.8
2893,2,893,53,1841.0,6,604.5,0,0,0,-0.8300000000000001
2894,2,894,51,1754.5,6,607.5,0,0,0,-0.81
2895,2,895,48,1550.0,5,608.0,0,0,0,-0.73
2896,2,896,46,1451.5,5,610.5,0,0,0,-0.71
2897,2,897,44,1396.5,5,613.0,0,1,0,-0.69
2898,2,898,40,1257.0,4,513.5,0,0,0,-0.6000000000000001
2899,2,899,39,1226.5,4,515.5,1,0,0,-0.5900000000000001
2900,2,900,36,1166.0,4,418.5,0,0,0,-0.56
2901,2,901,32,1095.0,4,420.5,0,0,0,-0.52
2902,2,902,31,1078.5,4,422.5,0,0,0,-0.51
2903,2,903,29,1063.5,4,424.5,0,0,0,-0.49
2904,2,904,27,1041.5,4,426.5,0,0,0,-0.47000000000000003
2905,2,905,27,1055.0,4,428.5,0,1,0,-0.47000000000000003
2906,2,906,26,1053.0,4,430.5,0,0,0,-0.46
2907,2,907,26,1066.0,4,432.5,0,0,0,-0.46
2908,2,908,26,1079.0,3,225.0,0,2,0,-0.41000000000000003
2909,2,909,28,1095.0,3,226.5,0,0,0,-0.43000000000000005
2910,2,910,28,1109.0,3,228.0,0,0,0,-0.43000000000000005
2911,2,911,29,1124.5,2,22.5,0,0,0,-0.39
2912,2,912,31,1142.0,2,23.5,0,0,0,-0.41000000000000003
2913,2,913,32,1159.0,2,24.5,0,0,0,-0.42000000000000004
2914,2,914,35,1179.5,2,25.5,0,0,0,-0.44999999999999996
2915,2,915,35,1197.0,2,26.5,0,0,0,-0.44999999999999996
2916,2,916,35,1214.5,2,27.5,0,0,0,-0.44999999999999996
2917,2,917,35,1232.0,2,28.5,0,2,0,-0.44999999999999996
2918,2,918,35,1249.5,2,29.5,0,0,0,-0.44999999999999996
2919,2,919,36,1268.5,2,30.5,0,0,0,-0.45999999999999996
2920,2,920,39,1291.0,2,31.5,0,1,0,-0.49
2921,2,921,39,1310.5,2,32.5,0,0,0,-0.49
2922,2,922,39,1330.0,2,33.5,0,0,0,-0.49
2923,2,923,39,1349.5,2,34.5,0,1,0,-0.49
2924,2,924,39,1369.0,2,35.5,0,2,0,-0.49
2925,2,925,39,1388.5,2,36.5,0,0,0,-0.49
2926,2,926,39,1408.0,2,37.5,0,0,0,-0.49
2927,2,927,39,1427.5,2,38.5,0,1,0,-0.49
2928,2,928,39,1447.0,2,39.5,0,0,0,-0.49
2929,2,929,40,1468.0,2,40.5,1,1,0,-0.5
2930,2,930,40,1488.0,2,41.5,0,0,0,-0.5
2931,2,931,41,1509.5,2,42.5,0,0,0,-0.51
2932,2,932,41,1530.0,2,43.5,0,0,0,-0.51
2933,2,933,39,1321.5,2,44.5,1,0,1,-0.49
2934,2,934,37,1223.5,2,45.5,0,0,1,-0.47
2935,2,935,35,1218.0,2,46.5,0,0,1,-0.44999999999999996
2936,2,936,35,1235.5,2,47.5,0,0,1,-0.44999999999999996
2937,2,937,35,1253.0,2,48.5,0,0,1,-0.44999999999999996
2938,2,938,35,1270.5,2,49.5,0,0,1,-0.44999999999999996
2939,2,939,36,1289.5,2,50.5,0,0,1,-0.45999999999999996
2940,2,940,36,1307.5,2,51.5,0,0,1,-0.45999999999999996
2941,2,941,38,1328.5,2,52.5,0,0,1,-0.48
2942,2,942,39,1349.0,2,53.5,0,0,1,-0.49
2943,2,943,40,1370.0,2,54.5,0,0,1,-0.5
2944,2,944,41,1391.5,2,55.5,0,0,1,-0.51
2945,2,945,41,1412.0,2,56.5,0,0,1,-0.51
2946,2,946,39,1424.5,2,57.5,0,0,1,-0.49
2947,2,947,37,1437.5,2,58.5,0,0,1,-0.47
2948,2,948,37,1456.0,2,59.5,0,0,1,-0.47
2949,2,949,40,1479.0,2,60.5,0,0,1,-0.5
2950,2,950,40,1499.0,2,61.5,0,1,1,-0.5
2951,2,951,41,1520.5,2,62.5,0,0,1,-0.51
2952,2,952,41,1541.0,2,63.5,0,0,1,-0.51
2953,2,953,41,1561.5,2,64.5,0,0,1,-0.51
2954,2,954,41,1582.0,2,65.5,0,0,1,-0.51
2955,2,955,41,1602.5,2,66.5,0,0,1,-0.51
2956,2,956,41,1623.0,2,67.5,0,0,1,-0.51
2957,2,957,42,1645.0,2,68.5,0,0,1,-0.52
2958,2,958,42,1666.0,2,69.5,0,0,1,-0.52
2959,2,959,42,1687.0,3,72.0,0,0,1,-0.57
2960,2,960,42,1708.0,3,73.5,0,0,1,-0.57
2961,2,961,43,1730.5,3,75.0,0,0,1,-0.58
2962,2,962,44,1753.5,3,76.5,1,0,1,-0.59
2963,2,963,44,1775.5,3,78.0,0,4,1,-0.59
2964,2,964,44,1797.5,3,79.5,0,0,1,-0.59
2965,2,965,44,1819.5,4,82.5,0,0,1,-0.64
2966,2,966,44,1841.5,5,86.0,0,1,1,-0.69
2967,2,967,44,1863.5,4,86.5,0,0,1,-0.64
2968,2,968,44,1885.5,4,88.5,0,0,1,-0.64
2969,2,969,44,1907.5,5,92.0,0,1,1,-0.69
2970,2,970,44,1929.5,6,96.0,0,0,1,-0.74
2971,2,971,46,1954.5,6,99.0,0,0,1,-0.76
2972,2,972,46,1977.5,6,102.0,0,1,1,-0.76
2973,2,973,46,2000.5,6,105.0,0,0,1,-0.76
2974,2,974,46,2023.5,6,108.0,0,0,1,-0.76
2975,2,975,46,2046.5,6,111.0,0,2,1,-0.76
2976,2,976,46,2069.5,6,114.0,0,0,1,-0.76
2977,2,977,46,2092.5,6,117.0,0,0,1,-0.76
2978,2,978,46,2115.5,6,120.0,0,2,1,-0.76
2979,2,979,46,2138.5,6,123.0,0,0,1,-0.76
2980,2,980,46,2161.5,6,126.0,0,1,1,-0.76
2981,2,981,49,2189.0,6,129.0,0,0,1,-0.79
2982,2,982,50,2215.0,6,132.0,0,0,1,-0.8
2983,2,983,50,2240.0,6,135.0,0,1,1,-0.8
2984,2,984,51,2266.5,6,138.0,0,0,1,-0.81
2985,2,985,51,2292.0,6,141.0,0,0,1,-0.81
2986,2,986,51,2317.5,6,144.0,0,1,1,-0.81
2987,2,987,51,2343.0,6,147.0,0,2,1,-0.81
2988,2,988,51,2368.5,6,150.0,0,2,1,-0.81
2989,2,989,51,2394.0,6,153.0,0,0,1,-0.81
2990,2,990,52,2421.0,6,156.0,0,0,1,-0.8200000000000001
2991,2,991,53,2448.5,6,159.0,0,2,1,-0.8300000000000001
2992,2,992,54,2476.5,6,162.0,1,2,1,-0.8400000000000001
2993,2,993,54,2503.5,6,165.0,1,0,1,-0.8400000000000001
2994,2,994,54,2530.5,6,168.0,0,2,1,-0.8400000000000001
2995,2,995,54,2557.5,6,171.0,0,1,1,-0.8400000000000001
2996,2,996,54,2584.5,7,175.5,0,0,1,-0.89
2997,2,997,54,2611.5,7,179.0,0,2,1,-0.89
2998,2,998,54,2638.5,7,182.5,0,1,1,-0.89
2999,2,999,54,2665.5,7,186.0,0,1,1,-0.89
3000,3,0,0,0.0,0,0.0,0,0,0,-0.0
3001,3,1,0,0.0,0,0.0,0,0,0,-0.0
3002,3,2,0,0.0,0,0.0,0,0,0,-0.0
3003,3,3,0,0.0,0,0.0,0,0,0,-0.0
3004,3,4,0,0.0,0,0.0,0,0,0,-0.0
3005,3,5,0,0.0,0,0.0,0,0,0,-0.0
3006,3,6,0,0.0,0,0.0,0,0,0,-0.0
3007,3,7,0,0.0,0,0.0,0,0,0,-0.0
3008,3,8,0,0.0,0,0.0,0,0,0,-0.0
3009,3,9,0,0.0,0,0.0,0,0,0,-0.0
3010,3,10,0,0.0,0,0.0,0,0,0,-0.0
3011,3,11,0,0.0,0,0.0,0,0,0,-0.0
3012,3,12,0,0.0,0,0.0,0,0,0,-0.0
3013,3,13,0,0.0,0,0.0,0,0,0,-0.0
3014,3,14,0,0.0,0,0.0,0,0,0,-0.0
3015,3,15,0,0.0,0,0.0,0,0,0,-0.0
3016,3,16,0,0.0,0,0.0,0,0,0,-0.0
3017,3,17,0,0.0,0,0.0,0,0,0,-0.0
3018,3,18,0,0.0,0,0.0,0,0,0,-0.0
3019,3,19,0,0.0,0,0.0,0,0,0,-0.0
3020,3,20,0,0.0,0,0.0,0,0,0,-0.0
3021,3,21,0,0.0,0,0.0,0,0,0,-0.0
3022,3,22,0,0.0,0,0.0,0,0,0,-0.0
3023,3,23,0,0.0,0,0.0,0,0,0,-0.0
3024,3,24,0,0.0,0,0.0,0,0,0,-0.0
3025,3,25,0,0.0,0,0.0,0,0,0,-0.0
3026,3,26,0,0.0,0,0.0,0,0,0,-0.0
3027,3,27,0,0.0,0,0.0,0,0,0,-0.0
3028,3,28,0,0.0,0,0.0,0,0,0,-0.0
3029,3,29,0,0.0,0,0.0,0,0,0,-0.0
3030,3,30,0,0.0,0,0.0,0,0,0,-0.0
3031,3,31,0,0.0,0,0.0,0,0,0,-0.0
3032,3,32,0,0.0,0,0.0,0,0,0,-0.0
3033,3,33,0,0.0,0,0.0,0,0,0,-0.0
3034,3,34,0,0.0,0,0.0,0,0,0,-0.0
3035,3,35,0,0.0,0,0.0,0,0,0,-0.0
3036,3,36,0,0.0,0,0.0,0,0,0,-0.0
3037,3,37,0,0.0,0,0.0,0,0,0,-0.0
3038,3,38,0,0.0,0,0.0,0,0,0,-0.0
3039,3,39,0,0.0,0,0.0,0,0,0,-0.0
3040,3,40,0,0.0,0,0.0,0,0,0,-0.0
3041,3,41,0,0.0,0,0.0,0,0,0,-0.0
3042,3,42,0,0.0,0,0.0,0,0,0,-0.0
3043,3,43,0,0.0,0,0.0,0,0,0,-0.0
3044,3,44,0,0.0,0,0.0,0,0,0,-0.0
3045,3,45,0,0.0,0,0.0,0,0,0,-0.0
3046,3,46,0,0.0,0,0.0,0,0,0,-0.0
3047,3,47,0,0.0,0,0.0,0,0,0,-0.0
3048,3,48,0,0.0,0,0.0,0,0,0,-0.0
3049,3,49,0,0.0,0,0.0,0,0,1,-0.0
3050,3,50,0,0.0,0,0.0,0,0,1,-0.0
3051,3,51,0,0.0,0,0.0,0,0,1,-0.0
3052,3,52,0,0.0,0,0.0,0,0,1,-0.0
3053,3,53,0,0.0,0,0.0,0,0,1,-0.0
3054,3,54,0,0.0,0,0.0,0,0,1,-0.0
3055,3,55,0,0.0,0,0.0,0,0,1,-0.0
3056,3,56,0,0.0,0,0.0,0,0,1,-0.0
3057,3,57,0,0.0,0,0.0,0,0,1,-0.0
3058,3,58,0,0.0,0,0.0,0,0,1,-0.0
3059,3,59,0,0.0,0,0.0,0,0,1,-0.0
3060,3,60,0,0.0,0,0.0,0,0,1,-0.0
3061,3,61,0,0.0,0,0.0,0,0,1,-0.0
3062,3,62,0,0.0,0,0.0,0,0,1,-0.0
3063,3,63,0,0.0,0,0.0,0,0,1,-0.0
3064,3,64,0,0.0,0,0.0,0,0,1,-0.0
3065,3,65,0,0.0,0,0.0,0,0,1,-0.0
3066,3,66,0,0.0,0,0.0,0,0,1,-0.0
3067,3,67,0,0.0,1,1.5,0,0,1,-0.05
3068,3,68,0,0.0,1,2.0,0,0,1,-0.05
3069,3,69,0,0.0,1,2.5,0,0,1,-0.05
3070,3,70,0,0.0,1,3.0,0,0,1,-0.05
3071,3,71,0,0.0,1,3.5,0,0,1,-0.05
3072,3,72,0,0.0,1,4.0,0,0,1,-0.05
3073,3,73,0,0.0,2,6.0,0,0,1,-0.1
3074,3,74,0,0.0,2,7.0,0,0,1,-0.1
3075,3,75,0,0.0,2,8.0,0,0,1,-0.1
3076,3,76,1,1.5,2,9.0,0,0,1,-0.11
3077,3,77,1,2.0,3,11.5,0,0,1,-0.16
3078,3,78,5,8.5,3,13.0,0,0,1,-0.2
3079,3,79,5,11.0,3,14.5,0,0,1,-0.2
3080,3,80,5,13.5,3,16.0,0,0,1,-0.2
3081,3,81,5,16.0,4,19.0,0,0,1,-0.25
3082,3,82,5,18.5,4,21.0,0,0,1,-0.25
3083,3,83,5,21.0,4,23.0,0,0,1,-0.25
3084,3,84,5,23.5,4,25.0,0,0,1,-0.25
3085,3,85,5,26.0,4,27.0,0,0,1,-0.25
3086,3,86,7,31.5,4,29.0,0,0,1,-0.27
3087,3,87,7,35.0,5,32.5,0,0,1,-0.32
3088,3,88,7,38.5,7,38.0,0,0,1,-0.42
3089,3,89,8,43.5,7,41.5,0,0,1,-0.43
3090,3,90,8,47.5,7,45.0,0,0,1,-0.43
3091,3,91,8,51.5,7,48.5,0,0,1,-0.43
3092,3,92,8,55.5,7,52.0,0,0,1,-0.43
3093,3,93,8,59.5,7,55.5,0,0,1,-0.43
3094,3,94,8,63.5,7,59.0,0,0,1,-0.43
3095,3,95,8,67.5,7,62.5,0,0,1,-0.43
3096,3,96,8,71.5,7,66.0,0,0,1,-0.43
3097,3,97,9,77.0,7,69.5,0,0,1,-0.43999999999999995
3098,3,98,9,81.5,7,73.0,0,0,1,-0.43999999999999995
3099,3,99,10,87.5,7,76.5,0,0,1,-0.44999999999999996
3100,3,100,10,92.5,7,80.0,0,0,1,-0.44999999999999996
3101,3,101,11,99.0,7,83.5,0,0,1,-0.45999999999999996
3102,3,102,12,106.0,7,87.0,0,0,1,-0.47
3103,3,103,12,112.0,7,90.5,0,0,1,-0.47
3104,3,104,12,118.0,7,94.0,0,0,1,-0.47
3105,3,105,12,124.0,8,99.0,0,0,1,-0.52
3106,3,106,12,130.0,8,103.0,0,0,1,-0.52
3107,3,107,12,136.0,8,107.0,0,0,1,-0.52
3108,3,108,12,142.0,8,111.0,0,0,1,-0.52
3109,3,109,12,148.0,8,115.0,0,0,1,-0.52
3110,3,110,12,154.0,8,119.0,0,0,1,-0.52
3111,3,111,12,160.0,8,123.0,0,0,1,-0.52
3112,3,112,12,166.0,8,127.0,0,0,1,-0.52
3113,3,113,12,172.0,8,131.0,0,0,1,-0.52
3114,3,114,12,178.0,8,135.0,0,0,1,-0.52
3115,3,115,12,184.0,8,139.0,0,0,1,-0.52
3116,3,116,12,190.0,8,143.0,0,0,1,-0.52
3117,3,117,12,196.0,8,147.0,0,0,1,-0.52
3118,3,118,12,202.0,8,151.0,0,0,1,-0.52
3119,3,119,12,208.0,8,155.0,0,0,1,-0.52
3120,3,120,13,215.5,8,159.0,0,0,1,-0.53
3121,3,121,13,222.0,8,163.0,0,0,1,-0.53
3122,3,122,13,228.5,8,167.0,0,0,1,-0.53
3123,3,123,13,235.0,8,171.0,0,0,1,-0.53
3124,3,124,14,243.0,8,175.0,0,0,1,-0.54
3125,3,125,14,250.0,8,179.0,0,0,1,-0.54
3126,3,126,14,257.0,8,183.0,0,0,1,-0.54
3127,3,127,14,264.0,8,187.0,0,0,1,-0.54
3128,3,128,14,271.0,8,191.0,0,0,1,-0.54
3129,3,129,14,278.0,8,195.0,0,0,1,-0.54
3130,3,130,14,285.0,8,199.0,0,0,1,-0.54
3131,3,131,14,292.0,8,203.0,0,0,1,-0.54
3132,3,132,14,299.0,8,207.0,0,0,1,-0.54
3133,3,133,14,306.0,8,211.0,0,0,1,-0.54
3134,3,134,15,314.5,8,215.0,0,0,1,-0.55
3135,3,135,15,322.0,8,219.0,0,0,1,-0.55
3136,3,136,15,329.5,8,223.0,0,0,1,-0.55
3137,3,137,15,337.0,8,227.0,0,0,1,-0.55
3138,3,138,15,344.5,8,231.0,0,0,1,-0.55
3139,3,139,15,352.0,8,235.0,0,0,2,-0.55
3140,3,140,15,359.5,8,239.0,0,0,2,-0.55
3141,3,141,15,367.0,8,243.0,0,0,2,-0.55
3142,3,142,16,376.0,8,247.0,0,0,2,-0.56
3143,3,143,16,384.0,8,251.0,0,0,2,-0.56
3144,3,144,16,392.0,8,255.0,0,0,2,-0.56
3145,3,145,16,400.0,8,259.0,0,0,2,-0.56
3146,3,146,16,408.0,8,263.0,0,0,2,-0.56
3147,3,147,16,416.0,8,267.0,0,0,2,-0.56
3148,3,148,16,424.0,8,271.0,0,1,2,-0.56
3149,3,149,17,433.5,8,275.0,0,0,2,-0.5700000000000001
3150,3,150,18,443.5,8,279.0,0,0,2,-0.5800000000000001
3151,3,151,17,381.0,8,283.0,0,1,3,-0.5700000000000001
3152,3,152,17,389.5,8,287.0,0,0,3,-0.5700000000000001
3153,3,153,17,398.0,8,291.0,0,0,3,-0.5700000000000001
3154,3,154,18,408.0,8,295.0,0,0,3,-0.5800000000000001
3155,3,155,18,417.0,8,299.0,0,0,3,-0.5800000000000001
3156,3,156,19,427.5,8,303.0,0,0,3,-0.5900000000000001
3157,3,157,19,437.0,8,307.0,0,0,3,-0.5900000000000001
3158,3,158,19,446.5,8,311.0,0,0,3,-0.5900000000000001
3159,3,159,20,457.5,8,315.0,0,1,3,-0.6000000000000001
3160,3,160,20,467.5,8,319.0,0,0,3,-0.6000000000000001
3161,3,161,21,479.0,8,323.0,0,0,3,-0.61
3162,3,162,22,491.0,8,327.0,0,0,3,-0.62
3163,3,163,24,505.0,8,331.0,0,0,3,-0.64
3164,3,164,29,524.5,8,335.0,0,0,3,-0.69
3165,3,165,29,539.0,8,339.0,0,1,3,-0.69
3166,3,166,29,553.5,8,343.0,0,1,3,-0.69
3167,3,167,29,568.0,8,347.0,0,0,3,-0.69
3168,3,168,29,582.5,8,351.0,0,0,3,-0.69
3169,3,169,30,598.5,8,355.0,0,0,3,-0.7
3170,3,170,30,613.5,8,359.0,0,1,3,-0.7
3171,3,171,30,628.5,8,363.0,0,0,3,-0.7
3172,3,172,30,643.5,8,367.0,0,0,3,-0.7
3173,3,173,31,655.0,8,371.0,0,0,3,-0.71
3174,3,174,33,673.5,8,375.0,0,0,3,-0.73
3175,3,175,36,694.5,8,379.0,0,0,3,-0.76
3176,3,176,36,712.5,8,383.0,0,1,3,-0.76
3177,3,177,36,730.5,8,387.0,0,0,3,-0.76
3178,3,178,37,750.0,8,391.0,0,0,3,-0.77
3179,3,179,37,768.5,8,395.0,0,0,3,-0.77
3180,3,180,37,787.0,8,399.0,0,2,3,-0.77
3181,3,181,37,805.5,8,403.0,0,0,3,-0.77
3182,3,182,38,825.5,8,407.0,0,0,3,-0.78
3183,3,183,38,844.5,8,411.0,0,0,3,-0.78
3184,3,184,38,863.5,8,415.0,0,0,3,-0.78
3185,3,185,39,884.0,8,419.0,0,0,3,-0.79
3186,3,186,41,906.5,8,423.0,0,1,3,-0.81
3187,3,187,43,930.0,8,427.0,0,0,3,-0.8300000000000001
3188,3,188,43,951.5,8,431.0,0,0,3,-0.8300000000000001
3189,3,189,43,973.0,8,435.0,0,0,3,-0.8300000000000001
3190,3,190,43,994.5,8,439.0,0,0,3,-0.8300000000000001
3191,3,191,44,1017.5,8,443.0,0,1,3,-0.8400000000000001
3192,3,192,43,1019.0,8,447.0,0,0,3,-0.8300000000000001
3193,3,193,44,1025.0,8,451.0,0,0,3,-0.8400000000000001
3194,3,194,44,1047.0,8,455.0,0,0,3,-0.8400000000000001
3195,3,195,47,1073.5,8,459.0,0,0,3,-0.87
3196,3,196,47,1097.0,8,463.0,0,0,3,-0.87
3197,3,197,48,1120.0,8,467.0,0,0,3,-0.88
3198,3,198,48,1144.0,8,471.0,0,0,3,-0.88
3199,3,199,49,1169.5,8,475.0,0,0,3,-0.89
3200,3,200,49,1194.0,8,479.0,0,0,3,-0.89
3201,3,201,51,1221.5,8,483.0,0,0,3,-0.91
3202,3,202,52,1248.5,8,487.0,0,0,3,-0.92
3203,3,203,52,1274.5,8,491.0,0,0,3,-0.92
3204,3,204,52,1300.5,8,495.0,0,0,3,-0.92
3205,3,205,53,1328.0,8,499.0,0,0,3,-0.93
3206,3,206,53,1354.5,8,503.0,0,0,3,-0.93
3207,3,207,53,1381.0,8,507.0,0,0,3,-0.93
3208,3,208,53,1407.5,8,511.0,0,0,3,-0.93
3209,3,209,53,1434.0,8,515.0,0,0,3,-0.93
3210,3,210,53,1460.5,8,519.0,0,0,3,-0.93
3211,3,211,54,1488.5,8,523.0,0,1,4,-0.9400000000000001
3212,3,212,54,1515.5,8,527.0,0,1,4,-0.9400000000000001
3213,3,213,55,1535.0,8,531.0,0,0,4,-0.9500000000000001
3214,3,214,54,1552.5,8,535.0,0,0,4,-0.9400000000000001
3215,3,215,54,1571.5,8,539.0,0,0,4,-0.9400000000000001
3216,3,216,56,1601.5,8,543.0,0,0,4,-0.9600000000000001
3217,3,217,56,1629.5,8,547.0,0,0,4,-0.9600000000000001
3218,3,218,57,1659.0,8,551.0,0,1,4,-0.97
3219,3,219,57,1687.5,8,555.0,0,0,4,-0.97
3220,3,220,58,1717.5,8,559.0,0,0,4,-0.98
3221,3,221,59,1748.0,8,563.0,0,0,4,-0.99
3222,3,222,59,1777.5,8,567.0,0,0,4,-0.99
3223,3,223,53,1465.0,8,571.0,0,0,5,-0.93
3224,3,224,48,1262.5,8,575.0,0,0,5,-0.88
3225,3,225,46,1136.0,8,579.0,0,0,5,-0.8600000000000001
3226,3,226,41,1039.0,8,583.0,0,0,5,-0.81
3227,3,227,45,1065.5,8,587.0,0,0,5,-0.8500000000000001
3228,3,228,42,1005.0,8,591.0,0,0,5,-0.8200000000000001
3229,3,229,40,965.5,8,595.0,0,2,5,-0.8
3230,3,230,37,956.5,8,599.0,0,0,5,-0.77
3231,3,231,36,957.5,6,451.5,0,0,5,-0.6599999999999999
3232,3,232,33,954.5,6,454.5,0,0,5,-0.63
3233,3,233,33,971.0,5,376.0,0,0,5,-0.5800000000000001
3234,3,234,32,982.5,4,293.5,0,0,5,-0.52
3235,3,235,33,1000.0,4,295.5,0,0,5,-0.53
3236,3,236,33,1016.5,4,297.5,0,0,5,-0.53
3237,3,237,33,1033.0,4,299.5,0,0,5,-0.53
3238,3,238,33,1049.5,4,301.5,0,0,5,-0.53
3239,3,239,33,1066.0,4,303.5,0,0,5,-0.53
3240,3,240,33,1082.5,4,305.5,0,1,5,-0.53
3241,3,241,33,1099.0,3,238.0,0,1,5,-0.48
3242,3,242,33,1115.5,3,239.5,0,0,5,-0.48
3243,3,243,33,1132.0,3,241.0,0,0,5,-0.48
3244,3,244,33,1148.5,3,242.5,0,0,5,-0.48
3245,3,245,34,1166.5,3,244.0,0,0,5,-0.49
3246,3,246,35,1185.0,3,245.5,0,0,5,-0.5
3247,3,247,35,1202.5,3,247.0,0,0,5,-0.5
3248,3,248,35,1220.0,3,248.5,0,0,5,-0.5
3249,3,249,35,1237.5,3,250.0,0,0,5,-0.5
3250,3,250,35,1255.0,3,251.5,0,0,5,-0.5
3251,3,251,35,1272.5,3,253.0,0,0,5,-0.5
3252,3,252,35,1290.0,3,254.5,0,0,5,-0.5
3253,3,253,37,1310.5,3,256.0,0,2,5,-0.52
3254,3,254,37,1329.0,3,257.5,0,0,5,-0.52
3255,3,255,37,1347.5,3,259.0,0,0,5,-0.52
3256,3,256,38,1367.5,3,260.5,0,1,5,-0.53
3257,3,257,38,1386.5,3,262.0,0,0,5,-0.53
3258,3,258,38,1405.5,3,263.5,0,0,5,-0.53
3259,3,259,38,1424.5,3,265.0,0,0,5,-0.53
3260,3,260,38,1443.5,3,266.5,0,0,5,-0.53
3261,3,261,38,1462.5,3,268.0,0,0,5,-0.53
3262,3,262,38,1481.5,3,269.5,0,0,5,-0.53
3263,3,263,38,1500.5,3,271.0,0,0,5,-0.53
3264,3,264,38,1519.5,3,272.5,0,0,5,-0.53
3265,3,265,39,1540.0,5,277.0,0,0,5,-0.64
3266,3,266,40,1561.0,5,279.5,0,0,5,-0.65
3267,3,267,40,1581.0,5,282.0,0,0,5,-0.65
3268,3,268,40,1601.0,4,281.5,0,0,5,-0.6000000000000001
3269,3,269,41,1622.5,4,283.5,0,0,5,-0.61
3270,3,270,41,1643.0,4,285.5,0,0,5,-0.61
3271,3,271,41,1663.5,4,284.5,0,0,5,-0.61
3272,3,272,41,1684.0,3,284.5,0,0,5,-0.5599999999999999
3273,3,273,39,1516.0,3,286.0,0,0,6,-0.54
3274,3,274,37,1444.0,3,287.5,0,0,6,-0.52
3275,3,275,37,1462.5,4,290.5,0,0,6,-0.5700000000000001
3276,3,276,37,1481.0,4,292.5,0,0,6,-0.5700000000000001
3277,3,277,37,1499.5,4,294.5,0,0,6,-0.5700000000000001
3278,3,278,37,1518.0,4,296.5,0,0,6,-0.5700000000000001
3279,3,279,37,1536.5,4,298.5,0,0,6,-0.5700000000000001
3280,3,280,37,1555.0,4,300.5,0,0,6,-0.5700000000000001
3281,3,281,38,1575.0,4,302.5,0,0,6,-0.5800000000000001
3282,3,282,39,1595.5,4,304.5,0,0,6,-0.5900000000000001
3283,3,283,39,1615.0,7,311.0,0,0,6,-0.74
3284,3,284,39,1634.5,5,310.5,0,0,6,-0.64
3285,3,285,42,1658.5,5,313.0,0,0,6,-0.6699999999999999
3286,3,286,42,1679.5,5,315.5,0,0,6,-0.6699999999999999
3287,3,287,43,1702.0,6,319.5,0,1,6,-0.73
3288,3,288,45,1726.5,6,322.0,0,0,6,-0.75
3289,3,289,45,1749.0,8,328.0,0,0,6,-0.8500000000000001
3290,3,290,46,1773.0,7,330.0,0,0,6,-0.81
3291,3,291,47,1797.5,7,333.5,0,0,6,-0.82
3292,3,292,47,1821.0,7,337.0,0,0,6,-0.82
3293,3,293,47,1844.5,7,340.5,0,0,6,-0.82
3294,3,294,49,1871.0,8,345.5,0,0,6,-0.89
3295,3,295,49,1895.5,8,349.5,0,0,6,-0.89
3296,3,296,49,1920.0,8,353.5,0,0,6,-0.89
3297,3,297,49,1944.5,8,357.5,0,0,6,-0.89
3298,3,298,49,1969.0,9,363.0,0,0,6,-0.94
3299,3,299,49,1993.5,9,367.5,0,0,6,-0.94
3300,3,300,49,2018.0,9,372.0,0,0,6,-0.94
3301,3,301,49,2042.5,9,376.5,0,0,6,-0.94
3302,3,302,49,2067.0,9,381.0,0,0,6,-0.94
3303,3,303,49,2091.5,9,385.5,0,4,6,-0.94
3304,3,304,49,2116.0,9,390.0,0,0,6,-0.94
3305,3,305,50,2142.0,9,394.5,0,0,6,-0.95
3306,3,306,50,2167.0,9,399.0,0,2,6,-0.95
3307,3,307,50,2192.0,9,403.5,0,0,6,-0.95
3308,3,308,50,2217.0,10,409.5,0,0,6,-1.0
3309,3,309,50,2242.0,10,414.5,0,0,6,-1.0
3310,3,310,50,2267.0,10,419.5,0,0,6,-1.0
3311,3,311,50,2292.0,10,424.5,0,0,6,-1.0
3312,3,312,51,2318.5,10,429.5,0,0,6,-1.01
3313,3,313,51,2344.0,10,434.5,0,0,6,-1.01
3314,3,314,52,2371.0,10,439.5,0,0,6,-1.02
3315,3,315,52,2397.0,10,444.5,0,2,6,-1.02
3316,3,316,52,2423.0,11,451.0,0,0,6,-1.07
3317,3,317,52,2449.0,11,456.5,0,0,6,-1.07
3318,3,318,52,2475.0,11,462.0,0,3,6,-1.07
3319,3,319,52,2501.0,11,467.5,0,0,6,-1.07
3320,3,320,52,2527.0,11,473.0,0,0,6,-1.07
3321,3,321,53,2554.5,11,478.5,0,3,6,-1.08
3322,3,322,53,2581.0,11,484.0,0,0,6,-1.08
3323,3,323,53,2607.5,11,489.5,0,0,6,-1.08
3324,3,324,55,2637.0,11,495.0,0,7,6,-1.1
3325,3,325,55,2664.5,11,500.5,0,0,6,-1.1
3326,3,326,55,2692.0,11,506.0,0,1,6,-1.1
3327,3,327,55,2719.5,11,511.5,0,2,6,-1.1
3328,3,328,55,2747.0,11,517.0,0,1,6,-1.1
3329,3,329,55,2774.5,12,524.0,0,0,6,-1.15
3330,3,330,55,2802.0,12,530.0,0,3,6,-1.15
3331,3,331,55,2829.5,12,536.0,0,1,6,-1.15
3332,3,332,55,2857.0,12,542.0,0,0,6,-1.15
3333,3,333,55,2884.5,12,548.0,0,3,6,-1.15
3334,3,334,56,2913.5,12,554.0,0,0,6,-1.1600000000000001
3335,3,335,56,2941.5,12,560.0,0,2,6,-1.1600000000000001
3336,3,336,56,2969.5,12,566.0,0,1,6,-1.1600000000000001
3337,3,337,56,2997.5,12,572.0,0,1,6,-1.1600000000000001
3338,3,338,56,3025.5,12,578.0,0,0,6,-1.1600000000000001
3339,3,339,56,3053.5,13,585.5,0,0,6,-1.21
3340,3,340,56,3081.5,12,590.0,0,2,6,-1.1600000000000001
3341,3,341,56,3109.5,12,596.0,0,0,6,-1.1600000000000001
3342,3,342,56,3137.5,12,602.0,0,0,6,-1.1600000000000001
3343,3,343,56,3165.5,12,608.0,0,1,6,-1.1600000000000001
3344,3,344,58,3196.5,13,615.5,0,0,6,-1.23
3345,3,345,58,3225.5,13,622.0,0,0,6,-1.23
3346,3,346,58,3254.5,13,628.5,0,1,6,-1.23
3347,3,347,58,3283.5,13,635.0,0,1,6,-1.23
3348,3,348,58,3312.5,14,643.0,0,0,6,-1.2799999999999998
3349,3,349,58,3341.5,14,650.0,0,1,6,-1.2799999999999998
3350,3,350,59,3372.0,14,657.0,0,0,6,-1.29
3351,3,351,59,3401.5,14,664.0,0,2,6,-1.29
3352,3,352,59,3431.0,14,671.0,0,0,6,-1.29
3353,3,353,59,3460.5,14,678.0,0,0,6,-1.29
3354,3,354,59,3490.0,14,685.0,0,0,6,-1.29
3355,3,355,59,3519.5,14,692.0,0,1,6,-1.29
3356,3,356,60,3550.5,14,699.0,0,0,6,-1.2999999999999998
3357,3,357,60,3580.5,14,706.0,0,0,6,-1.2999999999999998
3358,3,358,60,3610.5,14,713.0,0,0,6,-1.2999999999999998
3359,3,359,61,3642.0,14,720.0,0,0,6,-1.31
3360,3,360,61,3672.5,14,727.0,0,0,6,-1.31
3361,3,361,62,3704.5,14,734.0,0,0,6,-1.3199999999999998
3362,3,362,62,3735.5,14,741.0,0,0,6,-1.3199999999999998
3363,3,363,62,3766.5,14,748.0,0,1,7,-1.3199999999999998
3364,3,364,65,3802.0,14,755.0,0,0,7,-1.35
3365,3,365,65,3834.5,14,762.0,0,0,7,-1.35
3366,3,366,66,3868.5,14,769.0,0,1,7,-1.3599999999999999
3367,3,367,66,3901.5,14,776.0,0,1,7,-1.3599999999999999
3368,3,368,67,3936.0,14,783.0,0,0,7,-1.37
3369,3,369,67,3969.5,14,790.0,0,0,7,-1.37
3370,3,370,67,4003.0,14,797.0,0,0,7,-1.37
3371,3,371,67,4036.5,14,804.0,0,0,7,-1.37
3372,3,372,67,4070.0,14,811.0,0,0,7,-1.37
3373,3,373,67,4103.5,14,818.0,0,0,7,-1.37
3374,3,374,68,4138.5,14,825.0,0,1,7,-1.38
3375,3,375,66,3876.5,14,832.0,0,2,8,-1.3599999999999999
3376,3,376,63,3599.5,14,839.0,0,0,8,-1.33
3377,3,377,60,3350.0,14,846.0,0,0,8,-1.2999999999999998
3378,3,378,57,3163.5,14,853.0,0,0,8,-1.27
3379,3,379,58,3193.5,14,860.0,0,0,8,-1.2799999999999998
3380,3,380,55,3077.5,14,867.0,0,0,8,-1.25
3381,3,381,56,3098.0,14,874.0,0,0,8,-1.26
3382,3,382,56,3052.5,14,881.0,0,0,8,-1.26
3383,3,383,57,3082.0,14,888.0,0,1,8,-1.27
3384,3,384,58,3112.0,14,895.0,0,0,8,-1.2799999999999998
3385,3,385,57,3075.0,14,902.0,0,0,8,-1.27
3386,3,386,58,3105.0,14,909.0,0,0,8,-1.2799999999999998
3387,3,387,58,3134.0,14,916.0,0,0,8,-1.2799999999999998
3388,3,388,59,3164.5,14,923.0,0,2,8,-1.29
3389,3,389,60,3195.5,14,930.0,0,0,8,-1.2999999999999998
3390,3,390,62,3228.5,14,937.0,0,0,8,-1.3199999999999998
3391,3,391,64,3262.5,14,944.0,0,0,8,-1.3399999999999999
3392,3,392,64,3294.5,14,951.0,0,0,8,-1.3399999999999999
3393,3,393,65,3328.0,14,958.0,0,0,8,-1.35
3394,3,394,67,3363.5,14,965.0,0,0,8,-1.37
3395,3,395,68,3398.5,14,972.0,0,4,8,-1.38
3396,3,396,68,3432.5,14,979.0,0,0,8,-1.38
3397,3,397,68,3466.5,14,986.0,0,1,8,-1.38
3398,3,398,68,3500.5,14,993.0,0,0,8,-1.38
3399,3,399,68,3534.5,14,1000.0,0,1,8,-1.38
3400,3,400,68,3568.5,14,1007.0,0,2,8,-1.38
3401,3,401,68,3602.5,14,1014.0,0,0,8,-1.38
3402,3,402,66,3613.0,14,1021.0,0,0,8,-1.3599999999999999
3403,3,403,67,3638.0,14,1028.0,0,0,8,-1.37
3404,3,404,67,3662.5,14,1035.0,0,0,8,-1.37
3405,3,405,66,3686.0,14,1042.0,0,0,8,-1.3599999999999999
3406,3,406,66,3719.0,14,1049.0,0,0,8,-1.3599999999999999
3407,3,407,65,3741.5,14,1056.0,0,0,8,-1.35
3408,3,408,64,3711.0,14,1063.0,0,1,8,-1.3399999999999999
3409,3,409,64,3743.0,14,1070.0,0,0,8,-1.3399999999999999
3410,3,410,64,3717.0,14,1077.0,0,0,8,-1.3399999999999999
3411,3,411,64,3700.5,14,1084.0,0,0,8,-1.3399999999999999
3412,3,412,64,3732.5,14,1091.0,0,0,8,-1.3399999999999999
3413,3,413,66,3733.0,14,1098.0,0,0,8,-1.3599999999999999
3414,3,414,65,3739.5,14,1105.0,0,0,8,-1.35
3415,3,415,67,3775.0,14,1112.0,0,1,8,-1.37
3416,3,416,66,3786.0,14,1119.0,0,0,8,-1.3599999999999999
3417,3,417,66,3819.0,14,1126.0,0,0,8,-1.3599999999999999
3418,3,418,66,3834.5,14,1133.0,0,1,8,-1.3599999999999999
3419,3,419,67,3869.0,14,1140.0,0,0,8,-1.37
3420,3,420,67,3889.0,14,1147.0,0,0,8,-1.37
3421,3,421,66,3912.5,14,1154.0,0,0,8,-1.3599999999999999
3422,3,422,67,3947.0,14,1161.0,0,0,8,-1.37
3423,3,423,70,3985.0,14,1168.0,0,0,8,-1.4
3424,3,424,69,4018.0,14,1175.0,0,0,8,-1.39
3425,3,425,71,4055.5,14,1182.0,0,0,8,-1.41
3426,3,426,71,4091.0,14,1189.0,0,0,8,-1.41
3427,3,427,74,4131.0,14,1196.0,0,0,8,-1.44
3428,3,428,74,4168.0,14,1203.0,0,0,8,-1.44
3429,3,429,76,4208.0,14,1210.0,0,0,8,-1.46
3430,3,430,76,4246.0,14,1217.0,0,1,8,-1.46
3431,3,431,76,4284.0,14,1224.0,0,0,8,-1.46
3432,3,432,78,4325.0,14,1231.0,0,0,8,-1.48
3433,3,433,79,4365.5,14,1238.0,0,0,8,-1.49
3434,3,434,80,4406.5,14,1245.0,0,1,8,-1.5
3435,3,435,80,4446.5,14,1252.0,0,0,9,-1.5
3436,3,436,82,4489.5,14,1259.0,0,0,9,-1.52
3437,3,437,82,4530.5,14,1266.0,0,1,9,-1.52
3438,3,438,83,4573.0,14,1273.0,0,0,9,-1.5299999999999998
3439,3,439,83,4614.5,14,1280.0,0,0,9,-1.5299999999999998
3440,3,440,84,4657.5,14,1287.0,0,0,9,-1.54
3441,3,441,78,3840.5,10,1056.5,0,1,0,-1.28
3442,3,442,76,3464.5,10,1061.5,0,0,0,-1.26
3443,3,443,74,3120.5,10,1066.5,0,0,0,-1.24
3444,3,444,71,2795.5,9,1020.0,0,0,0,-1.16
3445,3,445,71,2830.5,9,1024.5,0,0,0,-1.16
3446,3,446,67,2539.0,9,1029.0,0,0,0,-1.12
3447,3,447,63,2279.0,8,946.0,0,0,0,-1.03
3448,3,448,60,2127.0,8,950.0,0,1,0,-1.0
3449,3,449,59,2063.5,6,793.0,0,0,0,-0.8899999999999999
3450,3,450,56,1844.5,6,796.0,0,0,0,-0.8600000000000001
3451,3,451,53,1724.5,6,799.0,0,0,0,-0.8300000000000001
3452,3,452,53,1681.0,6,802.0,0,0,0,-0.8300000000000001
3453,3,453,50,1516.0,6,805.0,0,0,0,-0.8
3454,3,454,47,1438.5,6,808.0,0,0,0,-0.77
3455,3,455,46,1408.0,6,811.0,0,1,0,-0.76
3456,3,456,42,1297.5,5,628.5,0,0,0,-0.6699999999999999
3457,3,457,41,1306.5,5,631.0,0,0,0,-0.6599999999999999
3458,3,458,38,1252.0,5,633.5,0,0,0,-0.63
3459,3,459,34,1200.5,4,448.5,0,0,0,-0.54
3460,3,460,33,1206.0,4,450.5,0,1,0,-0.53
3461,3,461,31,1191.0,4,452.5,1,0,0,-0.51
3462,3,462,30,1181.0,4,454.5,0,0,0,-0.5
3463,3,463,31,1197.5,4,456.5,0,0,0,-0.51
3464,3,464,30,1201.5,4,458.5,0,2,0,-0.5
3465,3,465,29,1213.5,4,460.5,0,0,0,-0.49
3466,3,466,29,1228.0,4,270.0,0,0,0,-0.49
3467,3,467,29,1242.5,4,272.0,0,0,0,-0.49
3468,3,468,29,1257.0,4,274.0,0,0,0,-0.49
3469,3,469,29,1271.5,3,273.0,0,0,0,-0.43999999999999995
3470,3,470,29,1286.0,3,274.5,0,0,0,-0.43999999999999995
3471,3,471,29,1300.5,3,276.0,0,1,0,-0.43999999999999995
3472,3,472,30,1316.5,3,277.5,0,1,0,-0.44999999999999996
3473,3,473,32,1334.5,3,279.0,0,0,0,-0.47
3474,3,474,32,1350.5,3,280.5,0,1,0,-0.47
3475,3,475,32,1366.5,4,283.5,0,0,0,-0.52
3476,3,476,32,1382.5,4,285.5,0,1,0,-0.52
3477,3,477,32,1398.5,4,287.5,0,0,0,-0.52
3478,3,478,32,1414.5,4,289.5,0,1,0,-0.52
3479,3,479,32,1430.5,4,291.5,0,1,0,-0.52
3480,3,480,32,1446.5,4,291.0,0,0,0,-0.52
3481,3,481,32,1462.5,3,291.0,0,1,0,-0.47
3482,3,482,33,1480.0,3,292.5,0,0,0,-0.48
3483,3,483,33,1496.5,3,294.0,0,0,0,-0.48
3484,3,484,34,1514.5,4,297.0,0,0,0,-0.54
3485,3,485,34,1531.5,4,299.0,0,0,0,-0.54
3486,3,486,34,1548.5,4,301.0,0,0,0,-0.54
3487,3,487,34,1565.5,4,303.0,0,1,0,-0.54
3488,3,488,34,1582.5,5,306.5,0,0,0,-0.5900000000000001
3489,3,489,34,1599.5,5,309.0,0,0,0,-0.5900000000000001
3490,3,490,34,1616.5,6,313.0,0,0,0,-0.64
3491,3,491,32,1425.5,7,317.5,0,0,1,-0.6699999999999999
3492,3,492,30,1340.5,7,321.0,0,0,1,-0.6499999999999999
3493,3,493,30,1355.5,7,324.5,0,0,1,-0.6499999999999999
3494,3,494,31,1372.0,7,328.0,0,0,1,-0.6599999999999999
3495,3,495,35,1393.5,7,331.5,0,0,1,-0.7
3496,3,496,36,1412.5,7,335.0,0,1,1,-0.71
3497,3,497,36,1430.5,7,338.5,1,0,1,-0.71
3498,3,498,36,1448.5,7,342.0,0,1,1,-0.71
3499,3,499,36,1466.5,7,345.5,0,0,1,-0.71
3500,3,500,36,1484.5,7,349.0,0,0,1,-0.71
3501,3,501,38,1505.5,7,352.5,0,0,1,-0.73
3502,3,502,38,1524.5,7,356.0,0,0,1,-0.73
3503,3,503,40,1546.5,7,359.5,0,0,1,-0.75
3504,3,504,41,1568.0,7,363.0,0,0,1,-0.76
3505,3,505,41,1588.5,7,366.5,0,0,1,-0.76
3506,3,506,41,1609.0,7,370.0,0,0,1,-0.76
3507,3,507,41,1629.5,8,375.0,0,0,1,-0.81
3508,3,508,41,1650.0,8,379.0,0,0,1,-0.81
3509,3,509,41,1670.5,8,383.0,0,0,1,-0.81
3510,3,510,41,1691.0,8,387.0,0,0,1,-0.81
3511,3,511,42,1713.0,8,391.0,0,0,1,-0.8200000000000001
3512,3,512,42,1734.0,8,395.0,0,0,1,-0.8200000000000001
3513,3,513,42,1755.0,8,399.0,0,0,1,-0.8200000000000001
3514,3,514,42,1776.0,8,403.0,0,0,1,-0.8200000000000001
3515,3,515,42,1797.0,9,408.5,0,0,1,-0.87
3516,3,516,42,1818.0,8,411.0,0,0,1,-0.8200000000000001
3517,3,517,42,1839.0,8,415.0,0,0,1,-0.8200000000000001
3518,3,518,42,1860.0,8,419.0,0,0,1,-0.8200000000000001
3519,3,519,42,1881.0,9,424.5,0,0,1,-0.87
3520,3,520,42,1902.0,9,429.0,0,0,1,-0.87
3521,3,521,43,1924.5,9,433.5,0,3,1,-0.88
3522,3,522,43,1946.0,9,438.0,0,0,1,-0.88
3523,3,523,43,1967.5,10,444.0,0,0,1,-0.9299999999999999
3524,3,524,43,1989.0,10,449.0,0,3,1,-0.9299999999999999
3525,3,525,43,2010.5,10,454.0,0,0,1,-0.9299999999999999
3526,3,526,43,2032.0,10,459.0,0,0,1,-0.9299999999999999
3527,3,527,43,2053.5,10,464.0,0,1,1,-0.9299999999999999
3528,3,528,43,2075.0,10,469.0,1,0,1,-0.9299999999999999
3529,3,529,43,2096.5,10,474.0,0,0,1,-0.9299999999999999
3530,3,530,44,2119.5,10,479.0,0,1,1,-0.94
3531,3,531,45,2143.0,10,484.0,0,1,1,-0.95
3532,3,532,45,2165.5,10,489.0,0,0,1,-0.95
3533,3,533,46,2189.5,10,494.0,0,2,1,-0.96
3534,3,534,46,2212.5,11,500.5,0,0,1,-1.01
3535,3,535,46,2235.5,11,506.0,0,0,1,-1.01
3536,3,536,46,2258.5,11,511.5,0,3,1,-1.01
3537,3,537,46,2281.5,11,517.0,0,1,1,-1.01
3538,3,538,46,2304.5,11,522.5,0,0,1,-1.01
3539,3,539,46,2327.5,11,528.0,0,3,1,-1.01
3540,3,540,46,2350.5,12,535.0,0,1,1,-1.06
3541,3,541,48,2376.5,11,539.0,0,0,1,-1.03
3542,3,542,48,2400.5,11,544.5,0,4,1,-1.03
3543,3,543,49,2426.0,11,550.0,0,0,1,-1.04
3544,3,544,49,2450.5,12,557.0,0,0,1,-1.0899999999999999
3545,3,545,49,2475.0,12,563.0,0,2,1,-1.0899999999999999
3546,3,546,49,2499.5,12,569.0,0,0,1,-1.0899999999999999
3547,3,547,49,2524.0,12,575.0,0,0,1,-1.0899999999999999
3548,3,548,49,2548.5,12,581.0,0,3,1,-1.0899999999999999
3549,3,549,49,2573.0,12,587.0,0,0,1,-1.0899999999999999
3550,3,550,49,2597.5,12,593.0,0,1,1,-1.0899999999999999
3551,3,551,49,2622.0,12,599.0,0,1,1,-1.0899999999999999
3552,3,552,49,2646.5,12,605.0,0,0,1,-1.0899999999999999
3553,3,553,50,2672.5,12,611.0,0,3,1,-1.1
3554,3,554,50,2697.5,12,617.0,0,2,1,-1.1
3555,3,555,50,2722.5,12,623.0,0,0,1,-1.1
3556,3,556,50,2747.5,12,629.0,0,2,1,-1.1
3557,3,557,52,2775.5,12,635.0,0,1,1,-1.12
3558,3,558,52,2801.5,12,641.0,0,1,1,-1.12
3559,3,559,52,2827.5,12,647.0,0,2,1,-1.12
3560,3,560,53,2855.0,12,653.0,0,1,1,-1.13
3561,3,561,53,2881.5,12,659.0,0,1,1,-1.13
3562,3,562,53,2908.0,12,665.0,0,1,1,-1.13
3563,3,563,54,2936.0,12,671.0,0,1,1,-1.1400000000000001
3564,3,564,55,2964.5,12,677.0,0,1,1,-1.15
3565,3,565,56,2993.5,13,684.5,0,0,1,-1.21
3566,3,566,56,3021.5,13,691.0,0,1,1,-1.21
3567,3,567,56,3049.5,13,697.5,0,2,1,-1.21
3568,3,568,57,3079.0,13,704.0,0,0,1,-1.22
3569,3,569,57,3107.5,13,710.5,0,1,1,-1.22
3570,3,570,57,3136.0,13,717.0,0,2,1,-1.22
3571,3,571,58,3166.0,13,723.5,0,0,1,-1.23
3572,3,572,59,3196.5,13,730.0,0,2,1,-1.24
3573,3,573,59,3226.0,13,736.5,0,1,1,-1.24
3574,3,574,59,3255.5,13,743.0,0,1,1,-1.24
3575,3,575,59,3285.0,13,749.5,0,1,1,-1.24
3576,3,576,59,3314.5,13,756.0,0,2,1,-1.24
3577,3,577,59,3344.0,13,762.5,0,1,1,-1.24
3578,3,578,59,3373.5,13,769.0,0,2,1,-1.24
3579,3,579,60,3404.5,13,775.5,0,3,1,-1.25
3580,3,580,60,3434.5,13,782.0,0,1,1,-1.25
3581,3,581,60,3464.5,13,788.5,0,2,2,-1.25
3582,3,582,60,3494.5,13,795.0,0,2,2,-1.25
3583,3,583,61,3526.0,13,801.5,0,0,2,-1.26
3584,3,584,61,3556.5,13,808.0,0,1,2,-1.26
3585,3,585,61,3587.0,13,814.5,0,2,2,-1.26
3586,3,586,61,3617.5,13,821.0,0,0,2,-1.26
3587,3,587,62,3649.5,13,827.5,0,0,2,-1.27
3588,3,588,62,3680.5,13,834.0,0,1,2,-1.27
3589,3,589,62,3711.5,13,840.5,0,0,2,-1.27
3590,3,590,63,3744.0,13,847.0,0,0,2,-1.28
3591,3,591,63,3775.5,13,853.5,0,1,2,-1.28
3592,3,592,65,3810.0,13,860.0,0,2,2,-1.3
3593,3,593,63,3485.5,13,866.5,0,1,3,-1.28
3594,3,594,61,3210.5,13,873.0,0,0,3,-1.26
3595,3,595,59,3005.5,13,879.5,0,2,3,-1.24
3596,3,596,58,2949.0,13,886.0,0,0,3,-1.23
3597,3,597,58,2893.0,13,892.5,0,0,3,-1.23
3598,3,598,57,2818.0,13,899.0,0,1,3,-1.22
3599,3,599,57,2829.0,13,905.5,0,0,3,-1.22
3600,3,600,56,2838.5,13,912.0,0,0,3,-1.21
3601,3,601,56,2866.5,13,918.5,0,0,3,-1.21
3602,3,602,58,2897.5,13,925.0,0,0,3,-1.23
3603,3,603,59,2928.0,13,931.5,0,1,3,-1.24
3604,3,604,59,2957.5,13,938.0,1,0,3,-1.24
3605,3,605,59,2987.0,13,944.5,0,0,3,-1.24
3606,3,606,59,3016.5,13,951.0,0,0,3,-1.24
3607,3,607,60,3047.5,13,957.5,0,1,3,-1.25
3608,3,608,60,3077.5,13,964.0,0,1,3,-1.25
3609,3,609,60,3107.5,13,970.5,0,0,3,-1.25
3610,3,610,61,3139.0,13,977.0,0,0,3,-1.26
3611,3,611,61,3169.5,13,983.5,0,0,3,-1.26
3612,3,612,61,3200.0,13,990.0,0,0,3,-1.26
3613,3,613,61,3230.5,13,996.5,0,1,3,-1.26
3614,3,614,63,3264.0,13,1003.0,0,0,3,-1.28
3615,3,615,63,3295.5,13,1009.5,0,0,3,-1.28
3616,3,616,63,3327.0,13,1016.0,0,0,3,-1.28
3617,3,617,63,3358.5,13,1022.5,1,1,3,-1.28
3618,3,618,63,3390.0,13,1029.0,0,2,3,-1.28
3619,3,619,65,3424.5,13,1035.5,0,0,3,-1.3
3620,3,620,65,3457.0,13,1042.0,0,0,3,-1.3
3621,3,621,65,3489.5,13,1048.5,0,0,3,-1.3
3622,3,622,66,3523.5,13,1055.0,0,0,3,-1.31
3623,3,623,67,3557.5,13,1061.5,0,0,3,-1.32
3624,3,624,67,3591.0,13,1068.0,0,0,3,-1.32
3625,3,625,67,3624.5,13,1074.5,1,0,3,-1.32
3626,3,626,67,3658.0,13,1081.0,0,0,3,-1.32
3627,3,627,67,3691.5,13,1087.5,0,1,3,-1.32
3628,3,628,68,3726.5,13,1094.0,0,0,3,-1.33
3629,3,629,68,3760.5,13,1100.5,0,0,3,-1.33
3630,3,630,68,3794.5,13,1107.0,0,0,3,-1.33
3631,3,631,68,3828.5,13,1113.5,0,0,3,-1.33
3632,3,632,70,3865.5,13,1120.0,0,0,3,-1.35
3633,3,633,70,3900.5,13,1126.5,0,0,3,-1.35
3634,3,634,70,3935.5,13,1133.0,0,1,3,-1.35
3635,3,635,71,3972.0,13,1139.5,0,0,3,-1.3599999999999999
3636,3,636,72,4009.0,13,1146.0,0,0,3,-1.37
3637,3,637,72,4045.0,13,1152.5,0,0,3,-1.37
3638,3,638,72,4081.0,13,1159.0,0,2,3,-1.37
3639,3,639,72,4117.0,13,1165.5,0,0,3,-1.37
3640,3,640,72,4153.0,13,1172.0,0,0,3,-1.37
3641,3,641,73,4190.5,13,1178.5,0,0,3,-1.38
3642,3,642,75,4230.0,13,1185.0,0,0,3,-1.4
3643,3,643,75,4267.5,13,1191.5,0,0,3,-1.4
3644,3,644,75,4305.0,13,1198.0,0,0,3,-1.4
3645,3,645,75,4342.5,13,1204.5,0,0,3,-1.4
3646,3,646,75,4380.0,13,1211.0,1,0,3,-1.4
3647,3,647,75,4417.5,13,1217.5,0,0,3,-1.4
3648,3,648,75,4455.0,13,1224.0,0,0,3,-1.4
3649,3,649,75,4492.5,13,1230.5,0,1,3,-1.4
3650,3,650,75,4530.0,13,1237.0,0,0,3,-1.4
3651,3,651,77,4570.5,13,1243.5,0,0,3,-1.42
3652,3,652,79,4612.0,13,1250.0,0,0,3,-1.44
3653,3,653,80,4653.0,13,1256.5,0,0,4,-1.4500000000000002
3654,3,654,81,4694.5,13,1263.0,1,0,4,-1.46
3655,3,655,81,4735.0,13,1269.5,0,0,4,-1.46
3656,3,656,81,4775.5,13,1276.0,0,0,4,-1.46
3657,3,657,81,4816.0,13,1282.5,0,0,4,-1.46
3658,3,658,81,4856.5,13,1289.0,0,1,4,-1.46
3659,3,659,81,4897.0,13,1295.5,0,0,4,-1.46
3660,3,660,82,4939.0,13,1302.0,0,0,4,-1.47
3661,3,661,82,4980.0,13,1308.5,0,0,4,-1.47
3662,3,662,84,5024.0,13,1315.0,0,0,4,-1.49
3663,3,663,84,5066.0,13,1321.5,0,0,4,-1.49
3664,3,664,84,5108.0,13,1328.0,0,0,4,-1.49
3665,3,665,78,4473.5,11,1210.5,0,0,5,-1.33
3666,3,666,74,4002.5,12,1217.5,0,0,5,-1.3399999999999999
3667,3,667,69,3333.5,11,1132.5,0,1,5,-1.24
3668,3,668,65,2950.0,10,1074.5,0,0,5,-1.15
3669,3,669,63,2813.0,9,1010.5,0,0,5,-1.08
3670,3,670,61,2565.0,9,1015.0,0,0,5,-1.06
3671,3,671,59,2319.0,7,832.5,0,0,5,-0.94
3672,3,672,57,2036.0,7,836.0,0,1,5,-0.9199999999999999
3673,3,673,57,2013.5,7,839.5,0,0,5,-0.9199999999999999
3674,3,674,54,1815.0,6,837.5,0,0,5,-0.8400000000000001
3675,3,675,50,1602.5,6,840.5,0,0,5,-0.8
3676,3,676,50,1594.5,7,845.0,0,0,5,-0.85
3677,3,677,47,1447.0,6,768.0,0,0,5,-0.77
3678,3,678,44,1351.5,6,771.0,0,1,5,-0.74
3679,3,679,42,1302.0,5,574.5,0,0,5,-0.6699999999999999
3680,3,680,39,1202.0,6,578.5,0,0,5,-0.69
3681,3,681,37,1168.5,6,581.5,0,0,5,-0.6699999999999999
3682,3,682,37,1155.5,6,584.5,0,1,5,-0.6699999999999999
3683,3,683,34,1113.0,6,587.5,0,0,5,-0.64
3684,3,684,34,1130.0,6,590.5,0,1,5,-0.64
3685,3,685,32,1106.0,4,583.5,0,0,5,-0.52
3686,3,686,30,1102.0,4,585.5,0,0,5,-0.5
3687,3,687,30,1117.0,4,587.5,0,2,5,-0.5
3688,3,688,29,1122.5,3,388.5,0,1,5,-0.43999999999999995
3689,3,689,29,1137.0,3,390.0,0,1,5,-0.43999999999999995
3690,3,690,29,1151.5,2,194.0,0,1,5,-0.39
3691,3,691,30,1167.5,3,196.5,0,1,5,-0.44999999999999996
3692,3,692,30,1182.5,3,198.0,0,1,5,-0.44999999999999996
3693,3,693,30,1197.5,3,199.5,0,0,5,-0.44999999999999996
3694,3,694,30,1212.5,3,201.0,0,1,5,-0.44999999999999996
3695,3,695,30,1227.5,3,202.5,0,0,5,-0.44999999999999996
3696,3,696,30,1242.5,3,204.0,0,0,5,-0.44999999999999996
3697,3,697,30,1257.5,4,207.0,0,1,5,-0.5
3698,3,698,30,1272.5,6,212.0,0,0,5,-0.6
3699,3,699,32,1290.5,6,215.0,0,0,5,-0.62
3700,3,700,32,1306.5,5,212.0,0,0,5,-0.5700000000000001
3701,3,701,33,1324.0,6,216.0,0,0,5,-0.63
3702,3,702,34,1342.0,5,217.0,0,0,5,-0.5900000000000001
3703,3,703,37,1363.5,5,219.5,0,0,5,-0.62
3704,3,704,38,1383.5,5,222.0,0,1,5,-0.63
3705,3,705,40,1405.5,6,226.0,0,0,5,-0.7
3706,3,706,40,1425.5,5,223.0,0,0,5,-0.65
3707,3,707,40,1445.5,5,225.5,0,0,5,-0.65
3708,3,708,40,1465.5,5,228.0,0,0,5,-0.65
3709,3,709,40,1485.5,5,230.5,0,0,5,-0.65
3710,3,710,41,1507.0,4,225.5,0,0,5,-0.61
3711,3,711,42,1529.0,4,227.5,0,0,5,-0.62
3712,3,712,43,1551.5,4,229.5,0,0,5,-0.63
3713,3,713,43,1573.0,4,231.5,0,0,5,-0.63
3714,3,714,43,1594.5,4,233.5,0,0,5,-0.63
3715,3,715,41,1397.0,4,235.5,0,0,6,-0.61
3716,3,716,39,1300.5,4,237.5,0,0,6,-0.5900000000000001
3717,3,717,37,1305.0,4,239.5,0,0,6,-0.5700000000000001
3718,3,718,37,1323.5,4,241.5,0,0,6,-0.5700000000000001
3719,3,719,37,1342.0,4,243.5,0,0,6,-0.5700000000000001
3720,3,720,37,1360.5,4,245.5,1,1,6,-0.5700000000000001
3721,3,721,38,1380.5,4,247.5,0,0,6,-0.5800000000000001
3722,3,722,38,1399.5,4,249.5,0,0,6,-0.5800000000000001
3723,3,723,38,1418.5,4,251.5,0,0,6,-0.5800000000000001
3724,3,724,38,1437.5,4,253.5,1,0,6,-0.5800000000000001
3725,3,725,38,1456.5,4,255.5,0,2,6,-0.5800000000000001
3726,3,726,38,1475.5,4,257.5,0,0,6,-0.5800000000000001
3727,3,727,38,1494.5,4,259.5,0,0,6,-0.5800000000000001
3728,3,728,40,1516.5,4,261.5,0,0,6,-0.6000000000000001
3729,3,729,40,1536.5,4,263.5,0,0,6,-0.6000000000000001
3730,3,730,40,1556.5,4,265.5,0,0,6,-0.6000000000000001
3731,3,731,40,1576.5,4,267.5,0,0,6,-0.6000000000000001
3732,3,732,41,1598.0,4,269.5,0,0,6,-0.61
3733,3,733,41,1618.5,5,273.0,0,0,6,-0.6599999999999999
3734,3,734,41,1639.0,5,275.5,0,0,6,-0.6599999999999999
3735,3,735,41,1659.5,5,278.0,0,0,6,-0.6599999999999999
3736,3,736,41,1680.0,5,280.5,0,0,6,-0.6599999999999999
3737,3,737,41,1700.5,5,283.0,0,0,6,-0.6599999999999999
3738,3,738,42,1722.5,5,285.5,0,0,6,-0.6699999999999999
3739,3,739,42,1743.5,5,288.0,0,0,6,-0.6699999999999999
3740,3,740,43,1766.0,5,290.5,0,0,6,-0.6799999999999999
3741,3,741,44,1789.0,5,293.0,0,0,6,-0.69
3742,3,742,44,1811.0,5,295.5,0,0,6,-0.69
3743,3,743,44,1833.0,5,298.0,0,0,6,-0.69
3744,3,744,44,1855.0,6,302.0,0,1,6,-0.74
3745,3,745,44,1877.0,6,305.0,0,2,6,-0.74
3746,3,746,44,1899.0,6,308.0,0,0,6,-0.74
3747,3,747,44,1921.0,7,312.5,0,0,6,-0.79
3748,3,748,44,1943.0,7,316.0,0,1,6,-0.79
3749,3,749,44,1965.0,7,319.5,0,0,6,-0.79
3750,3,750,44,1987.0,7,323.0,0,0,6,-0.79
3751,3,751,45,2010.5,7,326.5,0,1,6,-0.8
3752,3,752,46,2034.5,7,330.0,0,0,6,-0.81
3753,3,753,46,2057.5,7,333.5,0,0,6,-0.81
3754,3,754,46,2080.5,7,337.0,0,1,6,-0.81
3755,3,755,46,2103.5,7,340.5,0,0,6,-0.81
3756,3,756,46,2126.5,7,344.0,0,0,6,-0.81
3757,3,757,46,2149.5,7,347.5,0,2,6,-0.81
3758,3,758,46,2172.5,7,351.0,0,0,6,-0.81
3759,3,759,46,2195.5,7,354.5,0,0,6,-0.81
3760,3,760,47,2220.0,7,358.0,0,2,6,-0.82
3761,3,761,48,2245.0,7,361.5,0,0,6,-0.83
3762,3,762,48,2269.0,7,365.0,0,0,6,-0.83
3763,3,763,48,2293.0,7,368.5,0,1,6,-0.83
3764,3,764,48,2317.0,7,372.0,0,0,6,-0.83
3765,3,765,48,2341.0,7,375.5,0,1,6,-0.83
3766,3,766,48,2365.0,8,380.5,0,2,6,-0.88
3767,3,767,48,2389.0,8,384.5,0,0,6,-0.88
3768,3,768,48,2413.0,9,390.0,0,2,6,-0.9299999999999999
3769,3,769,48,2437.0,8,392.5,0,1,6,-0.88
3770,3,770,49,2462.5,8,396.5,0,1,6,-0.89
3771,3,771,51,2490.0,8,400.5,0,1,6,-0.91
3772,3,772,51,2515.5,10,407.5,0,0,6,-1.01
3773,3,773,51,2541.0,10,412.5,0,2,6,-1.01
3774,3,774,51,2566.5,10,417.5,0,2,6,-1.01
3775,3,775,51,2592.0,10,422.5,0,0,6,-1.01
3776,3,776,52,2619.0,10,427.5,0,2,6,-1.02
3777,3,777,52,2645.0,10,432.5,0,0,6,-1.02
3778,3,778,52,2671.0,10,437.5,0,1,6,-1.02
3779,3,779,52,2697.0,10,442.5,0,3,6,-1.02
3780,3,780,53,2724.5,10,447.5,0,0,6,-1.03
3781,3,781,54,2752.5,10,452.5,0,2,6,-1.04
3782,3,782,54,2779.5,10,457.5,0,1,6,-1.04
3783,3,783,54,2806.5,10,462.5,0,2,6,-1.04
3784,3,784,54,2833.5,10,467.5,0,1,6,-1.04
3785,3,785,55,2862.0,10,472.5,0,0,6,-1.05
3786,3,786,55,2889.5,10,477.5,0,3,6,-1.05
3787,3,787,55,2917.0,10,482.5,0,0,6,-1.05
3788,3,788,55,2944.5,10,487.5,0,2,6,-1.05
3789,3,789,55,2972.0,11,494.0,0,2,6,-1.1
3790,3,790,56,3001.0,10,497.5,0,0,6,-1.06
3791,3,791,57,3030.5,10,502.5,0,1,6,-1.0699999999999998
3792,3,792,57,3059.0,10,507.5,0,3,6,-1.0699999999999998
3793,3,793,57,3087.5,11,514.0,0,0,6,-1.12
3794,3,794,57,3116.0,11,519.5,0,0,6,-1.12
3795,3,795,57,3144.5,11,525.0,0,5,6,-1.12
3796,3,796,57,3173.0,11,530.5,0,0,6,-1.12
3797,3,797,58,3203.0,11,536.0,0,0,6,-1.13
3798,3,798,59,3233.5,11,541.5,0,3,6,-1.1400000000000001
3799,3,799,59,3263.0,11,547.0,0,2,6,-1.1400000000000001
3800,3,800,59,3292.5,11,552.5,0,1,6,-1.1400000000000001
3801,3,801,59,3322.0,11,558.0,0,4,6,-1.1400000000000001
3802,3,802,59,3351.5,11,563.5,1,0,6,-1.1400000000000001
3803,3,803,59,3381.0,11,569.0,0,2,6,-1.1400000000000001
3804,3,804,59,3410.5,11,574.5,0,3,6,-1.1400000000000001
3805,3,805,59,3440.0,11,580.0,0,0,7,-1.1400000000000001
3806,3,806,59,3469.5,11,585.5,0,0,7,-1.1400000000000001
3807,3,807,60,3500.5,11,591.0,0,2,7,-1.15
3808,3,808,60,3530.5,11,596.5,0,1,7,-1.15
3809,3,809,60,3560.5,11,602.0,0,0,7,-1.15
3810,3,810,60,3590.5,11,607.5,0,1,7,-1.15
3811,3,811,63,3625.0,11,613.0,0,0,7,-1.1800000000000002
3812,3,812,63,3656.5,11,618.5,0,2,7,-1.1800000000000002
3813,3,813,63,3688.0,11,624.0,0,2,7,-1.1800000000000002
3814,3,814,63,3719.5,11,629.5,0,0,7,-1.1800000000000002
3815,3,815,63,3751.0,11,635.0,0,0,7,-1.1800000000000002
3816,3,816,64,3784.0,11,640.5,0,2,7,-1.19
3817,3,817,63,3492.5,11,646.0,0,0,8,-1.1800000000000002
3818,3,818,63,3283.5,11,651.5,0,1,8,-1.1800000000000002
3819,3,819,63,3140.5,11,657.0,0,1,8,-1.1800000000000002
3820,3,820,61,3056.0,11,662.5,0,0,8,-1.1600000000000001
3821,3,821,61,3086.5,11,668.0,0,0,8,-1.1600000000000001
3822,3,822,59,3068.0,11,673.5,0,0,8,-1.1400000000000001
3823,3,823,59,3097.5,11,679.0,1,0,8,-1.1400000000000001
3824,3,824,59,3127.0,11,684.5,0,0,8,-1.1400000000000001
3825,3,825,59,3156.5,11,690.0,0,1,8,-1.1400000000000001
3826,3,826,59,3186.0,11,695.5,0,1,8,-1.1400000000000001
3827,3,827,59,3215.5,11,701.0,0,0,8,-1.1400000000000001
3828,3,828,60,3246.5,11,706.5,0,0,8,-1.15
3829,3,829,60,3276.5,11,712.0,0,0,8,-1.15
3830,3,830,60,3306.5,11,717.5,0,0,8,-1.15
3831,3,831,62,3339.5,11,723.0,0,0,8,-1.17
3832,3,832,62,3370.5,11,728.5,0,1,8,-1.17
3833,3,833,62,3401.5,11,734.0,0,1,8,-1.17
3834,3,834,62,3432.5,11,739.5,0,0,8,-1.17
3835,3,835,62,3463.5,11,745.0,0,0,8,-1.17
3836,3,836,62,3494.5,11,750.5,0,1,8,-1.17
3837,3,837,63,3527.0,11,756.0,0,1,8,-1.1800000000000002
3838,3,838,63,3558.5,11,761.5,0,0,8,-1.1800000000000002
3839,3,839,63,3590.0,11,767.0,0,0,8,-1.1800000000000002
3840,3,840,63,3621.5,11,772.5,0,0,8,-1.1800000000000002
3841,3,841,63,3653.0,11,778.0,0,0,8,-1.1800000000000002
3842,3,842,64,3686.0,11,783.5,0,2,8,-1.19
3843,3,843,65,3719.5,11,789.0,0,0,8,-1.2000000000000002
3844,3,844,66,3753.5,11,794.5,1,0,8,-1.21
3845,3,845,66,3786.5,11,800.0,0,0,8,-1.21
3846,3,846,66,3819.5,11,805.5,0,2,8,-1.21
3847,3,847,67,3854.0,11,811.0,0,0,8,-1.2200000000000002
3848,3,848,67,3887.5,11,816.5,0,0,8,-1.2200000000000002
3849,3,849,68,3922.5,11,822.0,0,0,8,-1.23
3850,3,850,68,3956.5,11,827.5,0,0,8,-1.23
3851,3,851,69,3992.0,11,833.0,1,0,8,-1.24
3852,3,852,70,4028.0,11,838.5,1,0,8,-1.25
3853,3,853,71,4064.5,11,844.0,0,0,8,-1.26
3854,3,854,72,4101.5,11,849.5,0,0,8,-1.27
3855,3,855,72,4137.5,11,855.0,0,0,8,-1.27
3856,3,856,72,4173.5,11,860.5,0,0,8,-1.27
3857,3,857,73,4211.0,11,866.0,0,1,8,-1.28
3858,3,858,73,4247.5,11,871.5,0,0,8,-1.28
3859,3,859,73,4284.0,11,877.0,0,0,8,-1.28
3860,3,860,74,4322.0,11,882.5,0,0,8,-1.29
3861,3,861,75,4360.5,11,888.0,0,0,8,-1.3
3862,3,862,75,4398.0,11,893.5,1,0,8,-1.3
3863,3,863,75,4435.5,12,900.5,0,0,8,-1.35
3864,3,864,75,4473.0,12,906.5,0,0,8,-1.35
3865,3,865,76,4512.0,12,912.5,0,0,8,-1.3599999999999999
3866,3,866,76,4550.0,12,918.5,0,0,8,-1.3599999999999999
3867,3,867,76,4588.0,14,927.5,0,0,8,-1.46
3868,3,868,76,4626.0,14,934.5,0,0,8,-1.46
3869,3,869,76,4664.0,14,941.5,0,0,8,-1.46
3870,3,870,76,4702.0,14,948.5,0,0,8,-1.46
3871,3,871,76,4740.0,14,955.5,0,0,8,-1.46
3872,3,872,76,4778.0,14,962.5,0,0,8,-1.46
3873,3,873,78,4819.0,14,969.5,1,0,8,-1.48
3874,3,874,78,4858.0,14,976.5,0,0,8,-1.48
3875,3,875,79,4898.5,14,983.5,0,0,8,-1.49
3876,3,876,79,4938.0,14,990.5,0,0,8,-1.49
3877,3,877,79,4977.5,14,997.5,0,0,9,-1.49
3878,3,878,79,5017.0,15,1006.0,0,0,9,-1.54
3879,3,879,80,5058.0,14,1011.5,0,1,9,-1.5
3880,3,880,80,5098.0,14,1018.5,0,0,9,-1.5
3881,3,881,81,5139.5,14,1025.5,0,1,9,-1.51
3882,3,882,82,5181.5,16,1035.5,0,0,9,-1.62
3883,3,883,78,4651.0,10,663.0,0,0,0,-1.28
3884,3,884,74,4176.5,10,668.0,0,2,0,-1.24
3885,3,885,71,3736.5,9,615.0,0,0,0,-1.16
3886,3,886,68,3430.5,9,619.5,0,0,0,-1.1300000000000001
3887,3,887,66,3251.0,9,624.0,1,0,0,-1.11
3888,3,888,64,2992.5,9,628.5,0,0,0,-1.09
3889,3,889,60,2642.5,8,628.0,0,0,0,-1.0
3890,3,890,60,2479.0,8,632.0,0,0,0,-1.0
3891,3,891,58,2365.5,8,543.0,0,0,0,-0.98
3892,3,892,57,2086.0,6,517.0,0,0,0,-0.8699999999999999
3893,3,893,55,1948.5,6,520.0,0,0,0,-0.8500000000000001
3894,3,894,53,1876.5,5,508.0,1,0,0,-0.78
3895,3,895,50,1704.5,5,510.5,0,0,0,-0.75
3896,3,896,47,1551.5,5,513.0,0,2,0,-0.72
3897,3,897,45,1517.5,6,517.0,0,1,0,-0.75
3898,3,898,43,1419.5,5,418.5,0,0,0,-0.6799999999999999
3899,3,899,40,1305.0,3,413.0,0,0,0,-0.55
3900,3,900,38,1310.5,4,416.0,0,2,0,-0.5800000000000001
3901,3,901,38,1246.5,4,418.0,0,0,0,-0.5800000000000001
3902,3,902,36,1233.5,4,420.0,1,0,0,-0.56
3903,3,903,35,1217.0,4,422.0,0,1,0,-0.55
3904,3,904,33,1182.0,4,424.0,0,0,0,-0.53
3905,3,905,34,1200.0,4,426.0,0,1,0,-0.54
3906,3,906,32,1180.0,4,428.0,0,0,0,-0.52
3907,3,907,30,1175.0,4,430.0,0,0,0,-0.5
3908,3,908,30,1190.0,4,432.0,0,0,0,-0.5
3909,3,909,29,1201.5,3,223.5,0,0,0,-0.43999999999999995
3910,3,910,30,1217.5,2,22.0,0,0,0,-0.4
3911,3,911,30,1232.5,2,23.0,0,0,0,-0.4
3912,3,912,34,1253.5,2,24.0,0,1,0,-0.44000000000000006
3913,3,913,35,1272.0,2,25.0,0,0,0,-0.44999999999999996
3914,3,914,37,1292.5,2,26.0,0,0,0,-0.47
3915,3,915,37,1311.0,2,27.0,0,0,0,-0.47
3916,3,916,37,1329.5,2,28.0,0,1,0,-0.47
3917,3,917,37,1348.0,2,29.0,0,0,0,-0.47
3918,3,918,37,1366.5,2,30.0,0,0,0,-0.47
3919,3,919,37,1385.0,2,31.0,0,0,0,-0.47
3920,3,920,38,1405.0,2,32.0,0,2,0,-0.48
3921,3,921,40,1427.0,2,33.0,0,0,0,-0.5
3922,3,922,40,1447.0,2,34.0,0,0,0,-0.5
3923,3,923,40,1467.0,2,35.0,0,1,0,-0.5
3924,3,924,40,1487.0,2,36.0,0,0,0,-0.5
3925,3,925,40,1507.0,2,37.0,1,1,0,-0.5
3926,3,926,40,1527.0,2,38.0,0,1,0,-0.5
3927,3,927,40,1547.0,2,39.0,0,0,0,-0.5
3928,3,928,40,1567.0,2,40.0,0,0,0,-0.5
3929,3,929,40,1587.0,2,41.0,0,0,0,-0.5
3930,3,930,41,1608.5,2,42.0,0,0,0,-0.51
3931,3,931,41,1629.0,2,43.0,0,0,0,-0.51
3932,3,932,42,1651.0,2,44.0,0,0,0,-0.52
3933,3,933,40,1443.0,2,45.0,0,0,1,-0.5
3934,3,934,38,1337.0,2,46.0,0,0,1,-0.48
3935,3,935,36,1332.0,2,47.0,0,0,1,-0.45999999999999996
3936,3,936,36,1350.0,2,48.0,1,0,1,-0.45999999999999996
3937,3,937,36,1368.0,2,49.0,0,0,1,-0.45999999999999996
3938,3,938,36,1386.0,2,50.0,0,0,1,-0.45999999999999996
3939,3,939,37,1405.5,2,51.0,0,0,1,-0.47
3940,3,940,37,1424.0,2,52.0,0,0,1,-0.47
3941,3,941,40,1447.0,2,53.0,0,0,1,-0.5
3942,3,942,40,1467.0,2,54.0,0,0,1,-0.5
3943,3,943,41,1488.5,2,55.0,0,0,1,-0.51
3944,3,944,42,1510.5,2,56.0,0,0,1,-0.52
3945,3,945,42,1531.5,2,57.0,0,0,1,-0.52
3946,3,946,40,1544.5,2,58.0,0,0,1,-0.5
3947,3,947,38,1558.0,2,59.0,0,0,1,-0.48
3948,3,948,38,1577.0,2,60.0,0,0,1,-0.48
3949,3,949,40,1599.0,2,61.0,0,0,1,-0.5
3950,3,950,41,1620.5,2,62.0,0,0,1,-0.51
3951,3,951,42,1642.5,2,63.0,0,0,1,-0.52
3952,3,952,42,1663.5,2,64.0,0,0,1,-0.52
3953,3,953,42,1684.5,2,65.0,0,0,1,-0.52
3954,3,954,42,1705.5,2,66.0,0,0,1,-0.52
3955,3,955,42,1726.5,2,67.0,0,0,1,-0.52
3956,3,956,42,1747.5,2,68.0,0,0,1,-0.52
3957,3,957,42,1768.5,2,69.0,0,0,1,-0.52
3958,3,958,42,1789.5,2,70.0,0,0,1,-0.52
3959,3,959,43,1812.0,2,71.0,0,0,1,-0.53
3960,3,960,43,1833.5,2,72.0,0,0,1,-0.53
3961,3,961,44,1856.5,3,74.5,0,0,1,-0.59
3962,3,962,44,1878.5,3,76.0,0,1,1,-0.59
3963,3,963,44,1900.5,3,77.5,0,1,1,-0.59
3964,3,964,44,1922.5,3,79.0,0,0,1,-0.59
3965,3,965,44,1944.5,3,80.5,0,1,1,-0.59
3966,3,966,44,1966.5,3,82.0,0,1,1,-0.59
3967,3,967,45,1990.0,4,85.0,0,0,1,-0.65
3968,3,968,45,2012.5,4,87.0,0,1,1,-0.65
3969,3,969,45,2035.0,5,90.5,0,1,1,-0.7
3970,3,970,46,2059.0,5,93.0,0,0,1,-0.71
3971,3,971,47,2083.5,5,95.5,0,1,1,-0.72
3972,3,972,47,2107.0,5,98.0,1,0,1,-0.72
3973,3,973,47,2130.5,5,100.5,0,0,1,-0.72
3974,3,974,47,2154.0,5,103.0,0,0,1,-0.72
3975,3,975,47,2177.5,6,107.0,0,0,1,-0.77
3976,3,976,47,2201.0,6,110.0,0,0,1,-0.77
3977,3,977,47,2224.5,6,113.0,0,0,1,-0.77
3978,3,978,47,2248.0,6,116.0,0,0,1,-0.77
3979,3,979,47,2271.5,6,119.0,0,0,1,-0.77
3980,3,980,48,2296.5,6,122.0,0,1,1,-0.78
3981,3,981,49,2322.0,6,125.0,0,0,1,-0.79
3982,3,982,49,2346.5,6,128.0,0,1,1,-0.79
3983,3,983,49,2371.0,6,131.0,0,1,1,-0.79
3984,3,984,50,2397.0,6,134.0,0,2,1,-0.8
3985,3,985,50,2422.0,6,137.0,0,1,1,-0.8
3986,3,986,50,2447.0,6,140.0,0,1,1,-0.8
3987,3,987,50,2472.0,6,143.0,0,0,1,-0.8
3988,3,988,51,2498.5,6,146.0,0,2,1,-0.81
3989,3,989,52,2525.5,6,149.0,0,2,1,-0.8200000000000001
3990,3,990,53,2553.0,6,152.0,0,0,1,-0.8300000000000001
3991,3,991,53,2579.5,6,155.0,0,1,1,-0.8300000000000001
3992,3,992,53,2606.0,6,158.0,0,2,1,-0.8300000000000001
3993,3,993,54,2634.0,6,161.0,0,1,1,-0.8400000000000001
3994,3,994,54,2661.0,6,164.0,0,1,1,-0.8400000000000001
3995,3,995,54,2688.0,6,167.0,0,1,1,-0.8400000000000001
3996,3,996,54,2715.0,6,170.0,0,1,1,-0.8400000000000001
3997,3,997,55,2743.5,6,173.0,0,1,1,-0.8500000000000001
3998,3,998,55,2771.0,6,176.0,0,1,1,-0.8500000000000001
3999,3,999,55,2798.5,6,179.0,0,2,1,-0.8500000000000001
4000,4,0,0,0.0,0,0.0,0,0,0,-0.0
4001,4,1,0,0.0,0,0.0,0,0,0,-0.0
4002,4,2,0,0.0,0,0.0,0,0,0,-0.0
4003,4,3,0,0.0,0,0.0,0,0,0,-0.0
4004,4,4,0,0.0,0,0.0,0,0,0,-0.0
4005,4,5,0,0.0,0,0.0,0,0,0,-0.0
4006,4,6,0,0.0,0,0.0,0,0,0,-0.0
4007,4,7,0,0.0,0,0.0,0,0,0,-0.0
4008,4,8,0,0.0,0,0.0,0,0,0,-0.0
4009,4,9,0,0.0,0,0.0,0,0,0,-0.0
4010,4,10,0,0.0,0,0.0,0,0,0,-0.0
4011,4,11,0,0.0,0,0.0,0,0,0,-0.0
4012,4,12,0,0.0,0,0.0,0,0,0,-0.0
4013,4,13,0,0.0,0,0.0,0,0,0,-0.0
4014,4,14,0,0.0,0,0.0,0,0,0,-0.0
4015,4,15,0,0.0,0,0.0,0,0,0,-0.0
4016,4,16,0,0.0,0,0.0,0,0,0,-0.0
4017,4,17,0,0.0,0,0.0,0,0,0,-0.0
4018,4,18,0,0.0,0,0.0,0,0,0,-0.0
4019,4,19,0,0.0,0,0.0,0,0,0,-0.0
4020,4,20,0,0.0,0,0.0,0,0,0,-0.0
4021,4,21,0,0.0,0,0.0,0,0,0,-0.0
4022,4,22,0,0.0,0,0.0,0,0,0,-0.0
4023,4,23,0,0.0,0,0.0,0,0,0,-0.0
4024,4,24,0,0.0,0,0.0,0,0,0,-0.0
4025,4,25,0,0.0,0,0.0,0,0,0,-0.0
4026,4,26,0,0.0,0,0.0,0,0,0,-0.0
4027,4,27,0,0.0,0,0.0,0,0,0,-0.0
4028,4,28,0,0.0,0,0.0,0,0,0,-0.0
4029,4,29,0,0.0,0,0.0,0,0,0,-0.0
4030,4,30,0,0.0,0,0.0,0,0,0,-0.0
4031,4,31,0,0.0,0,0.0,0,0,0,-0.0
4032,4,32,0,0.0,0,0.0,0,0,0,-0.0
4033,4,33,0,0.0,0,0.0,0,0,0,-0.0
4034,4,34,0,0.0,0,0.0,0,0,0,-0.0
4035,4,35,0,0.0,0,0.0,0,0,0,-0.0
4036,4,36,0,0.0,0,0.0,0,0,0,-0.0
4037,4,37,0,0.0,0,0.0,0,0,0,-0.0
4038,4,38,0,0.0,0,0.0,0,0,0,-0.0
4039,4,39,0,0.0,0,0.0,0,0,0,-0.0
4040,4,40,0,0.0,0,0.0,0,0,0,-0.0
4041,4,41,0,0.0,0,0.0,0,0,0,-0.0
4042,4,42,0,0.0,0,0.0,0,0,0,-0.0
4043,4,43,0,0.0,0,0.0,0,0,0,-0.0
4044,4,44,0,0.0,0,0.0,0,0,0,-0.0
4045,4,45,0,0.0,0,0.0,0,0,0,-0.0
4046,4,46,0,0.0,0,0.0,0,0,0,-0.0
4047,4,47,0,0.0,0,0.0,0,0,0,-0.0
4048,4,48,0,0.0,0,0.0,0,0,0,-0.0
4049,4,49,0,0.0,0,0.0,0,0,1,-0.0
4050,4,50,0,0.0,0,0.0,0,0,1,-0.0
4051,4,51,0,0.0,0,0.0,0,0,1,-0.0
4052,4,52,0,0.0,0,0.0,0,0,1,-0.0
4053,4,53,0,0.0,0,0.0,0,0,1,-0.0
4054,4,54,0,0.0,0,0.0,0,0,1,-0.0
4055,4,55,0,0.0,0,0.0,0,0,1,-0.0
4056,4,56,0,0.0,0,0.0,0,0,1,-0.0
4057,4,57,0,0.0,0,0.0,0,0,1,-0.0
4058,4,58,0,0.0,0,0.0,0,0,1,-0.0
4059,4,59,0,0.0,0,0.0,0,0,1,-0.0
4060,4,60,0,0.0,0,0.0,0,0,1,-0.0
4061,4,61,0,0.0,0,0.0,0,0,1,-0.0
4062,4,62,0,0.0,1,1.5,0,0,1,-0.05
4063,4,63,0,0.0,1,2.0,0,0,1,-0.05
4064,4,64,0,0.0,2,4.0,0,0,1,-0.1
4065,4,65,0,0.0,3,6.5,0,0,1,-0.15
4066,4,66,0,0.0,3,8.0,0,0,1,-0.15
4067,4,67,0,0.0,3,9.5,0,0,1,-0.15
4068,4,68,0,0.0,2,8.0,0,0,1,-0.1
4069,4,69,0,0.0,2,9.0,0,0,1,-0.1
4070,4,70,0,0.0,2,10.0,0,0,1,-0.1
4071,4,71,0,0.0,3,12.5,0,0,1,-0.15
4072,4,72,0,0.0,3,14.0,0,0,1,-0.15
4073,4,73,0,0.0,3,15.5,0,0,1,-0.15
4074,4,74,0,0.0,3,17.0,0,0,1,-0.15
4075,4,75,0,0.0,3,18.5,0,0,1,-0.15
4076,4,76,0,0.0,3,20.0,0,0,1,-0.15
4077,4,77,0,0.0,3,21.5,0,0,1,-0.15
4078,4,78,5,7.5,3,23.0,0,0,1,-0.2
4079,4,79,5,10.0,3,24.5,0,0,1,-0.2
4080,4,80,5,12.5,3,26.0,0,0,1,-0.2
4081,4,81,5,15.0,3,27.5,0,0,1,-0.2
4082,4,82,5,17.5,3,29.0,0,0,1,-0.2
4083,4,83,5,20.0,4,32.0,0,0,1,-0.25
4084,4,84,5,22.5,4,34.0,0,0,1,-0.25
4085,4,85,5,25.0,4,36.0,0,0,1,-0.25
4086,4,86,8,32.0,5,39.5,0,0,1,-0.33
4087,4,87,8,36.0,6,43.5,0,0,1,-0.38
4088,4,88,8,40.0,5,44.5,0,0,1,-0.33
4089,4,89,10,47.0,5,47.0,0,0,1,-0.35
4090,4,90,10,52.0,5,49.5,0,0,1,-0.35
4091,4,91,10,57.0,6,53.5,0,0,1,-0.4
4092,4,92,10,62.0,6,56.5,0,0,1,-0.4
4093,4,93,10,67.0,6,59.5,0,0,1,-0.4
4094,4,94,10,72.0,6,62.5,0,0,1,-0.4
4095,4,95,10,77.0,6,65.5,0,0,1,-0.4
4096,4,96,10,82.0,6,68.5,0,0,1,-0.4
4097,4,97,10,87.0,7,73.0,0,0,1,-0.44999999999999996
4098,4,98,10,92.0,8,78.0,0,0,1,-0.5
4099,4,99,10,97.0,8,82.0,0,0,1,-0.5
4100,4,100,10,102.0,8,86.0,0,0,1,-0.5
4101,4,101,11,108.5,8,90.0,0,0,1,-0.51
4102,4,102,11,114.0,8,94.0,0,0,1,-0.51
4103,4,103,12,121.0,8,98.0,0,0,1,-0.52
4104,4,104,12,127.0,8,102.0,0,0,1,-0.52
4105,4,105,12,133.0,8,106.0,0,0,1,-0.52
4106,4,106,12,139.0,8,110.0,0,0,1,-0.52
4107,4,107,12,145.0,8,114.0,0,0,1,-0.52
4108,4,108,12,151.0,8,118.0,0,0,1,-0.52
4109,4,109,12,157.0,8,122.0,0,0,1,-0.52
4110,4,110,12,163.0,8,126.0,0,0,1,-0.52
4111,4,111,12,169.0,8,130.0,0,0,1,-0.52
4112,4,112,12,175.0,8,134.0,0,0,1,-0.52
4113,4,113,12,181.0,8,138.0,0,0,1,-0.52
4114,4,114,13,188.5,8,142.0,0,0,1,-0.53
4115,4,115,13,195.0,8,146.0,0,0,1,-0.53
4116,4,116,13,201.5,8,150.0,0,0,1,-0.53
4117,4,117,13,208.0,8,154.0,0,0,1,-0.53
4118,4,118,13,214.5,8,158.0,0,0,1,-0.53
4119,4,119,13,221.0,8,162.0,0,0,1,-0.53
4120,4,120,13,227.5,8,166.0,0,0,1,-0.53
4121,4,121,13,234.0,8,170.0,0,0,1,-0.53
4122,4,122,14,242.0,8,174.0,0,0,1,-0.54
4123,4,123,15,250.5,8,178.0,0,0,1,-0.55
4124,4,124,15,258.0,8,182.0,0,0,1,-0.55
4125,4,125,15,265.5,8,186.0,0,0,1,-0.55
4126,4,126,15,273.0,8,190.0,0,0,1,-0.55
4127,4,127,15,280.5,8,194.0,0,0,1,-0.55
4128,4,128,15,288.0,8,198.0,0,0,1,-0.55
4129,4,129,15,295.5,8,202.0,0,0,1,-0.55
4130,4,130,15,303.0,8,206.0,0,0,1,-0.55
4131,4,131,15,310.5,8,210.0,0,0,1,-0.55
4132,4,132,15,318.0,8,214.0,0,0,1,-0.55
4133,4,133,15,325.5,8,218.0,0,0,1,-0.55
4134,4,134,16,334.5,8,222.0,0,0,1,-0.56
4135,4,135,16,342.5,8,226.0,0,0,1,-0.56
4136,4,136,16,350.5,8,230.0,0,0,1,-0.56
4137,4,137,16,358.5,8,234.0,0,0,1,-0.56
4138,4,138,16,366.5,8,238.0,0,0,1,-0.56
4139,4,139,16,374.5,8,242.0,0,0,2,-0.56
4140,4,140,16,382.5,8,246.0,0,0,2,-0.56
4141,4,141,17,392.0,8,250.0,0,0,2,-0.5700000000000001
4142,4,142,17,400.5,8,254.0,0,0,2,-0.5700000000000001
4143,4,143,18,410.5,8,258.0,0,0,2,-0.5800000000000001
4144,4,144,18,419.5,8,262.0,0,0,2,-0.5800000000000001
4145,4,145,18,428.5,8,266.0,0,0,2,-0.5800000000000001
4146,4,146,18,437.5,8,270.0,0,0,2,-0.5800000000000001
4147,4,147,18,446.5,8,274.0,0,0,2,-0.5800000000000001
4148,4,148,18,455.5,8,278.0,0,1,2,-0.5800000000000001
4149,4,149,18,464.5,8,282.0,0,0,2,-0.5800000000000001
4150,4,150,19,475.0,8,286.0,0,0,2,-0.5900000000000001
4151,4,151,20,417.0,8,290.0,0,1,3,-0.6000000000000001
4152,4,152,21,428.5,8,294.0,0,0,3,-0.61
4153,4,153,21,439.0,8,298.0,0,0,3,-0.61
4154,4,154,21,449.5,8,302.0,0,0,3,-0.61
4155,4,155,21,460.0,8,306.0,0,0,3,-0.61
4156,4,156,21,470.5,8,310.0,0,0,3,-0.61
4157,4,157,21,481.0,8,314.0,0,0,3,-0.61
4158,4,158,21,491.5,8,318.0,0,0,3,-0.61
4159,4,159,22,503.5,8,322.0,0,1,3,-0.62
4160,4,160,23,516.0,8,326.0,0,0,3,-0.63
4161,4,161,24,529.0,8,330.0,0,0,3,-0.64
4162,4,162,25,542.5,8,334.0,0,0,3,-0.65
4163,4,163,27,558.0,8,338.0,0,0,3,-0.67
4164,4,164,31,577.5,8,342.0,0,0,3,-0.71
4165,4,165,31,593.0,8,346.0,0,1,3,-0.71
4166,4,166,31,608.5,8,350.0,0,1,3,-0.71
4167,4,167,31,624.0,8,354.0,0,0,3,-0.71
4168,4,168,31,639.5,8,358.0,0,0,3,-0.71
4169,4,169,33,658.0,8,362.0,0,0,3,-0.73
4170,4,170,33,674.5,8,366.0,0,1,3,-0.73
4171,4,171,33,691.0,8,370.0,0,0,3,-0.73
4172,4,172,35,710.5,8,374.0,0,0,3,-0.75
4173,4,173,36,729.5,8,378.0,0,0,3,-0.76
4174,4,174,37,749.0,8,382.0,0,0,3,-0.77
4175,4,175,37,767.5,8,386.0,0,0,3,-0.77
4176,4,176,37,786.0,8,390.0,0,1,3,-0.77
4177,4,177,37,804.5,8,394.0,0,0,3,-0.77
4178,4,178,37,823.0,8,398.0,0,0,3,-0.77
4179,4,179,37,841.5,8,402.0,0,0,3,-0.77
4180,4,180,37,860.0,8,406.0,0,2,3,-0.77
4181,4,181,37,878.5,8,410.0,0,0,3,-0.77
4182,4,182,38,898.5,8,414.0,0,0,3,-0.78
4183,4,183,39,919.0,8,418.0,0,0,3,-0.79
4184,4,184,39,938.5,8,422.0,0,0,3,-0.79
4185,4,185,39,958.0,8,426.0,0,0,3,-0.79
4186,4,186,41,980.5,8,430.0,0,0,3,-0.81
4187,4,187,42,1002.5,8,434.0,0,1,3,-0.8200000000000001
4188,4,188,42,1023.5,8,438.0,0,0,3,-0.8200000000000001
4189,4,189,42,1044.5,8,442.0,0,0,3,-0.8200000000000001
4190,4,190,42,1065.5,8,446.0,0,1,3,-0.8200000000000001
4191,4,191,42,1086.5,8,450.0,0,0,3,-0.8200000000000001
4192,4,192,44,1110.5,8,454.0,0,0,3,-0.8400000000000001
4193,4,193,44,1132.5,8,458.0,0,0,3,-0.8400000000000001
4194,4,194,45,1156.0,8,462.0,0,0,3,-0.8500000000000001
4195,4,195,47,1181.5,8,466.0,0,0,3,-0.87
4196,4,196,47,1205.0,8,470.0,0,0,3,-0.87
4197,4,197,47,1228.5,8,474.0,0,0,3,-0.87
4198,4,198,48,1253.5,8,478.0,0,0,3,-0.88
4199,4,199,49,1279.0,8,482.0,0,0,3,-0.89
4200,4,200,49,1303.5,8,486.0,0,0,3,-0.89
4201,4,201,49,1328.0,8,490.0,0,0,3,-0.89
4202,4,202,51,1355.5,8,494.0,0,0,3,-0.91
4203,4,203,51,1381.0,8,498.0,0,0,3,-0.91
4204,4,204,51,1406.5,8,502.0,0,0,3,-0.91
4205,4,205,53,1435.0,8,506.0,0,0,3,-0.93
4206,4,206,53,1461.5,8,510.0,0,0,3,-0.93
4207,4,207,53,1488.0,8,514.0,0,1,3,-0.93
4208,4,208,53,1514.5,8,518.0,0,0,3,-0.93
4209,4,209,53,1541.0,8,522.0,0,0,3,-0.93
4210,4,210,53,1567.5,8,526.0,0,0,3,-0.93
4211,4,211,54,1595.5,8,530.0,0,1,4,-0.9400000000000001
4212,4,212,55,1624.0,8,534.0,0,0,4,-0.9500000000000001
4213,4,213,55,1651.5,8,538.0,0,0,4,-0.9500000000000001
4214,4,214,55,1679.0,8,542.0,0,0,4,-0.9500000000000001
4215,4,215,55,1706.5,8,546.0,0,0,4,-0.9500000000000001
4216,4,216,55,1734.0,8,550.0,0,1,4,-0.9500000000000001
4217,4,217,55,1761.5,8,554.0,0,0,4,-0.9500000000000001
4218,4,218,55,1789.0,8,558.0,0,1,4,-0.9500000000000001
4219,4,219,56,1818.0,8,562.0,0,0,4,-0.9600000000000001
4220,4,220,57,1847.5,8,566.0,0,0,4,-0.97
4221,4,221,57,1876.0,8,570.0,0,0,4,-0.97
4222,4,222,58,1906.0,8,574.0,0,0,4,-0.98
4223,4,223,53,1593.5,8,578.0,0,0,5,-0.93
4224,4,224,49,1386.0,8,582.0,0,0,5,-0.89
4225,4,225,46,1226.5,8,586.0,0,0,5,-0.8600000000000001
4226,4,226,42,1103.0,8,590.0,0,0,5,-0.8200000000000001
4227,4,227,43,1125.5,8,594.0,0,0,5,-0.8300000000000001
4228,4,228,39,1033.0,8,598.0,0,0,5,-0.79
4229,4,229,35,972.0,7,531.5,0,0,5,-0.7
4230,4,230,34,955.0,7,535.0,0,0,5,-0.69
4231,4,231,33,961.0,6,457.0,0,1,5,-0.63
4232,4,232,32,953.5,5,373.5,0,0,5,-0.5700000000000001
4233,4,233,31,957.0,3,221.0,0,0,5,-0.45999999999999996
4234,4,234,31,972.5,3,222.5,0,0,5,-0.45999999999999996
4235,4,235,32,989.5,3,224.0,0,0,5,-0.47
4236,4,236,33,1007.0,3,225.5,0,0,5,-0.48
4237,4,237,33,1023.5,2,150.0,0,0,5,-0.43000000000000005
4238,4,238,33,1040.0,2,151.0,0,0,5,-0.43000000000000005
4239,4,239,33,1056.5,2,152.0,0,0,5,-0.43000000000000005
4240,4,240,33,1073.0,2,153.0,0,1,5,-0.43000000000000005
4241,4,241,33,1089.5,2,154.0,0,0,5,-0.43000000000000005
4242,4,242,33,1106.0,2,155.0,0,0,5,-0.43000000000000005
4243,4,243,33,1122.5,2,156.0,0,0,5,-0.43000000000000005
4244,4,244,34,1140.5,2,157.0,0,0,5,-0.44000000000000006
4245,4,245,35,1159.0,2,158.0,0,0,5,-0.44999999999999996
4246,4,246,35,1176.5,2,159.0,0,0,5,-0.44999999999999996
4247,4,247,35,1194.0,2,160.0,0,0,5,-0.44999999999999996
4248,4,248,35,1211.5,2,161.0,0,0,5,-0.44999999999999996
4249,4,249,35,1229.0,2,162.0,0,0,5,-0.44999999999999996
4250,4,250,35,1246.5,2,163.0,0,0,5,-0.44999999999999996
4251,4,251,35,1264.0,2,164.0,0,0,5,-0.44999999999999996
4252,4,252,35,1281.5,2,165.0,0,1,5,-0.44999999999999996
4253,4,253,36,1300.5,2,166.0,0,1,5,-0.45999999999999996
4254,4,254,37,1320.0,2,167.0,0,0,5,-0.47
4255,4,255,37,1338.5,2,168.0,0,0,5,-0.47
4256,4,256,37,1357.0,2,169.0,0,1,5,-0.47
4257,4,257,37,1375.5,2,170.0,0,0,5,-0.47
4258,4,258,37,1394.0,2,171.0,0,0,5,-0.47
4259,4,259,37,1412.5,2,172.0,0,0,5,-0.47
4260,4,260,37,1431.0,2,173.0,0,0,5,-0.47
4261,4,261,37,1449.5,2,174.0,0,0,5,-0.47
4262,4,262,37,1468.0,2,175.0,0,0,5,-0.47
4263,4,263,37,1486.5,2,176.0,0,0,5,-0.47
4264,4,264,38,1506.5,2,177.0,0,0,5,-0.48
4265,4,265,39,1527.0,2,178.0,0,0,5,-0.49
4266,4,266,39,1546.5,2,179.0,0,0,5,-0.49
4267,4,267,39,1566.0,2,180.0,0,0,5,-0.49
4268,4,268,39,1585.5,2,181.0,0,0,5,-0.49
4269,4,269,39,1605.0,2,182.0,0,0,5,-0.49
4270,4,270,39,1624.5,2,183.0,0,0,5,-0.49
4271,4,271,39,1644.0,2,184.0,0,1,5,-0.49
4272,4,272,39,1663.5,2,185.0,0,0,5,-0.49
4273,4,273,37,1485.0,2,186.0,0,0,6,-0.47
4274,4,274,37,1420.0,3,188.5,0,0,6,-0.52
4275,4,275,37,1438.5,3,190.0,0,0,6,-0.52
4276,4,276,37,1457.0,3,191.5,0,0,6,-0.52
4277,4,277,37,1475.5,3,193.0,0,0,6,-0.52
4278,4,278,37,1494.0,3,194.5,0,0,6,-0.52
4279,4,279,37,1512.5,3,196.0,0,0,6,-0.52
4280,4,280,37,1531.0,3,197.5,0,0,6,-0.52
4281,4,281,37,1549.5,3,199.0,0,0,6,-0.52
4282,4,282,37,1568.0,5,203.5,0,0,6,-0.62
4283,4,283,37,1586.5,4,204.0,0,0,6,-0.5700000000000001
4284,4,284,37,1605.0,4,206.0,0,0,6,-0.5700000000000001
4285,4,285,38,1625.0,4,208.0,0,0,6,-0.5800000000000001
4286,4,286,38,1644.0,4,210.0,0,0,6,-0.5800000000000001
4287,4,287,41,1667.5,5,213.5,0,2,6,-0.6599999999999999
4288,4,288,43,1691.0,5,216.0,0,0,6,-0.6799999999999999
4289,4,289,43,1712.5,6,220.0,0,0,6,-0.73
4290,4,290,43,1734.0,6,223.0,0,0,6,-0.73
4291,4,291,43,1755.5,7,227.5,0,0,6,-0.78
4292,4,292,44,1778.5,6,229.0,0,0,6,-0.74
4293,4,293,44,1800.5,6,232.0,0,0,6,-0.74
4294,4,294,46,1825.5,6,235.0,0,0,6,-0.76
4295,4,295,47,1850.0,7,239.5,0,0,6,-0.82
4296,4,296,47,1873.5,7,243.0,0,0,6,-0.82
4297,4,297,47,1897.0,8,248.0,0,0,6,-0.87
4298,4,298,47,1920.5,8,251.5,0,0,6,-0.87
4299,4,299,47,1944.0,8,255.5,0,0,6,-0.87
4300,4,300,47,1967.5,10,262.5,0,0,6,-0.97
4301,4,301,47,1991.0,11,269.0,0,0,6,-1.02
4302,4,302,47,2014.5,11,274.5,0,0,6,-1.02
4303,4,303,47,2038.0,11,280.0,0,3,6,-1.02
4304,4,304,47,2061.5,12,287.0,0,0,6,-1.0699999999999998
4305,4,305,47,2085.0,12,292.5,0,0,6,-1.0699999999999998
4306,4,306,47,2108.5,12,298.5,0,2,6,-1.0699999999999998
4307,4,307,47,2132.0,12,304.5,0,0,6,-1.0699999999999998
4308,4,308,47,2155.5,13,312.0,0,0,6,-1.12
4309,4,309,47,2179.0,13,318.5,0,1,6,-1.12
4310,4,310,47,2202.5,13,325.0,0,0,6,-1.12
4311,4,311,47,2226.0,13,331.5,0,0,6,-1.12
4312,4,312,48,2251.0,13,338.0,0,1,6,-1.13
4313,4,313,48,2275.0,13,344.5,0,1,6,-1.13
4314,4,314,50,2302.0,13,351.0,0,0,6,-1.15
4315,4,315,50,2327.0,13,357.5,0,2,6,-1.15
4316,4,316,50,2352.0,13,364.0,0,1,6,-1.15
4317,4,317,50,2377.0,13,370.5,0,0,6,-1.15
4318,4,318,50,2402.0,13,377.0,0,4,6,-1.15
4319,4,319,50,2427.0,13,383.5,0,0,6,-1.15
4320,4,320,50,2452.0,13,390.0,0,0,6,-1.15
4321,4,321,51,2478.5,13,396.5,0,2,6,-1.1600000000000001
4322,4,322,51,2504.0,13,403.0,0,0,6,-1.1600000000000001
4323,4,323,52,2531.0,13,409.5,0,0,6,-1.17
4324,4,324,53,2558.5,13,416.0,0,6,6,-1.1800000000000002
4325,4,325,53,2585.0,13,422.5,0,0,6,-1.1800000000000002
4326,4,326,53,2611.5,13,429.0,0,0,6,-1.1800000000000002
4327,4,327,53,2638.0,13,435.5,0,2,6,-1.1800000000000002
4328,4,328,53,2664.5,13,442.0,0,0,6,-1.1800000000000002
4329,4,329,53,2691.0,13,448.5,0,0,6,-1.1800000000000002
4330,4,330,53,2717.5,13,455.0,0,3,6,-1.1800000000000002
4331,4,331,53,2744.0,13,461.5,0,0,6,-1.1800000000000002
4332,4,332,53,2770.5,13,468.0,0,1,6,-1.1800000000000002
4333,4,333,53,2797.0,13,474.5,0,2,6,-1.1800000000000002
4334,4,334,54,2825.0,14,482.5,0,1,6,-1.24
4335,4,335,54,2852.0,13,487.5,0,2,6,-1.19
4336,4,336,54,2879.0,13,494.0,0,2,6,-1.19
4337,4,337,54,2906.0,13,500.5,0,1,6,-1.19
4338,4,338,54,2933.0,14,508.5,0,0,6,-1.24
4339,4,339,54,2960.0,14,515.5,0,3,6,-1.24
4340,4,340,54,2987.0,14,522.5,0,1,6,-1.24
4341,4,341,54,3014.0,14,529.5,0,0,6,-1.24
4342,4,342,55,3042.5,14,536.5,0,1,6,-1.25
4343,4,343,56,3071.5,14,543.5,0,1,6,-1.26
4344,4,344,56,3099.5,14,550.5,0,0,6,-1.26
4345,4,345,56,3127.5,14,557.5,0,0,6,-1.26
4346,4,346,56,3155.5,14,564.5,0,1,6,-1.26
4347,4,347,56,3183.5,14,571.5,0,1,6,-1.26
4348,4,348,56,3211.5,14,578.5,0,1,6,-1.26
4349,4,349,56,3239.5,14,585.5,0,0,6,-1.26
4350,4,350,57,3269.0,14,592.5,0,0,6,-1.27
4351,4,351,57,3297.5,14,599.5,0,1,6,-1.27
4352,4,352,57,3326.0,14,606.5,0,0,6,-1.27
4353,4,353,57,3354.5,14,613.5,0,0,6,-1.27
4354,4,354,58,3384.5,14,620.5,0,0,6,-1.2799999999999998
4355,4,355,58,3413.5,14,627.5,0,1,6,-1.2799999999999998
4356,4,356,60,3445.5,14,634.5,0,1,6,-1.2999999999999998
4357,4,357,60,3475.5,14,641.5,0,1,6,-1.2999999999999998
4358,4,358,60,3505.5,14,648.5,0,0,6,-1.2999999999999998
4359,4,359,62,3538.5,14,655.5,0,0,6,-1.3199999999999998
4360,4,360,63,3571.0,14,662.5,0,0,6,-1.33
4361,4,361,63,3602.5,14,669.5,0,1,6,-1.33
4362,4,362,63,3634.0,14,676.5,0,0,6,-1.33
4363,4,363,63,3665.5,14,683.5,0,0,7,-1.33
4364,4,364,64,3698.5,14,690.5,0,0,7,-1.3399999999999999
4365,4,365,64,3730.5,14,697.5,0,0,7,-1.3399999999999999
4366,4,366,65,3764.0,14,704.5,0,0,7,-1.35
4367,4,367,65,3796.5,14,711.5,0,1,7,-1.35
4368,4,368,65,3829.0,14,718.5,0,0,7,-1.35
4369,4,369,65,3861.5,14,725.5,0,0,7,-1.35
4370,4,370,65,3894.0,14,732.5,0,0,7,-1.35
4371,4,371,65,3926.5,14,739.5,0,1,7,-1.35
4372,4,372,65,3959.0,14,746.5,0,0,7,-1.35
4373,4,373,65,3991.5,14,753.5,0,0,7,-1.35
4374,4,374,66,4025.5,14,760.5,0,0,7,-1.3599999999999999
4375,4,375,64,3762.5,14,767.5,0,0,8,-1.3399999999999999
4376,4,376,62,3575.5,14,774.5,0,0,8,-1.3199999999999998
4377,4,377,60,3397.5,14,781.5,0,1,8,-1.2999999999999998
4378,4,378,58,3269.5,14,788.5,0,0,8,-1.2799999999999998
4379,4,379,59,3300.0,14,795.5,0,2,8,-1.29
4380,4,380,57,3234.5,14,802.5,0,0,8,-1.27
4381,4,381,57,3238.0,14,809.5,0,0,8,-1.27
4382,4,382,58,3268.0,14,816.5,0,1,8,-1.2799999999999998
4383,4,383,58,3297.0,14,823.5,0,0,8,-1.2799999999999998
4384,4,384,58,3326.0,14,830.5,0,1,8,-1.2799999999999998
4385,4,385,58,3355.0,14,837.5,0,0,8,-1.2799999999999998
4386,4,386,58,3384.0,14,844.5,0,0,8,-1.2799999999999998
4387,4,387,58,3413.0,14,851.5,0,0,8,-1.2799999999999998
4388,4,388,58,3442.0,14,858.5,0,2,8,-1.2799999999999998
4389,4,389,59,3472.5,14,865.5,0,0,8,-1.29
4390,4,390,61,3505.0,14,872.5,0,0,8,-1.31
4391,4,391,62,3537.0,14,879.5,0,0,8,-1.3199999999999998
4392,4,392,62,3568.0,14,886.5,0,0,8,-1.3199999999999998
4393,4,393,64,3602.0,14,893.5,0,0,8,-1.3399999999999999
4394,4,394,64,3634.0,14,900.5,0,0,8,-1.3399999999999999
4395,4,395,64,3666.0,14,907.5,0,0,8,-1.3399999999999999
4396,4,396,64,3698.0,14,914.5,0,0,8,-1.3399999999999999
4397,4,397,64,3730.0,14,921.5,0,0,8,-1.3399999999999999
4398,4,398,64,3762.0,14,928.5,0,2,8,-1.3399999999999999
4399,4,399,64,3794.0,14,935.5,0,0,8,-1.3399999999999999
4400,4,400,64,3826.0,14,942.5,0,2,8,-1.3399999999999999
4401,4,401,65,3859.5,14,949.5,0,0,8,-1.35
4402,4,402,65,3892.0,14,956.5,0,0,8,-1.35
4403,4,403,66,3926.0,14,963.5,0,0,8,-1.3599999999999999
4404,4,404,68,3962.0,14,970.5,0,0,8,-1.38
4405,4,405,68,3996.0,14,977.5,0,0,8,-1.38
4406,4,406,68,4030.0,14,984.5,0,0,8,-1.38
4407,4,407,68,4064.0,14,991.5,0,0,8,-1.38
4408,4,408,68,4098.0,14,998.5,0,1,8,-1.38
4409,4,409,68,4132.0,14,1005.5,0,1,8,-1.38
4410,4,410,68,4166.0,14,1012.5,0,0,8,-1.38
4411,4,411,68,4200.0,14,1019.5,0,0,8,-1.38
4412,4,412,68,4234.0,14,1026.5,0,0,8,-1.38
4413,4,413,71,4272.5,14,1033.5,0,0,8,-1.41
4414,4,414,71,4308.0,14,1040.5,0,0,8,-1.41
4415,4,415,72,4345.0,14,1047.5,0,0,8,-1.42
4416,4,416,73,4382.5,14,1054.5,0,0,8,-1.43
4417,4,417,73,4419.0,14,1061.5,0,0,8,-1.43
4418,4,418,73,4455.5,14,1068.5,0,0,8,-1.43
4419,4,419,73,4492.0,14,1075.5,0,1,8,-1.43
4420,4,420,74,4530.0,14,1082.5,0,0,8,-1.44
4421,4,421,74,4567.0,14,1089.5,0,0,8,-1.44
4422,4,422,74,4604.0,14,1096.5,0,0,8,-1.44
4423,4,423,74,4641.0,14,1103.5,0,0,8,-1.44
4424,4,424,76,4681.0,14,1110.5,0,0,8,-1.46
4425,4,425,76,4719.0,14,1117.5,0,0,8,-1.46
4426,4,426,77,4758.5,14,1124.5,0,0,8,-1.47
4427,4,427,77,4797.0,14,1131.5,0,0,8,-1.47
4428,4,428,77,4835.5,14,1138.5,0,0,8,-1.47
4429,4,429,77,4874.0,14,1145.5,0,0,8,-1.47
4430,4,430,77,4912.5,14,1152.5,0,0,8,-1.47
4431,4,431,78,4952.5,14,1159.5,0,0,8,-1.48
4432,4,432,78,4991.5,14,1166.5,0,0,8,-1.48
4433,4,433,80,5033.5,14,1173.5,0,0,8,-1.5
4434,4,434,80,5073.5,14,1180.5,0,0,8,-1.5
4435,4,435,82,5116.5,14,1187.5,0,0,9,-1.52
4436,4,436,82,5157.5,14,1194.5,0,1,9,-1.52
4437,4,437,82,5198.5,14,1201.5,0,0,9,-1.52
4438,4,438,82,5239.5,14,1208.5,0,0,9,-1.52
4439,4,439,82,5280.5,14,1215.5,0,0,9,-1.52
4440,4,440,82,5321.5,14,1222.5,0,0,9,-1.52
4441,4,441,76,4506.0,10,943.0,0,2,0,-1.26
4442,4,442,72,4022.5,10,948.0,0,0,0,-1.22
4443,4,443,69,3571.0,10,953.0,0,0,0,-1.19
4444,4,444,66,3256.0,9,903.5,0,0,0,-1.11
4445,4,445,66,3182.5,9,908.0,0,0,0,-1.11
4446,4,446,62,2796.5,9,912.5,0,0,0,-1.07
4447,4,447,60,2439.5,9,917.0,0,1,0,-1.05
4448,4,448,57,2244.5,8,833.0,0,0,0,-0.97
4449,4,449,54,1961.5,5,607.0,0,0,0,-0.79
4450,4,450,49,1629.0,4,530.5,0,0,0,-0.69
4451,4,451,49,1611.0,4,532.5,0,0,0,-0.69
4452,4,452,46,1433.0,4,534.5,0,0,0,-0.66
4453,4,453,44,1308.5,4,536.5,0,0,0,-0.64
4454,4,454,44,1253.5,4,538.5,0,0,0,-0.64
4455,4,455,41,1131.0,4,540.5,0,1,0,-0.61
4456,4,456,38,1063.5,4,542.5,0,0,0,-0.5800000000000001
4457,4,457,36,1039.0,4,544.5,0,0,0,-0.56
4458,4,458,33,974.0,4,546.5,0,0,0,-0.53
4459,4,459,31,951.5,3,359.0,0,1,0,-0.45999999999999996
4460,4,460,30,947.5,2,177.5,0,0,0,-0.4
4461,4,461,29,940.5,2,178.5,0,0,0,-0.39
4462,4,462,28,947.0,2,179.5,0,0,0,-0.38
4463,4,463,27,944.5,2,180.5,0,0,0,-0.37
4464,4,464,27,958.0,2,181.5,0,2,0,-0.37
4465,4,465,28,973.0,2,182.5,0,0,0,-0.38
4466,4,466,28,987.0,2,183.5,0,0,0,-0.38
4467,4,467,28,1001.0,2,184.5,0,0,0,-0.38
4468,4,468,28,1015.0,2,185.5,0,0,0,-0.38
4469,4,469,28,1029.0,2,186.5,0,0,0,-0.38
4470,4,470,28,1043.0,2,187.5,0,0,0,-0.38
4471,4,471,28,1057.0,4,191.5,0,1,0,-0.48000000000000004
4472,4,472,29,1072.5,3,191.5,0,0,0,-0.43999999999999995
4473,4,473,29,1087.0,3,193.0,0,0,0,-0.43999999999999995
4474,4,474,29,1101.5,3,194.5,0,0,0,-0.43999999999999995
4475,4,475,29,1116.0,2,192.5,0,1,0,-0.39
4476,4,476,29,1130.5,2,193.5,0,1,0,-0.39
4477,4,477,29,1145.0,2,194.5,0,0,0,-0.39
4478,4,478,29,1159.5,2,195.5,0,1,0,-0.39
4479,4,479,29,1174.0,2,196.5,0,2,0,-0.39
4480,4,480,29,1188.5,3,199.0,0,1,0,-0.43999999999999995
4481,4,481,30,1204.5,2,198.5,0,1,0,-0.4
4482,4,482,31,1221.0,2,199.5,0,0,0,-0.41000000000000003
4483,4,483,31,1236.5,2,200.5,1,0,0,-0.41000000000000003
4484,4,484,31,1252.0,3,203.0,0,0,0,-0.45999999999999996
4485,4,485,32,1269.0,3,204.5,0,0,0,-0.47
4486,4,486,32,1285.0,3,206.0,0,0,0,-0.47
4487,4,487,32,1301.0,5,210.5,0,0,0,-0.5700000000000001
4488,4,488,32,1317.0,5,213.0,0,0,0,-0.5700000000000001
4489,4,489,32,1333.0,5,215.5,0,0,0,-0.5700000000000001
4490,4,490,32,1349.0,5,218.0,0,0,0,-0.5700000000000001
4491,4,491,30,1158.0,6,222.0,0,0,1,-0.6
4492,4,492,28,1081.0,5,223.0,0,0,1,-0.53
4493,4,493,28,1095.0,6,227.0,0,0,1,-0.5800000000000001
4494,4,494,29,1110.5,6,230.0,0,1,1,-0.59
4495,4,495,31,1128.0,7,234.5,0,0,1,-0.6599999999999999
4496,4,496,31,1143.5,7,238.0,0,1,1,-0.6599999999999999
4497,4,497,31,1159.0,7,241.5,0,0,1,-0.6599999999999999
4498,4,498,31,1174.5,7,245.0,0,0,1,-0.6599999999999999
4499,4,499,31,1190.0,7,248.5,0,0,1,-0.6599999999999999
4500,4,500,32,1207.0,8,253.5,0,0,1,-0.72
4501,4,501,32,1223.0,8,257.5,0,0,1,-0.72
4502,4,502,32,1239.0,8,261.5,0,0,1,-0.72
4503,4,503,34,1258.0,8,265.5,0,0,1,-0.74
4504,4,504,34,1275.0,8,269.5,0,0,1,-0.74
4505,4,505,35,1293.5,8,273.5,0,0,1,-0.75
4506,4,506,35,1311.0,8,277.5,0,0,1,-0.75
4507,4,507,35,1328.5,8,281.5,0,0,1,-0.75
4508,4,508,35,1346.0,8,285.5,0,0,1,-0.75
4509,4,509,35,1363.5,8,289.5,0,0,1,-0.75
4510,4,510,35,1381.0,8,293.5,0,0,1,-0.75
4511,4,511,35,1398.5,8,297.5,0,0,1,-0.75
4512,4,512,36,1417.5,8,301.5,1,0,1,-0.76
4513,4,513,36,1435.5,8,305.5,0,0,1,-0.76
4514,4,514,38,1456.5,8,309.5,0,0,1,-0.78
4515,4,515,39,1477.0,8,313.5,0,0,1,-0.79
4516,4,516,39,1496.5,8,317.5,0,0,1,-0.79
4517,4,517,39,1516.0,8,321.5,0,0,1,-0.79
4518,4,518,39,1535.5,8,325.5,0,0,1,-0.79
4519,4,519,40,1556.5,8,329.5,0,0,1,-0.8
4520,4,520,41,1578.0,8,333.5,0,0,1,-0.81
4521,4,521,41,1598.5,8,337.5,0,2,1,-0.81
4522,4,522,41,1619.0,8,341.5,0,0,1,-0.81
4523,4,523,41,1639.5,8,345.5,0,0,1,-0.81
4524,4,524,42,1661.5,8,349.5,0,1,1,-0.8200000000000001
4525,4,525,42,1682.5,8,353.5,0,0,1,-0.8200000000000001
4526,4,526,42,1703.5,8,357.5,0,0,1,-0.8200000000000001
4527,4,527,42,1724.5,8,361.5,0,1,1,-0.8200000000000001
4528,4,528,42,1745.5,8,365.5,0,0,1,-0.8200000000000001
4529,4,529,42,1766.5,9,371.0,0,0,1,-0.87
4530,4,530,42,1787.5,9,375.5,0,1,1,-0.87
4531,4,531,42,1808.5,10,381.5,0,1,1,-0.9199999999999999
4532,4,532,44,1832.5,10,386.5,0,0,1,-0.94
4533,4,533,44,1854.5,10,391.5,0,1,1,-0.94
4534,4,534,45,1878.0,11,398.0,0,1,1,-1.0
4535,4,535,45,1900.5,11,403.5,0,0,1,-1.0
4536,4,536,45,1923.0,11,409.0,0,2,1,-1.0
4537,4,537,45,1945.5,11,414.5,0,0,1,-1.0
4538,4,538,45,1968.0,11,420.0,0,0,1,-1.0
4539,4,539,45,1990.5,11,425.5,0,2,1,-1.0
4540,4,540,45,2013.0,11,431.0,0,0,1,-1.0
4541,4,541,45,2035.5,11,436.5,0,0,1,-1.0
4542,4,542,46,2059.5,11,442.0,0,2,1,-1.01
4543,4,543,47,2084.0,11,447.5,0,1,1,-1.02
4544,4,544,47,2107.5,11,453.0,1,0,1,-1.02
4545,4,545,47,2131.0,12,460.0,0,2,1,-1.0699999999999998
4546,4,546,47,2154.5,11,464.0,0,1,1,-1.02
4547,4,547,47,2178.0,11,469.5,0,1,1,-1.02
4548,4,548,47,2201.5,11,475.0,0,1,1,-1.02
4549,4,549,47,2225.0,12,482.0,0,2,1,-1.0699999999999998
4550,4,550,47,2248.5,12,488.0,0,1,1,-1.0699999999999998
4551,4,551,47,2272.0,13,495.5,0,1,1,-1.12
4552,4,552,48,2297.0,12,500.0,0,2,1,-1.08
4553,4,553,48,2321.0,12,506.0,0,2,1,-1.08
4554,4,554,48,2345.0,12,512.0,0,0,1,-1.08
4555,4,555,48,2369.0,13,519.5,0,2,1,-1.13
4556,4,556,48,2393.0,13,526.0,0,1,1,-1.13
4557,4,557,50,2420.0,13,532.5,0,1,1,-1.15
4558,4,558,50,2445.0,13,539.0,0,4,1,-1.15
4559,4,559,50,2470.0,13,545.5,0,0,1,-1.15
4560,4,560,50,2495.0,13,552.0,0,0,1,-1.15
4561,4,561,51,2521.5,13,558.5,0,2,1,-1.1600000000000001
4562,4,562,51,2547.0,13,565.0,0,1,1,-1.1600000000000001
4563,4,563,51,2572.5,13,571.5,0,0,1,-1.1600000000000001
4564,4,564,52,2599.5,13,578.0,0,2,1,-1.17
4565,4,565,52,2625.5,13,584.5,0,1,1,-1.17
4566,4,566,52,2651.5,13,591.0,0,1,1,-1.17
4567,4,567,52,2677.5,13,597.5,0,1,1,-1.17
4568,4,568,53,2705.0,13,604.0,0,2,1,-1.1800000000000002
4569,4,569,53,2731.5,13,610.5,0,1,1,-1.1800000000000002
4570,4,570,54,2759.5,13,617.0,0,0,1,-1.19
4571,4,571,54,2786.5,13,623.5,0,2,1,-1.19
4572,4,572,55,2815.0,13,630.0,0,2,1,-1.2000000000000002
4573,4,573,55,2842.5,13,636.5,0,0,1,-1.2000000000000002
4574,4,574,55,2870.0,13,643.0,0,1,1,-1.2000000000000002
4575,4,575,55,2897.5,13,649.5,0,3,1,-1.2000000000000002
4576,4,576,56,2926.5,13,656.0,0,1,1,-1.21
4577,4,577,57,2956.0,13,662.5,0,0,1,-1.22
4578,4,578,57,2984.5,13,669.0,0,3,1,-1.22
4579,4,579,58,3014.5,13,675.5,0,1,1,-1.23
4580,4,580,59,3045.0,13,682.0,0,1,1,-1.24
4581,4,581,59,3074.5,13,688.5,0,3,2,-1.24
4582,4,582,59,3104.0,13,695.0,0,1,2,-1.24
4583,4,583,60,3135.0,13,701.5,0,1,2,-1.25
4584,4,584,60,3165.0,13,708.0,0,3,2,-1.25
4585,4,585,60,3195.0,13,714.5,0,1,2,-1.25
4586,4,586,60,3225.0,13,721.0,1,1,2,-1.25
4587,4,587,60,3255.0,13,727.5,0,3,2,-1.25
4588,4,588,60,3285.0,13,734.0,0,1,2,-1.25
4589,4,589,60,3315.0,13,740.5,0,0,2,-1.25
4590,4,590,60,3345.0,13,747.0,0,3,2,-1.25
4591,4,591,61,3376.5,13,753.5,0,0,2,-1.26
4592,4,592,61,3407.0,13,760.0,0,0,2,-1.26
4593,4,593,59,3132.5,13,766.5,0,0,3,-1.24
4594,4,594,57,2924.0,13,773.0,0,1,3,-1.22
4595,4,595,55,2801.5,13,779.5,0,0,3,-1.2000000000000002
4596,4,596,54,2726.5,13,786.0,0,0,3,-1.19
4597,4,597,57,2758.0,13,792.5,0,0,3,-1.22
4598,4,598,55,2753.5,13,799.0,0,0,3,-1.2000000000000002
4599,4,599,56,2782.5,13,805.5,0,0,3,-1.21
4600,4,600,56,2810.5,13,812.0,0,0,3,-1.21
4601,4,601,58,2841.5,13,818.5,0,1,3,-1.23
4602,4,602,58,2870.5,13,825.0,0,0,3,-1.23
4603,4,603,60,2902.5,13,831.5,0,0,3,-1.25
4604,4,604,60,2932.5,13,838.0,0,1,3,-1.25
4605,4,605,60,2962.5,13,844.5,0,0,3,-1.25
4606,4,606,60,2992.5,13,851.0,0,0,3,-1.25
4607,4,607,60,3022.5,13,857.5,0,0,3,-1.25
4608,4,608,60,3052.5,13,864.0,0,2,3,-1.25
4609,4,609,60,3082.5,13,870.5,0,0,3,-1.25
4610,4,610,61,3114.0,13,877.0,0,0,3,-1.26
4611,4,611,62,3146.0,13,883.5,0,0,3,-1.27
4612,4,612,64,3180.0,13,890.0,0,0,3,-1.29
4613,4,613,64,3212.0,13,896.5,0,0,3,-1.29
4614,4,614,65,3245.5,13,903.0,1,0,3,-1.3
4615,4,615,65,3278.0,13,909.5,0,0,3,-1.3
4616,4,616,65,3310.5,13,916.0,0,0,3,-1.3
4617,4,617,65,3343.0,13,922.5,0,1,3,-1.3
4618,4,618,65,3375.5,13,929.0,0,2,3,-1.3
4619,4,619,65,3408.0,13,935.5,0,0,3,-1.3
4620,4,620,66,3442.0,13,942.0,0,0,3,-1.31
4621,4,621,67,3476.5,13,948.5,0,0,3,-1.32
4622,4,622,68,3511.5,13,955.0,0,0,3,-1.33
4623,4,623,69,3547.0,13,961.5,0,0,3,-1.3399999999999999
4624,4,624,69,3581.5,13,968.0,0,0,3,-1.3399999999999999
4625,4,625,69,3616.0,13,974.5,0,0,3,-1.3399999999999999
4626,4,626,69,3650.5,13,981.0,0,0,3,-1.3399999999999999
4627,4,627,69,3685.0,13,987.5,0,0,3,-1.3399999999999999
4628,4,628,69,3719.5,13,994.0,0,0,3,-1.3399999999999999
4629,4,629,69,3754.0,13,1000.5,0,2,3,-1.3399999999999999
4630,4,630,69,3788.5,13,1007.0,1,0,3,-1.3399999999999999
4631,4,631,70,3824.5,13,1013.5,0,0,3,-1.35
4632,4,632,72,3862.5,13,1020.0,0,0,3,-1.37
4633,4,633,72,3898.5,13,1026.5,0,0,3,-1.37
4634,4,634,73,3936.0,13,1033.0,0,0,3,-1.38
4635,4,635,73,3972.5,13,1039.5,0,3,3,-1.38
4636,4,636,75,4012.0,13,1046.0,0,0,3,-1.4
4637,4,637,75,4049.5,13,1052.5,0,0,3,-1.4
4638,4,638,75,4087.0,13,1059.0,0,1,3,-1.4
4639,4,639,75,4124.5,13,1065.5,0,1,3,-1.4
4640,4,640,75,4162.0,13,1072.0,0,0,3,-1.4
4641,4,641,76,4201.0,13,1078.5,0,0,3,-1.4100000000000001
4642,4,642,78,4242.0,13,1085.0,0,0,3,-1.4300000000000002
4643,4,643,78,4281.0,13,1091.5,1,0,3,-1.4300000000000002
4644,4,644,79,4321.5,13,1098.0,0,0,3,-1.44
4645,4,645,79,4361.0,13,1104.5,0,0,3,-1.44
4646,4,646,80,4402.0,13,1111.0,1,0,3,-1.4500000000000002
4647,4,647,80,4442.0,13,1117.5,0,0,3,-1.4500000000000002
4648,4,648,80,4482.0,13,1124.0,0,1,3,-1.4500000000000002
4649,4,649,80,4522.0,13,1130.5,0,0,3,-1.4500000000000002
4650,4,650,81,4563.5,13,1137.0,0,0,3,-1.46
4651,4,651,82,4605.5,13,1143.5,0,0,3,-1.47
4652,4,652,83,4648.0,13,1150.0,0,0,3,-1.48
4653,4,653,84,4691.0,13,1156.5,0,0,4,-1.49
4654,4,654,84,4733.0,13,1163.0,0,0,4,-1.49
4655,4,655,84,4775.0,13,1169.5,0,0,4,-1.49
4656,4,656,84,4817.0,13,1176.0,0,0,4,-1.49
4657,4,657,84,4859.0,13,1182.5,0,0,4,-1.49
4658,4,658,84,4901.0,13,1189.0,0,0,4,-1.49
4659,4,659,84,4943.0,13,1195.5,0,0,4,-1.49
4660,4,660,84,4985.0,13,1202.0,0,0,4,-1.49
4661,4,661,84,5027.0,13,1208.5,0,0,4,-1.49
4662,4,662,85,5070.5,13,1215.0,0,0,4,-1.5
4663,4,663,85,5113.0,13,1221.5,0,0,4,-1.5
4664,4,664,85,5155.5,13,1228.0,1,0,4,-1.5
4665,4,665,79,4520.5,11,1031.0,0,0,5,-1.34
4666,4,666,75,4039.0,11,1036.5,0,0,5,-1.3
4667,4,667,71,3590.0,10,981.5,0,0,5,-1.21
4668,4,668,68,3286.0,9,928.5,0,0,5,-1.1300000000000001
4669,4,669,67,3107.5,9,933.0,0,0,5,-1.12
4670,4,670,64,2840.0,8,844.5,0,0,5,-1.04
4671,4,671,62,2502.5,8,848.5,0,0,5,-1.02
4672,4,672,60,2377.0,9,854.0,0,1,5,-1.05
4673,4,673,58,2246.5,7,672.0,0,1,5,-0.9299999999999999
4674,4,674,55,1980.0,6,669.5,0,0,5,-0.8500000000000001
4675,4,675,53,1881.5,6,672.5,0,0,5,-0.8300000000000001
4676,4,676,51,1765.0,5,672.0,0,1,5,-0.76
4677,4,677,48,1621.5,6,676.0,0,0,5,-0.78
4678,4,678,46,1510.0,6,679.0,0,1,5,-0.76
4679,4,679,45,1440.0,6,682.0,0,0,5,-0.75
4680,4,680,42,1341.0,6,685.0,0,0,5,-0.72
4681,4,681,40,1290.0,6,688.0,0,0,5,-0.7
4682,4,682,38,1233.5,5,687.0,0,1,5,-0.63
4683,4,683,37,1182.5,5,689.5,0,0,5,-0.62
4684,4,684,35,1172.0,3,290.5,0,0,5,-0.5
4685,4,685,34,1161.0,3,292.0,0,0,5,-0.49
4686,4,686,34,1169.5,3,293.5,0,0,5,-0.49
4687,4,687,32,1163.0,3,295.0,0,3,5,-0.47
4688,4,688,31,1169.0,3,296.5,0,0,5,-0.45999999999999996
4689,4,689,31,1184.5,3,298.0,0,0,5,-0.45999999999999996
4690,4,690,31,1198.0,3,299.5,0,1,5,-0.45999999999999996
4691,4,691,32,1215.0,3,301.0,0,0,5,-0.47
4692,4,692,32,1231.0,3,302.5,0,0,5,-0.47
4693,4,693,32,1247.0,4,305.5,0,0,5,-0.52
4694,4,694,32,1263.0,3,305.5,0,0,5,-0.47
4695,4,695,32,1279.0,4,308.5,0,0,5,-0.52
4696,4,696,32,1295.0,4,310.5,0,0,5,-0.52
4697,4,697,32,1311.0,6,315.5,0,0,5,-0.62
4698,4,698,32,1327.0,6,318.5,0,1,5,-0.62
4699,4,699,32,1343.0,6,321.5,0,2,5,-0.62
4700,4,700,32,1359.0,6,324.5,0,0,5,-0.62
4701,4,701,32,1375.0,6,327.5,0,0,5,-0.62
4702,4,702,33,1392.5,5,325.5,0,0,5,-0.5800000000000001
4703,4,703,36,1413.5,6,329.5,0,0,5,-0.6599999999999999
4704,4,704,37,1433.0,5,330.5,0,2,5,-0.62
4705,4,705,37,1451.5,5,333.0,0,0,5,-0.62
4706,4,706,37,1470.0,5,335.5,0,0,5,-0.62
4707,4,707,37,1488.5,5,338.0,0,0,5,-0.62
4708,4,708,38,1508.5,6,342.0,0,0,5,-0.6799999999999999
4709,4,709,39,1529.0,6,345.0,0,0,5,-0.69
4710,4,710,40,1550.0,6,348.0,0,0,5,-0.7
4711,4,711,40,1570.0,6,351.0,0,0,5,-0.7
4712,4,712,41,1591.5,6,354.0,0,0,5,-0.71
4713,4,713,42,1613.5,6,349.0,0,0,5,-0.72
4714,4,714,42,1634.5,6,352.0,0,0,5,-0.72
4715,4,715,40,1451.5,6,355.0,0,0,6,-0.7
4716,4,716,38,1363.0,6,358.0,0,0,6,-0.6799999999999999
4717,4,717,36,1365.0,6,361.0,0,0,6,-0.6599999999999999
4718,4,718,36,1383.0,6,364.0,0,0,6,-0.6599999999999999
4719,4,719,37,1402.5,6,367.0,0,0,6,-0.6699999999999999
4720,4,720,37,1421.0,6,370.0,0,0,6,-0.6699999999999999
4721,4,721,37,1439.5,6,373.0,0,0,6,-0.6699999999999999
4722,4,722,39,1461.0,6,376.0,0,0,6,-0.69
4723,4,723,39,1480.5,6,379.0,0,0,6,-0.69
4724,4,724,39,1500.0,6,382.0,0,0,6,-0.69
4725,4,725,39,1519.5,6,385.0,0,2,6,-0.69
4726,4,726,39,1539.0,6,388.0,0,0,6,-0.69
4727,4,727,40,1560.0,6,391.0,0,0,6,-0.7
4728,4,728,41,1581.5,6,394.0,0,0,6,-0.71
4729,4,729,41,1602.0,6,397.0,0,0,6,-0.71
4730,4,730,41,1622.5,6,400.0,0,0,6,-0.71
4731,4,731,41,1643.0,6,403.0,0,0,6,-0.71
4732,4,732,43,1666.5,6,406.0,0,0,6,-0.73
4733,4,733,43,1688.0,6,409.0,0,0,6,-0.73
4734,4,734,43,1709.5,6,412.0,1,0,6,-0.73
4735,4,735,43,1731.0,6,415.0,0,0,6,-0.73
4736,4,736,43,1752.5,6,418.0,0,0,6,-0.73
4737,4,737,43,1774.0,6,421.0,0,0,6,-0.73
4738,4,738,43,1795.5,6,424.0,0,0,6,-0.73
4739,4,739,43,1817.0,6,427.0,0,0,6,-0.73
4740,4,740,43,1838.5,6,430.0,0,0,6,-0.73
4741,4,741,45,1863.0,6,433.0,0,0,6,-0.75
4742,4,742,45,1885.5,7,437.5,0,0,6,-0.8
4743,4,743,45,1908.0,7,441.0,0,0,6,-0.8
4744,4,744,45,1930.5,7,444.5,0,1,6,-0.8
4745,4,745,45,1953.0,7,448.0,0,1,6,-0.8
4746,4,746,45,1975.5,7,451.5,0,0,6,-0.8
4747,4,747,45,1998.0,7,455.0,0,0,6,-0.8
4748,4,748,45,2020.5,8,460.0,0,1,6,-0.8500000000000001
4749,4,749,45,2043.0,8,464.0,0,0,6,-0.8500000000000001
4750,4,750,45,2065.5,8,468.0,0,1,6,-0.8500000000000001
4751,4,751,47,2091.0,8,472.0,0,1,6,-0.87
4752,4,752,47,2114.5,8,476.0,0,0,6,-0.87
4753,4,753,47,2138.0,9,481.5,0,1,6,-0.9199999999999999
4754,4,754,47,2161.5,9,486.0,0,1,6,-0.9199999999999999
4755,4,755,47,2185.0,9,490.5,0,1,6,-0.9199999999999999
4756,4,756,47,2208.5,9,495.0,0,1,6,-0.9199999999999999
4757,4,757,47,2232.0,9,499.5,0,2,6,-0.9199999999999999
4758,4,758,47,2255.5,9,504.0,0,0,6,-0.9199999999999999
4759,4,759,47,2279.0,9,508.5,0,1,6,-0.9199999999999999
4760,4,760,47,2302.5,9,513.0,0,2,6,-0.9199999999999999
4761,4,761,47,2326.0,9,517.5,0,0,6,-0.9199999999999999
4762,4,762,48,2351.0,9,522.0,0,1,6,-0.9299999999999999
4763,4,763,48,2375.0,9,526.5,0,1,6,-0.9299999999999999
4764,4,764,48,2399.0,9,531.0,0,0,6,-0.9299999999999999
4765,4,765,48,2423.0,9,535.5,0,1,6,-0.9299999999999999
4766,4,766,48,2447.0,9,540.0,0,1,6,-0.9299999999999999
4767,4,767,48,2471.0,10,546.0,0,1,6,-0.98
4768,4,768,48,2495.0,10,551.0,0,1,6,-0.98
4769,4,769,48,2519.0,10,556.0,0,1,6,-0.98
4770,4,770,48,2543.0,10,561.0,0,1,6,-0.98
4771,4,771,49,2568.5,10,566.0,0,1,6,-0.99
4772,4,772,50,2594.5,10,571.0,0,0,6,-1.0
4773,4,773,50,2619.5,10,576.0,0,1,6,-1.0
4774,4,774,50,2644.5,10,581.0,0,1,6,-1.0
4775,4,775,50,2669.5,10,586.0,0,0,6,-1.0
4776,4,776,53,2699.0,10,591.0,0,1,6,-1.03
4777,4,777,53,2725.5,10,596.0,0,1,6,-1.03
4778,4,778,54,2753.5,10,601.0,0,0,6,-1.04
4779,4,779,54,2780.5,10,606.0,0,1,6,-1.04
4780,4,780,54,2807.5,10,611.0,0,0,6,-1.04
4781,4,781,54,2834.5,10,616.0,0,0,6,-1.04
4782,4,782,55,2863.0,10,621.0,0,1,6,-1.05
4783,4,783,55,2890.5,10,626.0,0,1,6,-1.05
4784,4,784,55,2918.0,10,631.0,0,0,6,-1.05
4785,4,785,55,2945.5,10,636.0,0,2,6,-1.05
4786,4,786,55,2973.0,10,641.0,0,0,6,-1.05
4787,4,787,55,3000.5,10,646.0,0,2,6,-1.05
4788,4,788,55,3028.0,10,651.0,0,1,6,-1.05
4789,4,789,56,3057.0,10,656.0,0,1,6,-1.06
4790,4,790,57,3086.5,10,661.0,0,1,6,-1.0699999999999998
4791,4,791,58,3116.5,11,667.5,0,2,6,-1.13
4792,4,792,58,3145.5,11,673.0,0,1,6,-1.13
4793,4,793,58,3174.5,11,678.5,0,1,6,-1.13
4794,4,794,58,3203.5,11,684.0,0,1,6,-1.13
4795,4,795,58,3232.5,11,689.5,0,2,6,-1.13
4796,4,796,58,3261.5,11,695.0,0,0,6,-1.13
4797,4,797,58,3290.5,11,700.5,0,1,6,-1.13
4798,4,798,59,3321.0,11,706.0,0,1,6,-1.1400000000000001
4799,4,799,59,3350.5,11,711.5,0,1,6,-1.1400000000000001
4800,4,800,60,3381.5,11,717.0,0,2,6,-1.15
4801,4,801,61,3413.0,11,722.5,0,1,6,-1.1600000000000001
4802,4,802,61,3443.5,11,728.0,0,1,6,-1.1600000000000001
4803,4,803,61,3474.0,11,733.5,0,3,6,-1.1600000000000001
4804,4,804,61,3504.5,11,739.0,0,1,6,-1.1600000000000001
4805,4,805,61,3535.0,11,744.5,0,1,7,-1.1600000000000001
4806,4,806,61,3565.5,11,750.0,0,2,7,-1.1600000000000001
4807,4,807,61,3596.0,11,755.5,0,2,7,-1.1600000000000001
4808,4,808,61,3626.5,11,761.0,1,1,7,-1.1600000000000001
4809,4,809,61,3657.0,11,766.5,0,3,7,-1.1600000000000001
4810,4,810,62,3689.0,11,772.0,0,0,7,-1.17
4811,4,811,63,3721.5,11,777.5,0,3,7,-1.1800000000000002
4812,4,812,63,3753.0,11,783.0,0,0,7,-1.1800000000000002
4813,4,813,63,3784.5,11,788.5,0,0,7,-1.1800000000000002
4814,4,814,63,3816.0,11,794.0,0,3,7,-1.1800000000000002
4815,4,815,63,3847.5,11,799.5,0,1,7,-1.1800000000000002
4816,4,816,64,3880.5,11,805.0,0,1,7,-1.19
4817,4,817,63,3597.0,11,810.5,0,0,8,-1.1800000000000002
4818,4,818,61,3379.5,11,816.0,0,1,8,-1.1600000000000001
4819,4,819,60,3225.5,11,821.5,0,1,8,-1.15
4820,4,820,59,3151.0,11,827.0,0,1,8,-1.1400000000000001
4821,4,821,59,3180.5,11,832.5,0,1,8,-1.1400000000000001
4822,4,822,57,3166.5,11,838.0,0,1,8,-1.12
4823,4,823,57,3195.0,11,843.5,0,0,8,-1.12
4824,4,824,57,3223.5,11,849.0,0,1,8,-1.12
4825,4,825,57,3252.0,11,854.5,0,1,8,-1.12
4826,4,826,57,3280.5,11,860.0,0,1,8,-1.12
4827,4,827,57,3309.0,11,865.5,0,0,8,-1.12
4828,4,828,60,3342.0,11,871.0,0,0,8,-1.15
4829,4,829,60,3372.0,11,876.5,0,0,8,-1.15
4830,4,830,61,3403.5,11,882.0,0,0,8,-1.1600000000000001
4831,4,831,62,3435.5,11,887.5,0,0,8,-1.17
4832,4,832,63,3468.0,11,893.0,0,0,8,-1.1800000000000002
4833,4,833,63,3499.5,11,898.5,0,0,8,-1.1800000000000002
4834,4,834,63,3531.0,11,904.0,0,0,8,-1.1800000000000002
4835,4,835,64,3564.0,11,909.5,0,0,8,-1.19
4836,4,836,64,3596.0,11,915.0,0,0,8,-1.19
4837,4,837,64,3628.0,11,920.5,0,1,8,-1.19
4838,4,838,64,3660.0,11,926.0,0,0,8,-1.19
4839,4,839,65,3693.5,11,931.5,2,0,8,-1.2000000000000002
4840,4,840,67,3729.0,11,937.0,0,0,8,-1.2200000000000002
4841,4,841,67,3762.5,11,942.5,0,0,8,-1.2200000000000002
4842,4,842,68,3797.5,11,948.0,0,2,8,-1.23
4843,4,843,68,3831.5,11,953.5,0,0,8,-1.23
4844,4,844,69,3867.0,11,959.0,0,0,8,-1.24
4845,4,845,69,3901.5,11,964.5,0,0,8,-1.24
4846,4,846,70,3937.5,11,970.0,0,0,8,-1.25
4847,4,847,70,3972.5,11,975.5,0,0,8,-1.25
4848,4,848,71,4009.0,11,981.0,0,0,8,-1.26
4849,4,849,71,4044.5,11,986.5,0,0,8,-1.26
4850,4,850,71,4080.0,11,992.0,0,0,8,-1.26
4851,4,851,72,4117.0,11,997.5,3,0,8,-1.27
4852,4,852,74,4156.0,11,1003.0,1,0,8,-1.29
4853,4,853,74,4193.0,11,1008.5,0,1,8,-1.29
4854,4,854,74,4230.0,11,1014.0,0,0,8,-1.29
4855,4,855,74,4267.0,11,1019.5,0,0,8,-1.29
4856,4,856,74,4304.0,11,1025.0,0,1,8,-1.29
4857,4,857,74,4341.0,11,1030.5,0,0,8,-1.29
4858,4,858,75,4379.5,11,1036.0,0,0,8,-1.3
4859,4,859,75,4417.0,11,1041.5,0,0,8,-1.3
4860,4,860,75,4454.5,11,1047.0,0,0,8,-1.3
4861,4,861,76,4493.5,11,1052.5,0,0,8,-1.31
4862,4,862,76,4531.5,11,1058.0,0,0,8,-1.31
4863,4,863,76,4569.5,11,1063.5,2,1,8,-1.31
4864,4,864,76,4607.5,11,1069.0,0,1,8,-1.31
4865,4,865,78,4648.5,11,1074.5,1,1,8,-1.33
4866,4,866,78,4687.5,11,1080.0,0,0,8,-1.33
4867,4,867,78,4726.5,12,1087.0,0,0,8,-1.38
4868,4,868,79,4767.0,12,1093.0,0,1,8,-1.3900000000000001
4869,4,869,79,4806.5,12,1099.0,0,0,8,-1.3900000000000001
4870,4,870,79,4846.0,12,1105.0,0,0,8,-1.3900000000000001
4871,4,871,80,4887.0,12,1111.0,0,0,8,-1.4
4872,4,872,81,4928.5,12,1117.0,0,0,8,-1.4100000000000001
4873,4,873,81,4969.0,12,1123.0,0,0,8,-1.4100000000000001
4874,4,874,81,5009.5,12,1129.0,0,1,8,-1.4100000000000001
4875,4,875,81,5050.0,12,1135.0,0,0,8,-1.4100000000000001
4876,4,876,82,5092.0,14,1144.0,0,0,8,-1.52
4877,4,877,82,5133.0,14,1151.0,0,0,9,-1.52
4878,4,878,82,5174.0,14,1158.0,0,1,9,-1.52
4879,4,879,84,5218.0,15,1166.5,0,0,9,-1.5899999999999999
4880,4,880,84,5260.0,14,1172.0,0,0,9,-1.54
4881,4,881,86,5305.0,14,1179.0,0,2,9,-1.56
4882,4,882,86,5348.0,15,1187.5,1,0,9,-1.6099999999999999
4883,4,883,82,4819.5,11,882.0,0,0,0,-1.37
4884,4,884,78,4322.0,11,887.5,0,0,0,-1.33
4885,4,885,74,3855.5,12,894.5,0,0,0,-1.3399999999999999
4886,4,886,71,3546.5,12,900.5,0,0,0,-1.31
4887,4,887,70,3468.0,11,705.0,0,0,0,-1.25
4888,4,888,66,3075.0,11,710.5,0,0,0,-1.21
4889,4,889,63,2727.0,10,711.5,0,0,0,-1.13
4890,4,890,63,2525.5,10,716.5,0,0,0,-1.13
4891,4,891,60,2254.0,10,721.5,0,0,0,-1.1
4892,4,892,56,1996.0,8,703.0,0,0,0,-0.9600000000000001
4893,4,893,53,1837.0,8,707.0,0,0,0,-0.93
4894,4,894,50,1671.0,7,700.5,0,0,0,-0.85
4895,4,895,47,1545.0,6,603.5,0,0,0,-0.77
4896,4,896,45,1495.0,6,606.5,0,0,0,-0.75
4897,4,897,39,1332.0,8,612.5,0,0,0,-0.79
4898,4,898,36,1259.5,7,520.0,0,0,0,-0.71
4899,4,899,34,1243.5,7,523.5,0,0,0,-0.69
4900,4,900,32,1173.0,7,527.0,0,0,0,-0.6699999999999999
4901,4,901,31,1142.0,7,530.5,0,0,0,-0.6599999999999999
4902,4,902,30,1149.5,7,534.0,0,1,0,-0.6499999999999999
4903,4,903,29,1126.5,6,533.0,0,0,0,-0.59
4904,4,904,29,1141.0,6,536.0,0,0,0,-0.59
4905,4,905,29,1155.5,6,539.0,0,2,0,-0.59
4906,4,906,29,1170.0,6,542.0,0,2,0,-0.59
4907,4,907,29,1184.5,6,545.0,0,0,0,-0.59
4908,4,908,29,1199.0,6,548.0,0,0,0,-0.59
4909,4,909,31,1216.5,5,341.5,0,1,0,-0.56
4910,4,910,32,1233.5,5,344.0,0,0,0,-0.5700000000000001
4911,4,911,33,1251.0,5,346.5,0,0,0,-0.5800000000000001
4912,4,912,36,1272.0,5,349.0,0,0,0,-0.61
4913,4,913,38,1293.0,5,351.5,0,0,0,-0.63
4914,4,914,39,1313.5,4,145.5,0,1,0,-0.5900000000000001
4915,4,915,39,1333.0,4,147.5,0,1,0,-0.5900000000000001
4916,4,916,40,1354.0,4,149.5,0,0,0,-0.6000000000000001
4917,4,917,40,1374.0,4,151.5,0,1,0,-0.6000000000000001
4918,4,918,40,1394.0,4,153.5,0,0,0,-0.6000000000000001
4919,4,919,40,1414.0,4,155.5,0,0,0,-0.6000000000000001
4920,4,920,42,1437.0,4,157.5,0,0,0,-0.62
4921,4,921,43,1459.5,4,159.5,0,0,0,-0.63
4922,4,922,43,1481.0,4,161.5,0,0,0,-0.63
4923,4,923,43,1502.5,4,163.5,0,0,0,-0.63
4924,4,924,44,1525.5,4,165.5,0,0,0,-0.64
4925,4,925,43,1545.5,4,167.5,0,0,0,-0.63
4926,4,926,43,1567.0,4,169.5,0,1,0,-0.63
4927,4,927,43,1588.5,4,171.5,0,0,0,-0.63
4928,4,928,43,1610.0,4,173.5,0,0,0,-0.63
4929,4,929,43,1631.5,4,175.5,0,1,0,-0.63
4930,4,930,44,1654.5,4,177.5,0,0,0,-0.64
4931,4,931,44,1676.5,4,179.5,0,0,0,-0.64
4932,4,932,45,1700.0,4,181.5,0,0,0,-0.65
4933,4,933,43,1499.0,4,183.5,0,0,1,-0.63
4934,4,934,41,1407.5,4,185.5,0,0,1,-0.61
4935,4,935,39,1407.0,4,187.5,0,0,1,-0.5900000000000001
4936,4,936,39,1426.5,4,189.5,0,0,1,-0.5900000000000001
4937,4,937,40,1447.5,4,191.5,0,0,1,-0.6000000000000001
4938,4,938,40,1467.5,4,193.5,1,0,1,-0.6000000000000001
4939,4,939,40,1487.5,4,195.5,0,0,1,-0.6000000000000001
4940,4,940,40,1507.5,4,197.5,0,0,1,-0.6000000000000001
4941,4,941,40,1497.0,4,199.5,0,0,1,-0.6000000000000001
4942,4,942,40,1517.0,4,201.5,0,0,1,-0.6000000000000001
4943,4,943,41,1538.5,4,203.5,0,0,1,-0.61
4944,4,944,42,1560.5,4,205.5,0,0,1,-0.62
4945,4,945,42,1581.5,4,207.5,0,0,1,-0.62
4946,4,946,41,1596.0,4,209.5,0,0,1,-0.61
4947,4,947,40,1611.5,4,211.5,0,0,1,-0.6000000000000001
4948,4,948,40,1631.5,4,213.5,0,0,1,-0.6000000000000001
4949,4,949,42,1654.5,4,215.5,0,0,1,-0.62
4950,4,950,43,1677.0,4,217.5,0,1,1,-0.63
4951,4,951,44,1700.0,4,219.5,0,0,1,-0.64
4952,4,952,44,1722.0,4,221.5,0,0,1,-0.64
4953,4,953,44,1744.0,4,223.5,0,0,1,-0.64
4954,4,954,44,1766.0,4,225.5,0,0,1,-0.64
4955,4,955,44,1788.0,4,227.5,0,0,1,-0.64
4956,4,956,44,1810.0,4,229.5,0,0,1,-0.64
4957,4,957,44,1832.0,4,231.5,0,0,1,-0.64
4958,4,958,44,1854.0,4,233.5,0,0,1,-0.64
4959,4,959,44,1876.0,4,235.5,0,0,1,-0.64
4960,4,960,45,1899.5,4,237.5,0,0,1,-0.65
4961,4,961,45,1922.0,4,239.5,0,0,1,-0.65
4962,4,962,45,1944.5,4,241.5,0,0,1,-0.65
4963,4,963,45,1967.0,4,243.5,0,1,1,-0.65
4964,4,964,45,1989.5,5,247.0,0,0,1,-0.7
4965,4,965,45,2012.0,5,249.5,0,0,1,-0.7
4966,4,966,45,2034.5,6,253.5,0,0,1,-0.75
4967,4,967,45,2057.0,6,256.5,0,0,1,-0.75
4968,4,968,45,2079.5,6,259.5,0,0,1,-0.75
4969,4,969,46,2103.5,6,262.5,0,1,1,-0.76
4970,4,970,46,2126.5,6,265.5,0,0,1,-0.76
4971,4,971,47,2151.0,6,268.5,0,0,1,-0.77
4972,4,972,47,2174.5,6,271.5,0,1,1,-0.77
4973,4,973,47,2198.0,6,274.5,1,2,1,-0.77
4974,4,974,47,2221.5,6,277.5,0,0,1,-0.77
4975,4,975,47,2245.0,6,280.5,0,2,1,-0.77
4976,4,976,47,2268.5,7,285.0,0,1,1,-0.82
4977,4,977,47,2292.0,7,288.5,0,0,1,-0.82
4978,4,978,47,2315.5,7,292.0,0,2,1,-0.82
4979,4,979,47,2339.0,7,295.5,0,1,1,-0.82
4980,4,980,48,2364.0,7,299.0,0,0,1,-0.83
4981,4,981,49,2389.5,7,302.5,0,1,1,-0.84
4982,4,982,49,2414.0,7,306.0,0,0,1,-0.84
4983,4,983,49,2438.5,7,309.5,0,0,1,-0.84
4984,4,984,50,2464.5,7,313.0,0,2,1,-0.85
4985,4,985,51,2491.0,7,316.5,0,1,1,-0.86
4986,4,986,51,2516.5,7,320.0,0,1,1,-0.86
4987,4,987,51,2542.0,7,323.5,0,0,1,-0.86
4988,4,988,52,2569.0,7,327.0,0,1,1,-0.87
4989,4,989,54,2598.0,7,330.5,0,1,1,-0.89
4990,4,990,54,2625.0,7,334.0,0,1,1,-0.89
4991,4,991,54,2652.0,7,337.5,0,2,1,-0.89
4992,4,992,54,2679.0,7,341.0,0,1,1,-0.89
4993,4,993,54,2706.0,7,344.5,0,0,1,-0.89
4994,4,994,54,2733.0,7,348.0,0,1,1,-0.89
4995,4,995,54,2760.0,8,353.0,0,3,1,-0.9400000000000001
4996,4,996,54,2787.0,7,355.0,0,0,1,-0.89
4997,4,997,54,2814.0,7,358.5,0,1,1,-0.89
4998,4,998,55,2842.5,7,362.0,0,1,1,-0.9
4999,4,999,55,2870.0,7,365.5,0,1,1,-0.9
5000,5,0,0,0.0,0,0.0,0,0,0,-0.0
5001,5,1,0,0.0,0,0.0,0,0,0,-0.0
5002,5,2,0,0.0,0,0.0,0,0,0,-0.0
5003,5,3,0,0.0,0,0.0,0,0,0,-0.0
5004,5,4,0,0.0,0,0.0,0,0,0,-0.0
5005,5,5,0,0.0,0,0.0,0,0,0,-0.0
5006,5,6,0,0.0,0,0.0,0,0,0,-0.0
5007,5,7,0,0.0,0,0.0,0,0,0,-0.0
5008,5,8,0,0.0,0,0.0,0,0,0,-0.0
5009,5,9,0,0.0,0,0.0,0,0,0,-0.0
5010,5,10,0,0.0,0,0.0,0,0,0,-0.0
5011,5,11,0,0.0,0,0.0,0,0,0,-0.0
5012,5,12,0,0.0,0,0.0,0,0,0,-0.0
5013,5,13,0,0.0,0,0.0,0,0,0,-0.0
5014,5,14,0,0.0,0,0.0,0,0,0,-0.0
5015,5,15,0,0.0,0,0.0,0,0,0,-0.0
5016,5,16,0,0.0,0,0.0,0,0,0,-0.0
5017,5,17,0,0.0,0,0.0,0,0,0,-0.0
5018,5,18,0,0.0,0,0.0,0,0,0,-0.0
5019,5,19,0,0.0,0,0.0,0,0,0,-0.0
5020,5,20,0,0.0,0,0.0,0,0,0,-0.0
5021,5,21,0,0.0,0,0.0,0,0,0,-0.0
5022,5,22,0,0.0,0,0.0,0,0,0,-0.0
5023,5,23,0,0.0,0,0.0,0,0,0,-0.0
5024,5,24,0,0.0,0,0.0,0,0,0,-0.0
5025,5,25,0,0.0,0,0.0,0,0,0,-0.0
5026,5,26,0,0.0,0,0.0,0,0,0,-0.0
5027,5,27,0,0.0,0,0.0,0,0,0,-0.0
5028,5,28,0,0.0,0,0.0,0,0,0,-0.0
5029,5,29,0,0.0,0,0.0,0,0,0,-0.0
5030,5,30,0,0.0,0,0.0,0,0,0,-0.0
5031,5,31,0,0.0,0,0.0,0,0,0,-0.0
5032,5,32,0,0.0,0,0.0,0,0,0,-0.0
5033,5,33,0,0.0,0,0.0,0,0,0,-0.0
5034,5,34,0,0.0,0,0.0,0,0,0,-0.0
5035,5,35,0,0.0,0,0.0,0,0,0,-0.0
5036,5,36,0,0.0,0,0.0,0,0,0,-0.0
5037,5,37,0,0.0,0,0.0,0,0,0,-0.0
5038,5,38,0,0.0,0,0.0,0,0,0,-0.0
5039,5,39,0,0.0,0,0.0,0,0,0,-0.0
5040,5,40,0,0.0,0,0.0,0,0,0,-0.0
5041,5,41,0,0.0,0,0.0,0,0,0,-0.0
5042,5,42,0,0.0,0,0.0,0,0,0,-0.0
5043,5,43,0,0.0,0,0.0,0,0,0,-0.0
5044,5,44,0,0.0,0,0.0,0,0,0,-0.0
5045,5,45,0,0.0,0,0.0,0,0,0,-0.0
5046,5,46,0,0.0,0,0.0,0,0,0,-0.0
5047,5,47,0,0.0,0,0.0,0,0,0,-0.0
5048,5,48,0,0.0,0,0.0,0,0,0,-0.0
5049,5,49,0,0.0,0,0.0,0,0,1,-0.0
5050,5,50,0,0.0,0,0.0,0,0,1,-0.0
5051,5,51,0,0.0,0,0.0,0,0,1,-0.0
5052,5,52,0,0.0,0,0.0,0,0,1,-0.0
5053,5,53,0,0.0,0,0.0,0,0,1,-0.0
5054,5,54,0,0.0,0,0.0,0,0,1,-0.0
5055,5,55,0,0.0,0,0.0,0,0,1,-0.0
5056,5,56,0,0.0,0,0.0,0,0,1,-0.0
5057,5,57,0,0.0,0,0.0,0,0,1,-0.0
5058,5,58,0,0.0,0,0.0,0,0,1,-0.0
5059,5,59,0,0.0,0,0.0,0,0,1,-0.0
5060,5,60,0,0.0,0,0.0,0,0,1,-0.0
5061,5,61,0,0.0,0,0.0,0,0,1,-0.0
5062,5,62,0,0.0,0,0.0,0,0,1,-0.0
5063,5,63,0,0.0,0,0.0,0,0,1,-0.0
5064,5,64,0,0.0,0,0.0,0,0,1,-0.0
5065,5,65,0,0.0,0,0.0,0,0,1,-0.0
5066,5,66,0,0.0,0,0.0,0,0,1,-0.0
5067,5,67,0,0.0,0,0.0,0,0,1,-0.0
5068,5,68,0,0.0,0,0.0,0,0,1,-0.0
5069,5,69,0,0.0,1,1.5,0,0,1,-0.05
5070,5,70,0,0.0,1,2.0,0,0,1,-0.05
5071,5,71,0,0.0,1,2.5,0,0,1,-0.05
5072,5,72,0,0.0,1,3.0,0,0,1,-0.05
5073,5,73,0,0.0,1,3.5,0,0,1,-0.05
5074,5,74,0,0.0,2,5.5,0,0,1,-0.1
5075,5,75,0,0.0,2,6.5,0,0,1,-0.1
5076,5,76,1,1.5,2,7.5,0,0,1,-0.11
5077,5,77,1,2.0,2,8.5,0,0,1,-0.11
5078,5,78,8,13.0,3,11.0,0,0,1,-0.22999999999999998
5079,5,79,8,17.0,3,12.5,0,0,1,-0.22999999999999998
5080,5,80,8,21.0,3,14.0,0,0,1,-0.22999999999999998
5081,5,81,8,25.0,3,15.5,0,0,1,-0.22999999999999998
5082,5,82,8,29.0,3,17.0,0,0,1,-0.22999999999999998
5083,5,83,8,33.0,3,18.5,0,0,1,-0.22999999999999998
5084,5,84,8,37.0,3,20.0,0,0,1,-0.22999999999999998
5085,5,85,8,41.0,4,23.0,0,0,1,-0.28
5086,5,86,8,45.0,4,25.0,0,0,1,-0.28
5087,5,87,8,49.0,4,27.0,0,0,1,-0.28
5088,5,88,8,53.0,4,29.0,0,0,1,-0.28
5089,5,89,9,58.5,4,31.0,0,0,1,-0.29000000000000004
5090,5,90,9,63.0,4,33.0,0,0,1,-0.29000000000000004
5091,5,91,9,67.5,4,35.0,0,0,1,-0.29000000000000004
5092,5,92,9,72.0,4,37.0,0,0,1,-0.29000000000000004
5093,5,93,9,76.5,6,42.0,0,0,1,-0.39
5094,5,94,9,81.0,6,44.5,0,0,1,-0.39
5095,5,95,9,85.5,6,47.0,0,0,1,-0.39
5096,5,96,9,90.0,6,50.0,0,0,1,-0.39
5097,5,97,9,94.5,7,54.5,0,0,1,-0.43999999999999995
5098,5,98,10,100.5,8,59.5,0,0,1,-0.5
5099,5,99,10,105.5,8,63.5,0,0,1,-0.5
5100,5,100,10,110.5,8,67.5,0,0,1,-0.5
5101,5,101,10,115.5,8,71.5,0,0,1,-0.5
5102,5,102,10,120.5,8,75.5,0,0,1,-0.5
5103,5,103,11,127.0,8,79.5,0,0,1,-0.51
5104,5,104,11,132.5,8,83.5,0,0,1,-0.51
5105,5,105,11,138.0,8,87.5,0,0,1,-0.51
5106,5,106,11,143.5,8,91.5,0,0,1,-0.51
5107,5,107,11,149.0,8,95.5,0,0,1,-0.51
5108,5,108,11,154.5,8,99.5,0,0,1,-0.51
5109,5,109,11,160.0,8,103.5,0,0,1,-0.51
5110,5,110,11,165.5,8,107.5,0,0,1,-0.51
5111,5,111,12,172.5,8,111.5,0,0,1,-0.52
5112,5,112,12,178.5,8,115.5,0,0,1,-0.52
5113,5,113,13,186.0,8,119.5,0,0,1,-0.53
5114,5,114,14,194.0,8,123.5,0,0,1,-0.54
5115,5,115,14,201.0,8,127.5,0,0,1,-0.54
5116,5,116,14,208.0,8,131.5,0,0,1,-0.54
5117,5,117,14,215.0,8,135.5,0,0,1,-0.54
5118,5,118,14,222.0,8,139.5,0,0,1,-0.54
5119,5,119,14,229.0,8,143.5,0,0,1,-0.54
5120,5,120,14,236.0,8,147.5,0,0,1,-0.54
5121,5,121,14,243.0,8,151.5,0,0,1,-0.54
5122,5,122,14,250.0,8,155.5,0,0,1,-0.54
5123,5,123,16,260.0,8,159.5,0,0,1,-0.56
5124,5,124,16,268.0,8,163.5,0,0,1,-0.56
5125,5,125,16,276.0,8,167.5,0,0,1,-0.56
5126,5,126,16,284.0,8,171.5,0,0,1,-0.56
5127,5,127,16,292.0,8,175.5,0,0,1,-0.56
5128,5,128,16,300.0,8,179.5,0,0,1,-0.56
5129,5,129,16,308.0,8,183.5,0,0,1,-0.56
5130,5,130,16,316.0,8,187.5,0,0,1,-0.56
5131,5,131,16,324.0,8,191.5,0,0,1,-0.56
5132,5,132,16,332.0,8,195.5,0,0,1,-0.56
5133,5,133,17,341.5,8,199.5,0,0,1,-0.5700000000000001
5134,5,134,18,351.5,8,203.5,0,0,1,-0.5800000000000001
5135,5,135,18,360.5,8,207.5,0,0,1,-0.5800000000000001
5136,5,136,18,369.5,8,211.5,0,0,1,-0.5800000000000001
5137,5,137,18,378.5,8,215.5,0,0,1,-0.5800000000000001
5138,5,138,18,387.5,8,219.5,0,0,1,-0.5800000000000001
5139,5,139,18,396.5,8,223.5,0,0,2,-0.5800000000000001
5140,5,140,18,405.5,8,227.5,0,0,2,-0.5800000000000001
5141,5,141,18,414.5,8,231.5,0,0,2,-0.5800000000000001
5142,5,142,20,426.5,8,235.5,0,0,2,-0.6000000000000001
5143,5,143,20,436.5,8,239.5,0,0,2,-0.6000000000000001
5144,5,144,20,446.5,8,243.5,0,0,2,-0.6000000000000001
5145,5,145,20,456.5,8,247.5,0,0,2,-0.6000000000000001
5146,5,146,20,466.5,8,251.5,0,0,2,-0.6000000000000001
5147,5,147,20,476.5,8,255.5,0,0,2,-0.6000000000000001
5148,5,148,20,486.5,8,259.5,0,2,2,-0.6000000000000001
5149,5,149,20,496.5,8,263.5,0,0,2,-0.6000000000000001
5150,5,150,20,506.5,8,267.5,0,0,2,-0.6000000000000001
5151,5,151,18,435.0,8,271.5,0,2,3,-0.5800000000000001
5152,5,152,18,444.0,8,275.5,0,0,3,-0.5800000000000001
5153,5,153,18,453.0,8,279.5,0,0,3,-0.5800000000000001
5154,5,154,18,462.0,8,283.5,0,0,3,-0.5800000000000001
5155,5,155,19,472.5,8,287.5,0,0,3,-0.5900000000000001
5156,5,156,19,482.0,8,291.5,0,0,3,-0.5900000000000001
5157,5,157,19,491.5,8,295.5,0,0,3,-0.5900000000000001
5158,5,158,19,501.0,8,299.5,0,0,3,-0.5900000000000001
5159,5,159,19,510.5,8,303.5,0,0,3,-0.5900000000000001
5160,5,160,19,520.0,8,307.5,0,0,3,-0.5900000000000001
5161,5,161,20,531.0,8,311.5,0,0,3,-0.6000000000000001
5162,5,162,21,542.5,8,315.5,0,0,3,-0.61
5163,5,163,22,554.5,8,319.5,0,0,3,-0.62
5164,5,164,26,571.5,8,323.5,0,0,3,-0.66
5165,5,165,26,584.5,8,327.5,0,0,3,-0.66
5166,5,166,26,597.5,8,331.5,0,0,3,-0.66
5167,5,167,26,610.5,8,335.5,0,0,3,-0.66
5168,5,168,26,623.5,8,339.5,0,0,3,-0.66
5169,5,169,28,639.5,8,343.5,0,0,3,-0.68
5170,5,170,30,656.5,8,347.5,0,2,3,-0.7
5171,5,171,32,674.5,8,351.5,0,0,3,-0.72
5172,5,172,32,690.5,8,355.5,0,0,3,-0.72
5173,5,173,35,711.0,8,359.5,0,0,3,-0.75
5174,5,174,35,728.5,8,363.5,0,0,3,-0.75
5175,5,175,35,746.0,8,367.5,0,0,3,-0.75
5176,5,176,35,763.5,8,371.5,0,2,3,-0.75
5177,5,177,36,782.5,8,375.5,0,0,3,-0.76
5178,5,178,36,800.5,8,379.5,0,0,3,-0.76
5179,5,179,37,820.0,8,383.5,0,0,3,-0.77
5180,5,180,37,838.5,8,387.5,0,2,3,-0.77
5181,5,181,37,857.0,8,391.5,0,0,3,-0.77
5182,5,182,37,875.5,8,395.5,0,0,3,-0.77
5183,5,183,39,897.0,8,399.5,0,0,3,-0.79
5184,5,184,40,918.0,8,403.5,0,0,3,-0.8
5185,5,185,40,938.0,8,407.5,0,0,3,-0.8
5186,5,186,42,961.0,8,411.5,0,0,3,-0.8200000000000001
5187,5,187,42,982.0,8,415.5,0,0,3,-0.8200000000000001
5188,5,188,42,1003.0,8,419.5,0,0,3,-0.8200000000000001
5189,5,189,42,1024.0,8,423.5,0,0,3,-0.8200000000000001
5190,5,190,42,1045.0,8,427.5,0,0,3,-0.8200000000000001
5191,5,191,42,1066.0,8,431.5,0,1,3,-0.8200000000000001
5192,5,192,42,1087.0,8,435.5,0,0,3,-0.8200000000000001
5193,5,193,45,1112.5,8,439.5,0,0,3,-0.8500000000000001
5194,5,194,45,1135.0,8,443.5,0,0,3,-0.8500000000000001
5195,5,195,45,1157.5,8,447.5,0,0,3,-0.8500000000000001
5196,5,196,46,1181.5,8,451.5,0,0,3,-0.8600000000000001
5197,5,197,45,1201.0,8,455.5,0,0,3,-0.8500000000000001
5198,5,198,45,1223.5,8,459.5,0,0,3,-0.8500000000000001
5199,5,199,45,1246.0,8,463.5,0,0,3,-0.8500000000000001
5200,5,200,45,1268.5,8,467.5,0,0,3,-0.8500000000000001
5201,5,201,45,1291.0,8,471.5,0,1,3,-0.8500000000000001
5202,5,202,49,1319.5,8,475.5,0,0,3,-0.89
5203,5,203,49,1344.0,8,479.5,0,0,3,-0.89
5204,5,204,49,1368.5,8,483.5,0,0,3,-0.89
5205,5,205,49,1393.0,8,487.5,0,0,3,-0.89
5206,5,206,50,1419.0,8,491.5,0,0,3,-0.9
5207,5,207,50,1444.0,8,495.5,0,0,3,-0.9
5208,5,208,51,1470.5,8,499.5,0,0,3,-0.91
5209,5,209,51,1496.0,8,503.5,0,0,3,-0.91
5210,5,210,51,1521.5,8,507.5,0,0,3,-0.91
5211,5,211,51,1547.0,8,511.5,0,1,4,-0.91
5212,5,212,52,1574.0,8,515.5,0,0,4,-0.92
5213,5,213,53,1601.5,8,519.5,0,0,4,-0.93
5214,5,214,53,1628.0,8,523.5,0,1,4,-0.93
5215,5,215,54,1656.0,8,527.5,0,0,4,-0.9400000000000001
5216,5,216,55,1684.5,8,531.5,0,0,4,-0.9500000000000001
5217,5,217,55,1712.0,8,535.5,0,1,4,-0.9500000000000001
5218,5,218,55,1739.5,8,539.5,0,0,4,-0.9500000000000001
5219,5,219,57,1770.0,8,543.5,0,0,4,-0.97
5220,5,220,57,1798.5,8,547.5,0,0,4,-0.97
5221,5,221,58,1828.5,8,551.5,0,0,4,-0.98
5222,5,222,58,1857.5,8,555.5,0,0,4,-0.98
5223,5,223,52,1544.0,8,559.5,0,0,5,-0.92
5224,5,224,49,1338.0,8,563.5,0,0,5,-0.89
5225,5,225,47,1166.0,8,567.5,0,0,5,-0.87
5226,5,226,44,1047.0,8,571.5,0,0,5,-0.8400000000000001
5227,5,227,44,1069.0,8,575.5,0,0,5,-0.8400000000000001
5228,5,228,40,972.0,8,579.5,0,0,5,-0.8
5229,5,229,37,913.0,8,583.5,0,2,5,-0.77
5230,5,230,35,906.0,8,587.5,0,0,5,-0.75
5231,5,231,34,907.5,7,523.5,0,1,5,-0.69
5232,5,232,32,910.0,6,444.0,0,0,5,-0.62
5233,5,233,32,926.0,4,292.5,0,0,5,-0.52
5234,5,234,31,934.0,4,294.5,0,0,5,-0.51
5235,5,235,32,951.0,4,296.5,0,0,5,-0.52
5236,5,236,33,968.5,4,298.5,0,0,5,-0.53
5237,5,237,33,985.0,4,300.5,0,0,5,-0.53
5238,5,238,33,1001.5,4,302.5,0,0,5,-0.53
5239,5,239,33,1018.0,4,304.5,0,0,5,-0.53
5240,5,240,33,1034.5,4,306.5,0,0,5,-0.53
5241,5,241,33,1051.0,3,233.0,0,0,5,-0.48
5242,5,242,33,1067.5,3,234.5,0,0,5,-0.48
5243,5,243,34,1085.5,3,236.0,0,0,5,-0.49
5244,5,244,34,1102.5,3,237.5,0,0,5,-0.49
5245,5,245,35,1121.0,3,239.0,0,0,5,-0.5
5246,5,246,35,1138.5,3,240.5,0,0,5,-0.5
5247,5,247,35,1156.0,3,242.0,0,0,5,-0.5
5248,5,248,35,1173.5,3,243.5,0,0,5,-0.5
5249,5,249,35,1191.0,3,245.0,0,0,5,-0.5
5250,5,250,35,1208.5,3,246.5,0,0,5,-0.5
5251,5,251,35,1226.0,3,248.0,0,1,5,-0.5
5252,5,252,35,1243.5,3,249.5,0,0,5,-0.5
5253,5,253,35,1261.0,3,251.0,0,0,5,-0.5
5254,5,254,35,1278.5,3,252.5,0,0,5,-0.5
5255,5,255,36,1297.5,3,254.0,0,0,5,-0.51
5256,5,256,36,1315.5,3,255.5,0,1,5,-0.51
5257,5,257,36,1333.5,3,257.0,0,0,5,-0.51
5258,5,258,36,1351.5,3,258.5,0,0,5,-0.51
5259,5,259,36,1369.5,4,261.5,0,0,5,-0.56
5260,5,260,36,1387.5,3,261.5,0,0,5,-0.51
5261,5,261,36,1405.5,3,263.0,0,1,5,-0.51
5262,5,262,37,1425.0,3,264.5,0,0,5,-0.52
5263,5,263,38,1445.0,3,266.0,0,0,5,-0.53
5264,5,264,38,1464.0,3,267.5,0,0,5,-0.53
5265,5,265,39,1484.5,3,269.0,0,0,5,-0.54
5266,5,266,39,1504.0,3,270.5,0,0,5,-0.54
5267,5,267,39,1523.5,3,272.0,0,0,5,-0.54
5268,5,268,39,1543.0,3,273.5,0,0,5,-0.54
5269,5,269,39,1562.5,3,275.0,0,0,5,-0.54
5270,5,270,39,1582.0,3,276.5,0,0,5,-0.54
5271,5,271,39,1601.5,4,279.5,0,1,5,-0.5900000000000001
5272,5,272,39,1621.0,3,279.5,0,0,5,-0.54
5273,5,273,37,1442.5,3,281.0,0,0,6,-0.52
5274,5,274,36,1371.5,4,284.0,0,0,6,-0.56
5275,5,275,36,1389.5,5,287.5,0,0,6,-0.61
5276,5,276,36,1407.5,5,290.0,0,0,6,-0.61
5277,5,277,36,1425.5,5,292.5,0,0,6,-0.61
5278,5,278,36,1443.5,5,295.0,0,0,6,-0.61
5279,5,279,36,1461.5,5,297.5,0,0,6,-0.61
5280,5,280,36,1479.5,5,300.0,0,0,6,-0.61
5281,5,281,36,1497.5,5,302.5,0,0,6,-0.61
5282,5,282,36,1515.5,5,305.0,0,0,6,-0.61
5283,5,283,37,1535.0,5,307.5,0,0,6,-0.62
5284,5,284,37,1553.5,6,311.5,0,0,6,-0.6699999999999999
5285,5,285,38,1573.5,5,312.5,0,0,6,-0.63
5286,5,286,38,1592.5,5,315.0,0,0,6,-0.63
5287,5,287,38,1611.5,5,317.5,0,0,6,-0.63
5288,5,288,39,1632.0,6,321.5,0,0,6,-0.69
5289,5,289,41,1654.5,6,324.5,0,0,6,-0.71
5290,5,290,41,1675.0,7,329.0,0,0,6,-0.76
5291,5,291,42,1697.0,8,334.0,0,0,6,-0.8200000000000001
5292,5,292,42,1718.0,7,336.0,0,0,6,-0.77
5293,5,293,42,1739.0,7,339.5,0,0,6,-0.77
5294,5,294,42,1760.0,7,343.0,0,0,6,-0.77
5295,5,295,45,1785.5,7,346.5,0,0,6,-0.8
5296,5,296,45,1808.0,7,350.0,0,0,6,-0.8
5297,5,297,45,1830.5,9,356.5,0,0,6,-0.9
5298,5,298,46,1854.5,9,361.0,0,0,6,-0.91
5299,5,299,46,1877.5,9,365.5,0,0,6,-0.91
5300,5,300,46,1900.5,9,370.0,0,0,6,-0.91
5301,5,301,46,1923.5,9,374.5,0,0,6,-0.91
5302,5,302,46,1946.5,9,379.0,0,0,6,-0.91
5303,5,303,47,1971.0,9,383.5,0,3,6,-0.9199999999999999
5304,5,304,47,1994.5,9,388.0,0,0,6,-0.9199999999999999
5305,5,305,47,2018.0,10,394.0,0,0,6,-0.97
5306,5,306,48,2043.0,10,399.0,0,2,6,-0.98
5307,5,307,48,2067.0,10,404.0,0,0,6,-0.98
5308,5,308,48,2091.0,11,410.5,0,0,6,-1.03
5309,5,309,48,2115.0,11,415.5,0,2,6,-1.03
5310,5,310,48,2139.0,11,421.0,0,0,6,-1.03
5311,5,311,49,2164.5,11,426.5,0,0,6,-1.04
5312,5,312,50,2190.5,12,433.5,0,1,6,-1.1
5313,5,313,50,2215.5,12,439.5,0,1,6,-1.1
5314,5,314,50,2240.5,12,445.5,0,0,6,-1.1
5315,5,315,50,2265.5,12,451.5,0,2,6,-1.1
5316,5,316,51,2292.0,13,459.0,0,1,6,-1.1600000000000001
5317,5,317,51,2317.5,13,465.5,0,0,6,-1.1600000000000001
5318,5,318,51,2343.0,13,472.0,0,3,6,-1.1600000000000001
5319,5,319,51,2368.5,13,478.5,0,0,6,-1.1600000000000001
5320,5,320,51,2394.0,13,485.0,0,1,6,-1.1600000000000001
5321,5,321,51,2419.5,14,493.0,0,2,6,-1.21
5322,5,322,51,2445.0,14,500.0,0,0,6,-1.21
5323,5,323,51,2470.5,14,507.0,0,1,6,-1.21
5324,5,324,51,2496.0,14,514.0,0,4,6,-1.21
5325,5,325,51,2521.5,14,521.0,0,2,6,-1.21
5326,5,326,51,2547.0,14,528.0,0,1,6,-1.21
5327,5,327,52,2574.0,14,535.0,0,0,6,-1.22
5328,5,328,52,2600.0,14,542.0,0,1,6,-1.22
5329,5,329,52,2626.0,14,549.0,0,1,6,-1.22
5330,5,330,53,2653.5,14,556.0,0,0,6,-1.23
5331,5,331,53,2680.0,14,563.0,0,2,6,-1.23
5332,5,332,53,2706.5,14,570.0,0,1,6,-1.23
5333,5,333,53,2733.0,14,577.0,0,2,6,-1.23
5334,5,334,53,2759.5,14,584.0,0,3,6,-1.23
5335,5,335,53,2786.0,14,591.0,0,1,6,-1.23
5336,5,336,54,2814.0,14,598.0,0,0,6,-1.24
5337,5,337,54,2841.0,14,605.0,0,3,6,-1.24
5338,5,338,54,2868.0,14,612.0,0,0,6,-1.24
5339,5,339,54,2895.0,14,619.0,0,0,6,-1.24
5340,5,340,54,2922.0,14,626.0,0,1,6,-1.24
5341,5,341,55,2950.5,14,633.0,0,1,6,-1.25
5342,5,342,55,2978.0,14,640.0,0,0,6,-1.25
5343,5,343,55,3005.5,14,647.0,0,0,6,-1.25
5344,5,344,56,3034.5,14,654.0,0,0,6,-1.26
5345,5,345,56,3062.5,14,661.0,0,0,6,-1.26
5346,5,346,56,3090.5,14,668.0,0,2,6,-1.26
5347,5,347,56,3118.5,14,675.0,0,0,6,-1.26
5348,5,348,56,3146.5,14,682.0,0,0,6,-1.26
5349,5,349,57,3176.0,14,689.0,0,0,6,-1.27
5350,5,350,57,3204.5,14,696.0,0,0,6,-1.27
5351,5,351,58,3234.5,14,703.0,0,2,6,-1.2799999999999998
5352,5,352,58,3263.5,14,710.0,0,0,6,-1.2799999999999998
5353,5,353,59,3294.0,14,717.0,0,0,6,-1.29
5354,5,354,59,3323.5,14,724.0,0,2,6,-1.29
5355,5,355,61,3356.0,14,731.0,0,2,6,-1.31
5356,5,356,61,3386.5,14,738.0,0,0,6,-1.31
5357,5,357,62,3418.5,14,745.0,0,0,6,-1.3199999999999998
5358,5,358,63,3451.0,14,752.0,0,1,6,-1.33
5359,5,359,63,3482.5,14,759.0,0,0,6,-1.33
5360,5,360,63,3514.0,14,766.0,0,0,6,-1.33
5361,5,361,63,3545.5,14,773.0,0,1,6,-1.33
5362,5,362,64,3578.5,14,780.0,0,0,6,-1.3399999999999999
5363,5,363,65,3612.0,14,787.0,0,0,7,-1.35
5364,5,364,65,3644.5,14,794.0,0,0,7,-1.35
5365,5,365,65,3677.0,14,801.0,0,0,7,-1.35
5366,5,366,65,3709.5,14,808.0,0,0,7,-1.35
5367,5,367,65,3742.0,14,815.0,0,0,7,-1.35
5368,5,368,65,3774.5,14,822.0,0,0,7,-1.35
5369,5,369,65,3807.0,14,829.0,0,0,7,-1.35
5370,5,370,65,3839.5,14,836.0,0,0,7,-1.35
5371,5,371,65,3872.0,14,843.0,0,0,7,-1.35
5372,5,372,66,3906.0,14,850.0,0,0,7,-1.3599999999999999
5373,5,373,67,3940.5,14,857.0,0,0,7,-1.37
5374,5,374,68,3975.5,14,864.0,0,0,7,-1.38
5375,5,375,66,3709.5,14,871.0,0,0,8,-1.3599999999999999
5376,5,376,64,3532.5,14,878.0,0,0,8,-1.3399999999999999
5377,5,377,62,3357.5,14,885.0,0,0,8,-1.3199999999999998
5378,5,378,60,3226.5,14,892.0,0,0,8,-1.2999999999999998
5379,5,379,61,3258.0,14,899.0,0,0,8,-1.31
5380,5,380,59,3202.5,14,906.0,0,0,8,-1.29
5381,5,381,59,3215.5,14,913.0,0,0,8,-1.29
5382,5,382,59,3245.0,14,920.0,0,1,8,-1.29
5383,5,383,60,3276.0,14,927.0,0,0,8,-1.2999999999999998
5384,5,384,60,3306.0,14,934.0,0,1,8,-1.2999999999999998
5385,5,385,60,3336.0,14,941.0,0,1,8,-1.2999999999999998
5386,5,386,60,3366.0,14,948.0,0,0,8,-1.2999999999999998
5387,5,387,60,3396.0,14,955.0,0,0,8,-1.2999999999999998
5388,5,388,60,3426.0,14,962.0,0,0,8,-1.2999999999999998
5389,5,389,61,3457.5,14,969.0,0,1,8,-1.31
5390,5,390,61,3488.0,14,976.0,0,0,8,-1.31
5391,5,391,63,3521.5,14,983.0,0,0,8,-1.33
5392,5,392,65,3556.0,14,990.0,0,0,8,-1.35
5393,5,393,65,3588.5,14,997.0,0,0,8,-1.35
5394,5,394,66,3622.5,14,1004.0,0,0,8,-1.3599999999999999
5395,5,395,66,3655.5,14,1011.0,0,1,8,-1.3599999999999999
5396,5,396,66,3688.5,14,1018.0,0,1,8,-1.3599999999999999
5397,5,397,66,3721.5,14,1025.0,0,1,8,-1.3599999999999999
5398,5,398,66,3754.5,14,1032.0,0,0,8,-1.3599999999999999
5399,5,399,66,3787.5,14,1039.0,0,0,8,-1.3599999999999999
5400,5,400,66,3820.5,14,1046.0,0,2,8,-1.3599999999999999
5401,5,401,67,3855.0,14,1053.0,0,0,8,-1.37
5402,5,402,68,3890.0,14,1060.0,0,0,8,-1.38
5403,5,403,69,3925.5,14,1067.0,0,0,8,-1.39
5404,5,404,70,3961.5,14,1074.0,0,0,8,-1.4
5405,5,405,71,3998.0,14,1081.0,0,1,8,-1.41
5406,5,406,71,4033.5,14,1088.0,0,0,8,-1.41
5407,5,407,71,4069.0,14,1095.0,0,0,8,-1.41
5408,5,408,71,4104.5,14,1102.0,0,0,8,-1.41
5409,5,409,71,4140.0,14,1109.0,0,2,8,-1.41
5410,5,410,71,4175.5,14,1116.0,0,0,8,-1.41
5411,5,411,72,4212.5,14,1123.0,0,0,8,-1.42
5412,5,412,73,4250.0,14,1130.0,0,0,8,-1.43
5413,5,413,73,4286.5,14,1137.0,0,0,8,-1.43
5414,5,414,73,4323.0,14,1144.0,0,0,8,-1.43
5415,5,415,74,4361.0,14,1151.0,0,2,8,-1.44
5416,5,416,74,4398.0,14,1158.0,0,0,8,-1.44
5417,5,417,74,4435.0,14,1165.0,0,0,8,-1.44
5418,5,418,74,4472.0,14,1172.0,0,0,8,-1.44
5419,5,419,74,4509.0,14,1179.0,1,0,8,-1.44
5420,5,420,74,4546.0,14,1186.0,0,0,8,-1.44
5421,5,421,74,4583.0,14,1193.0,0,0,8,-1.44
5422,5,422,75,4621.5,14,1200.0,0,0,8,-1.45
5423,5,423,76,4660.5,14,1207.0,0,0,8,-1.46
5424,5,424,78,4701.5,14,1214.0,0,0,8,-1.48
5425,5,425,78,4740.5,14,1221.0,0,0,8,-1.48
5426,5,426,79,4781.0,14,1228.0,0,0,8,-1.49
5427,5,427,81,4823.5,14,1235.0,0,0,8,-1.51
5428,5,428,81,4864.0,14,1242.0,0,0,8,-1.51
5429,5,429,81,4904.5,14,1249.0,0,0,8,-1.51
5430,5,430,81,4945.0,14,1256.0,0,2,8,-1.51
5431,5,431,81,4985.5,14,1263.0,0,0,8,-1.51
5432,5,432,82,5027.5,14,1270.0,0,0,8,-1.52
5433,5,433,82,5068.5,14,1277.0,0,0,8,-1.52
5434,5,434,82,5109.5,14,1284.0,0,0,8,-1.52
5435,5,435,82,5150.5,14,1291.0,0,0,9,-1.52
5436,5,436,83,5193.0,14,1298.0,0,2,9,-1.5299999999999998
5437,5,437,83,5234.5,14,1305.0,0,0,9,-1.5299999999999998
5438,5,438,83,5276.0,14,1312.0,0,0,9,-1.5299999999999998
5439,5,439,83,5317.5,14,1319.0,0,0,9,-1.5299999999999998
5440,5,440,83,5359.0,14,1326.0,0,1,9,-1.5299999999999998
5441,5,441,78,4561.0,12,1201.5,0,0,0,-1.38
5442,5,442,77,4089.5,12,1207.5,0,0,0,-1.37
5443,5,443,74,3654.5,11,1143.0,0,0,0,-1.29
5444,5,444,71,3354.0,10,1062.5,0,0,0,-1.21
5445,5,445,70,3287.0,10,1067.5,0,0,0,-1.2
5446,5,446,67,2913.5,10,1072.5,0,0,0,-1.17
5447,5,447,63,2578.5,9,1001.0,0,0,0,-1.08
5448,5,448,61,2447.0,8,917.0,0,0,0,-1.01
5449,5,449,59,2318.5,7,840.0,0,0,0,-0.94
5450,5,450,55,2058.5,7,843.5,0,0,0,-0.9
5451,5,451,53,1962.5,6,764.0,1,0,0,-0.8300000000000001
5452,5,452,52,1851.0,6,767.0,0,0,0,-0.8200000000000001
5453,5,453,50,1709.5,6,770.0,0,0,0,-0.8
5454,5,454,48,1643.5,6,773.0,0,0,0,-0.78
5455,5,455,44,1492.5,5,595.5,0,2,0,-0.69
5456,5,456,40,1377.0,5,598.0,0,0,0,-0.65
5457,5,457,39,1380.5,5,600.5,0,0,0,-0.64
5458,5,458,35,1274.5,5,603.0,0,0,0,-0.6
5459,5,459,32,1202.5,5,605.5,0,0,0,-0.5700000000000001
5460,5,460,32,1218.5,5,608.0,0,0,0,-0.5700000000000001
5461,5,461,31,1204.0,5,610.5,0,1,0,-0.56
5462,5,462,31,1200.0,4,428.0,0,0,0,-0.51
5463,5,463,31,1215.5,4,430.0,0,0,0,-0.51
5464,5,464,31,1220.0,5,433.5,0,0,0,-0.56
5465,5,465,30,1232.5,4,239.0,0,0,0,-0.5
5466,5,466,31,1249.0,4,241.0,0,0,0,-0.51
5467,5,467,31,1264.5,4,241.5,0,0,0,-0.51
5468,5,468,31,1280.0,4,243.5,0,0,0,-0.51
5469,5,469,31,1295.5,4,245.5,0,0,0,-0.51
5470,5,470,31,1311.0,3,244.5,0,0,0,-0.45999999999999996
5471,5,471,31,1326.5,3,246.0,0,0,0,-0.45999999999999996
5472,5,472,31,1342.0,3,247.5,0,0,0,-0.45999999999999996
5473,5,473,31,1357.5,3,249.0,0,0,0,-0.45999999999999996
5474,5,474,32,1374.5,3,250.5,0,0,0,-0.47
5475,5,475,32,1390.5,3,252.0,0,2,0,-0.47
5476,5,476,32,1406.5,3,253.5,0,0,0,-0.47
5477,5,477,32,1422.5,3,255.0,0,0,0,-0.47
5478,5,478,32,1438.5,3,256.5,0,0,0,-0.47
5479,5,479,32,1454.5,3,258.0,0,4,0,-0.47
5480,5,480,33,1472.0,3,259.5,0,0,0,-0.48
5481,5,481,34,1490.0,4,262.5,0,0,0,-0.54
5482,5,482,34,1507.0,3,262.5,0,1,0,-0.49
5483,5,483,34,1524.0,4,265.5,0,0,0,-0.54
5484,5,484,35,1542.5,3,265.5,0,0,0,-0.5
5485,5,485,36,1561.5,3,267.0,0,0,0,-0.51
5486,5,486,36,1579.5,3,268.5,0,0,0,-0.51
5487,5,487,36,1597.5,4,271.5,1,0,0,-0.56
5488,5,488,36,1615.5,5,275.0,0,0,0,-0.61
5489,5,489,36,1633.5,5,277.5,0,0,0,-0.61
5490,5,490,36,1651.5,5,280.0,0,0,0,-0.61
5491,5,491,34,1470.5,6,284.0,0,0,1,-0.64
5492,5,492,32,1390.5,6,287.0,0,0,1,-0.62
5493,5,493,33,1408.0,6,290.0,0,0,1,-0.63
5494,5,494,33,1424.5,6,293.0,0,1,1,-0.63
5495,5,495,35,1444.0,6,296.0,0,0,1,-0.6499999999999999
5496,5,496,35,1461.5,9,303.5,1,1,1,-0.8
5497,5,497,35,1479.0,8,306.0,0,1,1,-0.75
5498,5,498,35,1496.5,8,310.0,0,0,1,-0.75
5499,5,499,36,1515.5,8,314.0,0,0,1,-0.76
5500,5,500,36,1533.5,8,318.0,0,0,1,-0.76
5501,5,501,36,1551.5,9,323.5,0,0,1,-0.81
5502,5,502,38,1572.5,9,328.0,0,0,1,-0.8300000000000001
5503,5,503,40,1594.5,9,332.5,0,0,1,-0.8500000000000001
5504,5,504,41,1616.0,9,337.0,0,0,1,-0.86
5505,5,505,42,1638.0,9,341.5,0,0,1,-0.87
5506,5,506,42,1659.0,9,346.0,0,0,1,-0.87
5507,5,507,42,1680.0,9,350.5,0,0,1,-0.87
5508,5,508,42,1701.0,9,355.0,0,0,1,-0.87
5509,5,509,42,1722.0,10,361.0,0,0,1,-0.9199999999999999
5510,5,510,42,1743.0,10,366.0,0,0,1,-0.9199999999999999
5511,5,511,42,1764.0,9,368.5,0,0,1,-0.87
5512,5,512,40,1759.5,9,373.0,0,1,1,-0.8500000000000001
5513,5,513,41,1781.0,9,377.5,0,0,1,-0.86
5514,5,514,42,1803.0,9,382.0,0,0,1,-0.87
5515,5,515,42,1824.0,9,386.5,0,0,1,-0.87
5516,5,516,42,1845.0,9,391.0,0,0,1,-0.87
5517,5,517,42,1866.0,9,395.5,0,0,1,-0.87
5518,5,518,42,1887.0,9,400.0,0,0,1,-0.87
5519,5,519,43,1909.5,9,404.5,0,0,1,-0.88
5520,5,520,43,1931.0,9,409.0,0,0,1,-0.88
5521,5,521,43,1952.5,9,413.5,0,2,1,-0.88
5522,5,522,43,1974.0,9,418.0,0,0,1,-0.88
5523,5,523,43,1995.5,10,424.0,0,0,1,-0.9299999999999999
5524,5,524,43,2017.0,10,429.0,0,1,1,-0.9299999999999999
5525,5,525,43,2038.5,10,434.0,0,0,1,-0.9299999999999999
5526,5,526,43,2060.0,11,440.5,0,0,1,-0.98
5527,5,527,43,2081.5,12,447.5,0,1,1,-1.03
5528,5,528,43,2103.0,12,453.0,0,0,1,-1.03
5529,5,529,44,2126.0,12,459.0,0,0,1,-1.04
5530,5,530,44,2148.0,12,465.0,0,1,1,-1.04
5531,5,531,45,2171.5,12,471.0,0,1,1,-1.05
5532,5,532,45,2194.0,12,477.0,0,0,1,-1.05
5533,5,533,45,2216.5,12,483.0,0,2,1,-1.05
5534,5,534,46,2240.5,13,490.5,0,0,1,-1.11
5535,5,535,47,2265.0,14,498.5,0,0,1,-1.17
5536,5,536,47,2288.5,13,503.5,0,3,1,-1.12
5537,5,537,47,2312.0,13,510.0,0,0,1,-1.12
5538,5,538,47,2335.5,13,516.5,0,0,1,-1.12
5539,5,539,47,2359.0,14,524.5,0,2,1,-1.17
5540,5,540,47,2382.5,14,531.5,0,0,1,-1.17
5541,5,541,48,2407.5,14,538.5,0,0,1,-1.18
5542,5,542,48,2431.5,15,547.0,0,2,1,-1.23
5543,5,543,48,2455.5,15,554.5,0,0,1,-1.23
5544,5,544,49,2481.0,15,562.0,0,0,1,-1.24
5545,5,545,49,2505.5,15,569.5,0,1,1,-1.24
5546,5,546,49,2530.0,15,577.0,0,0,1,-1.24
5547,5,547,49,2554.5,15,584.5,0,2,1,-1.24
5548,5,548,49,2579.0,15,592.0,0,2,1,-1.24
5549,5,549,49,2603.5,15,599.5,0,0,1,-1.24
5550,5,550,49,2628.0,15,607.0,0,1,1,-1.24
5551,5,551,49,2652.5,15,614.5,0,0,1,-1.24
5552,5,552,49,2677.0,15,622.0,0,1,1,-1.24
5553,5,553,49,2701.5,15,629.5,0,2,1,-1.24
5554,5,554,50,2727.5,15,637.0,0,0,1,-1.25
5555,5,555,50,2752.5,15,644.5,0,2,1,-1.25
5556,5,556,50,2777.5,15,652.0,0,0,1,-1.25
5557,5,557,52,2805.5,15,659.5,0,1,1,-1.27
5558,5,558,52,2831.5,15,667.0,0,2,1,-1.27
5559,5,559,52,2857.5,15,674.5,0,0,1,-1.27
5560,5,560,53,2885.0,15,682.0,0,1,1,-1.28
5561,5,561,54,2913.0,15,689.5,0,1,1,-1.29
5562,5,562,54,2940.0,15,697.0,0,1,1,-1.29
5563,5,563,55,2968.5,15,704.5,0,1,1,-1.3
5564,5,564,57,2999.0,15,712.0,0,2,1,-1.3199999999999998
5565,5,565,57,3027.5,15,719.5,0,0,1,-1.3199999999999998
5566,5,566,57,3056.0,15,727.0,0,1,1,-1.3199999999999998
5567,5,567,57,3084.5,15,734.5,0,3,1,-1.3199999999999998
5568,5,568,59,3116.0,15,742.0,0,0,1,-1.3399999999999999
5569,5,569,59,3145.5,15,749.5,0,0,1,-1.3399999999999999
5570,5,570,59,3175.0,15,757.0,0,2,1,-1.3399999999999999
5571,5,571,59,3204.5,15,764.5,0,1,1,-1.3399999999999999
5572,5,572,60,3235.5,15,772.0,0,1,1,-1.35
5573,5,573,60,3265.5,15,779.5,0,2,1,-1.35
5574,5,574,60,3295.5,15,787.0,0,0,1,-1.35
5575,5,575,60,3325.5,15,794.5,0,2,1,-1.35
5576,5,576,60,3355.5,15,802.0,0,2,1,-1.35
5577,5,577,60,3385.5,15,809.5,0,0,1,-1.35
5578,5,578,60,3415.5,15,817.0,0,2,1,-1.35
5579,5,579,60,3445.5,15,824.5,0,3,1,-1.35
5580,5,580,60,3475.5,15,832.0,0,2,1,-1.35
5581,5,581,61,3507.0,15,839.5,0,3,2,-1.3599999999999999
5582,5,582,61,3537.5,15,847.0,0,3,2,-1.3599999999999999
5583,5,583,61,3568.0,15,854.5,0,1,2,-1.3599999999999999
5584,5,584,62,3600.0,15,862.0,0,3,2,-1.37
5585,5,585,62,3631.0,15,869.5,0,0,2,-1.37
5586,5,586,62,3662.0,15,877.0,0,1,2,-1.37
5587,5,587,62,3693.0,15,884.5,0,2,2,-1.37
5588,5,588,62,3724.0,15,892.0,0,0,2,-1.37
5589,5,589,63,3756.5,15,899.5,0,2,2,-1.38
5590,5,590,63,3788.0,15,907.0,0,2,2,-1.38
5591,5,591,63,3819.5,15,914.5,0,0,2,-1.38
5592,5,592,63,3851.0,15,922.0,0,2,2,-1.38
5593,5,593,63,3520.0,15,929.5,0,1,3,-1.38
5594,5,594,61,3248.0,15,937.0,0,1,3,-1.3599999999999999
5595,5,595,59,3038.0,15,944.5,0,1,3,-1.3399999999999999
5596,5,596,58,2981.5,15,952.0,0,1,3,-1.33
5597,5,597,57,2923.5,15,959.5,0,0,3,-1.3199999999999998
5598,5,598,55,2853.5,15,967.0,0,0,3,-1.3
5599,5,599,54,2844.0,15,974.5,0,0,3,-1.29
5600,5,600,54,2871.0,15,982.0,0,0,3,-1.29
5601,5,601,54,2898.0,15,989.5,0,0,3,-1.29
5602,5,602,56,2928.0,15,997.0,0,1,3,-1.31
5603,5,603,56,2956.0,15,1004.5,0,0,3,-1.31
5604,5,604,57,2985.5,15,1012.0,0,0,3,-1.3199999999999998
5605,5,605,57,3014.0,15,1019.5,0,1,3,-1.3199999999999998
5606,5,606,57,3042.5,15,1027.0,0,0,3,-1.3199999999999998
5607,5,607,58,3072.5,15,1034.5,0,1,3,-1.33
5608,5,608,58,3101.5,15,1042.0,0,0,3,-1.33
5609,5,609,58,3130.5,15,1049.5,0,0,3,-1.33
5610,5,610,61,3164.0,15,1057.0,0,0,3,-1.3599999999999999
5611,5,611,62,3196.0,15,1064.5,0,0,3,-1.37
5612,5,612,63,3228.5,15,1072.0,0,0,3,-1.38
5613,5,613,63,3260.0,15,1079.5,0,1,3,-1.38
5614,5,614,63,3291.5,15,1087.0,0,0,3,-1.38
5615,5,615,63,3323.0,15,1094.5,0,0,3,-1.38
5616,5,616,63,3354.5,15,1102.0,0,0,3,-1.38
5617,5,617,63,3386.0,15,1109.5,0,2,3,-1.38
5618,5,618,63,3417.5,15,1117.0,0,2,3,-1.38
5619,5,619,64,3450.5,15,1124.5,0,0,3,-1.3900000000000001
5620,5,620,64,3482.5,15,1132.0,0,0,3,-1.3900000000000001
5621,5,621,65,3516.0,15,1139.5,0,0,3,-1.4
5622,5,622,66,3550.0,15,1147.0,0,0,3,-1.4100000000000001
5623,5,623,67,3584.5,15,1154.5,0,0,3,-1.42
5624,5,624,68,3619.5,15,1162.0,0,0,3,-1.4300000000000002
5625,5,625,68,3653.5,15,1169.5,0,0,3,-1.4300000000000002
5626,5,626,68,3687.5,15,1177.0,0,0,3,-1.4300000000000002
5627,5,627,68,3721.5,15,1184.5,0,0,3,-1.4300000000000002
5628,5,628,68,3755.5,15,1192.0,0,0,3,-1.4300000000000002
5629,5,629,68,3789.5,15,1199.5,0,1,3,-1.4300000000000002
5630,5,630,68,3823.5,15,1207.0,0,0,3,-1.4300000000000002
5631,5,631,68,3857.5,15,1214.5,0,0,3,-1.4300000000000002
5632,5,632,69,3893.0,15,1222.0,0,0,3,-1.44
5633,5,633,69,3927.5,15,1229.5,0,0,3,-1.44
5634,5,634,69,3962.0,15,1237.0,0,0,3,-1.44
5635,5,635,70,3998.0,15,1244.5,1,0,3,-1.45
5636,5,636,70,4033.0,15,1252.0,0,0,3,-1.45
5637,5,637,70,4068.0,15,1259.5,0,0,3,-1.45
5638,5,638,70,4103.0,15,1267.0,0,1,3,-1.45
5639,5,639,70,4138.0,15,1274.5,0,1,3,-1.45
5640,5,640,70,4173.0,15,1282.0,0,0,3,-1.45
5641,5,641,71,4209.5,15,1289.5,0,0,3,-1.46
5642,5,642,73,4248.0,15,1297.0,0,0,3,-1.48
5643,5,643,74,4286.0,15,1304.5,0,0,3,-1.49
5644,5,644,75,4324.5,15,1312.0,0,0,3,-1.5
5645,5,645,75,4362.0,15,1319.5,0,2,3,-1.5
5646,5,646,75,4399.5,15,1327.0,0,0,3,-1.5
5647,5,647,75,4437.0,15,1334.5,0,1,3,-1.5
5648,5,648,75,4474.5,15,1342.0,0,1,3,-1.5
5649,5,649,75,4512.0,15,1349.5,0,0,3,-1.5
5650,5,650,77,4552.5,15,1357.0,0,0,3,-1.52
5651,5,651,77,4591.0,15,1364.5,0,0,3,-1.52
5652,5,652,77,4629.5,15,1372.0,0,0,3,-1.52
5653,5,653,78,4669.5,15,1379.5,0,0,4,-1.53
5654,5,654,79,4710.0,15,1387.0,1,0,4,-1.54
5655,5,655,80,4751.0,15,1394.5,0,0,4,-1.55
5656,5,656,80,4791.0,15,1402.0,0,0,4,-1.55
5657,5,657,80,4831.0,15,1409.5,0,0,4,-1.55
5658,5,658,80,4871.0,15,1417.0,0,1,4,-1.55
5659,5,659,80,4911.0,15,1424.5,0,0,4,-1.55
5660,5,660,80,4951.0,15,1432.0,0,0,4,-1.55
5661,5,661,80,4991.0,16,1441.0,0,0,4,-1.6
5662,5,662,82,5034.0,16,1449.0,0,0,4,-1.62
5663,5,663,82,5075.0,16,1457.0,0,0,4,-1.62
5664,5,664,83,5117.5,17,1466.5,0,0,4,-1.68
5665,5,665,77,4483.0,11,1128.0,0,0,5,-1.32
5666,5,666,73,3996.0,11,1133.5,1,0,5,-1.28
5667,5,667,70,3556.5,10,1075.0,0,0,5,-1.2
5668,5,668,66,3136.5,10,1080.0,0,0,5,-1.1600000000000001
5669,5,669,65,3070.5,10,1085.0,1,0,5,-1.15
5670,5,670,63,2790.0,10,1090.0,0,0,5,-1.13
5671,5,671,59,2445.5,9,1001.5,0,0,5,-1.04
5672,5,672,58,2217.0,9,1006.0,0,1,5,-1.03
5673,5,673,58,2166.0,8,916.5,0,0,5,-0.98
5674,5,674,54,1890.5,7,912.5,0,0,5,-0.89
5675,5,675,49,1656.5,7,916.0,0,0,5,-0.84
5676,5,676,47,1607.0,8,921.0,0,0,5,-0.87
5677,5,677,43,1399.5,8,925.0,0,0,5,-0.8300000000000001
5678,5,678,40,1268.5,9,930.5,0,0,5,-0.8500000000000001
5679,5,679,39,1242.0,8,750.0,0,0,5,-0.79
5680,5,680,36,1145.0,7,750.5,0,0,5,-0.71
5681,5,681,35,1106.0,7,754.0,1,2,5,-0.7
5682,5,682,36,1100.0,7,757.5,0,1,5,-0.71
5683,5,683,34,1061.5,6,757.0,0,0,5,-0.64
5684,5,684,33,1050.0,5,577.0,0,1,5,-0.5800000000000001
5685,5,685,33,1066.5,5,579.5,0,1,5,-0.5800000000000001
5686,5,686,31,1065.5,6,583.5,0,0,5,-0.61
5687,5,687,31,1081.0,6,586.5,0,2,5,-0.61
5688,5,688,30,1087.0,7,591.0,0,0,5,-0.6499999999999999
5689,5,689,29,1097.0,5,394.0,0,0,5,-0.54
5690,5,690,29,1111.5,5,396.5,0,1,5,-0.54
5691,5,691,29,1126.0,5,399.0,0,0,5,-0.54
5692,5,692,29,1140.5,5,401.5,0,0,5,-0.54
5693,5,693,29,1155.0,5,404.0,0,2,5,-0.54
5694,5,694,30,1171.0,5,406.5,0,1,5,-0.55
5695,5,695,30,1186.0,5,409.0,0,0,5,-0.55
5696,5,696,30,1201.0,5,411.5,0,0,5,-0.55
5697,5,697,30,1216.0,6,415.5,0,1,5,-0.6
5698,5,698,31,1232.5,6,418.5,0,1,5,-0.61
5699,5,699,32,1249.5,7,423.0,0,0,5,-0.6699999999999999
5700,5,700,32,1265.5,7,426.5,0,0,5,-0.6699999999999999
5701,5,701,32,1281.5,7,430.0,0,0,5,-0.6699999999999999
5702,5,702,32,1297.5,7,433.5,0,0,5,-0.6699999999999999
5703,5,703,37,1321.0,6,432.5,0,0,5,-0.6699999999999999
5704,5,704,38,1341.0,6,435.5,0,1,5,-0.6799999999999999
5705,5,705,40,1363.0,6,438.5,0,0,5,-0.7
5706,5,706,40,1383.0,6,441.5,1,0,5,-0.7
5707,5,707,40,1403.0,6,444.5,0,0,5,-0.7
5708,5,708,40,1423.0,5,441.5,0,0,5,-0.65
5709,5,709,41,1444.5,5,444.0,0,0,5,-0.6599999999999999
5710,5,710,42,1466.5,5,446.5,0,0,5,-0.6699999999999999
5711,5,711,42,1487.5,5,449.0,0,0,5,-0.6699999999999999
5712,5,712,42,1508.5,5,451.5,0,0,5,-0.6699999999999999
5713,5,713,42,1529.5,5,454.0,0,0,5,-0.6699999999999999
5714,5,714,42,1550.5,6,458.0,0,0,5,-0.72
5715,5,715,40,1352.5,6,461.0,0,0,6,-0.7
5716,5,716,38,1255.5,6,464.0,0,0,6,-0.6799999999999999
5717,5,717,36,1256.5,5,464.0,0,0,6,-0.61
5718,5,718,35,1266.5,5,466.5,0,0,6,-0.6
5719,5,719,35,1284.0,5,469.0,0,0,6,-0.6
5720,5,720,35,1301.5,6,473.0,0,1,6,-0.6499999999999999
5721,5,721,37,1322.0,6,476.0,0,0,6,-0.6699999999999999
5722,5,722,37,1340.5,6,479.0,0,0,6,-0.6699999999999999
5723,5,723,37,1359.0,6,482.0,0,0,6,-0.6699999999999999
5724,5,724,37,1377.5,6,485.0,0,0,6,-0.6699999999999999
5725,5,725,37,1396.0,6,488.0,0,2,6,-0.6699999999999999
5726,5,726,37,1414.5,6,491.0,0,0,6,-0.6699999999999999
5727,5,727,37,1433.0,6,494.0,0,0,6,-0.6699999999999999
5728,5,728,37,1451.5,6,497.0,0,0,6,-0.6699999999999999
5729,5,729,38,1471.5,6,500.0,0,0,6,-0.6799999999999999
5730,5,730,39,1492.0,6,503.0,0,0,6,-0.69
5731,5,731,39,1511.5,6,506.0,0,0,6,-0.69
5732,5,732,39,1531.0,6,509.0,0,0,6,-0.69
5733,5,733,39,1550.5,6,512.0,0,0,6,-0.69
5734,5,734,39,1570.0,6,515.0,0,0,6,-0.69
5735,5,735,39,1589.5,6,518.0,0,0,6,-0.69
5736,5,736,39,1609.0,6,521.0,0,0,6,-0.69
5737,5,737,39,1628.5,6,524.0,0,0,6,-0.69
5738,5,738,39,1648.0,6,527.0,0,0,6,-0.69
5739,5,739,39,1667.5,6,530.0,0,0,6,-0.69
5740,5,740,40,1688.5,6,533.0,0,0,6,-0.7
5741,5,741,41,1710.0,7,537.5,0,0,6,-0.76
5742,5,742,41,1730.5,7,541.0,0,0,6,-0.76
5743,5,743,41,1751.0,7,544.5,0,0,6,-0.76
5744,5,744,41,1771.5,7,548.0,0,1,6,-0.76
5745,5,745,41,1792.0,7,551.5,0,3,6,-0.76
5746,5,746,41,1812.5,7,555.0,0,0,6,-0.76
5747,5,747,41,1833.0,7,558.5,0,0,6,-0.76
5748,5,748,41,1853.5,7,562.0,0,3,6,-0.76
5749,5,749,42,1875.5,7,565.5,0,0,6,-0.77
5750,5,750,43,1898.0,7,569.0,0,0,6,-0.78
5751,5,751,43,1919.5,7,572.5,0,2,6,-0.78
5752,5,752,43,1941.0,7,576.0,0,0,6,-0.78
5753,5,753,43,1962.5,7,579.5,0,0,6,-0.78
5754,5,754,43,1984.0,7,583.0,0,2,6,-0.78
5755,5,755,43,2005.5,7,586.5,0,0,6,-0.78
5756,5,756,43,2027.0,7,590.0,0,0,6,-0.78
5757,5,757,43,2048.5,7,593.5,0,2,6,-0.78
5758,5,758,43,2070.0,7,597.0,0,0,6,-0.78
5759,5,759,44,2093.0,7,600.5,0,1,6,-0.79
5760,5,760,44,2115.0,8,605.5,0,2,6,-0.8400000000000001
5761,5,761,46,2140.0,8,609.5,0,0,6,-0.8600000000000001
5762,5,762,46,2163.0,8,613.5,0,0,6,-0.8600000000000001
5763,5,763,46,2186.0,8,617.5,0,3,6,-0.8600000000000001
5764,5,764,46,2209.0,8,621.5,0,0,6,-0.8600000000000001
5765,5,765,46,2232.0,8,625.5,0,0,6,-0.8600000000000001
5766,5,766,46,2255.0,8,629.5,0,3,6,-0.8600000000000001
5767,5,767,46,2278.0,8,633.5,0,0,6,-0.8600000000000001
5768,5,768,46,2301.0,8,637.5,0,0,6,-0.8600000000000001
5769,5,769,46,2324.0,10,644.5,0,4,6,-0.96
5770,5,770,47,2348.5,10,649.5,0,0,6,-0.97
5771,5,771,47,2372.0,10,654.5,0,0,6,-0.97
5772,5,772,47,2395.5,10,659.5,0,3,6,-0.97
5773,5,773,48,2420.5,10,664.5,0,1,6,-0.98
5774,5,774,48,2444.5,10,669.5,0,0,6,-0.98
5775,5,775,48,2468.5,10,674.5,0,2,6,-0.98
5776,5,776,49,2494.0,10,679.5,0,1,6,-0.99
5777,5,777,49,2518.5,10,684.5,0,1,6,-0.99
5778,5,778,49,2543.0,10,689.5,0,2,6,-0.99
5779,5,779,49,2567.5,10,694.5,0,1,6,-0.99
5780,5,780,50,2593.5,11,701.0,0,1,6,-1.05
5781,5,781,50,2618.5,11,706.5,0,1,6,-1.05
5782,5,782,52,2646.5,11,712.0,0,1,6,-1.07
5783,5,783,52,2672.5,11,717.5,0,0,6,-1.07
5784,5,784,52,2698.5,11,723.0,0,0,6,-1.07
5785,5,785,53,2726.0,11,728.5,0,0,6,-1.08
5786,5,786,54,2754.0,11,734.0,0,1,6,-1.09
5787,5,787,54,2781.0,11,739.5,0,0,6,-1.09
5788,5,788,54,2808.0,11,745.0,1,2,6,-1.09
5789,5,789,54,2835.0,11,750.5,0,1,6,-1.09
5790,5,790,55,2863.5,11,756.0,0,1,6,-1.1
5791,5,791,55,2891.0,11,761.5,0,3,6,-1.1
5792,5,792,56,2920.0,11,767.0,0,0,6,-1.11
5793,5,793,56,2948.0,11,772.5,0,2,6,-1.11
5794,5,794,56,2976.0,11,778.0,0,3,6,-1.11
5795,5,795,56,3004.0,11,783.5,0,0,6,-1.11
5796,5,796,56,3032.0,11,789.0,0,1,6,-1.11
5797,5,797,56,3060.0,11,794.5,0,3,6,-1.11
5798,5,798,56,3088.0,11,800.0,0,0,6,-1.11
5799,5,799,56,3116.0,11,805.5,0,1,6,-1.11
5800,5,800,56,3144.0,11,811.0,0,4,6,-1.11
5801,5,801,56,3172.0,11,816.5,0,0,6,-1.11
5802,5,802,57,3201.5,11,822.0,0,1,6,-1.12
5803,5,803,57,3230.0,11,827.5,0,3,6,-1.12
5804,5,804,58,3260.0,11,833.0,0,3,6,-1.13
5805,5,805,58,3289.0,11,838.5,0,0,7,-1.13
5806,5,806,58,3318.0,11,844.0,0,1,7,-1.13
5807,5,807,59,3348.5,11,849.5,0,0,7,-1.1400000000000001
5808,5,808,59,3378.0,11,855.0,0,0,7,-1.1400000000000001
5809,5,809,59,3407.5,11,860.5,0,0,7,-1.1400000000000001
5810,5,810,60,3438.5,11,866.0,0,1,7,-1.15
5811,5,811,62,3471.5,11,871.5,0,2,7,-1.17
5812,5,812,62,3502.5,11,877.0,0,1,7,-1.17
5813,5,813,62,3533.5,11,882.5,0,0,7,-1.17
5814,5,814,62,3564.5,11,888.0,0,0,7,-1.17
5815,5,815,62,3595.5,11,893.5,0,2,7,-1.17
5816,5,816,64,3629.5,11,899.0,0,1,7,-1.19
5817,5,817,62,3348.5,11,904.5,0,0,8,-1.17
5818,5,818,62,3129.5,11,910.0,0,0,8,-1.17
5819,5,819,60,2988.0,11,915.5,0,0,8,-1.15
5820,5,820,59,2900.0,11,921.0,0,0,8,-1.1400000000000001
5821,5,821,60,2931.0,11,926.5,0,0,8,-1.15
5822,5,822,58,2917.5,11,932.0,0,1,8,-1.13
5823,5,823,58,2946.5,11,937.5,0,0,8,-1.13
5824,5,824,58,2975.5,11,943.0,0,0,8,-1.13
5825,5,825,58,3004.5,11,948.5,0,1,8,-1.13
5826,5,826,58,3033.5,11,954.0,0,1,8,-1.13
5827,5,827,58,3062.5,11,959.5,0,1,8,-1.13
5828,5,828,58,3091.5,11,965.0,0,0,8,-1.13
5829,5,829,58,3120.5,11,970.5,1,0,8,-1.13
5830,5,830,59,3151.0,11,976.0,0,0,8,-1.1400000000000001
5831,5,831,61,3183.5,11,981.5,0,0,8,-1.1600000000000001
5832,5,832,62,3215.5,11,987.0,0,0,8,-1.17
5833,5,833,63,3248.0,11,992.5,0,0,8,-1.1800000000000002
5834,5,834,63,3279.5,11,998.0,0,0,8,-1.1800000000000002
5835,5,835,63,3311.0,11,1003.5,0,0,8,-1.1800000000000002
5836,5,836,63,3342.5,11,1009.0,0,2,8,-1.1800000000000002
5837,5,837,63,3374.0,11,1014.5,0,0,8,-1.1800000000000002
5838,5,838,64,3407.0,11,1020.0,0,0,8,-1.19
5839,5,839,64,3439.0,11,1025.5,0,0,8,-1.19
5840,5,840,65,3472.5,11,1031.0,0,0,8,-1.2000000000000002
5841,5,841,66,3506.5,11,1036.5,0,0,8,-1.21
5842,5,842,66,3539.5,11,1042.0,0,2,8,-1.21
5843,5,843,67,3574.0,11,1047.5,0,0,8,-1.2200000000000002
5844,5,844,68,3609.0,11,1053.0,0,0,8,-1.23
5845,5,845,68,3643.0,11,1058.5,0,0,8,-1.23
5846,5,846,68,3677.0,11,1064.0,0,2,8,-1.23
5847,5,847,68,3711.0,11,1069.5,0,0,8,-1.23
5848,5,848,68,3745.0,11,1075.0,0,0,8,-1.23
5849,5,849,68,3779.0,11,1080.5,0,0,8,-1.23
5850,5,850,68,3813.0,11,1086.0,0,0,8,-1.23
5851,5,851,71,3851.5,11,1091.5,0,0,8,-1.26
5852,5,852,72,3888.5,11,1097.0,0,0,8,-1.27
5853,5,853,72,3924.5,11,1102.5,0,0,8,-1.27
5854,5,854,72,3960.5,11,1108.0,0,0,8,-1.27
5855,5,855,72,3996.5,11,1113.5,0,0,8,-1.27
5856,5,856,72,4032.5,11,1119.0,0,0,8,-1.27
5857,5,857,73,4070.0,11,1124.5,0,2,8,-1.28
5858,5,858,74,4108.0,11,1130.0,0,0,8,-1.29
5859,5,859,74,4145.0,11,1135.5,0,0,8,-1.29
5860,5,860,76,4185.0,11,1141.0,0,0,8,-1.31
5861,5,861,77,4224.5,11,1146.5,0,0,8,-1.32
5862,5,862,77,4263.0,12,1153.5,0,0,8,-1.37
5863,5,863,78,4303.0,12,1159.5,0,0,8,-1.38
5864,5,864,78,4342.0,12,1165.5,0,0,8,-1.38
5865,5,865,78,4381.0,12,1171.5,0,0,8,-1.38
5866,5,866,78,4420.0,12,1177.5,0,0,8,-1.38
5867,5,867,78,4459.0,12,1183.5,0,0,8,-1.38
5868,5,868,78,4498.0,12,1189.5,0,0,8,-1.38
5869,5,869,78,4537.0,13,1197.0,1,0,8,-1.4300000000000002
5870,5,870,80,4579.0,13,1203.5,0,0,8,-1.4500000000000002
5871,5,871,82,4622.0,13,1210.0,0,0,8,-1.47
5872,5,872,82,4663.0,13,1216.5,0,0,8,-1.47
5873,5,873,82,4704.0,13,1223.0,1,0,8,-1.47
5874,5,874,82,4745.0,13,1229.5,0,0,8,-1.47
5875,5,875,82,4786.0,13,1236.0,0,0,8,-1.47
5876,5,876,82,4827.0,13,1242.5,1,0,8,-1.47
5877,5,877,82,4868.0,14,1250.5,1,0,9,-1.52
5878,5,878,82,4909.0,14,1257.5,0,0,9,-1.52
5879,5,879,82,4950.0,14,1264.5,0,0,9,-1.52
5880,5,880,84,4994.0,14,1271.5,0,0,9,-1.54
5881,5,881,84,5036.0,14,1278.5,0,1,9,-1.54
5882,5,882,84,5078.0,14,1285.5,0,0,9,-1.54
5883,5,883,81,4562.5,9,987.0,0,0,0,-1.26
5884,5,884,77,4074.5,9,991.5,0,1,0,-1.22
5885,5,885,73,3635.5,9,996.0,0,0,0,-1.18
5886,5,886,70,3230.0,9,1000.5,0,0,0,-1.15
5887,5,887,70,3265.0,9,1005.0,0,0,0,-1.15
5888,5,888,66,2892.5,9,1009.5,0,0,0,-1.11
5889,5,889,60,2432.5,8,729.0,0,0,0,-1.0
5890,5,890,58,2251.5,8,733.0,0,0,0,-0.98
5891,5,891,57,2073.0,9,738.5,0,0,0,-1.02
5892,5,892,52,1779.5,8,722.5,0,0,0,-0.92
5893,5,893,50,1674.0,8,726.5,0,0,0,-0.9
5894,5,894,47,1552.0,8,714.5,0,0,0,-0.87
5895,5,895,43,1403.0,8,718.5,0,0,0,-0.8300000000000001
5896,5,896,43,1386.5,8,722.5,0,1,0,-0.8300000000000001
5897,5,897,40,1311.5,6,520.5,0,2,0,-0.7
5898,5,898,37,1254.0,3,315.0,0,0,0,-0.52
5899,5,899,37,1272.5,3,316.5,0,0,0,-0.52
5900,5,900,34,1228.5,3,318.0,0,2,0,-0.49
5901,5,901,32,1207.5,3,319.5,0,0,0,-0.47
5902,5,902,32,1223.5,3,321.0,0,0,0,-0.47
5903,5,903,31,1217.0,3,322.5,0,0,0,-0.45999999999999996
5904,5,904,30,1224.0,3,324.0,1,0,0,-0.44999999999999996
5905,5,905,30,1239.0,3,325.5,0,0,0,-0.44999999999999996
5906,5,906,29,1250.0,3,327.0,0,0,0,-0.43999999999999995
5907,5,907,29,1264.5,3,328.5,0,1,0,-0.43999999999999995
5908,5,908,29,1279.0,3,330.0,0,0,0,-0.43999999999999995
5909,5,909,30,1295.0,3,331.5,0,0,0,-0.44999999999999996
5910,5,910,31,1311.5,3,222.0,0,0,0,-0.45999999999999996
5911,5,911,32,1328.5,2,14.5,0,2,0,-0.42000000000000004
5912,5,912,35,1349.0,2,15.5,1,0,0,-0.44999999999999996
5913,5,913,37,1369.5,2,16.5,0,1,0,-0.47
5914,5,914,39,1391.0,2,17.5,0,1,0,-0.49
5915,5,915,39,1410.5,2,18.5,0,0,0,-0.49
5916,5,916,40,1431.5,2,19.5,0,0,0,-0.5
5917,5,917,40,1451.5,2,20.5,0,0,0,-0.5
5918,5,918,40,1471.5,2,21.5,0,0,0,-0.5
5919,5,919,42,1494.5,2,22.5,1,0,0,-0.52
5920,5,920,42,1515.5,2,23.5,0,0,0,-0.52
5921,5,921,43,1538.0,2,24.5,0,0,0,-0.53
5922,5,922,43,1559.5,2,25.5,0,0,0,-0.53
5923,5,923,43,1581.0,2,26.5,0,1,0,-0.53
5924,5,924,44,1604.0,2,27.5,0,0,0,-0.54
5925,5,925,44,1626.0,2,28.5,1,0,0,-0.54
5926,5,926,44,1648.0,2,29.5,0,0,0,-0.54
5927,5,927,44,1670.0,2,30.5,0,0,0,-0.54
5928,5,928,45,1693.5,2,31.5,0,0,0,-0.55
5929,5,929,45,1716.0,2,32.5,0,1,0,-0.55
5930,5,930,45,1738.5,2,33.5,0,0,0,-0.55
5931,5,931,45,1761.0,2,34.5,0,1,0,-0.55
5932,5,932,45,1783.5,2,35.5,0,0,0,-0.55
5933,5,933,43,1573.0,2,36.5,0,0,1,-0.53
5934,5,934,41,1468.5,2,37.5,0,0,1,-0.51
5935,5,935,39,1465.0,2,38.5,1,0,1,-0.49
5936,5,936,39,1484.5,2,39.5,0,0,1,-0.49
5937,5,937,39,1504.0,2,40.5,0,0,1,-0.49
5938,5,938,39,1523.5,2,41.5,0,0,1,-0.49
5939,5,939,40,1544.5,2,42.5,0,0,1,-0.5
5940,5,940,40,1564.5,2,43.5,0,0,1,-0.5
5941,5,941,43,1589.0,2,44.5,0,0,1,-0.53
5942,5,942,43,1610.5,2,45.5,0,0,1,-0.53
5943,5,943,45,1635.0,2,46.5,0,0,1,-0.55
5944,5,944,45,1657.5,2,47.5,0,0,1,-0.55
5945,5,945,45,1680.0,2,48.5,0,0,1,-0.55
5946,5,946,44,1696.0,2,49.5,0,0,1,-0.54
5947,5,947,42,1711.0,2,50.5,0,0,1,-0.52
5948,5,948,42,1732.0,2,51.5,0,0,1,-0.52
5949,5,949,44,1756.0,2,52.5,0,0,1,-0.54
5950,5,950,44,1778.0,2,53.5,0,0,1,-0.54
5951,5,951,44,1800.0,2,54.5,0,0,1,-0.54
5952,5,952,45,1823.5,2,55.5,0,0,1,-0.55
5953,5,953,45,1846.0,2,56.5,0,0,1,-0.55
5954,5,954,45,1868.5,2,57.5,0,0,1,-0.55
5955,5,955,46,1892.5,2,58.5,0,0,1,-0.56
5956,5,956,46,1915.5,2,59.5,0,0,1,-0.56
5957,5,957,46,1938.5,2,60.5,0,0,1,-0.56
5958,5,958,46,1961.5,2,61.5,0,0,1,-0.56
5959,5,959,47,1986.0,2,62.5,0,0,1,-0.57
5960,5,960,45,1963.0,2,63.5,0,0,1,-0.55
5961,5,961,46,1987.0,2,64.5,0,0,1,-0.56
5962,5,962,46,2010.0,2,65.5,0,0,1,-0.56
5963,5,963,46,2033.0,2,66.5,0,3,1,-0.56
5964,5,964,46,2056.0,2,67.5,0,0,1,-0.56
5965,5,965,46,2079.0,3,70.0,0,0,1,-0.61
5966,5,966,47,2103.5,3,71.5,0,2,1,-0.62
5967,5,967,47,2127.0,3,73.0,0,0,1,-0.62
5968,5,968,47,2150.5,3,74.5,0,0,1,-0.62
5969,5,969,47,2174.0,4,77.5,0,0,1,-0.6699999999999999
5970,5,970,47,2197.5,4,79.5,0,0,1,-0.6699999999999999
5971,5,971,47,2221.0,4,81.5,0,0,1,-0.6699999999999999
5972,5,972,47,2244.5,4,83.5,0,0,1,-0.6699999999999999
5973,5,973,47,2268.0,5,87.0,0,1,1,-0.72
5974,5,974,47,2291.5,5,89.5,0,0,1,-0.72
5975,5,975,47,2315.0,5,92.0,0,0,1,-0.72
5976,5,976,48,2340.0,6,96.0,0,2,1,-0.78
5977,5,977,48,2364.0,7,100.5,0,0,1,-0.83
5978,5,978,48,2388.0,6,102.0,0,3,1,-0.78
5979,5,979,49,2413.5,6,105.0,0,1,1,-0.79
5980,5,980,50,2439.5,6,108.0,0,0,1,-0.8
5981,5,981,51,2466.0,7,112.5,0,2,1,-0.86
5982,5,982,51,2491.5,7,116.0,0,1,1,-0.86
5983,5,983,51,2517.0,7,119.5,0,0,1,-0.86
5984,5,984,53,2545.5,7,123.0,0,2,1,-0.88
5985,5,985,53,2572.0,7,126.5,0,0,1,-0.88
5986,5,986,53,2598.5,7,130.0,0,0,1,-0.88
5987,5,987,53,2625.0,7,133.5,0,2,1,-0.88
5988,5,988,53,2651.5,7,137.0,0,1,1,-0.88
5989,5,989,56,2682.5,7,140.5,0,0,1,-0.91
5990,5,990,56,2710.5,7,144.0,0,2,1,-0.91
5991,5,991,56,2738.5,8,149.0,0,2,1,-0.9600000000000001
5992,5,992,56,2766.5,7,151.0,0,0,1,-0.91
5993,5,993,56,2794.5,7,154.5,0,1,1,-0.91
5994,5,994,56,2822.5,7,158.0,0,2,1,-0.91
5995,5,995,56,2850.5,8,163.0,0,1,1,-0.9600000000000001
5996,5,996,56,2878.5,8,167.0,0,0,1,-0.9600000000000001
5997,5,997,56,2906.5,8,171.0,0,2,1,-0.9600000000000001
5998,5,998,56,2934.5,8,175.0,0,2,1,-0.9600000000000001
5999,5,999,57,2964.0,8,179.0,0,0,1,-0.97
6000,6,0,0,0.0,0,0.0,0,0,0,-0.0
6001,6,1,0,0.0,0,0.0,0,0,0,-0.0
6002,6,2,0,0.0,0,0.0,0,0,0,-0.0
6003,6,3,0,0.0,0,0.0,0,0,0,-0.0
6004,6,4,0,0.0,0,0.0,0,0,0,-0.0
6005,6,5,0,0.0,0,0.0,0,0,0,-0.0
6006,6,6,0,0.0,0,0.0,0,0,0,-0.0
6007,6,7,0,0.0,0,0.0,0,0,0,-0.0
6008,6,8,0,0.0,0,0.0,0,0,0,-0.0
6009,6,9,0,0.0,0,0.0,0,0,0,-0.0
6010,6,10,0,0.0,0,0.0,0,0,0,-0.0
6011,6,11,0,0.0,0,0.0,0,0,0,-0.0
6012,6,12,0,0.0,0,0.0,0,0,0,-0.0
6013,6,13,0,0.0,0,0.0,0,0,0,-0.0
6014,6,14,0,0.0,0,0.0,0,0,0,-0.0
6015,6,15,0,0.0,0,0.0,0,0,0,-0.0
6016,6,16,0,0.0,0,0.0,0,0,0,-0.0
6017,6,17,0,0.0,0,0.0,0,0,0,-0.0
6018,6,18,0,0.0,0,0.0,0,0,0,-0.0
6019,6,19,0,0.0,0,0.0,0,0,0,-0.0
6020,6,20,0,0.0,0,0.0,0,0,0,-0.0
6021,6,21,0,0.0,0,0.0,0,0,0,-0.0
6022,6,22,0,0.0,0,0.0,0,0,0,-0.0
6023,6,23,0,0.0,0,0.0,0,0,0,-0.0
6024,6,24,0,0.0,0,0.0,0,0,0,-0.0
6025,6,25,0,0.0,0,0.0,0,0,0,-0.0
6026,6,26,0,0.0,0,0.0,0,0,0,-0.0
6027,6,27,0,0.0,0,0.0,0,0,0,-0.0
6028,6,28,0,0.0,0,0.0,0,0,0,-0.0
6029,6,29,0,0.0,0,0.0,0,0,0,-0.0
6030,6,30,0,0.0,0,0.0,0,0,0,-0.0
6031,6,31,0,0.0,0,0.0,0,0,0,-0.0
6032,6,32,0,0.0,0,0.0,0,0,0,-0.0
6033,6,33,0,0.0,0,0.0,0,0,0,-0.0
6034,6,34,0,0.0,0,0.0,0,0,0,-0.0
6035,6,35,0,0.0,0,0.0,0,0,0,-0.0
6036,6,36,0,0.0,0,0.0,0,0,0,-0.0
6037,6,37,0,0.0,0,0.0,0,0,0,-0.0
6038,6,38,0,0.0,0,0.0,0,0,0,-0.0
6039,6,39,0,0.0,0,0.0,0,0,0,-0.0
6040,6,40,0,0.0,0,0.0,0,0,0,-0.0
6041,6,41,0,0.0,0,0.0,0,0,0,-0.0
6042,6,42,0,0.0,0,0.0,0,0,0,-0.0
6043,6,43,0,0.0,0,0.0,0,0,0,-0.0
6044,6,44,0,0.0,0,0.0,0,0,0,-0.0
6045,6,45,0,0.0,0,0.0,0,0,0,-0.0
6046,6,46,0,0.0,0,0.0,0,0,0,-0.0
6047,6,47,0,0.0,0,0.0,0,0,0,-0.0
6048,6,48,0,0.0,0,0.0,0,0,0,-0.0
6049,6,49,0,0.0,0,0.0,0,0,1,-0.0
6050,6,50,0,0.0,0,0.0,0,0,1,-0.0
6051,6,51,0,0.0,0,0.0,0,0,1,-0.0
6052,6,52,0,0.0,0,0.0,0,0,1,-0.0
6053,6,53,0,0.0,0,0.0,0,0,1,-0.0
6054,6,54,0,0.0,0,0.0,0,0,1,-0.0
6055,6,55,0,0.0,0,0.0,0,0,1,-0.0
6056,6,56,0,0.0,0,0.0,0,0,1,-0.0
6057,6,57,0,0.0,0,0.0,0,0,1,-0.0
6058,6,58,0,0.0,0,0.0,0,0,1,-0.0
6059,6,59,0,0.0,0,0.0,0,0,1,-0.0
6060,6,60,0,0.0,0,0.0,0,0,1,-0.0
6061,6,61,0,0.0,0,0.0,0,0,1,-0.0
6062,6,62,0,0.0,0,0.0,0,0,1,-0.0
6063,6,63,0,0.0,0,0.0,0,0,1,-0.0
6064,6,64,0,0.0,0,0.0,0,0,1,-0.0
6065,6,65,0,0.0,0,0.0,0,0,1,-0.0
6066,6,66,0,0.0,0,0.0,0,0,1,-0.0
6067,6,67,0,0.0,0,0.0,0,0,1,-0.0
6068,6,68,0,0.0,1,1.5,0,0,1,-0.05
6069,6,69,0,0.0,2,3.5,0,0,1,-0.1
6070,6,70,0,0.0,2,4.5,0,0,1,-0.1
6071,6,71,0,0.0,2,5.5,0,0,1,-0.1
6072,6,72,0,0.0,2,6.5,0,0,1,-0.1
6073,6,73,0,0.0,2,7.5,0,0,1,-0.1
6074,6,74,0,0.0,2,8.5,0,0,1,-0.1
6075,6,75,0,0.0,2,9.5,0,0,1,-0.1
6076,6,76,1,1.5,2,10.5,0,0,1,-0.11
6077,6,77,1,2.0,2,11.5,0,0,1,-0.11
6078,6,78,7,11.5,3,14.0,0,0,1,-0.22
6079,6,79,7,15.0,3,15.5,0,0,1,-0.22
6080,6,80,7,18.5,3,17.0,0,0,1,-0.22
6081,6,81,7,22.0,4,20.0,0,0,1,-0.27
6082,6,82,7,25.5,5,23.5,0,0,1,-0.32
6083,6,83,7,29.0,5,26.0,0,0,1,-0.32
6084,6,84,7,32.5,5,28.5,0,0,1,-0.32
6085,6,85,7,36.0,5,31.0,0,0,1,-0.32
6086,6,86,8,41.0,5,33.5,0,0,1,-0.33
6087,6,87,8,45.0,5,36.0,0,0,1,-0.33
6088,6,88,8,49.0,5,38.5,0,0,1,-0.33
6089,6,89,9,54.5,5,41.0,0,0,1,-0.33999999999999997
6090,6,90,9,59.0,5,43.5,0,0,1,-0.33999999999999997
6091,6,91,9,63.5,5,46.0,0,0,1,-0.33999999999999997
6092,6,92,9,68.0,6,50.0,0,0,1,-0.39
6093,6,93,9,72.5,6,53.0,0,0,1,-0.39
6094,6,94,9,77.0,6,56.0,0,0,1,-0.39
6095,6,95,9,81.5,6,59.0,0,0,1,-0.39
6096,6,96,9,86.0,6,62.0,0,0,1,-0.39
6097,6,97,9,90.5,6,65.0,0,0,1,-0.39
6098,6,98,9,95.0,6,68.0,0,0,1,-0.39
6099,6,99,10,101.0,6,71.0,0,0,1,-0.4
6100,6,100,10,106.0,6,74.0,0,0,1,-0.4
6101,6,101,11,112.5,6,77.0,0,0,1,-0.41
6102,6,102,11,118.0,6,80.0,0,0,1,-0.41
6103,6,103,12,125.0,8,86.0,0,0,1,-0.52
6104,6,104,12,131.0,7,88.0,0,0,1,-0.47
6105,6,105,12,137.0,7,91.5,0,0,1,-0.47
6106,6,106,12,143.0,7,95.0,0,0,1,-0.47
6107,6,107,12,149.0,7,98.5,0,0,1,-0.47
6108,6,108,12,155.0,8,103.5,0,0,1,-0.52
6109,6,109,12,161.0,8,107.5,0,0,1,-0.52
6110,6,110,12,167.0,8,111.5,0,0,1,-0.52
6111,6,111,12,173.0,8,115.5,0,0,1,-0.52
6112,6,112,12,179.0,8,119.5,0,0,1,-0.52
6113,6,113,13,186.5,8,123.5,0,0,1,-0.53
6114,6,114,13,193.0,8,127.5,0,0,1,-0.53
6115,6,115,13,199.5,8,131.5,0,0,1,-0.53
6116,6,116,13,206.0,8,135.5,0,0,1,-0.53
6117,6,117,13,212.5,8,139.5,0,0,1,-0.53
6118,6,118,13,219.0,8,143.5,0,0,1,-0.53
6119,6,119,13,225.5,8,147.5,0,0,1,-0.53
6120,6,120,13,232.0,8,151.5,0,0,1,-0.53
6121,6,121,13,238.5,8,155.5,0,0,1,-0.53
6122,6,122,14,246.5,8,159.5,0,0,1,-0.54
6123,6,123,14,253.5,8,163.5,0,0,1,-0.54
6124,6,124,14,260.5,8,167.5,0,0,1,-0.54
6125,6,125,14,267.5,8,171.5,0,0,1,-0.54
6126,6,126,14,274.5,8,175.5,0,0,1,-0.54
6127,6,127,14,281.5,8,179.5,0,0,1,-0.54
6128,6,128,14,288.5,8,183.5,0,0,1,-0.54
6129,6,129,14,295.5,8,187.5,0,0,1,-0.54
6130,6,130,16,305.5,8,191.5,0,0,1,-0.56
6131,6,131,16,313.5,8,195.5,0,0,1,-0.56
6132,6,132,16,321.5,8,199.5,0,0,1,-0.56
6133,6,133,16,329.5,8,203.5,0,0,1,-0.56
6134,6,134,16,337.5,8,207.5,0,0,1,-0.56
6135,6,135,16,345.5,8,211.5,0,0,1,-0.56
6136,6,136,16,353.5,8,215.5,0,0,1,-0.56
6137,6,137,16,361.5,8,219.5,0,0,1,-0.56
6138,6,138,17,371.0,8,223.5,0,0,1,-0.5700000000000001
6139,6,139,18,381.0,8,227.5,0,0,2,-0.5800000000000001
6140,6,140,18,390.0,8,231.5,0,0,2,-0.5800000000000001
6141,6,141,18,399.0,8,235.5,0,0,2,-0.5800000000000001
6142,6,142,20,411.0,8,239.5,0,0,2,-0.6000000000000001
6143,6,143,20,421.0,8,243.5,0,0,2,-0.6000000000000001
6144,6,144,20,431.0,8,247.5,0,0,2,-0.6000000000000001
6145,6,145,20,441.0,8,251.5,0,0,2,-0.6000000000000001
6146,6,146,20,451.0,8,255.5,0,0,2,-0.6000000000000001
6147,6,147,20,461.0,8,259.5,0,0,2,-0.6000000000000001
6148,6,148,20,471.0,8,263.5,0,2,2,-0.6000000000000001
6149,6,149,20,481.0,8,267.5,0,0,2,-0.6000000000000001
6150,6,150,20,491.0,8,271.5,0,0,2,-0.6000000000000001
6151,6,151,20,428.0,8,275.5,0,2,3,-0.6000000000000001
6152,6,152,20,438.0,8,279.5,0,0,3,-0.6000000000000001
6153,6,153,23,452.5,8,283.5,0,0,3,-0.63
6154,6,154,23,464.0,8,287.5,0,0,3,-0.63
6155,6,155,23,475.5,8,291.5,0,0,3,-0.63
6156,6,156,23,487.0,8,295.5,0,0,3,-0.63
6157,6,157,23,498.5,8,299.5,0,0,3,-0.63
6158,6,158,23,510.0,8,303.5,0,0,3,-0.63
6159,6,159,23,521.5,8,307.5,0,0,3,-0.63
6160,6,160,23,533.0,8,311.5,0,0,3,-0.63
6161,6,161,23,544.5,8,315.5,0,0,3,-0.63
6162,6,162,27,562.0,8,319.5,0,0,3,-0.67
6163,6,163,27,575.5,8,323.5,0,0,3,-0.67
6164,6,164,31,595.0,8,327.5,0,0,3,-0.71
6165,6,165,31,610.5,8,331.5,0,0,3,-0.71
6166,6,166,31,626.0,8,335.5,0,0,3,-0.71
6167,6,167,31,641.5,8,339.5,0,0,3,-0.71
6168,6,168,31,657.0,8,343.5,0,0,3,-0.71
6169,6,169,33,675.5,8,347.5,0,0,3,-0.73
6170,6,170,33,692.0,8,351.5,0,1,3,-0.73
6171,6,171,33,708.5,8,355.5,0,0,3,-0.73
6172,6,172,33,725.0,8,359.5,0,0,3,-0.73
6173,6,173,35,744.5,8,363.5,0,0,3,-0.75
6174,6,174,35,762.0,8,367.5,0,0,3,-0.75
6175,6,175,37,782.5,8,371.5,0,0,3,-0.77
6176,6,176,37,801.0,8,375.5,0,1,3,-0.77
6177,6,177,37,819.5,8,379.5,0,0,3,-0.77
6178,6,178,37,838.0,8,383.5,0,0,3,-0.77
6179,6,179,37,856.5,8,387.5,0,0,3,-0.77
6180,6,180,38,876.5,8,391.5,0,0,3,-0.78
6181,6,181,38,895.5,8,395.5,0,0,3,-0.78
6182,6,182,39,916.0,8,399.5,0,0,3,-0.79
6183,6,183,40,937.0,8,403.5,0,1,3,-0.8
6184,6,184,40,957.0,8,407.5,0,0,3,-0.8
6185,6,185,40,977.0,8,411.5,0,0,3,-0.8
6186,6,186,41,998.5,8,415.5,0,1,3,-0.81
6187,6,187,42,1020.5,8,419.5,0,0,3,-0.8200000000000001
6188,6,188,42,1041.5,8,423.5,0,0,3,-0.8200000000000001
6189,6,189,42,1062.5,8,427.5,0,0,3,-0.8200000000000001
6190,6,190,42,1083.5,8,431.5,0,0,3,-0.8200000000000001
6191,6,191,42,1104.5,8,435.5,0,1,3,-0.8200000000000001
6192,6,192,42,1125.5,8,439.5,0,0,3,-0.8200000000000001
6193,6,193,43,1148.0,8,443.5,0,0,3,-0.8300000000000001
6194,6,194,43,1169.5,8,447.5,0,0,3,-0.8300000000000001
6195,6,195,44,1192.5,8,451.5,0,0,3,-0.8400000000000001
6196,6,196,45,1216.0,8,455.5,0,0,3,-0.8500000000000001
6197,6,197,45,1238.5,8,459.5,0,0,3,-0.8500000000000001
6198,6,198,45,1261.0,8,463.5,0,1,3,-0.8500000000000001
6199,6,199,45,1283.5,8,467.5,0,0,3,-0.8500000000000001
6200,6,200,47,1309.0,8,471.5,0,0,3,-0.87
6201,6,201,47,1332.5,8,475.5,0,0,3,-0.87
6202,6,202,47,1356.0,8,479.5,0,0,3,-0.87
6203,6,203,47,1379.5,8,483.5,0,0,3,-0.87
6204,6,204,47,1403.0,8,487.5,0,0,3,-0.87
6205,6,205,48,1428.0,8,491.5,0,0,3,-0.88
6206,6,206,49,1453.5,8,495.5,0,0,3,-0.89
6207,6,207,49,1478.0,8,499.5,0,0,3,-0.89
6208,6,208,49,1502.5,8,503.5,0,0,3,-0.89
6209,6,209,51,1530.0,8,507.5,0,0,3,-0.91
6210,6,210,51,1555.5,8,511.5,0,0,3,-0.91
6211,6,211,51,1581.0,8,515.5,0,0,4,-0.91
6212,6,212,51,1606.5,8,519.5,0,2,4,-0.91
6213,6,213,52,1633.5,8,523.5,0,0,4,-0.92
6214,6,214,52,1659.5,8,527.5,0,0,4,-0.92
6215,6,215,54,1688.5,8,531.5,0,1,4,-0.9400000000000001
6216,6,216,54,1715.5,8,535.5,0,0,4,-0.9400000000000001
6217,6,217,54,1742.5,8,539.5,0,0,4,-0.9400000000000001
6218,6,218,55,1771.0,8,543.5,0,1,4,-0.9500000000000001
6219,6,219,57,1801.5,8,547.5,0,1,4,-0.97
6220,6,220,58,1831.5,8,551.5,0,0,4,-0.98
6221,6,221,58,1860.5,8,555.5,0,0,4,-0.98
6222,6,222,58,1889.5,8,559.5,0,0,4,-0.98
6223,6,223,52,1580.5,8,563.5,0,0,5,-0.92
6224,6,224,48,1372.0,8,567.5,0,0,5,-0.88
6225,6,225,45,1210.0,8,571.5,0,0,5,-0.8500000000000001
6226,6,226,42,1071.0,8,575.5,0,0,5,-0.8200000000000001
6227,6,227,42,1092.0,8,579.5,0,0,5,-0.8200000000000001
6228,6,228,38,989.5,8,583.5,0,0,5,-0.78
6229,6,229,36,930.0,8,587.5,0,1,5,-0.76
6230,6,230,33,919.5,8,591.5,0,0,5,-0.73
6231,6,231,32,923.5,6,449.5,0,2,5,-0.62
6232,6,232,30,933.5,6,452.5,0,0,5,-0.6
6233,6,233,30,948.5,4,294.5,0,0,5,-0.5
6234,6,234,31,965.0,3,217.0,0,0,5,-0.45999999999999996
6235,6,235,31,980.5,3,218.5,0,0,5,-0.45999999999999996
6236,6,236,32,997.5,3,220.0,0,0,5,-0.47
6237,6,237,33,1015.0,3,221.5,0,0,5,-0.48
6238,6,238,33,1031.5,3,223.0,0,0,5,-0.48
6239,6,239,33,1048.0,3,224.5,0,0,5,-0.48
6240,6,240,33,1064.5,3,226.0,0,0,5,-0.48
6241,6,241,33,1081.0,3,227.5,0,0,5,-0.48
6242,6,242,33,1097.5,2,158.0,0,0,5,-0.43000000000000005
6243,6,243,33,1114.0,2,159.0,0,0,5,-0.43000000000000005
6244,6,244,33,1130.5,2,160.0,0,0,5,-0.43000000000000005
6245,6,245,33,1147.0,2,161.0,0,0,5,-0.43000000000000005
6246,6,246,34,1165.0,2,162.0,0,0,5,-0.44000000000000006
6247,6,247,34,1182.0,2,163.0,0,0,5,-0.44000000000000006
6248,6,248,34,1199.0,2,164.0,0,0,5,-0.44000000000000006
6249,6,249,34,1216.0,2,165.0,0,0,5,-0.44000000000000006
6250,6,250,34,1233.0,2,166.0,0,0,5,-0.44000000000000006
6251,6,251,34,1250.0,2,167.0,0,0,5,-0.44000000000000006
6252,6,252,34,1267.0,2,168.0,0,1,5,-0.44000000000000006
6253,6,253,35,1285.5,2,169.0,0,1,5,-0.44999999999999996
6254,6,254,35,1303.0,2,170.0,0,0,5,-0.44999999999999996
6255,6,255,36,1322.0,2,171.0,0,0,5,-0.45999999999999996
6256,6,256,37,1341.5,2,172.0,0,0,5,-0.47
6257,6,257,37,1360.0,2,173.0,0,0,5,-0.47
6258,6,258,37,1378.5,3,175.5,0,0,5,-0.52
6259,6,259,37,1397.0,3,177.0,0,0,5,-0.52
6260,6,260,37,1415.5,3,178.5,0,1,5,-0.52
6261,6,261,37,1434.0,2,177.0,0,0,5,-0.47
6262,6,262,37,1452.5,2,178.0,0,0,5,-0.47
6263,6,263,38,1472.5,2,179.0,0,0,5,-0.48
6264,6,264,38,1491.5,2,180.0,0,0,5,-0.48
6265,6,265,40,1513.5,3,182.5,0,0,5,-0.55
6266,6,266,40,1533.5,3,184.0,0,0,5,-0.55
6267,6,267,40,1553.5,3,185.5,0,0,5,-0.55
6268,6,268,40,1573.5,3,187.0,0,0,5,-0.55
6269,6,269,40,1593.5,2,185.0,0,0,5,-0.5
6270,6,270,40,1613.5,2,186.0,0,0,5,-0.5
6271,6,271,40,1633.5,2,187.0,0,1,5,-0.5
6272,6,272,40,1653.5,2,188.0,0,0,5,-0.5
6273,6,273,38,1474.5,2,189.0,0,0,6,-0.48
6274,6,274,38,1415.0,2,190.0,0,0,6,-0.48
6275,6,275,38,1434.0,2,191.0,0,0,6,-0.48
6276,6,276,38,1453.0,3,193.5,0,0,6,-0.53
6277,6,277,38,1472.0,3,195.0,0,0,6,-0.53
6278,6,278,38,1491.0,3,196.5,0,0,6,-0.53
6279,6,279,38,1510.0,3,198.0,0,0,6,-0.53
6280,6,280,38,1529.0,3,199.5,0,0,6,-0.53
6281,6,281,38,1548.0,3,201.0,0,0,6,-0.53
6282,6,282,38,1567.0,3,202.5,0,0,6,-0.53
6283,6,283,38,1586.0,5,207.0,0,0,6,-0.63
6284,6,284,38,1605.0,4,207.5,0,0,6,-0.5800000000000001
6285,6,285,40,1627.0,5,211.0,0,0,6,-0.65
6286,6,286,40,1647.0,6,215.0,0,0,6,-0.7
6287,6,287,42,1670.0,6,217.5,0,0,6,-0.72
6288,6,288,44,1694.0,5,218.5,0,0,6,-0.69
6289,6,289,45,1717.5,5,221.0,0,0,6,-0.7
6290,6,290,46,1741.5,6,225.0,0,0,6,-0.76
6291,6,291,46,1764.5,7,229.5,0,0,6,-0.81
6292,6,292,46,1787.5,7,233.0,0,0,6,-0.81
6293,6,293,46,1810.5,7,236.5,0,0,6,-0.81
6294,6,294,48,1836.5,7,240.0,0,0,6,-0.83
6295,6,295,48,1860.5,7,243.5,0,0,6,-0.83
6296,6,296,48,1884.5,7,247.0,0,0,6,-0.83
6297,6,297,48,1908.5,8,252.0,0,0,6,-0.88
6298,6,298,48,1932.5,7,254.0,0,0,6,-0.83
6299,6,299,48,1956.5,7,257.5,0,0,6,-0.83
6300,6,300,48,1980.5,7,261.0,0,0,6,-0.83
6301,6,301,48,2004.5,8,266.0,0,0,6,-0.88
6302,6,302,48,2028.5,8,270.0,0,0,6,-0.88
6303,6,303,48,2052.5,8,274.0,0,3,6,-0.88
6304,6,304,48,2076.5,8,278.0,0,0,6,-0.88
6305,6,305,49,2102.0,8,282.0,0,0,6,-0.89
6306,6,306,49,2126.5,8,286.0,0,1,6,-0.89
6307,6,307,49,2151.0,9,291.5,0,0,6,-0.94
6308,6,308,49,2175.5,9,296.0,0,0,6,-0.94
6309,6,309,49,2200.0,9,300.5,0,0,6,-0.94
6310,6,310,49,2224.5,10,306.5,0,0,6,-0.99
6311,6,311,49,2249.0,11,313.0,0,0,6,-1.04
6312,6,312,50,2275.0,11,318.5,0,0,6,-1.05
6313,6,313,50,2300.0,11,324.0,0,1,6,-1.05
6314,6,314,50,2325.0,11,329.5,0,0,6,-1.05
6315,6,315,51,2351.5,11,335.0,0,2,6,-1.06
6316,6,316,51,2377.0,11,340.5,0,1,6,-1.06
6317,6,317,51,2402.5,11,346.0,0,0,6,-1.06
6318,6,318,51,2428.0,11,351.5,0,3,6,-1.06
6319,6,319,51,2453.5,12,358.5,0,1,6,-1.1099999999999999
6320,6,320,51,2479.0,12,364.5,0,0,6,-1.1099999999999999
6321,6,321,51,2504.5,12,370.5,0,3,6,-1.1099999999999999
6322,6,322,51,2530.0,12,376.5,0,1,6,-1.1099999999999999
6323,6,323,51,2555.5,12,382.5,0,0,6,-1.1099999999999999
6324,6,324,52,2582.5,13,390.0,0,6,6,-1.17
6325,6,325,52,2608.5,12,394.5,0,2,6,-1.12
6326,6,326,52,2634.5,12,400.5,0,1,6,-1.12
6327,6,327,52,2660.5,12,406.5,0,0,6,-1.12
6328,6,328,52,2686.5,12,412.5,0,3,6,-1.12
6329,6,329,52,2712.5,12,418.5,0,0,6,-1.12
6330,6,330,52,2738.5,13,426.0,0,1,6,-1.17
6331,6,331,54,2767.5,13,432.5,0,2,6,-1.19
6332,6,332,54,2794.5,13,439.0,0,1,6,-1.19
6333,6,333,54,2821.5,13,445.5,0,2,6,-1.19
6334,6,334,55,2850.0,13,452.0,0,3,6,-1.2000000000000002
6335,6,335,55,2877.5,13,458.5,0,1,6,-1.2000000000000002
6336,6,336,55,2905.0,13,465.0,0,1,6,-1.2000000000000002
6337,6,337,55,2932.5,13,471.5,0,2,6,-1.2000000000000002
6338,6,338,55,2960.0,13,478.0,0,0,6,-1.2000000000000002
6339,6,339,55,2987.5,13,484.5,0,1,6,-1.2000000000000002
6340,6,340,55,3015.0,13,491.0,0,0,6,-1.2000000000000002
6341,6,341,55,3042.5,13,497.5,0,0,6,-1.2000000000000002
6342,6,342,55,3070.0,13,504.0,0,0,6,-1.2000000000000002
6343,6,343,55,3097.5,13,510.5,0,0,6,-1.2000000000000002
6344,6,344,56,3126.5,14,518.5,0,0,6,-1.26
6345,6,345,56,3154.5,13,523.5,0,0,6,-1.21
6346,6,346,56,3182.5,13,530.0,0,1,6,-1.21
6347,6,347,56,3210.5,13,536.5,0,0,6,-1.21
6348,6,348,56,3238.5,14,544.5,0,0,6,-1.26
6349,6,349,57,3268.0,14,551.5,0,0,6,-1.27
6350,6,350,58,3298.0,14,558.5,0,0,6,-1.2799999999999998
6351,6,351,58,3327.0,14,565.5,0,1,6,-1.2799999999999998
6352,6,352,59,3357.5,14,572.5,0,0,6,-1.29
6353,6,353,59,3387.0,14,579.5,0,0,6,-1.29
6354,6,354,59,3416.5,14,586.5,0,0,6,-1.29
6355,6,355,60,3447.5,14,593.5,0,1,6,-1.2999999999999998
6356,6,356,61,3479.0,14,600.5,0,0,6,-1.31
6357,6,357,62,3511.0,14,607.5,0,0,6,-1.3199999999999998
6358,6,358,63,3543.5,14,614.5,0,2,6,-1.33
6359,6,359,63,3575.0,14,621.5,0,0,6,-1.33
6360,6,360,63,3606.5,14,628.5,0,0,6,-1.33
6361,6,361,63,3638.0,14,635.5,0,1,6,-1.33
6362,6,362,63,3669.5,14,642.5,0,0,6,-1.33
6363,6,363,64,3702.5,14,649.5,0,1,7,-1.3399999999999999
6364,6,364,65,3736.0,14,656.5,0,0,7,-1.35
6365,6,365,65,3768.5,14,663.5,0,1,7,-1.35
6366,6,366,65,3801.0,14,670.5,0,0,7,-1.35
6367,6,367,65,3833.5,14,677.5,0,1,7,-1.35
6368,6,368,65,3866.0,14,684.5,0,0,7,-1.35
6369,6,369,65,3898.5,14,691.5,0,0,7,-1.35
6370,6,370,65,3931.0,14,698.5,0,0,7,-1.35
6371,6,371,66,3965.0,14,705.5,0,1,7,-1.3599999999999999
6372,6,372,66,3998.0,14,712.5,0,0,7,-1.3599999999999999
6373,6,373,66,4031.0,14,719.5,0,0,7,-1.3599999999999999
6374,6,374,66,4064.0,14,726.5,0,1,7,-1.3599999999999999
6375,6,375,64,3797.0,14,733.5,0,0,8,-1.3399999999999999
6376,6,376,62,3611.0,14,740.5,0,0,8,-1.3199999999999998
6377,6,377,60,3433.0,14,747.5,0,1,8,-1.2999999999999998
6378,6,378,59,3302.5,14,754.5,0,1,8,-1.29
6379,6,379,59,3332.0,14,761.5,0,0,8,-1.29
6380,6,380,58,3268.0,14,768.5,0,1,8,-1.2799999999999998
6381,6,381,57,3274.5,14,775.5,0,0,8,-1.27
6382,6,382,57,3303.0,14,782.5,0,0,8,-1.27
6383,6,383,58,3333.0,14,789.5,0,0,8,-1.2799999999999998
6384,6,384,58,3362.0,14,796.5,0,2,8,-1.2799999999999998
6385,6,385,58,3391.0,14,803.5,0,0,8,-1.2799999999999998
6386,6,386,58,3420.0,14,810.5,0,0,8,-1.2799999999999998
6387,6,387,58,3449.0,14,817.5,0,0,8,-1.2799999999999998
6388,6,388,58,3478.0,14,824.5,0,0,8,-1.2799999999999998
6389,6,389,59,3508.5,14,831.5,0,0,8,-1.29
6390,6,390,60,3539.5,14,838.5,0,0,8,-1.2999999999999998
6391,6,391,61,3571.0,14,845.5,0,0,8,-1.31
6392,6,392,63,3604.5,14,852.5,0,0,8,-1.33
6393,6,393,64,3637.5,14,859.5,0,0,8,-1.3399999999999999
6394,6,394,65,3671.0,14,866.5,0,0,8,-1.35
6395,6,395,65,3703.5,14,873.5,0,0,8,-1.35
6396,6,396,65,3736.0,14,880.5,0,0,8,-1.35
6397,6,397,65,3768.5,14,887.5,0,0,8,-1.35
6398,6,398,65,3801.0,14,894.5,0,0,8,-1.35
6399,6,399,66,3835.0,14,901.5,0,2,8,-1.3599999999999999
6400,6,400,66,3868.0,14,908.5,0,2,8,-1.3599999999999999
6401,6,401,66,3901.0,14,915.5,0,0,8,-1.3599999999999999
6402,6,402,66,3934.0,14,922.5,0,0,8,-1.3599999999999999
6403,6,403,69,3971.5,14,929.5,0,0,8,-1.39
6404,6,404,70,4007.5,14,936.5,0,0,8,-1.4
6405,6,405,70,4042.5,14,943.5,0,2,8,-1.4
6406,6,406,70,4077.5,14,950.5,0,0,8,-1.4
6407,6,407,70,4112.5,14,957.5,0,0,8,-1.4
6408,6,408,70,4147.5,14,964.5,0,0,8,-1.4
6409,6,409,70,4182.5,14,971.5,0,1,8,-1.4
6410,6,410,71,4219.0,14,978.5,0,0,8,-1.41
6411,6,411,71,4254.5,14,985.5,0,0,8,-1.41
6412,6,412,72,4291.5,14,992.5,0,0,8,-1.42
6413,6,413,72,4327.5,14,999.5,0,0,8,-1.42
6414,6,414,72,4363.5,14,1006.5,0,0,8,-1.42
6415,6,415,73,4401.0,14,1013.5,0,0,8,-1.43
6416,6,416,73,4437.5,14,1020.5,0,0,8,-1.43
6417,6,417,73,4474.0,14,1027.5,0,0,8,-1.43
6418,6,418,73,4510.5,14,1034.5,0,0,8,-1.43
6419,6,419,73,4547.0,14,1041.5,0,0,8,-1.43
6420,6,420,73,4583.5,14,1048.5,0,0,8,-1.43
6421,6,421,73,4620.0,14,1055.5,0,0,8,-1.43
6422,6,422,73,4656.5,14,1062.5,0,0,8,-1.43
6423,6,423,73,4693.0,14,1069.5,0,0,8,-1.43
6424,6,424,75,4732.5,14,1076.5,0,0,8,-1.45
6425,6,425,76,4771.5,14,1083.5,0,0,8,-1.46
6426,6,426,76,4809.5,14,1090.5,0,1,8,-1.46
6427,6,427,78,4850.5,14,1097.5,0,0,8,-1.48
6428,6,428,78,4889.5,14,1104.5,0,0,8,-1.48
6429,6,429,78,4928.5,14,1111.5,0,0,8,-1.48
6430,6,430,79,4969.0,14,1118.5,0,2,8,-1.49
6431,6,431,79,5008.5,14,1125.5,0,0,8,-1.49
6432,6,432,79,5048.0,14,1132.5,0,0,8,-1.49
6433,6,433,80,5089.0,14,1139.5,0,0,8,-1.5
6434,6,434,83,5133.5,14,1146.5,0,0,8,-1.5299999999999998
6435,6,435,83,5175.0,14,1153.5,0,0,9,-1.5299999999999998
6436,6,436,83,5216.5,14,1160.5,0,1,9,-1.5299999999999998
6437,6,437,83,5258.0,14,1167.5,0,0,9,-1.5299999999999998
6438,6,438,83,5299.5,14,1174.5,0,0,9,-1.5299999999999998
6439,6,439,83,5341.0,14,1181.5,0,0,9,-1.5299999999999998
6440,6,440,83,5382.5,14,1188.5,0,1,9,-1.5299999999999998
6441,6,441,77,4569.0,10,931.0,0,0,0,-1.27
6442,6,442,75,4087.0,10,936.0,0,0,0,-1.25
6443,6,443,73,3640.0,10,941.0,0,0,0,-1.23
6444,6,444,69,3229.0,8,838.0,0,0,0,-1.0899999999999999
6445,6,445,69,3263.5,8,842.0,0,0,0,-1.0899999999999999
6446,6,446,65,2899.5,8,846.0,0,0,0,-1.05
6447,6,447,62,2563.0,8,850.0,0,0,0,-1.02
6448,6,448,58,2251.0,8,854.0,0,0,0,-0.98
6449,6,449,58,2280.0,5,513.0,0,0,0,-0.83
6450,6,450,54,2009.5,5,515.5,0,0,0,-0.79
6451,6,451,48,1749.0,5,518.0,0,0,0,-0.73
6452,6,452,50,1776.0,5,520.5,0,0,0,-0.75
6453,6,453,46,1581.5,5,523.0,0,0,0,-0.71
6454,6,454,43,1428.0,5,525.5,0,0,0,-0.6799999999999999
6455,6,455,43,1449.5,5,528.0,0,2,0,-0.6799999999999999
6456,6,456,39,1323.0,5,530.5,0,0,0,-0.64
6457,6,457,37,1260.0,5,533.0,0,1,0,-0.62
6458,6,458,35,1253.0,5,535.5,0,1,0,-0.6
6459,6,459,32,1192.0,5,538.0,0,0,0,-0.5700000000000001
6460,6,460,33,1209.5,3,263.5,0,0,0,-0.48
6461,6,461,31,1197.0,3,265.0,0,0,0,-0.45999999999999996
6462,6,462,30,1195.0,4,268.0,1,0,0,-0.5
6463,6,463,31,1211.5,4,270.0,0,0,0,-0.51
6464,6,464,30,1210.0,3,269.5,0,1,0,-0.44999999999999996
6465,6,465,30,1218.5,3,271.0,0,0,0,-0.44999999999999996
6466,6,466,30,1233.5,3,272.5,0,0,0,-0.44999999999999996
6467,6,467,29,1245.0,3,274.0,0,0,0,-0.43999999999999995
6468,6,468,29,1259.5,3,275.5,0,0,0,-0.43999999999999995
6469,6,469,29,1274.0,3,277.0,0,0,0,-0.43999999999999995
6470,6,470,29,1288.5,3,278.5,0,0,0,-0.43999999999999995
6471,6,471,30,1304.5,3,280.0,0,1,0,-0.44999999999999996
6472,6,472,30,1319.5,4,283.0,0,0,0,-0.5
6473,6,473,30,1334.5,4,285.0,0,0,0,-0.5
6474,6,474,30,1349.5,4,287.0,1,1,0,-0.5
6475,6,475,31,1366.0,4,289.0,0,1,0,-0.51
6476,6,476,32,1383.0,4,291.0,1,1,0,-0.52
6477,6,477,32,1399.0,4,293.0,0,0,0,-0.52
6478,6,478,32,1415.0,3,290.5,0,1,0,-0.47
6479,6,479,32,1431.0,4,293.5,0,1,0,-0.52
6480,6,480,32,1447.0,4,295.5,0,0,0,-0.52
6481,6,481,33,1464.5,4,297.5,0,1,0,-0.53
6482,6,482,34,1482.5,4,299.5,0,0,0,-0.54
6483,6,483,34,1499.5,4,301.5,0,0,0,-0.54
6484,6,484,34,1516.5,4,303.5,0,0,0,-0.54
6485,6,485,35,1535.0,3,301.0,0,0,0,-0.5
6486,6,486,35,1552.5,3,302.5,0,0,0,-0.5
6487,6,487,35,1570.0,3,304.0,0,1,0,-0.5
6488,6,488,35,1587.5,4,307.0,0,0,0,-0.55
6489,6,489,35,1605.0,3,307.0,0,0,0,-0.5
6490,6,490,36,1624.0,3,308.5,0,0,0,-0.51
6491,6,491,34,1435.0,3,310.0,0,0,1,-0.49
6492,6,492,32,1355.5,3,311.5,0,0,1,-0.47
6493,6,493,33,1373.0,3,313.0,0,0,1,-0.48
6494,6,494,34,1391.0,5,317.5,0,0,1,-0.5900000000000001
6495,6,495,36,1411.0,4,318.0,0,0,1,-0.56
6496,6,496,36,1429.0,4,320.0,0,2,1,-0.56
6497,6,497,37,1448.5,5,323.5,0,0,1,-0.62
6498,6,498,37,1467.0,6,327.5,0,0,1,-0.6699999999999999
6499,6,499,37,1485.5,7,332.0,0,0,1,-0.72
6500,6,500,37,1504.0,7,335.5,0,0,1,-0.72
6501,6,501,37,1522.5,8,340.5,0,0,1,-0.77
6502,6,502,37,1541.0,7,342.5,0,0,1,-0.72
6503,6,503,40,1564.0,7,346.0,0,0,1,-0.75
6504,6,504,40,1584.0,7,349.5,0,0,1,-0.75
6505,6,505,41,1605.5,7,353.0,0,0,1,-0.76
6506,6,506,41,1626.0,7,356.5,0,0,1,-0.76
6507,6,507,41,1646.5,7,360.0,0,0,1,-0.76
6508,6,508,41,1667.0,7,363.5,0,0,1,-0.76
6509,6,509,41,1687.5,7,367.0,0,0,1,-0.76
6510,6,510,41,1708.0,7,370.5,0,0,1,-0.76
6511,6,511,42,1730.0,7,374.0,0,0,1,-0.77
6512,6,512,42,1751.0,7,377.5,0,0,1,-0.77
6513,6,513,41,1744.0,7,381.0,0,0,1,-0.76
6514,6,514,42,1766.0,7,384.5,0,0,1,-0.77
6515,6,515,42,1787.0,7,388.0,0,0,1,-0.77
6516,6,516,42,1808.0,7,391.5,0,0,1,-0.77
6517,6,517,42,1829.0,7,395.0,0,0,1,-0.77
6518,6,518,43,1851.5,7,398.5,0,0,1,-0.78
6519,6,519,43,1873.0,7,402.0,0,0,1,-0.78
6520,6,520,43,1894.5,8,407.0,0,0,1,-0.8300000000000001
6521,6,521,43,1916.0,8,411.0,0,4,1,-0.8300000000000001
6522,6,522,44,1939.0,8,415.0,0,0,1,-0.8400000000000001
6523,6,523,45,1962.5,8,419.0,0,0,1,-0.8500000000000001
6524,6,524,45,1985.0,8,423.0,0,4,1,-0.8500000000000001
6525,6,525,45,2007.5,8,427.0,0,0,1,-0.8500000000000001
6526,6,526,45,2030.0,8,431.0,0,0,1,-0.8500000000000001
6527,6,527,45,2052.5,8,435.0,0,3,1,-0.8500000000000001
6528,6,528,45,2075.0,8,439.0,0,0,1,-0.8500000000000001
6529,6,529,45,2097.5,8,443.0,0,0,1,-0.8500000000000001
6530,6,530,45,2120.0,8,447.0,0,1,1,-0.8500000000000001
6531,6,531,45,2142.5,8,451.0,0,0,1,-0.8500000000000001
6532,6,532,45,2165.0,8,455.0,0,0,1,-0.8500000000000001
6533,6,533,46,2189.0,8,459.0,0,0,1,-0.8600000000000001
6534,6,534,46,2212.0,8,463.0,0,0,1,-0.8600000000000001
6535,6,535,46,2235.0,8,467.0,0,1,1,-0.8600000000000001
6536,6,536,46,2258.0,8,471.0,0,1,1,-0.8600000000000001
6537,6,537,46,2281.0,8,475.0,0,0,1,-0.8600000000000001
6538,6,538,46,2304.0,8,479.0,0,3,1,-0.8600000000000001
6539,6,539,47,2328.5,8,483.0,0,1,1,-0.87
6540,6,540,47,2352.0,8,487.0,0,0,1,-0.87
6541,6,541,47,2375.5,8,491.0,0,2,1,-0.87
6542,6,542,48,2400.5,8,495.0,0,1,1,-0.88
6543,6,543,48,2424.5,8,499.0,0,0,1,-0.88
6544,6,544,48,2448.5,8,503.0,0,2,1,-0.88
6545,6,545,48,2472.5,8,507.0,0,0,1,-0.88
6546,6,546,48,2496.5,8,511.0,0,0,1,-0.88
6547,6,547,48,2520.5,8,515.0,0,2,1,-0.88
6548,6,548,48,2544.5,8,519.0,0,0,1,-0.88
6549,6,549,48,2568.5,8,523.0,0,0,1,-0.88
6550,6,550,49,2594.0,8,527.0,0,1,1,-0.89
6551,6,551,49,2618.5,8,531.0,0,0,1,-0.89
6552,6,552,49,2643.0,9,536.5,0,0,1,-0.94
6553,6,553,50,2669.0,9,541.0,0,3,1,-0.95
6554,6,554,50,2694.0,9,545.5,0,1,1,-0.95
6555,6,555,50,2719.0,10,551.5,0,0,1,-1.0
6556,6,556,50,2744.0,10,556.5,0,1,1,-1.0
6557,6,557,52,2772.0,10,561.5,0,4,1,-1.02
6558,6,558,52,2798.0,10,566.5,0,0,1,-1.02
6559,6,559,52,2824.0,10,571.5,0,0,1,-1.02
6560,6,560,53,2851.5,10,576.5,0,4,1,-1.03
6561,6,561,53,2878.0,10,581.5,0,0,1,-1.03
6562,6,562,54,2906.0,10,586.5,0,0,1,-1.04
6563,6,563,54,2933.0,10,591.5,0,1,1,-1.04
6564,6,564,54,2960.0,10,596.5,0,2,1,-1.04
6565,6,565,54,2987.0,10,601.5,0,1,1,-1.04
6566,6,566,54,3014.0,10,606.5,0,1,1,-1.04
6567,6,567,54,3041.0,10,611.5,0,1,1,-1.04
6568,6,568,55,3069.5,10,616.5,0,0,1,-1.05
6569,6,569,56,3098.5,10,621.5,0,2,1,-1.06
6570,6,570,57,3128.0,10,626.5,0,3,1,-1.0699999999999998
6571,6,571,57,3156.5,10,631.5,0,0,1,-1.0699999999999998
6572,6,572,58,3186.5,11,638.0,0,0,1,-1.13
6573,6,573,59,3217.0,10,641.5,0,2,1,-1.0899999999999999
6574,6,574,59,3246.5,10,646.5,0,1,1,-1.0899999999999999
6575,6,575,59,3276.0,10,651.5,0,1,1,-1.0899999999999999
6576,6,576,60,3307.0,11,658.0,0,1,1,-1.15
6577,6,577,60,3337.0,11,663.5,0,2,1,-1.15
6578,6,578,60,3367.0,11,669.0,0,1,1,-1.15
6579,6,579,60,3397.0,11,674.5,0,1,1,-1.15
6580,6,580,60,3427.0,11,680.0,1,0,1,-1.15
6581,6,581,62,3460.0,11,685.5,0,1,2,-1.17
6582,6,582,62,3491.0,11,691.0,1,3,2,-1.17
6583,6,583,62,3522.0,11,696.5,0,0,2,-1.17
6584,6,584,62,3553.0,11,702.0,0,1,2,-1.17
6585,6,585,62,3584.0,11,707.5,0,1,2,-1.17
6586,6,586,62,3615.0,11,713.0,0,2,2,-1.17
6587,6,587,62,3646.0,11,718.5,0,2,2,-1.17
6588,6,588,62,3677.0,11,724.0,0,0,2,-1.17
6589,6,589,64,3711.0,11,729.5,0,2,2,-1.19
6590,6,590,64,3743.0,11,735.0,0,0,2,-1.19
6591,6,591,64,3775.0,11,740.5,0,0,2,-1.19
6592,6,592,66,3810.0,11,746.0,0,2,2,-1.21
6593,6,593,64,3477.5,11,751.5,0,1,3,-1.19
6594,6,594,62,3202.0,11,757.0,0,0,3,-1.17
6595,6,595,60,2992.5,11,762.5,0,1,3,-1.15
6596,6,596,59,2936.5,11,768.0,0,1,3,-1.1400000000000001
6597,6,597,58,2883.0,11,773.5,0,2,3,-1.13
6598,6,598,56,2805.5,11,779.0,0,0,3,-1.11
6599,6,599,56,2811.0,11,784.5,0,1,3,-1.11
6600,6,600,56,2839.0,11,790.0,0,0,3,-1.11
6601,6,601,56,2867.0,11,795.5,0,1,3,-1.11
6602,6,602,58,2898.0,11,801.0,0,1,3,-1.13
6603,6,603,59,2928.5,11,806.5,0,1,3,-1.1400000000000001
6604,6,604,59,2958.0,11,812.0,0,0,3,-1.1400000000000001
6605,6,605,59,2987.5,11,817.5,0,0,3,-1.1400000000000001
6606,6,606,59,3017.0,11,823.0,0,0,3,-1.1400000000000001
6607,6,607,59,3046.5,11,828.5,0,0,3,-1.1400000000000001
6608,6,608,59,3076.0,11,834.0,0,0,3,-1.1400000000000001
6609,6,609,59,3105.5,11,839.5,0,0,3,-1.1400000000000001
6610,6,610,60,3136.5,11,845.0,0,0,3,-1.15
6611,6,611,61,3168.0,11,850.5,0,0,3,-1.1600000000000001
6612,6,612,63,3201.5,11,856.0,0,0,3,-1.1800000000000002
6613,6,613,64,3234.5,11,861.5,0,0,3,-1.19
6614,6,614,64,3266.5,11,867.0,0,0,3,-1.19
6615,6,615,64,3298.5,11,872.5,1,0,3,-1.19
6616,6,616,64,3330.5,11,878.0,0,0,3,-1.19
6617,6,617,64,3362.5,11,883.5,0,1,3,-1.19
6618,6,618,64,3394.5,11,889.0,0,2,3,-1.19
6619,6,619,64,3426.5,11,894.5,0,0,3,-1.19
6620,6,620,65,3460.0,11,900.0,0,0,3,-1.2000000000000002
6621,6,621,65,3492.5,11,905.5,0,0,3,-1.2000000000000002
6622,6,622,65,3525.0,11,911.0,0,0,3,-1.2000000000000002
6623,6,623,65,3557.5,11,916.5,0,0,3,-1.2000000000000002
6624,6,624,65,3590.0,11,922.0,0,2,3,-1.2000000000000002
6625,6,625,65,3622.5,11,927.5,0,0,3,-1.2000000000000002
6626,6,626,65,3655.0,11,933.0,0,0,3,-1.2000000000000002
6627,6,627,65,3687.5,11,938.5,0,0,3,-1.2000000000000002
6628,6,628,65,3720.0,11,944.0,0,1,3,-1.2000000000000002
6629,6,629,65,3752.5,11,949.5,0,1,3,-1.2000000000000002
6630,6,630,66,3786.5,11,955.0,0,0,3,-1.21
6631,6,631,66,3819.5,11,960.5,0,0,3,-1.21
6632,6,632,69,3857.0,11,966.0,0,0,3,-1.24
6633,6,633,69,3891.5,11,971.5,0,0,3,-1.24
6634,6,634,69,3926.0,11,977.0,0,1,3,-1.24
6635,6,635,69,3960.5,11,982.5,0,0,3,-1.24
6636,6,636,69,3995.0,11,988.0,1,0,3,-1.24
6637,6,637,70,4031.0,11,993.5,0,0,3,-1.25
6638,6,638,70,4066.0,11,999.0,0,2,3,-1.25
6639,6,639,70,4101.0,11,1004.5,0,0,3,-1.25
6640,6,640,70,4136.0,11,1010.0,0,0,3,-1.25
6641,6,641,73,4175.5,11,1015.5,0,0,3,-1.28
6642,6,642,74,4213.5,11,1021.0,0,0,3,-1.29
6643,6,643,74,4250.5,11,1026.5,0,0,3,-1.29
6644,6,644,75,4289.0,11,1032.0,0,0,3,-1.3
6645,6,645,76,4328.0,11,1037.5,0,0,3,-1.31
6646,6,646,76,4366.0,11,1043.0,0,0,3,-1.31
6647,6,647,76,4404.0,11,1048.5,0,0,3,-1.31
6648,6,648,76,4442.0,11,1054.0,0,2,3,-1.31
6649,6,649,77,4481.5,11,1059.5,0,0,3,-1.32
6650,6,650,79,4523.0,11,1065.0,0,0,3,-1.34
6651,6,651,79,4562.5,11,1070.5,0,0,3,-1.34
6652,6,652,79,4602.0,11,1076.0,0,0,3,-1.34
6653,6,653,80,4643.0,11,1081.5,0,0,4,-1.35
6654,6,654,81,4684.5,11,1087.0,0,0,4,-1.36
6655,6,655,81,4725.0,11,1092.5,0,0,4,-1.36
6656,6,656,81,4765.5,11,1098.0,0,0,4,-1.36
6657,6,657,81,4806.0,11,1103.5,0,0,4,-1.36
6658,6,658,81,4846.5,11,1109.0,0,1,4,-1.36
6659,6,659,81,4887.0,11,1114.5,1,0,4,-1.36
6660,6,660,82,4929.0,11,1120.0,0,0,4,-1.37
6661,6,661,83,4971.5,12,1127.0,0,0,4,-1.43
6662,6,662,83,5013.0,12,1133.0,0,0,4,-1.43
6663,6,663,83,5054.5,12,1139.0,0,0,4,-1.43
6664,6,664,83,5096.0,12,1145.0,0,0,4,-1.43
6665,6,665,78,4470.5,9,962.5,0,0,5,-1.23
6666,6,666,74,3988.0,9,967.0,0,0,5,-1.19
6667,6,667,71,3544.5,10,973.0,0,0,5,-1.21
6668,6,668,67,3137.5,9,930.5,0,0,5,-1.12
6669,6,669,66,3072.5,8,932.5,0,0,5,-1.06
6670,6,670,64,2802.0,8,936.5,0,0,5,-1.04
6671,6,671,60,2461.5,8,854.5,0,0,5,-1.0
6672,6,672,59,2317.0,8,858.5,0,1,5,-0.99
6673,6,673,58,2187.0,7,771.5,0,0,5,-0.9299999999999999
6674,6,674,54,1911.5,6,767.0,0,0,5,-0.8400000000000001
6675,6,675,52,1793.0,5,679.5,0,0,5,-0.77
6676,6,676,50,1701.0,5,682.0,0,0,5,-0.75
6677,6,677,47,1498.0,5,684.5,0,0,5,-0.72
6678,6,678,47,1467.5,5,687.0,0,1,5,-0.72
6679,6,679,45,1353.0,5,689.5,1,0,5,-0.7
6680,6,680,41,1212.0,4,501.0,0,0,5,-0.61
6681,6,681,41,1198.0,6,506.0,0,2,5,-0.71
6682,6,682,38,1134.0,6,509.0,0,1,5,-0.6799999999999999
6683,6,683,35,1088.5,5,307.0,0,0,5,-0.6
6684,6,684,35,1094.5,5,309.5,0,1,5,-0.6
6685,6,685,31,1064.5,5,312.0,0,1,5,-0.56
6686,6,686,29,1057.0,5,314.5,0,1,5,-0.54
6687,6,687,29,1071.5,5,317.0,0,0,5,-0.54
6688,6,688,28,1080.0,5,319.5,0,0,5,-0.53
6689,6,689,28,1094.0,5,322.0,0,0,5,-0.53
6690,6,690,28,1108.0,4,318.5,0,1,5,-0.48000000000000004
6691,6,691,29,1123.5,2,109.5,0,0,5,-0.39
6692,6,692,29,1138.0,2,110.5,0,0,5,-0.39
6693,6,693,29,1152.5,2,111.5,0,1,5,-0.39
6694,6,694,29,1167.0,2,112.5,0,0,5,-0.39
6695,6,695,29,1181.5,2,113.5,0,1,5,-0.39
6696,6,696,29,1196.0,2,114.5,0,1,5,-0.39
6697,6,697,29,1210.5,3,117.0,0,0,5,-0.43999999999999995
6698,6,698,29,1225.0,3,118.5,0,0,5,-0.43999999999999995
6699,6,699,29,1239.5,3,120.0,0,0,5,-0.43999999999999995
6700,6,700,30,1255.5,3,121.5,0,0,5,-0.44999999999999996
6701,6,701,32,1273.5,3,121.0,0,0,5,-0.47
6702,6,702,32,1289.5,2,120.5,0,0,5,-0.42000000000000004
6703,6,703,35,1310.0,2,121.5,0,0,5,-0.44999999999999996
6704,6,704,36,1329.0,2,122.5,0,1,5,-0.45999999999999996
6705,6,705,39,1351.5,3,125.0,0,0,5,-0.54
6706,6,706,39,1371.0,3,126.5,0,0,5,-0.54
6707,6,707,39,1390.5,3,128.0,0,0,5,-0.54
6708,6,708,39,1410.0,3,129.5,0,0,5,-0.54
6709,6,709,39,1429.5,3,131.0,0,1,5,-0.54
6710,6,710,39,1449.0,3,132.5,0,0,5,-0.54
6711,6,711,41,1471.5,3,134.0,0,1,5,-0.5599999999999999
6712,6,712,41,1492.0,3,135.5,0,0,5,-0.5599999999999999
6713,6,713,41,1512.5,3,137.0,0,0,5,-0.5599999999999999
6714,6,714,41,1533.0,3,138.5,0,0,5,-0.5599999999999999
6715,6,715,39,1334.5,3,140.0,0,0,6,-0.54
6716,6,716,37,1241.5,3,141.5,0,0,6,-0.52
6717,6,717,35,1245.0,3,143.0,0,0,6,-0.5
6718,6,718,35,1262.5,3,144.5,0,0,6,-0.5
6719,6,719,35,1280.0,3,146.0,0,0,6,-0.5
6720,6,720,35,1297.5,3,147.5,0,1,6,-0.5
6721,6,721,36,1316.5,4,150.5,0,0,6,-0.56
6722,6,722,37,1336.0,4,152.5,0,0,6,-0.5700000000000001
6723,6,723,38,1356.0,4,154.5,0,0,6,-0.5800000000000001
6724,6,724,38,1375.0,4,156.5,0,0,6,-0.5800000000000001
6725,6,725,38,1394.0,4,158.5,0,2,6,-0.5800000000000001
6726,6,726,38,1413.0,4,160.5,0,0,6,-0.5800000000000001
6727,6,727,38,1432.0,4,162.5,0,0,6,-0.5800000000000001
6728,6,728,38,1451.0,4,164.5,0,0,6,-0.5800000000000001
6729,6,729,38,1470.0,4,166.5,0,0,6,-0.5800000000000001
6730,6,730,38,1489.0,4,168.5,0,0,6,-0.5800000000000001
6731,6,731,38,1508.0,4,170.5,0,0,6,-0.5800000000000001
6732,6,732,39,1528.5,4,172.5,0,0,6,-0.5900000000000001
6733,6,733,39,1548.0,4,174.5,0,0,6,-0.5900000000000001
6734,6,734,39,1567.5,4,176.5,0,0,6,-0.5900000000000001
6735,6,735,39,1587.0,4,178.5,0,0,6,-0.5900000000000001
6736,6,736,39,1606.5,4,180.5,0,0,6,-0.5900000000000001
6737,6,737,39,1626.0,4,182.5,0,0,6,-0.5900000000000001
6738,6,738,39,1645.5,5,186.0,0,0,6,-0.64
6739,6,739,40,1666.5,4,186.5,0,0,6,-0.6000000000000001
6740,6,740,40,1686.5,4,188.5,0,0,6,-0.6000000000000001
6741,6,741,41,1708.0,4,190.5,0,0,6,-0.61
6742,6,742,42,1730.0,5,194.0,0,0,6,-0.6699999999999999
6743,6,743,43,1752.5,5,196.5,0,0,6,-0.6799999999999999
6744,6,744,43,1774.0,5,199.0,0,1,6,-0.6799999999999999
6745,6,745,43,1795.5,5,201.5,0,1,6,-0.6799999999999999
6746,6,746,43,1817.0,5,204.0,0,0,6,-0.6799999999999999
6747,6,747,43,1838.5,6,208.0,0,0,6,-0.73
6748,6,748,43,1860.0,6,211.0,0,0,6,-0.73
6749,6,749,43,1881.5,6,214.0,0,0,6,-0.73
6750,6,750,43,1903.0,6,217.0,0,0,6,-0.73
6751,6,751,43,1924.5,6,220.0,0,0,6,-0.73
6752,6,752,45,1949.0,6,223.0,0,0,6,-0.75
6753,6,753,45,1971.5,7,227.5,0,0,6,-0.8
6754,6,754,45,1994.0,7,231.0,0,0,6,-0.8
6755,6,755,45,2016.5,7,234.5,0,2,6,-0.8
6756,6,756,45,2039.0,7,238.0,0,0,6,-0.8
6757,6,757,45,2061.5,7,241.5,0,3,6,-0.8
6758,6,758,45,2084.0,7,245.0,0,1,6,-0.8
6759,6,759,45,2106.5,7,248.5,0,0,6,-0.8
6760,6,760,45,2129.0,7,252.0,0,1,6,-0.8
6761,6,761,45,2151.5,7,255.5,0,1,6,-0.8
6762,6,762,45,2174.0,7,259.0,0,0,6,-0.8
6763,6,763,46,2198.0,8,264.0,0,2,6,-0.8600000000000001
6764,6,764,46,2221.0,8,268.0,0,2,6,-0.8600000000000001
6765,6,765,46,2244.0,8,272.0,0,0,6,-0.8600000000000001
6766,6,766,46,2267.0,8,276.0,0,1,6,-0.8600000000000001
6767,6,767,46,2290.0,8,280.0,1,1,6,-0.8600000000000001
6768,6,768,47,2314.5,8,284.0,0,0,6,-0.87
6769,6,769,47,2338.0,8,288.0,0,2,6,-0.87
6770,6,770,47,2361.5,8,292.0,0,1,6,-0.87
6771,6,771,48,2386.5,8,296.0,0,1,6,-0.88
6772,6,772,48,2410.5,8,300.0,0,1,6,-0.88
6773,6,773,49,2436.0,8,304.0,0,0,6,-0.89
6774,6,774,50,2462.0,8,308.0,0,1,6,-0.9
6775,6,775,50,2487.0,8,312.0,0,0,6,-0.9
6776,6,776,52,2515.0,8,316.0,0,1,6,-0.92
6777,6,777,52,2541.0,8,320.0,0,0,6,-0.92
6778,6,778,52,2567.0,8,324.0,0,1,6,-0.92
6779,6,779,52,2593.0,10,331.0,0,0,6,-1.02
6780,6,780,53,2620.5,8,332.0,0,1,6,-0.93
6781,6,781,53,2647.0,8,336.0,0,0,6,-0.93
6782,6,782,54,2675.0,8,340.0,0,2,6,-0.9400000000000001
6783,6,783,54,2702.0,10,347.0,0,0,6,-1.04
6784,6,784,54,2729.0,10,352.0,0,2,6,-1.04
6785,6,785,54,2756.0,10,357.0,0,2,6,-1.04
6786,6,786,54,2783.0,10,362.0,0,0,6,-1.04
6787,6,787,54,2810.0,10,367.0,0,1,6,-1.04
6788,6,788,54,2837.0,10,372.0,0,3,6,-1.04
6789,6,789,55,2865.5,10,377.0,0,0,6,-1.05
6790,6,790,56,2894.5,10,382.0,0,1,6,-1.06
6791,6,791,56,2922.5,10,387.0,0,3,6,-1.06
6792,6,792,56,2950.5,10,392.0,0,0,6,-1.06
6793,6,793,56,2978.5,10,397.0,0,2,6,-1.06
6794,6,794,56,3006.5,10,402.0,0,2,6,-1.06
6795,6,795,56,3034.5,10,407.0,0,2,6,-1.06
6796,6,796,56,3062.5,10,412.0,0,0,6,-1.06
6797,6,797,56,3090.5,10,417.0,0,1,6,-1.06
6798,6,798,56,3118.5,10,422.0,0,2,6,-1.06
6799,6,799,56,3146.5,10,427.0,0,1,6,-1.06
6800,6,800,56,3174.5,10,432.0,1,1,6,-1.06
6801,6,801,56,3202.5,10,437.0,0,2,6,-1.06
6802,6,802,57,3232.0,10,442.0,0,1,6,-1.0699999999999998
6803,6,803,58,3262.0,10,447.0,0,1,6,-1.08
6804,6,804,58,3291.0,10,452.0,0,1,6,-1.08
6805,6,805,58,3320.0,10,457.0,0,1,7,-1.08
6806,6,806,58,3349.0,10,462.0,0,1,7,-1.08
6807,6,807,58,3378.0,10,467.0,0,1,7,-1.08
6808,6,808,58,3407.0,10,472.0,0,1,7,-1.08
6809,6,809,59,3437.5,10,477.0,0,3,7,-1.0899999999999999
6810,6,810,59,3467.0,10,482.0,0,1,7,-1.0899999999999999
6811,6,811,60,3498.0,10,487.0,0,0,7,-1.1
6812,6,812,61,3529.5,10,492.0,0,2,7,-1.1099999999999999
6813,6,813,61,3560.0,10,497.0,0,3,7,-1.1099999999999999
6814,6,814,61,3590.5,10,502.0,0,2,7,-1.1099999999999999
6815,6,815,61,3621.0,10,507.0,0,0,7,-1.1099999999999999
6816,6,816,61,3651.5,10,512.0,0,3,7,-1.1099999999999999
6817,6,817,59,3372.5,10,517.0,0,1,8,-1.0899999999999999
6818,6,818,60,3157.5,10,522.0,0,0,8,-1.1
6819,6,819,58,3006.0,10,527.0,0,3,8,-1.08
6820,6,820,56,2916.5,10,532.0,0,1,8,-1.06
6821,6,821,56,2921.0,10,537.0,0,0,8,-1.06
6822,6,822,55,2923.0,10,542.0,0,1,8,-1.05
6823,6,823,55,2950.5,10,547.0,0,0,8,-1.05
6824,6,824,55,2978.0,10,552.0,0,0,8,-1.05
6825,6,825,55,3005.5,10,557.0,0,1,8,-1.05
6826,6,826,55,3033.0,10,562.0,0,1,8,-1.05
6827,6,827,55,3060.5,10,567.0,0,0,8,-1.05
6828,6,828,56,3089.5,10,572.0,0,0,8,-1.06
6829,6,829,56,3117.5,10,577.0,0,0,8,-1.06
6830,6,830,57,3147.0,10,582.0,0,0,8,-1.0699999999999998
6831,6,831,57,3175.5,10,587.0,0,0,8,-1.0699999999999998
6832,6,832,59,3207.0,10,592.0,0,0,8,-1.0899999999999999
6833,6,833,59,3236.5,10,597.0,0,0,8,-1.0899999999999999
6834,6,834,59,3266.0,10,602.0,0,0,8,-1.0899999999999999
6835,6,835,59,3295.5,10,607.0,0,0,8,-1.0899999999999999
6836,6,836,60,3326.5,10,612.0,0,2,8,-1.1
6837,6,837,60,3356.5,10,617.0,0,0,8,-1.1
6838,6,838,60,3386.5,10,622.0,0,0,8,-1.1
6839,6,839,61,3418.0,10,627.0,0,0,8,-1.1099999999999999
6840,6,840,62,3450.0,10,632.0,0,0,8,-1.12
6841,6,841,64,3484.0,10,637.0,0,0,8,-1.1400000000000001
6842,6,842,64,3516.0,10,642.0,1,2,8,-1.1400000000000001
6843,6,843,65,3549.5,10,647.0,0,0,8,-1.15
6844,6,844,66,3583.5,10,652.0,0,0,8,-1.1600000000000001
6845,6,845,66,3616.5,10,657.0,0,1,8,-1.1600000000000001
6846,6,846,66,3649.5,10,662.0,1,1,8,-1.1600000000000001
6847,6,847,66,3682.5,10,667.0,0,0,8,-1.1600000000000001
6848,6,848,66,3715.5,10,672.0,0,0,8,-1.1600000000000001
6849,6,849,66,3748.5,10,677.0,0,0,8,-1.1600000000000001
6850,6,850,66,3781.5,10,682.0,0,0,8,-1.1600000000000001
6851,6,851,66,3814.5,10,687.0,1,0,8,-1.1600000000000001
6852,6,852,68,3850.5,10,692.0,0,0,8,-1.1800000000000002
6853,6,853,69,3886.0,10,697.0,0,0,8,-1.19
6854,6,854,69,3920.5,10,702.0,1,0,8,-1.19
6855,6,855,70,3956.5,10,707.0,0,0,8,-1.2
6856,6,856,70,3991.5,10,712.0,0,1,8,-1.2
6857,6,857,70,4026.5,10,717.0,0,0,8,-1.2
6858,6,858,70,4061.5,10,722.0,0,0,8,-1.2
6859,6,859,70,4096.5,10,727.0,0,0,8,-1.2
6860,6,860,71,4133.0,11,733.5,0,0,8,-1.26
6861,6,861,72,4170.0,11,739.0,0,0,8,-1.27
6862,6,862,74,4209.0,11,744.5,0,0,8,-1.29
6863,6,863,74,4246.0,13,753.0,0,0,8,-1.3900000000000001
6864,6,864,74,4283.0,13,759.5,0,0,8,-1.3900000000000001
6865,6,865,74,4320.0,13,766.0,0,0,8,-1.3900000000000001
6866,6,866,75,4358.5,13,772.5,0,0,8,-1.4
6867,6,867,75,4396.0,13,779.0,0,2,8,-1.4
6868,6,868,75,4433.5,13,785.5,0,0,8,-1.4
6869,6,869,75,4471.0,13,792.0,0,0,8,-1.4
6870,6,870,76,4510.0,13,798.5,0,0,8,-1.4100000000000001
6871,6,871,76,4548.0,13,805.0,0,0,8,-1.4100000000000001
6872,6,872,77,4587.5,13,811.5,0,0,8,-1.42
6873,6,873,79,4629.0,13,818.0,0,0,8,-1.44
6874,6,874,79,4668.5,13,824.5,0,0,8,-1.44
6875,6,875,79,4708.0,13,831.0,0,0,8,-1.44
6876,6,876,79,4747.5,13,837.5,0,0,8,-1.44
6877,6,877,79,4787.0,13,844.0,0,1,9,-1.44
6878,6,878,79,4826.5,13,850.5,0,0,9,-1.44
6879,6,879,79,4866.0,13,857.0,1,1,9,-1.44
6880,6,880,79,4905.5,13,863.5,1,0,9,-1.44
6881,6,881,80,4946.5,13,870.0,1,0,9,-1.4500000000000002
6882,6,882,81,4988.0,14,878.0,0,0,9,-1.51
6883,6,883,77,4455.0,9,634.0,0,0,0,-1.22
6884,6,884,73,3980.5,9,638.5,0,0,0,-1.18
6885,6,885,69,3535.5,7,517.5,0,0,0,-1.04
6886,6,886,65,3122.5,9,524.0,0,0,0,-1.1
6887,6,887,65,3155.0,9,528.5,0,0,0,-1.1
6888,6,888,62,2784.0,9,533.0,0,0,0,-1.07
6889,6,889,58,2443.5,9,537.5,0,0,0,-1.03
6890,6,890,56,2152.0,10,543.5,0,0,0,-1.06
6891,6,891,57,2181.5,7,448.0,0,0,0,-0.9199999999999999
6892,6,892,53,1909.5,6,434.0,0,0,0,-0.8300000000000001
6893,6,893,50,1672.0,5,432.0,0,0,0,-0.75
6894,6,894,50,1697.0,5,403.5,0,0,0,-0.75
6895,6,895,46,1505.5,5,406.0,0,1,0,-0.71
6896,6,896,42,1342.5,5,408.5,0,2,0,-0.6699999999999999
6897,6,897,42,1363.5,5,411.0,0,0,0,-0.6699999999999999
6898,6,898,39,1229.5,5,413.5,0,0,0,-0.64
6899,6,899,38,1214.0,6,417.5,0,1,0,-0.6799999999999999
6900,6,900,35,1158.0,6,420.5,0,0,0,-0.6499999999999999
6901,6,901,34,1113.0,6,423.5,2,0,0,-0.64
6902,6,902,31,1083.5,5,423.5,0,1,0,-0.56
6903,6,903,28,1068.5,5,426.0,0,0,0,-0.53
6904,6,904,27,1078.0,3,106.0,0,0,0,-0.42000000000000004
6905,6,905,27,1091.5,3,107.5,0,1,0,-0.42000000000000004
6906,6,906,27,1105.0,4,110.5,0,1,0,-0.47000000000000003
6907,6,907,28,1120.0,4,112.5,0,0,0,-0.48000000000000004
6908,6,908,28,1134.0,3,112.0,0,2,0,-0.43000000000000005
6909,6,909,28,1148.0,3,113.5,0,1,0,-0.43000000000000005
6910,6,910,28,1162.0,3,115.0,0,0,0,-0.43000000000000005
6911,6,911,28,1176.0,3,116.5,0,1,0,-0.43000000000000005
6912,6,912,31,1194.5,3,118.0,0,2,0,-0.45999999999999996
6913,6,913,32,1211.5,3,119.5,0,0,0,-0.47
6914,6,914,32,1227.5,3,121.0,0,0,0,-0.47
6915,6,915,32,1243.5,3,122.5,0,0,0,-0.47
6916,6,916,32,1259.5,3,124.0,0,0,0,-0.47
6917,6,917,32,1275.5,3,125.5,1,0,0,-0.47
6918,6,918,32,1291.5,3,127.0,0,1,0,-0.47
6919,6,919,32,1307.5,3,128.5,0,0,0,-0.47
6920,6,920,34,1326.5,3,130.0,0,0,0,-0.49
6921,6,921,36,1346.5,3,131.5,0,0,0,-0.51
6922,6,922,38,1367.5,3,133.0,0,0,0,-0.53
6923,6,923,38,1386.5,3,134.5,0,0,0,-0.53
6924,6,924,38,1405.5,3,136.0,0,0,0,-0.53
6925,6,925,38,1424.5,3,137.5,0,0,0,-0.53
6926,6,926,38,1443.5,3,139.0,0,0,0,-0.53
6927,6,927,38,1462.5,3,140.5,1,0,0,-0.53
6928,6,928,38,1481.5,3,142.0,1,1,0,-0.53
6929,6,929,38,1500.5,3,143.5,0,0,0,-0.53
6930,6,930,40,1522.5,3,145.0,0,0,0,-0.55
6931,6,931,40,1542.5,3,146.5,0,0,0,-0.55
6932,6,932,41,1564.0,3,148.0,0,0,0,-0.5599999999999999
6933,6,933,40,1357.0,3,149.5,0,0,1,-0.55
6934,6,934,38,1260.5,3,151.0,0,0,1,-0.53
6935,6,935,36,1259.0,3,152.5,0,0,1,-0.51
6936,6,936,36,1277.0,3,154.0,0,0,1,-0.51
6937,6,937,36,1295.0,3,155.5,0,0,1,-0.51
6938,6,938,36,1313.0,3,157.0,0,0,1,-0.51
6939,6,939,36,1331.0,3,158.5,0,0,1,-0.51
6940,6,940,37,1350.5,3,160.0,0,0,1,-0.52
6941,6,941,40,1373.5,3,161.5,0,0,1,-0.55
6942,6,942,41,1395.0,3,163.0,0,0,1,-0.5599999999999999
6943,6,943,42,1417.0,3,164.5,0,0,1,-0.57
6944,6,944,43,1439.5,3,166.0,0,0,1,-0.58
6945,6,945,43,1461.0,3,167.5,0,0,1,-0.58
6946,6,946,41,1474.5,3,169.0,0,0,1,-0.5599999999999999
6947,6,947,39,1488.5,3,170.5,0,0,1,-0.54
6948,6,948,39,1508.0,3,172.0,0,0,1,-0.54
6949,6,949,41,1530.5,3,173.5,0,0,1,-0.5599999999999999
6950,6,950,41,1551.0,3,175.0,0,0,1,-0.5599999999999999
6951,6,951,43,1574.5,3,176.5,0,0,1,-0.58
6952,6,952,42,1585.0,3,178.0,0,0,1,-0.57
6953,6,953,42,1606.0,3,179.5,0,0,1,-0.57
6954,6,954,42,1627.0,3,181.0,0,0,1,-0.57
6955,6,955,42,1648.0,3,182.5,0,0,1,-0.57
6956,6,956,42,1669.0,3,184.0,1,0,1,-0.57
6957,6,957,42,1690.0,4,187.0,0,0,1,-0.62
6958,6,958,42,1711.0,4,189.0,0,0,1,-0.62
6959,6,959,42,1732.0,4,191.0,0,0,1,-0.62
6960,6,960,42,1753.0,4,193.0,0,0,1,-0.62
6961,6,961,43,1775.5,4,195.0,0,0,1,-0.63
6962,6,962,44,1798.5,4,197.0,0,0,1,-0.64
6963,6,963,44,1820.5,5,200.5,0,4,1,-0.69
6964,6,964,44,1842.5,5,203.0,0,0,1,-0.69
6965,6,965,44,1864.5,5,205.5,0,0,1,-0.69
6966,6,966,44,1886.5,6,209.5,0,2,1,-0.74
6967,6,967,44,1908.5,6,212.5,0,0,1,-0.74
6968,6,968,44,1930.5,6,215.5,0,0,1,-0.74
6969,6,969,44,1952.5,6,218.5,0,1,1,-0.74
6970,6,970,44,1974.5,6,221.5,0,0,1,-0.74
6971,6,971,45,1998.0,6,224.5,0,0,1,-0.75
6972,6,972,45,2020.5,6,227.5,0,1,1,-0.75
6973,6,973,45,2043.0,6,230.5,0,0,1,-0.75
6974,6,974,45,2065.5,6,233.5,0,0,1,-0.75
6975,6,975,45,2088.0,6,236.5,0,3,1,-0.75
6976,6,976,45,2110.5,6,239.5,0,0,1,-0.75
6977,6,977,45,2133.0,6,242.5,0,0,1,-0.75
6978,6,978,46,2157.0,6,245.5,0,4,1,-0.76
6979,6,979,46,2180.0,6,248.5,0,0,1,-0.76
6980,6,980,46,2203.0,6,251.5,0,0,1,-0.76
6981,6,981,48,2229.0,6,254.5,0,4,1,-0.78
6982,6,982,50,2256.0,6,257.5,0,0,1,-0.8
6983,6,983,51,2282.5,6,260.5,0,0,1,-0.81
6984,6,984,52,2309.5,6,263.5,0,2,1,-0.8200000000000001
6985,6,985,52,2335.5,6,266.5,0,2,1,-0.8200000000000001
6986,6,986,52,2361.5,6,269.5,1,0,1,-0.8200000000000001
6987,6,987,52,2387.5,6,272.5,0,3,1,-0.8200000000000001
6988,6,988,52,2413.5,6,275.5,0,1,1,-0.8200000000000001
6989,6,989,52,2439.5,7,280.0,0,0,1,-0.87
6990,6,990,52,2465.5,7,283.5,0,1,1,-0.87
6991,6,991,54,2494.5,7,287.0,0,2,1,-0.89
6992,6,992,54,2521.5,7,290.5,0,0,1,-0.89
6993,6,993,54,2548.5,7,294.0,0,1,1,-0.89
6994,6,994,54,2575.5,7,297.5,0,1,1,-0.89
6995,6,995,54,2602.5,7,301.0,0,0,1,-0.89
6996,6,996,54,2629.5,7,304.5,0,1,1,-0.89
6997,6,997,54,2656.5,7,308.0,0,1,1,-0.89
6998,6,998,54,2683.5,7,311.5,0,1,1,-0.89
6999,6,999,54,2710.5,7,315.0,0,1,1,-0.89
7000,7,0,0,0.0,0,0.0,0,0,0,-0.0
7001,7,1,0,0.0,0,0.0,0,0,0,-0.0
7002,7,2,0,0.0,0,0.0,0,0,0,-0.0
7003,7,3,0,0.0,0,0.0,0,0,0,-0.0
7004,7,4,0,0.0,0,0.0,0,0,0,-0.0
7005,7,5,0,0.0,0,0.0,0,0,0,-0.0
7006,7,6,0,0.0,0,0.0,0,0,0,-0.0
7007,7,7,0,0.0,0,0.0,0,0,0,-0.0
7008,7,8,0,0.0,0,0.0,0,0,0,-0.0
7009,7,9,0,0.0,0,0.0,0,0,0,-0.0
7010,7,10,0,0.0,0,0.0,0,0,0,-0.0
7011,7,11,0,0.0,0,0.0,0,0,0,-0.0
7012,7,12,0,0.0,0,0.0,0,0,0,-0.0
7013,7,13,0,0.0,0,0.0,0,0,0,-0.0
7014,7,14,0,0.0,0,0.0,0,0,0,-0.0
7015,7,15,0,0.0,0,0.0,0,0,0,-0.0
7016,7,16,0,0.0,0,0.0,0,0,0,-0.0
7017,7,17,0,0.0,0,0.0,0,0,0,-0.0
7018,7,18,0,0.0,0,0.0,0,0,0,-0.0
7019,7,19,0,0.0,0,0.0,0,0,0,-0.0
7020,7,20,0,0.0,0,0.0,0,0,0,-0.0
7021,7,21,0,0.0,0,0.0,0,0,0,-0.0
7022,7,22,0,0.0,0,0.0,0,0,0,-0.0
7023,7,23,0,0.0,0,0.0,0,0,0,-0.0
7024,7,24,0,0.0,0,0.0,0,0,0,-0.0
7025,7,25,0,0.0,0,0.0,0,0,0,-0.0
7026,7,26,0,0.0,0,0.0,0,0,0,-0.0
7027,7,27,0,0.0,0,0.0,0,0,0,-0.0
7028,7,28,0,0.0,0,0.0,0,0,0,-0.0
7029,7,29,0,0.0,0,0.0,0,0,0,-0.0
7030,7,30,0,0.0,0,0.0,0,0,0,-0.0
7031,7,31,0,0.0,0,0.0,0,0,0,-0.0
7032,7,32,0,0.0,0,0.0,0,0,0,-0.0
7033,7,33,0,0.0,0,0.0,0,0,0,-0.0
7034,7,34,0,0.0,0,0.0,0,0,0,-0.0
7035,7,35,0,0.0,0,0.0,0,0,0,-0.0
7036,7,36,0,0.0,0,0.0,0,0,0,-0.0
7037,7,37,0,0.0,0,0.0,0,0,0,-0.0
7038,7,38,0,0.0,0,0.0,0,0,0,-0.0
7039,7,39,0,0.0,0,0.0,0,0,0,-0.0
7040,7,40,0,0.0,0,0.0,0,0,0,-0.0
7041,7,41,0,0.0,0,0.0,0,0,0,-0.0
7042,7,42,0,0.0,0,0.0,0,0,0,-0.0
7043,7,43,0,0.0,0,0.0,0,0,0,-0.0
7044,7,44,0,0.0,0,0.0,0,0,0,-0.0
7045,7,45,0,0.0,0,0.0,0,0,0,-0.0
7046,7,46,0,0.0,0,0.0,0,0,0,-0.0
7047,7,47,0,0.0,0,0.0,0,0,0,-0.0
7048,7,48,0,0.0,0,0.0,0,0,0,-0.0
7049,7,49,0,0.0,0,0.0,0,0,1,-0.0
7050,7,50,0,0.0,0,0.0,0,0,1,-0.0
7051,7,51,0,0.0,0,0.0,0,0,1,-0.0
7052,7,52,0,0.0,0,0.0,0,0,1,-0.0
7053,7,53,0,0.0,0,0.0,0,0,1,-0.0
7054,7,54,0,0.0,0,0.0,0,0,1,-0.0
7055,7,55,0,0.0,0,0.0,0,0,1,-0.0
7056,7,56,0,0.0,0,0.0,0,0,1,-0.0
7057,7,57,0,0.0,0,0.0,0,0,1,-0.0
7058,7,58,0,0.0,1,1.5,0,0,1,-0.05
7059,7,59,0,0.0,1,2.0,0,0,1,-0.05
7060,7,60,0,0.0,1,2.5,0,0,1,-0.05
7061,7,61,0,0.0,1,3.0,0,0,1,-0.05
7062,7,62,0,0.0,1,3.5,0,0,1,-0.05
7063,7,63,0,0.0,1,4.0,0,0,1,-0.05
7064,7,64,0,0.0,1,4.5,0,0,1,-0.05
7065,7,65,0,0.0,1,5.0,0,0,1,-0.05
7066,7,66,0,0.0,1,5.5,0,0,1,-0.05
7067,7,67,0,0.0,1,6.0,0,0,1,-0.05
7068,7,68,0,0.0,2,8.0,0,0,1,-0.1
7069,7,69,0,0.0,1,7.0,0,0,1,-0.05
7070,7,70,0,0.0,1,7.5,0,0,1,-0.05
7071,7,71,0,0.0,1,8.0,0,0,1,-0.05
7072,7,72,0,0.0,3,11.5,0,0,1,-0.15
7073,7,73,0,0.0,3,13.0,0,0,1,-0.15
7074,7,74,0,0.0,3,14.5,0,0,1,-0.15
7075,7,75,0,0.0,3,16.0,0,0,1,-0.15
7076,7,76,1,1.5,4,19.0,0,0,1,-0.21000000000000002
7077,7,77,1,2.0,4,21.0,0,0,1,-0.21000000000000002
7078,7,78,6,10.0,5,24.5,0,0,1,-0.31
7079,7,79,6,13.0,5,27.0,0,0,1,-0.31
7080,7,80,6,16.0,5,29.5,0,0,1,-0.31
7081,7,81,6,19.0,6,33.5,0,0,1,-0.36
7082,7,82,6,22.0,6,36.5,0,0,1,-0.36
7083,7,83,6,25.0,6,39.5,0,0,1,-0.36
7084,7,84,6,28.0,6,42.5,0,0,1,-0.36
7085,7,85,6,31.0,6,45.5,0,0,1,-0.36
7086,7,86,8,37.0,6,48.5,0,0,1,-0.38
7087,7,87,8,41.0,6,51.5,0,0,1,-0.38
7088,7,88,8,45.0,6,54.5,0,0,1,-0.38
7089,7,89,9,50.5,6,57.5,0,0,1,-0.39
7090,7,90,9,55.0,6,60.5,0,0,1,-0.39
7091,7,91,9,59.5,6,63.5,0,0,1,-0.39
7092,7,92,9,64.0,6,66.5,0,0,1,-0.39
7093,7,93,9,68.5,6,69.5,0,0,1,-0.39
7094,7,94,9,73.0,6,72.5,0,0,1,-0.39
7095,7,95,9,77.5,6,75.5,0,0,1,-0.39
7096,7,96,9,82.0,8,81.5,0,0,1,-0.49
7097,7,97,9,86.5,8,85.5,0,0,1,-0.49
7098,7,98,10,92.5,8,89.5,0,0,1,-0.5
7099,7,99,10,97.5,8,93.5,0,0,1,-0.5
7100,7,100,10,102.5,8,97.5,0,0,1,-0.5
7101,7,101,11,109.0,8,101.5,0,0,1,-0.51
7102,7,102,11,114.5,8,105.5,0,0,1,-0.51
7103,7,103,12,121.5,8,109.5,0,0,1,-0.52
7104,7,104,12,127.5,8,113.5,0,0,1,-0.52
7105,7,105,12,133.5,8,117.5,0,0,1,-0.52
7106,7,106,12,139.5,8,121.5,0,0,1,-0.52
7107,7,107,12,145.5,8,125.5,0,0,1,-0.52
7108,7,108,12,151.5,8,129.5,0,0,1,-0.52
7109,7,109,12,157.5,8,133.5,0,0,1,-0.52
7110,7,110,12,163.5,8,137.5,0,0,1,-0.52
7111,7,111,12,169.5,8,141.5,0,0,1,-0.52
7112,7,112,12,175.5,8,145.5,0,0,1,-0.52
7113,7,113,12,181.5,8,149.5,0,0,1,-0.52
7114,7,114,13,189.0,8,153.5,0,0,1,-0.53
7115,7,115,13,195.5,8,157.5,0,0,1,-0.53
7116,7,116,13,202.0,8,161.5,0,0,1,-0.53
7117,7,117,13,208.5,8,165.5,0,0,1,-0.53
7118,7,118,13,215.0,8,169.5,0,0,1,-0.53
7119,7,119,13,221.5,8,173.5,0,0,1,-0.53
7120,7,120,13,228.0,8,177.5,0,0,1,-0.53
7121,7,121,13,234.5,8,181.5,0,0,1,-0.53
7122,7,122,15,244.0,8,185.5,0,0,1,-0.55
7123,7,123,15,251.5,8,189.5,0,0,1,-0.55
7124,7,124,15,259.0,8,193.5,0,0,1,-0.55
7125,7,125,15,266.5,8,197.5,0,0,1,-0.55
7126,7,126,15,274.0,8,201.5,0,0,1,-0.55
7127,7,127,15,281.5,8,205.5,0,0,1,-0.55
7128,7,128,15,289.0,8,209.5,0,0,1,-0.55
7129,7,129,15,296.5,8,213.5,0,0,1,-0.55
7130,7,130,16,305.5,8,217.5,0,0,1,-0.56
7131,7,131,16,313.5,8,221.5,0,0,1,-0.56
7132,7,132,16,321.5,8,225.5,0,0,1,-0.56
7133,7,133,16,329.5,8,229.5,0,0,1,-0.56
7134,7,134,17,339.0,8,233.5,0,0,1,-0.5700000000000001
7135,7,135,17,347.5,8,237.5,0,0,1,-0.5700000000000001
7136,7,136,17,356.0,8,241.5,0,0,1,-0.5700000000000001
7137,7,137,17,364.5,8,245.5,0,0,1,-0.5700000000000001
7138,7,138,17,373.0,8,249.5,0,0,1,-0.5700000000000001
7139,7,139,17,381.5,8,253.5,0,0,2,-0.5700000000000001
7140,7,140,18,391.5,8,257.5,0,0,2,-0.5800000000000001
7141,7,141,18,400.5,8,261.5,0,0,2,-0.5800000000000001
7142,7,142,19,411.0,8,265.5,0,0,2,-0.5900000000000001
7143,7,143,19,420.5,8,269.5,0,0,2,-0.5900000000000001
7144,7,144,20,431.5,8,273.5,0,0,2,-0.6000000000000001
7145,7,145,20,441.5,8,277.5,0,0,2,-0.6000000000000001
7146,7,146,20,451.5,8,281.5,0,0,2,-0.6000000000000001
7147,7,147,20,461.5,8,285.5,0,2,2,-0.6000000000000001
7148,7,148,20,471.5,8,289.5,0,0,2,-0.6000000000000001
7149,7,149,20,481.5,8,293.5,0,0,2,-0.6000000000000001
7150,7,150,20,491.5,8,297.5,0,0,2,-0.6000000000000001
7151,7,151,20,428.5,8,301.5,0,2,3,-0.6000000000000001
7152,7,152,20,438.5,8,305.5,0,0,3,-0.6000000000000001
7153,7,153,21,450.0,8,309.5,0,0,3,-0.61
7154,7,154,21,460.5,8,313.5,0,0,3,-0.61
7155,7,155,21,471.0,8,317.5,0,0,3,-0.61
7156,7,156,21,481.5,8,321.5,0,0,3,-0.61
7157,7,157,21,492.0,8,325.5,0,0,3,-0.61
7158,7,158,21,502.5,8,329.5,0,0,3,-0.61
7159,7,159,21,513.0,8,333.5,0,0,3,-0.61
7160,7,160,23,526.5,8,337.5,0,0,3,-0.63
7161,7,161,23,538.0,8,341.5,0,0,3,-0.63
7162,7,162,25,552.5,8,345.5,0,0,3,-0.65
7163,7,163,25,565.0,8,349.5,0,0,3,-0.65
7164,7,164,30,585.0,8,353.5,0,0,3,-0.7
7165,7,165,30,600.0,8,357.5,0,0,3,-0.7
7166,7,166,31,616.5,8,361.5,0,0,3,-0.71
7167,7,167,31,632.0,8,365.5,0,0,3,-0.71
7168,7,168,31,647.5,8,369.5,0,0,3,-0.71
7169,7,169,33,666.0,8,373.5,0,0,3,-0.73
7170,7,170,33,682.5,8,377.5,0,2,3,-0.73
7171,7,171,33,699.0,8,381.5,0,0,3,-0.73
7172,7,172,35,718.5,8,385.5,0,0,3,-0.75
7173,7,173,37,739.0,8,389.5,0,0,3,-0.77
7174,7,174,38,759.0,8,393.5,0,0,3,-0.78
7175,7,175,39,779.5,8,397.5,0,0,3,-0.79
7176,7,176,39,799.0,8,401.5,0,2,3,-0.79
7177,7,177,39,818.5,8,405.5,0,0,3,-0.79
7178,7,178,39,838.0,8,409.5,0,0,3,-0.79
7179,7,179,39,857.5,8,413.5,0,0,3,-0.79
7180,7,180,39,877.0,8,417.5,0,2,3,-0.79
7181,7,181,39,896.5,8,421.5,0,0,3,-0.79
7182,7,182,40,917.5,8,425.5,0,0,3,-0.8
7183,7,183,40,937.5,8,429.5,0,0,3,-0.8
7184,7,184,40,957.5,8,433.5,0,0,3,-0.8
7185,7,185,40,977.5,8,437.5,0,0,3,-0.8
7186,7,186,41,999.0,8,441.5,0,0,3,-0.81
7187,7,187,41,1019.5,8,445.5,0,0,3,-0.81
7188,7,188,41,1040.0,8,449.5,0,0,3,-0.81
7189,7,189,41,1060.5,8,453.5,0,0,3,-0.81
7190,7,190,41,1081.0,8,457.5,0,0,3,-0.81
7191,7,191,41,1101.5,8,461.5,0,1,3,-0.81
7192,7,192,42,1123.5,8,465.5,0,0,3,-0.8200000000000001
7193,7,193,44,1147.5,8,469.5,0,0,3,-0.8400000000000001
7194,7,194,44,1169.5,8,473.5,0,0,3,-0.8400000000000001
7195,7,195,47,1196.0,8,477.5,0,0,3,-0.87
7196,7,196,47,1219.5,8,481.5,0,0,3,-0.87
7197,7,197,47,1243.0,8,485.5,0,0,3,-0.87
7198,7,198,47,1266.5,8,489.5,0,0,3,-0.87
7199,7,199,47,1290.0,8,493.5,0,0,3,-0.87
7200,7,200,48,1315.0,8,497.5,0,0,3,-0.88
7201,7,201,48,1339.0,8,501.5,0,1,3,-0.88
7202,7,202,49,1364.5,8,505.5,0,0,3,-0.89
7203,7,203,50,1390.5,8,509.5,0,0,3,-0.9
7204,7,204,50,1415.5,8,513.5,0,0,3,-0.9
7205,7,205,51,1442.0,8,517.5,0,0,3,-0.91
7206,7,206,51,1467.5,8,521.5,0,0,3,-0.91
7207,7,207,51,1493.0,8,525.5,0,0,3,-0.91
7208,7,208,51,1518.5,8,529.5,0,0,3,-0.91
7209,7,209,51,1544.0,8,533.5,0,0,3,-0.91
7210,7,210,51,1569.5,8,537.5,0,0,3,-0.91
7211,7,211,51,1595.0,8,541.5,0,0,4,-0.91
7212,7,212,52,1622.0,8,545.5,0,0,4,-0.92
7213,7,213,53,1649.5,8,549.5,0,0,4,-0.93
7214,7,214,53,1676.0,8,553.5,0,1,4,-0.93
7215,7,215,55,1705.5,8,557.5,0,0,4,-0.9500000000000001
7216,7,216,55,1733.0,8,561.5,0,0,4,-0.9500000000000001
7217,7,217,56,1762.0,8,565.5,0,1,4,-0.9600000000000001
7218,7,218,56,1790.0,8,569.5,0,0,4,-0.9600000000000001
7219,7,219,57,1819.5,8,573.5,0,0,4,-0.97
7220,7,220,58,1849.5,8,577.5,0,0,4,-0.98
7221,7,221,58,1878.5,8,581.5,0,0,4,-0.98
7222,7,222,59,1909.0,8,585.5,0,0,4,-0.99
7223,7,223,53,1600.0,8,589.5,0,0,5,-0.93
7224,7,224,51,1395.5,8,593.5,0,0,5,-0.91
7225,7,225,48,1231.5,8,597.5,0,0,5,-0.88
7226,7,226,44,1090.5,8,601.5,0,0,5,-0.8400000000000001
7227,7,227,44,1085.5,8,605.5,0,0,5,-0.8400000000000001
7228,7,228,41,1010.0,8,609.5,0,0,5,-0.81
7229,7,229,37,950.5,8,613.5,0,1,5,-0.77
7230,7,230,34,944.5,8,617.5,0,0,5,-0.74
7231,7,231,33,945.5,6,452.5,0,2,5,-0.63
7232,7,232,32,955.5,6,455.5,0,0,5,-0.62
7233,7,233,32,971.5,3,229.5,0,0,5,-0.47
7234,7,234,32,987.5,2,148.5,0,0,5,-0.42000000000000004
7235,7,235,32,1003.5,2,149.5,0,0,5,-0.42000000000000004
7236,7,236,33,1021.0,2,150.5,0,0,5,-0.43000000000000005
7237,7,237,33,1037.5,2,151.5,0,0,5,-0.43000000000000005
7238,7,238,33,1054.0,2,152.5,0,0,5,-0.43000000000000005
7239,7,239,33,1070.5,2,153.5,0,0,5,-0.43000000000000005
7240,7,240,33,1087.0,2,154.5,0,0,5,-0.43000000000000005
7241,7,241,33,1103.5,2,155.5,0,0,5,-0.43000000000000005
7242,7,242,34,1121.5,2,156.5,0,0,5,-0.44000000000000006
7243,7,243,35,1140.0,2,157.5,0,0,5,-0.44999999999999996
7244,7,244,35,1157.5,2,158.5,0,0,5,-0.44999999999999996
7245,7,245,36,1176.5,2,159.5,0,0,5,-0.45999999999999996
7246,7,246,37,1196.0,2,160.5,0,0,5,-0.47
7247,7,247,37,1214.5,2,161.5,0,0,5,-0.47
7248,7,248,37,1233.0,2,162.5,0,0,5,-0.47
7249,7,249,37,1251.5,2,163.5,0,0,5,-0.47
7250,7,250,37,1270.0,2,164.5,0,0,5,-0.47
7251,7,251,37,1288.5,2,165.5,0,0,5,-0.47
7252,7,252,37,1307.0,2,166.5,0,1,5,-0.47
7253,7,253,37,1325.5,2,167.5,0,2,5,-0.47
7254,7,254,38,1345.5,2,168.5,0,0,5,-0.48
7255,7,255,38,1364.5,2,169.5,0,0,5,-0.48
7256,7,256,38,1383.5,2,170.5,0,0,5,-0.48
7257,7,257,38,1402.5,3,173.0,0,0,5,-0.53
7258,7,258,38,1421.5,2,172.5,0,0,5,-0.48
7259,7,259,38,1440.5,2,173.5,0,0,5,-0.48
7260,7,260,38,1459.5,2,174.5,0,0,5,-0.48
7261,7,261,38,1478.5,2,175.5,0,0,5,-0.48
7262,7,262,38,1497.5,2,176.5,0,0,5,-0.48
7263,7,263,38,1516.5,2,177.5,0,0,5,-0.48
7264,7,264,38,1535.5,2,178.5,0,0,5,-0.48
7265,7,265,39,1556.0,2,179.5,0,0,5,-0.49
7266,7,266,39,1575.5,2,180.5,0,0,5,-0.49
7267,7,267,39,1595.0,2,181.5,0,0,5,-0.49
7268,7,268,39,1614.5,2,182.5,0,0,5,-0.49
7269,7,269,39,1634.0,2,183.5,0,0,5,-0.49
7270,7,270,39,1653.5,2,184.5,0,0,5,-0.49
7271,7,271,40,1674.5,2,185.5,0,1,5,-0.5
7272,7,272,40,1694.5,3,188.0,0,0,5,-0.55
7273,7,273,39,1522.0,3,189.5,0,0,6,-0.54
7274,7,274,37,1455.0,3,191.0,0,0,6,-0.52
7275,7,275,38,1475.0,3,192.5,0,0,6,-0.53
7276,7,276,39,1495.5,3,194.0,0,0,6,-0.54
7277,7,277,39,1515.0,3,195.5,0,0,6,-0.54
7278,7,278,39,1534.5,3,197.0,0,0,6,-0.54
7279,7,279,39,1554.0,3,198.5,0,0,6,-0.54
7280,7,280,39,1573.5,3,200.0,0,0,6,-0.54
7281,7,281,39,1593.0,3,201.5,0,0,6,-0.54
7282,7,282,39,1612.5,4,204.5,0,0,6,-0.5900000000000001
7283,7,283,39,1632.0,4,206.5,0,0,6,-0.5900000000000001
7284,7,284,40,1653.0,4,208.5,0,0,6,-0.6000000000000001
7285,7,285,41,1674.5,5,212.0,0,0,6,-0.6599999999999999
7286,7,286,41,1695.0,6,216.0,0,0,6,-0.71
7287,7,287,43,1718.5,5,217.0,0,0,6,-0.6799999999999999
7288,7,288,44,1741.5,5,219.5,0,0,6,-0.69
7289,7,289,45,1765.0,5,222.0,0,0,6,-0.7
7290,7,290,45,1787.5,6,226.0,0,0,6,-0.75
7291,7,291,45,1810.0,6,229.0,0,0,6,-0.75
7292,7,292,45,1832.5,7,233.5,0,0,6,-0.8
7293,7,293,46,1856.5,6,235.0,0,0,6,-0.76
7294,7,294,46,1879.5,6,238.0,0,0,6,-0.76
7295,7,295,47,1904.0,7,242.5,0,0,6,-0.82
7296,7,296,48,1929.0,8,247.5,0,0,6,-0.88
7297,7,297,48,1953.0,9,253.0,0,0,6,-0.9299999999999999
7298,7,298,49,1978.5,8,255.5,0,0,6,-0.89
7299,7,299,49,2003.0,8,259.5,0,0,6,-0.89
7300,7,300,49,2027.5,8,263.5,0,0,6,-0.89
7301,7,301,49,2052.0,9,269.0,0,0,6,-0.94
7302,7,302,49,2076.5,10,275.0,0,1,6,-0.99
7303,7,303,49,2101.0,9,278.0,0,2,6,-0.94
7304,7,304,50,2127.0,9,282.5,0,0,6,-0.95
7305,7,305,51,2153.5,9,287.0,0,0,6,-0.96
7306,7,306,51,2179.0,9,291.5,0,1,6,-0.96
7307,7,307,51,2204.5,10,297.5,0,0,6,-1.01
7308,7,308,51,2230.0,10,302.5,0,0,6,-1.01
7309,7,309,51,2255.5,10,307.5,0,0,6,-1.01
7310,7,310,51,2281.0,12,315.5,0,0,6,-1.1099999999999999
7311,7,311,51,2306.5,12,321.5,0,0,6,-1.1099999999999999
7312,7,312,51,2332.0,12,327.5,0,0,6,-1.1099999999999999
7313,7,313,52,2359.0,12,333.5,0,1,6,-1.12
7314,7,314,52,2385.0,12,339.5,0,0,6,-1.12
7315,7,315,53,2412.5,12,345.5,0,2,6,-1.13
7316,7,316,53,2439.0,12,351.5,0,1,6,-1.13
7317,7,317,53,2465.5,12,357.5,0,0,6,-1.13
7318,7,318,53,2492.0,12,363.5,0,4,6,-1.13
7319,7,319,53,2518.5,13,371.0,0,0,6,-1.1800000000000002
7320,7,320,53,2545.0,13,377.5,0,0,6,-1.1800000000000002
7321,7,321,53,2571.5,13,384.0,0,4,6,-1.1800000000000002
7322,7,322,53,2598.0,13,390.5,0,0,6,-1.1800000000000002
7323,7,323,53,2624.5,13,397.0,0,0,6,-1.1800000000000002
7324,7,324,53,2651.0,13,403.5,0,8,6,-1.1800000000000002
7325,7,325,53,2677.5,13,410.0,0,0,6,-1.1800000000000002
7326,7,326,53,2704.0,13,416.5,0,1,6,-1.1800000000000002
7327,7,327,53,2730.5,13,423.0,0,2,6,-1.1800000000000002
7328,7,328,53,2757.0,13,429.5,0,1,6,-1.1800000000000002
7329,7,329,53,2783.5,13,436.0,0,0,6,-1.1800000000000002
7330,7,330,53,2810.0,13,442.5,0,2,6,-1.1800000000000002
7331,7,331,53,2836.5,13,449.0,0,1,6,-1.1800000000000002
7332,7,332,54,2864.5,13,455.5,0,0,6,-1.19
7333,7,333,54,2891.5,13,462.0,0,1,6,-1.19
7334,7,334,54,2918.5,13,468.5,0,3,6,-1.19
7335,7,335,54,2945.5,13,475.0,0,0,6,-1.19
7336,7,336,54,2972.5,14,483.0,0,0,6,-1.24
7337,7,337,54,2999.5,13,488.0,0,1,6,-1.19
7338,7,338,55,3028.0,13,494.5,0,1,6,-1.2000000000000002
7339,7,339,55,3055.5,13,501.0,0,1,6,-1.2000000000000002
7340,7,340,55,3083.0,13,507.5,0,0,6,-1.2000000000000002
7341,7,341,55,3110.5,13,514.0,0,0,6,-1.2000000000000002
7342,7,342,56,3139.5,13,520.5,0,0,6,-1.21
7343,7,343,56,3167.5,14,528.5,0,1,6,-1.26
7344,7,344,57,3197.0,14,535.5,0,1,6,-1.27
7345,7,345,57,3225.5,14,542.5,0,0,6,-1.27
7346,7,346,57,3254.0,14,549.5,0,0,6,-1.27
7347,7,347,57,3282.5,14,556.5,0,1,6,-1.27
7348,7,348,57,3311.0,14,563.5,0,0,6,-1.27
7349,7,349,57,3339.5,14,570.5,0,0,6,-1.27
7350,7,350,57,3368.0,14,577.5,0,0,6,-1.27
7351,7,351,57,3396.5,14,584.5,0,2,6,-1.27
7352,7,352,58,3426.5,14,591.5,0,0,6,-1.2799999999999998
7353,7,353,58,3455.5,14,598.5,0,0,6,-1.2799999999999998
7354,7,354,59,3486.0,14,605.5,0,2,6,-1.29
7355,7,355,60,3517.0,14,612.5,0,0,6,-1.2999999999999998
7356,7,356,61,3548.5,14,619.5,0,0,6,-1.31
7357,7,357,63,3582.0,14,626.5,0,2,6,-1.33
7358,7,358,64,3615.0,14,633.5,0,0,6,-1.3399999999999999
7359,7,359,64,3647.0,14,640.5,0,0,6,-1.3399999999999999
7360,7,360,64,3679.0,14,647.5,0,0,6,-1.3399999999999999
7361,7,361,64,3711.0,14,654.5,0,0,6,-1.3399999999999999
7362,7,362,65,3744.5,14,661.5,0,1,6,-1.35
7363,7,363,65,3777.0,14,668.5,0,1,7,-1.35
7364,7,364,66,3811.0,14,675.5,0,0,7,-1.3599999999999999
7365,7,365,66,3844.0,14,682.5,0,0,7,-1.3599999999999999
7366,7,366,66,3877.0,14,689.5,0,0,7,-1.3599999999999999
7367,7,367,66,3910.0,14,696.5,0,1,7,-1.3599999999999999
7368,7,368,66,3943.0,14,703.5,0,1,7,-1.3599999999999999
7369,7,369,66,3976.0,14,710.5,0,0,7,-1.3599999999999999
7370,7,370,66,4009.0,14,717.5,0,0,7,-1.3599999999999999
7371,7,371,66,4042.0,14,724.5,0,0,7,-1.3599999999999999
7372,7,372,66,4075.0,14,731.5,0,0,7,-1.3599999999999999
7373,7,373,66,4108.0,14,738.5,0,0,7,-1.3599999999999999
7374,7,374,67,4142.5,14,745.5,0,1,7,-1.37
7375,7,375,65,3875.0,14,752.5,0,0,8,-1.35
7376,7,376,63,3697.5,14,759.5,0,0,8,-1.33
7377,7,377,61,3521.5,14,766.5,0,1,8,-1.31
7378,7,378,60,3395.5,14,773.5,0,1,8,-1.2999999999999998
7379,7,379,61,3427.0,14,780.5,0,1,8,-1.31
7380,7,380,59,3366.5,14,787.5,0,0,8,-1.29
7381,7,381,60,3381.5,14,794.5,0,0,8,-1.2999999999999998
7382,7,382,61,3413.0,14,801.5,0,1,8,-1.31
7383,7,383,62,3445.0,14,808.5,0,0,8,-1.3199999999999998
7384,7,384,62,3476.0,14,815.5,0,0,8,-1.3199999999999998
7385,7,385,62,3507.0,14,822.5,0,1,8,-1.3199999999999998
7386,7,386,62,3538.0,14,829.5,0,0,8,-1.3199999999999998
7387,7,387,62,3569.0,14,836.5,0,0,8,-1.3199999999999998
7388,7,388,62,3600.0,14,843.5,0,1,8,-1.3199999999999998
7389,7,389,62,3631.0,14,850.5,0,1,8,-1.3199999999999998
7390,7,390,62,3662.0,14,857.5,0,0,8,-1.3199999999999998
7391,7,391,63,3694.5,14,864.5,0,0,8,-1.33
7392,7,392,64,3727.5,14,871.5,0,0,8,-1.3399999999999999
7393,7,393,64,3759.5,14,878.5,0,0,8,-1.3399999999999999
7394,7,394,67,3796.0,14,885.5,0,0,8,-1.37
7395,7,395,67,3829.5,14,892.5,0,0,8,-1.37
7396,7,396,67,3863.0,14,899.5,0,0,8,-1.37
7397,7,397,67,3896.5,14,906.5,0,0,8,-1.37
7398,7,398,68,3931.5,14,913.5,0,0,8,-1.38
7399,7,399,68,3965.5,14,920.5,0,1,8,-1.38
7400,7,400,68,3999.5,14,927.5,0,2,8,-1.38
7401,7,401,69,4035.0,14,934.5,0,0,8,-1.39
7402,7,402,70,4071.0,14,941.5,0,0,8,-1.4
7403,7,403,70,4106.0,14,948.5,0,0,8,-1.4
7404,7,404,71,4142.5,14,955.5,0,0,8,-1.41
7405,7,405,72,4179.5,14,962.5,0,1,8,-1.42
7406,7,406,72,4215.5,14,969.5,0,0,8,-1.42
7407,7,407,72,4251.5,14,976.5,0,0,8,-1.42
7408,7,408,72,4287.5,14,983.5,0,1,8,-1.42
7409,7,409,72,4323.5,14,990.5,0,0,8,-1.42
7410,7,410,72,4359.5,14,997.5,0,0,8,-1.42
7411,7,411,73,4397.0,14,1004.5,0,0,8,-1.43
7412,7,412,73,4433.5,14,1011.5,0,0,8,-1.43
7413,7,413,74,4471.5,14,1018.5,0,0,8,-1.44
7414,7,414,74,4508.5,14,1025.5,0,0,8,-1.44
7415,7,415,75,4547.0,14,1032.5,0,1,8,-1.45
7416,7,416,75,4584.5,14,1039.5,0,0,8,-1.45
7417,7,417,75,4622.0,14,1046.5,0,0,8,-1.45
7418,7,418,75,4659.5,14,1053.5,0,0,8,-1.45
7419,7,419,75,4697.0,14,1060.5,0,1,8,-1.45
7420,7,420,75,4734.5,14,1067.5,0,0,8,-1.45
7421,7,421,76,4773.5,14,1074.5,0,0,8,-1.46
7422,7,422,77,4813.0,14,1081.5,0,0,8,-1.47
7423,7,423,77,4851.5,14,1088.5,0,0,8,-1.47
7424,7,424,78,4891.5,14,1095.5,0,0,8,-1.48
7425,7,425,78,4930.5,14,1102.5,0,0,8,-1.48
7426,7,426,79,4971.0,14,1109.5,0,0,8,-1.49
7427,7,427,81,5013.5,14,1116.5,1,0,8,-1.51
7428,7,428,81,5054.0,14,1123.5,1,0,8,-1.51
7429,7,429,81,5094.5,14,1130.5,0,1,8,-1.51
7430,7,430,81,5135.0,14,1137.5,0,1,8,-1.51
7431,7,431,83,5178.5,14,1144.5,0,0,8,-1.5299999999999998
7432,7,432,83,5220.0,14,1151.5,0,0,8,-1.5299999999999998
7433,7,433,84,5263.0,14,1158.5,0,0,8,-1.54
7434,7,434,86,5308.0,14,1165.5,0,0,8,-1.56
7435,7,435,87,5352.5,14,1172.5,0,0,9,-1.5699999999999998
7436,7,436,87,5396.0,14,1179.5,0,1,9,-1.5699999999999998
7437,7,437,87,5439.5,14,1186.5,0,0,9,-1.5699999999999998
7438,7,438,87,5483.0,14,1193.5,0,0,9,-1.5699999999999998
7439,7,439,87,5526.5,14,1200.5,0,0,9,-1.5699999999999998
7440,7,440,87,5570.0,14,1207.5,0,0,9,-1.5699999999999998
7441,7,441,82,4763.5,10,943.5,0,0,0,-1.3199999999999998
7442,7,442,79,4271.0,10,948.5,0,0,0,-1.29
7443,7,443,75,3821.0,10,953.5,0,0,0,-1.25
7444,7,444,73,3510.0,9,906.5,0,0,0,-1.18
7445,7,445,73,3436.0,9,911.0,0,0,0,-1.18
7446,7,446,69,3047.5,8,827.0,0,0,0,-1.0899999999999999
7447,7,447,65,2699.5,8,831.0,0,0,0,-1.05
7448,7,448,63,2561.0,7,754.5,0,1,0,-0.98
7449,7,449,61,2423.5,4,532.0,0,0,0,-0.81
7450,7,450,58,2212.5,4,534.0,0,0,0,-0.78
7451,7,451,56,2042.0,4,536.0,0,0,0,-0.76
7452,7,452,54,1926.0,4,538.0,0,0,0,-0.74
7453,7,453,51,1768.0,4,540.0,0,1,0,-0.71
7454,7,454,50,1701.0,4,542.0,0,0,0,-0.7
7455,7,455,47,1578.0,4,544.0,0,1,0,-0.6699999999999999
7456,7,456,44,1472.0,4,546.0,0,0,0,-0.64
7457,7,457,43,1463.0,4,548.0,0,0,0,-0.63
7458,7,458,39,1349.0,4,550.0,0,0,0,-0.5900000000000001
7459,7,459,36,1292.5,2,178.5,0,0,0,-0.45999999999999996
7460,7,460,35,1294.5,2,179.5,0,0,0,-0.44999999999999996
7461,7,461,35,1259.5,2,180.5,0,0,0,-0.44999999999999996
7462,7,462,33,1264.5,2,181.5,0,0,0,-0.43000000000000005
7463,7,463,32,1259.0,2,182.5,0,0,0,-0.42000000000000004
7464,7,464,32,1263.5,2,183.5,0,1,0,-0.42000000000000004
7465,7,465,32,1279.5,2,184.5,0,0,0,-0.42000000000000004
7466,7,466,31,1291.5,2,185.5,0,0,0,-0.41000000000000003
7467,7,467,31,1307.0,2,186.5,0,0,0,-0.41000000000000003
7468,7,468,31,1322.5,2,187.5,0,0,0,-0.41000000000000003
7469,7,469,31,1338.0,2,188.5,0,0,0,-0.41000000000000003
7470,7,470,31,1353.5,2,189.5,0,0,0,-0.41000000000000003
7471,7,471,31,1369.0,2,190.5,0,2,0,-0.41000000000000003
7472,7,472,32,1386.0,3,193.0,0,0,0,-0.47
7473,7,473,33,1403.5,3,194.5,0,0,0,-0.48
7474,7,474,33,1420.0,3,196.0,0,1,0,-0.48
7475,7,475,33,1436.5,3,197.5,0,0,0,-0.48
7476,7,476,33,1453.0,2,195.5,0,1,0,-0.43000000000000005
7477,7,477,33,1469.5,2,196.5,0,0,0,-0.43000000000000005
7478,7,478,33,1486.0,2,197.5,0,0,0,-0.43000000000000005
7479,7,479,33,1502.5,3,200.0,0,2,0,-0.48
7480,7,480,33,1519.0,3,201.5,0,0,0,-0.48
7481,7,481,34,1537.0,3,203.0,0,1,0,-0.49
7482,7,482,34,1554.0,3,204.5,0,0,0,-0.49
7483,7,483,34,1571.0,3,204.0,0,0,0,-0.49
7484,7,484,34,1588.0,2,203.5,0,1,0,-0.44000000000000006
7485,7,485,35,1606.5,2,204.5,1,0,0,-0.44999999999999996
7486,7,486,35,1624.0,2,205.5,0,0,0,-0.44999999999999996
7487,7,487,35,1641.5,3,208.0,0,0,0,-0.5
7488,7,488,35,1659.0,4,211.0,0,0,0,-0.55
7489,7,489,35,1676.5,4,213.0,0,0,0,-0.55
7490,7,490,35,1694.0,4,215.0,1,0,0,-0.55
7491,7,491,34,1506.0,4,217.0,0,0,1,-0.54
7492,7,492,32,1422.0,5,220.5,0,0,1,-0.5700000000000001
7493,7,493,33,1439.5,4,221.0,0,0,1,-0.53
7494,7,494,35,1459.0,5,224.5,0,0,1,-0.6
7495,7,495,37,1479.5,6,228.5,0,0,1,-0.6699999999999999
7496,7,496,37,1498.0,5,229.5,0,2,1,-0.62
7497,7,497,37,1516.5,5,232.0,0,1,1,-0.62
7498,7,498,37,1535.0,5,234.5,0,0,1,-0.62
7499,7,499,37,1553.5,7,240.0,0,0,1,-0.72
7500,7,500,37,1572.0,7,243.5,0,0,1,-0.72
7501,7,501,37,1590.5,7,247.0,0,0,1,-0.72
7502,7,502,37,1609.0,7,250.5,0,0,1,-0.72
7503,7,503,40,1632.0,7,254.0,0,0,1,-0.75
7504,7,504,40,1652.0,7,257.5,0,0,1,-0.75
7505,7,505,41,1673.5,7,261.0,0,0,1,-0.76
7506,7,506,41,1694.0,7,264.5,0,0,1,-0.76
7507,7,507,41,1714.5,7,268.0,0,0,1,-0.76
7508,7,508,41,1735.0,7,271.5,0,0,1,-0.76
7509,7,509,41,1755.5,7,275.0,0,0,1,-0.76
7510,7,510,41,1776.0,7,278.5,0,0,1,-0.76
7511,7,511,41,1796.5,7,282.0,0,0,1,-0.76
7512,7,512,41,1817.0,7,285.5,0,0,1,-0.76
7513,7,513,42,1839.0,7,289.0,0,0,1,-0.77
7514,7,514,42,1860.0,7,292.5,0,0,1,-0.77
7515,7,515,42,1881.0,7,296.0,0,0,1,-0.77
7516,7,516,42,1902.0,7,299.5,0,0,1,-0.77
7517,7,517,42,1923.0,7,303.0,0,0,1,-0.77
7518,7,518,42,1944.0,7,306.5,0,0,1,-0.77
7519,7,519,42,1965.0,7,310.0,0,0,1,-0.77
7520,7,520,43,1987.5,7,313.5,0,0,1,-0.78
7521,7,521,43,2009.0,7,317.0,0,2,1,-0.78
7522,7,522,43,2030.5,7,320.5,0,0,1,-0.78
7523,7,523,44,2053.5,8,325.5,0,0,1,-0.8400000000000001
7524,7,524,45,2077.0,9,331.0,0,1,1,-0.9
7525,7,525,45,2099.5,9,335.5,0,0,1,-0.9
7526,7,526,45,2122.0,9,340.0,0,0,1,-0.9
7527,7,527,45,2144.5,9,344.5,0,1,1,-0.9
7528,7,528,45,2167.0,9,349.0,0,0,1,-0.9
7529,7,529,45,2189.5,9,353.5,0,0,1,-0.9
7530,7,530,45,2212.0,9,358.0,0,1,1,-0.9
7531,7,531,45,2234.5,10,364.0,0,1,1,-0.95
7532,7,532,45,2257.0,10,369.0,0,0,1,-0.95
7533,7,533,46,2281.0,10,374.0,0,2,1,-0.96
7534,7,534,47,2305.5,10,379.0,0,0,1,-0.97
7535,7,535,47,2329.0,10,384.0,0,0,1,-0.97
7536,7,536,47,2352.5,10,389.0,0,3,1,-0.97
7537,7,537,48,2377.5,10,394.0,0,0,1,-0.98
7538,7,538,48,2401.5,10,399.0,0,0,1,-0.98
7539,7,539,48,2425.5,10,404.0,0,3,1,-0.98
7540,7,540,48,2449.5,10,409.0,0,0,1,-0.98
7541,7,541,48,2473.5,10,414.0,0,0,1,-0.98
7542,7,542,49,2499.0,10,419.0,0,4,1,-0.99
7543,7,543,49,2523.5,10,424.0,0,0,1,-0.99
7544,7,544,49,2548.0,10,429.0,0,0,1,-0.99
7545,7,545,49,2572.5,10,434.0,0,2,1,-0.99
7546,7,546,49,2597.0,10,439.0,0,0,1,-0.99
7547,7,547,49,2621.5,10,444.0,0,1,1,-0.99
7548,7,548,49,2646.0,10,449.0,0,2,1,-0.99
7549,7,549,49,2670.5,10,454.0,0,1,1,-0.99
7550,7,550,49,2695.0,10,459.0,0,1,1,-0.99
7551,7,551,50,2721.0,11,465.5,0,2,1,-1.05
7552,7,552,51,2747.5,10,469.0,0,1,1,-1.01
7553,7,553,51,2773.0,10,474.0,0,3,1,-1.01
7554,7,554,52,2800.0,11,480.5,0,1,1,-1.07
7555,7,555,52,2826.0,10,484.0,0,2,1,-1.02
7556,7,556,52,2852.0,10,489.0,0,0,1,-1.02
7557,7,557,54,2881.0,10,494.0,0,0,1,-1.04
7558,7,558,54,2908.0,11,500.5,0,3,1,-1.09
7559,7,559,54,2935.0,12,507.5,0,0,1,-1.1400000000000001
7560,7,560,54,2962.0,12,513.5,0,1,1,-1.1400000000000001
7561,7,561,54,2989.0,12,519.5,0,3,1,-1.1400000000000001
7562,7,562,55,3017.5,13,527.0,0,0,1,-1.2000000000000002
7563,7,563,56,3046.5,13,533.5,0,1,1,-1.21
7564,7,564,58,3077.5,13,540.0,0,2,1,-1.23
7565,7,565,58,3106.5,13,546.5,0,1,1,-1.23
7566,7,566,58,3135.5,13,553.0,0,1,1,-1.23
7567,7,567,59,3166.0,13,559.5,0,1,1,-1.24
7568,7,568,60,3197.0,13,566.0,0,1,1,-1.25
7569,7,569,60,3227.0,13,572.5,0,0,1,-1.25
7570,7,570,60,3257.0,13,579.0,0,0,1,-1.25
7571,7,571,60,3287.0,13,585.5,0,2,1,-1.25
7572,7,572,61,3318.5,13,592.0,0,0,1,-1.26
7573,7,573,61,3349.0,13,598.5,0,1,1,-1.26
7574,7,574,61,3379.5,13,605.0,0,2,1,-1.26
7575,7,575,61,3410.0,13,611.5,0,0,1,-1.26
7576,7,576,61,3440.5,13,618.0,0,0,1,-1.26
7577,7,577,61,3471.0,13,624.5,0,3,1,-1.26
7578,7,578,61,3501.5,13,631.0,0,1,1,-1.26
7579,7,579,61,3532.0,13,637.5,0,0,1,-1.26
7580,7,580,61,3562.5,13,644.0,0,2,1,-1.26
7581,7,581,61,3593.0,13,650.5,0,0,2,-1.26
7582,7,582,63,3626.5,13,657.0,0,2,2,-1.28
7583,7,583,63,3658.0,13,663.5,0,2,2,-1.28
7584,7,584,63,3689.5,13,670.0,0,0,2,-1.28
7585,7,585,63,3721.0,13,676.5,0,2,2,-1.28
7586,7,586,64,3754.0,13,683.0,0,2,2,-1.29
7587,7,587,64,3786.0,13,689.5,0,0,2,-1.29
7588,7,588,64,3818.0,13,696.0,0,2,2,-1.29
7589,7,589,66,3853.0,13,702.5,0,1,2,-1.31
7590,7,590,66,3886.0,13,709.0,0,2,2,-1.31
7591,7,591,66,3919.0,13,715.5,0,1,2,-1.31
7592,7,592,68,3955.0,13,722.0,0,1,2,-1.33
7593,7,593,66,3623.5,13,728.5,0,2,3,-1.31
7594,7,594,64,3353.0,13,735.0,0,0,3,-1.29
7595,7,595,62,3144.5,13,741.5,0,1,3,-1.27
7596,7,596,61,3089.5,13,748.0,0,3,3,-1.26
7597,7,597,60,3033.0,13,754.5,0,0,3,-1.25
7598,7,598,58,2960.5,13,761.0,0,1,3,-1.23
7599,7,599,56,2951.0,13,767.5,0,1,3,-1.21
7600,7,600,56,2979.0,13,774.0,0,0,3,-1.21
7601,7,601,56,3007.0,13,780.5,0,1,3,-1.21
7602,7,602,58,3038.0,13,787.0,0,0,3,-1.23
7603,7,603,58,3067.0,13,793.5,0,0,3,-1.23
7604,7,604,58,3096.0,13,800.0,0,0,3,-1.23
7605,7,605,58,3125.0,13,806.5,0,0,3,-1.23
7606,7,606,58,3154.0,13,813.0,0,0,3,-1.23
7607,7,607,58,3183.0,13,819.5,0,0,3,-1.23
7608,7,608,58,3212.0,13,826.0,0,0,3,-1.23
7609,7,609,59,3242.5,13,832.5,0,0,3,-1.24
7610,7,610,61,3275.0,13,839.0,0,0,3,-1.26
7611,7,611,63,3308.5,13,845.5,0,0,3,-1.28
7612,7,612,63,3340.0,13,852.0,0,0,3,-1.28
7613,7,613,64,3373.0,13,858.5,0,0,3,-1.29
7614,7,614,64,3405.0,13,865.0,0,0,3,-1.29
7615,7,615,64,3437.0,13,871.5,0,0,3,-1.29
7616,7,616,64,3469.0,13,878.0,0,0,3,-1.29
7617,7,617,64,3501.0,13,884.5,0,2,3,-1.29
7618,7,618,64,3533.0,13,891.0,0,2,3,-1.29
7619,7,619,65,3566.5,13,897.5,0,0,3,-1.3
7620,7,620,65,3599.0,13,904.0,0,0,3,-1.3
7621,7,621,65,3631.5,13,910.5,0,0,3,-1.3
7622,7,622,66,3665.5,13,917.0,0,0,3,-1.31
7623,7,623,66,3698.5,13,923.5,0,0,3,-1.31
7624,7,624,69,3736.0,13,930.0,0,0,3,-1.3399999999999999
7625,7,625,69,3770.5,13,936.5,0,0,3,-1.3399999999999999
7626,7,626,69,3805.0,13,943.0,0,0,3,-1.3399999999999999
7627,7,627,69,3839.5,13,949.5,0,1,3,-1.3399999999999999
7628,7,628,69,3874.0,13,956.0,0,0,3,-1.3399999999999999
7629,7,629,69,3908.5,13,962.5,0,1,3,-1.3399999999999999
7630,7,630,69,3943.0,13,969.0,1,0,3,-1.3399999999999999
7631,7,631,69,3977.5,13,975.5,0,0,3,-1.3399999999999999
7632,7,632,70,4013.5,13,982.0,0,0,3,-1.35
7633,7,633,71,4050.0,13,988.5,0,0,3,-1.3599999999999999
7634,7,634,71,4085.5,13,995.0,0,0,3,-1.3599999999999999
7635,7,635,71,4121.0,13,1001.5,0,0,3,-1.3599999999999999
7636,7,636,73,4159.5,13,1008.0,0,0,3,-1.38
7637,7,637,74,4197.5,13,1014.5,0,0,3,-1.3900000000000001
7638,7,638,74,4234.5,13,1021.0,0,0,3,-1.3900000000000001
7639,7,639,75,4273.0,13,1027.5,0,2,3,-1.4
7640,7,640,75,4310.5,13,1034.0,0,0,3,-1.4
7641,7,641,76,4349.5,13,1040.5,0,0,3,-1.4100000000000001
7642,7,642,76,4387.5,13,1047.0,0,0,3,-1.4100000000000001
7643,7,643,78,4428.5,13,1053.5,0,0,3,-1.4300000000000002
7644,7,644,80,4470.5,13,1060.0,1,0,3,-1.4500000000000002
7645,7,645,80,4510.5,13,1066.5,0,0,3,-1.4500000000000002
7646,7,646,80,4550.5,13,1073.0,0,2,3,-1.4500000000000002
7647,7,647,80,4590.5,13,1079.5,1,1,3,-1.4500000000000002
7648,7,648,80,4630.5,13,1086.0,0,0,3,-1.4500000000000002
7649,7,649,81,4672.0,13,1092.5,0,0,3,-1.46
7650,7,650,81,4712.5,13,1099.0,0,0,3,-1.46
7651,7,651,81,4753.0,13,1105.5,0,0,3,-1.46
7652,7,652,82,4795.0,13,1112.0,0,0,3,-1.47
7653,7,653,83,4837.5,13,1118.5,0,0,4,-1.48
7654,7,654,83,4879.0,13,1125.0,1,0,4,-1.48
7655,7,655,83,4920.5,13,1131.5,0,0,4,-1.48
7656,7,656,83,4962.0,13,1138.0,0,0,4,-1.48
7657,7,657,83,5003.5,13,1144.5,0,0,4,-1.48
7658,7,658,84,5046.5,13,1151.0,0,0,4,-1.49
7659,7,659,84,5088.5,13,1157.5,0,0,4,-1.49
7660,7,660,84,5130.5,13,1164.0,0,0,4,-1.49
7661,7,661,84,5172.5,13,1170.5,0,0,4,-1.49
7662,7,662,84,5214.5,13,1177.0,0,0,4,-1.49
7663,7,663,85,5258.0,13,1183.5,0,0,4,-1.5
7664,7,664,87,5303.5,13,1190.0,1,0,4,-1.52
7665,7,665,81,4665.5,9,877.0,0,1,5,-1.26
7666,7,666,77,4170.0,9,881.5,0,0,5,-1.22
7667,7,667,74,3723.0,9,886.0,0,0,5,-1.19
7668,7,668,70,3302.0,8,834.5,0,0,5,-1.1
7669,7,669,70,3337.0,8,838.5,0,0,5,-1.1
7670,7,670,67,2952.5,8,842.5,0,0,5,-1.07
7671,7,671,63,2598.5,8,754.5,0,0,5,-1.03
7672,7,672,62,2456.0,8,758.5,0,0,5,-1.02
7673,7,673,60,2317.5,6,585.5,0,0,5,-0.8999999999999999
7674,7,674,56,2044.5,6,588.5,0,0,5,-0.8600000000000001
7675,7,675,54,1937.0,5,588.0,0,0,5,-0.79
7676,7,676,52,1827.5,5,590.5,0,0,5,-0.77
7677,7,677,48,1612.0,4,585.5,0,0,5,-0.6799999999999999
7678,7,678,47,1528.5,5,589.0,0,0,5,-0.72
7679,7,679,46,1450.5,5,393.0,0,0,5,-0.71
7680,7,680,42,1324.0,4,393.5,0,0,5,-0.62
7681,7,681,42,1314.0,4,395.5,0,2,5,-0.62
7682,7,682,39,1245.5,4,397.5,0,1,5,-0.5900000000000001
7683,7,683,35,1175.0,4,200.5,0,0,5,-0.55
7684,7,684,36,1194.0,4,202.5,0,1,5,-0.56
7685,7,685,34,1159.0,4,204.5,0,1,5,-0.54
7686,7,686,32,1150.5,4,206.5,0,0,5,-0.52
7687,7,687,32,1166.5,3,202.5,0,3,5,-0.47
7688,7,688,31,1166.0,3,204.0,0,0,5,-0.45999999999999996
7689,7,689,30,1175.0,3,205.5,0,0,5,-0.44999999999999996
7690,7,690,30,1190.0,4,208.5,0,1,5,-0.5
7691,7,691,30,1205.0,4,210.5,0,0,5,-0.5
7692,7,692,32,1223.0,5,214.0,0,0,5,-0.5700000000000001
7693,7,693,32,1239.0,5,216.5,0,2,5,-0.5700000000000001
7694,7,694,32,1255.0,5,219.0,0,1,5,-0.5700000000000001
7695,7,695,32,1271.0,5,221.5,0,0,5,-0.5700000000000001
7696,7,696,32,1287.0,5,224.0,0,1,5,-0.5700000000000001
7697,7,697,32,1303.0,5,223.0,0,1,5,-0.5700000000000001
7698,7,698,32,1319.0,5,225.5,0,0,5,-0.5700000000000001
7699,7,699,32,1335.0,5,228.0,0,0,5,-0.5700000000000001
7700,7,700,33,1352.5,5,230.5,0,0,5,-0.5800000000000001
7701,7,701,34,1370.5,4,229.5,0,0,5,-0.54
7702,7,702,34,1387.5,4,231.5,0,0,5,-0.54
7703,7,703,38,1410.5,4,233.5,0,0,5,-0.5800000000000001
7704,7,704,38,1429.5,4,235.5,0,2,5,-0.5800000000000001
7705,7,705,41,1453.0,4,237.5,0,0,5,-0.61
7706,7,706,41,1473.5,4,239.5,0,0,5,-0.61
7707,7,707,41,1494.0,4,241.5,0,0,5,-0.61
7708,7,708,41,1514.5,4,243.5,0,0,5,-0.61
7709,7,709,41,1535.0,4,245.5,0,0,5,-0.61
7710,7,710,41,1555.5,4,247.5,0,0,5,-0.61
7711,7,711,41,1576.0,4,249.5,0,0,5,-0.61
7712,7,712,41,1596.5,4,251.5,1,0,5,-0.61
7713,7,713,42,1618.5,4,253.5,0,0,5,-0.62
7714,7,714,42,1639.5,4,255.5,0,0,5,-0.62
7715,7,715,40,1437.5,4,257.5,0,0,6,-0.6000000000000001
7716,7,716,38,1340.5,4,259.5,0,0,6,-0.5800000000000001
7717,7,717,36,1344.5,4,261.5,0,0,6,-0.56
7718,7,718,36,1362.5,4,263.5,0,0,6,-0.56
7719,7,719,36,1380.5,4,265.5,0,0,6,-0.56
7720,7,720,37,1400.0,5,269.0,0,0,6,-0.62
7721,7,721,37,1418.5,5,271.5,0,0,6,-0.62
7722,7,722,38,1438.5,5,274.0,0,0,6,-0.63
7723,7,723,39,1459.0,5,276.5,0,0,6,-0.64
7724,7,724,39,1478.5,5,279.0,0,0,6,-0.64
7725,7,725,39,1498.0,5,281.5,0,2,6,-0.64
7726,7,726,39,1517.5,5,284.0,0,0,6,-0.64
7727,7,727,39,1537.0,5,286.5,0,0,6,-0.64
7728,7,728,39,1556.5,5,289.0,0,0,6,-0.64
7729,7,729,40,1577.5,5,291.5,0,0,6,-0.65
7730,7,730,40,1597.5,5,294.0,0,0,6,-0.65
7731,7,731,40,1617.5,5,296.5,0,0,6,-0.65
7732,7,732,41,1639.0,5,299.0,0,0,6,-0.6599999999999999
7733,7,733,41,1659.0,5,301.5,0,0,6,-0.6599999999999999
7734,7,734,41,1679.5,5,304.0,0,0,6,-0.6599999999999999
7735,7,735,41,1700.0,5,306.5,0,0,6,-0.6599999999999999
7736,7,736,41,1720.5,5,309.0,0,0,6,-0.6599999999999999
7737,7,737,41,1741.0,5,311.5,0,0,6,-0.6599999999999999
7738,7,738,42,1763.0,5,314.0,0,0,6,-0.6699999999999999
7739,7,739,42,1784.0,5,316.5,0,0,6,-0.6699999999999999
7740,7,740,42,1805.0,5,319.0,0,0,6,-0.6699999999999999
7741,7,741,42,1826.0,5,321.5,0,0,6,-0.6699999999999999
7742,7,742,43,1848.5,5,324.0,0,0,6,-0.6799999999999999
7743,7,743,43,1870.0,5,326.5,0,0,6,-0.6799999999999999
7744,7,744,43,1891.5,5,329.0,0,0,6,-0.6799999999999999
7745,7,745,43,1913.0,5,331.5,0,3,6,-0.6799999999999999
7746,7,746,43,1934.5,5,334.0,0,0,6,-0.6799999999999999
7747,7,747,43,1956.0,5,336.5,0,0,6,-0.6799999999999999
7748,7,748,43,1977.5,7,342.0,0,1,6,-0.78
7749,7,749,43,1999.0,6,343.5,0,0,6,-0.73
7750,7,750,44,2022.0,6,346.5,0,0,6,-0.74
7751,7,751,44,2044.0,6,349.5,0,1,6,-0.74
7752,7,752,45,2067.5,7,354.0,0,0,6,-0.8
7753,7,753,46,2091.5,7,357.5,0,0,6,-0.81
7754,7,754,46,2114.5,8,362.5,0,0,6,-0.8600000000000001
7755,7,755,46,2137.5,8,366.5,0,1,6,-0.8600000000000001
7756,7,756,46,2160.5,8,370.5,0,0,6,-0.8600000000000001
7757,7,757,46,2183.5,8,374.5,0,1,6,-0.8600000000000001
7758,7,758,46,2206.5,8,378.5,0,1,6,-0.8600000000000001
7759,7,759,46,2229.5,8,382.5,0,0,6,-0.8600000000000001
7760,7,760,46,2252.5,8,386.5,0,2,6,-0.8600000000000001
7761,7,761,46,2275.5,8,390.5,0,0,6,-0.8600000000000001
7762,7,762,47,2300.0,8,394.5,0,1,6,-0.87
7763,7,763,47,2323.5,8,398.5,0,3,6,-0.87
7764,7,764,47,2347.0,8,402.5,0,0,6,-0.87
7765,7,765,47,2370.5,8,406.5,0,0,6,-0.87
7766,7,766,47,2394.0,8,410.5,0,1,6,-0.87
7767,7,767,47,2417.5,8,414.5,0,2,6,-0.87
7768,7,768,47,2441.0,8,418.5,0,0,6,-0.87
7769,7,769,47,2464.5,8,422.5,0,2,6,-0.87
7770,7,770,48,2489.5,8,426.5,0,2,6,-0.88
7771,7,771,49,2515.0,8,430.5,0,1,6,-0.89
7772,7,772,50,2541.0,9,436.0,0,1,6,-0.95
7773,7,773,50,2566.0,9,440.5,0,2,6,-0.95
7774,7,774,51,2592.5,9,445.0,0,1,6,-0.96
7775,7,775,51,2618.0,9,449.5,0,1,6,-0.96
7776,7,776,52,2645.0,9,454.0,0,2,6,-0.97
7777,7,777,52,2671.0,9,458.5,0,0,6,-0.97
7778,7,778,52,2697.0,9,463.0,0,0,6,-0.97
7779,7,779,52,2723.0,9,467.5,0,3,6,-0.97
7780,7,780,52,2749.0,10,473.5,0,1,6,-1.02
7781,7,781,52,2775.0,10,478.5,0,0,6,-1.02
7782,7,782,53,2802.5,10,483.5,0,2,6,-1.03
7783,7,783,53,2829.0,10,488.5,0,0,6,-1.03
7784,7,784,53,2855.5,10,493.5,0,0,6,-1.03
7785,7,785,54,2883.5,10,498.5,0,2,6,-1.04
7786,7,786,54,2910.5,10,503.5,0,0,6,-1.04
7787,7,787,54,2937.5,10,508.5,0,0,6,-1.04
7788,7,788,54,2964.5,10,513.5,0,3,6,-1.04
7789,7,789,54,2991.5,10,518.5,0,0,6,-1.04
7790,7,790,56,3021.5,10,523.5,0,0,6,-1.06
7791,7,791,57,3051.0,10,528.5,0,1,6,-1.0699999999999998
7792,7,792,58,3081.0,10,533.5,0,3,6,-1.08
7793,7,793,58,3110.0,10,538.5,0,1,6,-1.08
7794,7,794,58,3139.0,10,543.5,0,2,6,-1.08
7795,7,795,58,3168.0,10,548.5,0,1,6,-1.08
7796,7,796,58,3197.0,10,553.5,0,1,6,-1.08
7797,7,797,58,3226.0,10,558.5,0,3,6,-1.08
7798,7,798,58,3255.0,10,563.5,0,2,6,-1.08
7799,7,799,58,3284.0,10,568.5,0,1,6,-1.08
7800,7,800,58,3313.0,10,573.5,0,1,6,-1.08
7801,7,801,58,3342.0,10,578.5,0,0,6,-1.08
7802,7,802,58,3371.0,10,583.5,0,4,6,-1.08
7803,7,803,58,3400.0,10,588.5,0,1,6,-1.08
7804,7,804,58,3429.0,10,593.5,0,0,6,-1.08
7805,7,805,58,3458.0,10,598.5,0,2,7,-1.08
7806,7,806,58,3487.0,10,603.5,0,0,7,-1.08
7807,7,807,58,3516.0,10,608.5,0,1,7,-1.08
7808,7,808,58,3545.0,10,613.5,0,1,7,-1.08
7809,7,809,58,3574.0,10,618.5,0,0,7,-1.08
7810,7,810,58,3603.0,10,623.5,0,0,7,-1.08
7811,7,811,60,3635.0,10,628.5,0,1,7,-1.1
7812,7,812,61,3666.5,10,633.5,0,1,7,-1.1099999999999999
7813,7,813,61,3697.0,10,638.5,0,1,7,-1.1099999999999999
7814,7,814,61,3727.5,10,643.5,0,1,7,-1.1099999999999999
7815,7,815,61,3758.0,10,648.5,0,0,7,-1.1099999999999999
7816,7,816,61,3788.5,10,653.5,0,2,7,-1.1099999999999999
7817,7,817,60,3503.5,10,658.5,0,1,8,-1.1
7818,7,818,60,3283.0,10,663.5,0,0,8,-1.1
7819,7,819,59,3129.0,10,668.5,0,1,8,-1.0899999999999999
7820,7,820,57,3049.0,10,673.5,0,1,8,-1.0699999999999998
7821,7,821,58,3079.0,10,678.5,0,0,8,-1.08
7822,7,822,56,3065.0,10,683.5,0,1,8,-1.06
7823,7,823,57,3094.5,10,688.5,0,0,8,-1.0699999999999998
7824,7,824,57,3123.0,10,693.5,0,0,8,-1.0699999999999998
7825,7,825,57,3151.5,10,698.5,0,2,8,-1.0699999999999998
7826,7,826,58,3181.5,10,703.5,1,0,8,-1.08
7827,7,827,58,3210.5,10,708.5,0,0,8,-1.08
7828,7,828,59,3241.0,10,713.5,0,1,8,-1.0899999999999999
7829,7,829,59,3270.5,10,718.5,0,0,8,-1.0899999999999999
7830,7,830,59,3300.0,10,723.5,0,0,8,-1.0899999999999999
7831,7,831,61,3332.5,10,728.5,0,0,8,-1.1099999999999999
7832,7,832,61,3363.0,10,733.5,1,0,8,-1.1099999999999999
7833,7,833,61,3393.5,10,738.5,0,1,8,-1.1099999999999999
7834,7,834,61,3424.0,10,743.5,1,0,8,-1.1099999999999999
7835,7,835,61,3454.5,10,748.5,0,0,8,-1.1099999999999999
7836,7,836,61,3485.0,10,753.5,0,1,8,-1.1099999999999999
7837,7,837,61,3515.5,10,758.5,0,1,8,-1.1099999999999999
7838,7,838,61,3546.0,10,763.5,0,0,8,-1.1099999999999999
7839,7,839,62,3578.0,10,768.5,0,0,8,-1.12
7840,7,840,63,3610.5,10,773.5,1,0,8,-1.13
7841,7,841,64,3643.5,10,778.5,0,0,8,-1.1400000000000001
7842,7,842,65,3677.0,10,783.5,0,2,8,-1.15
7843,7,843,66,3711.0,10,788.5,0,1,8,-1.1600000000000001
7844,7,844,66,3744.0,10,793.5,0,2,8,-1.1600000000000001
7845,7,845,66,3777.0,10,798.5,0,0,8,-1.1600000000000001
7846,7,846,66,3810.0,10,803.5,0,1,8,-1.1600000000000001
7847,7,847,66,3843.0,10,808.5,0,0,8,-1.1600000000000001
7848,7,848,66,3876.0,10,813.5,0,0,8,-1.1600000000000001
7849,7,849,66,3909.0,10,818.5,0,0,8,-1.1600000000000001
7850,7,850,67,3943.5,10,823.5,0,0,8,-1.17
7851,7,851,69,3980.0,10,828.5,0,0,8,-1.19
7852,7,852,69,4014.5,10,833.5,0,0,8,-1.19
7853,7,853,71,4052.0,10,838.5,0,0,8,-1.21
7854,7,854,71,4087.5,10,843.5,0,0,8,-1.21
7855,7,855,71,4123.0,10,848.5,0,0,8,-1.21
7856,7,856,71,4158.5,10,853.5,0,1,8,-1.21
7857,7,857,71,4194.0,10,858.5,0,1,8,-1.21
7858,7,858,71,4229.5,11,865.0,0,0,8,-1.26
7859,7,859,71,4265.0,11,870.5,0,0,8,-1.26
7860,7,860,72,4302.0,11,876.0,0,0,8,-1.27
7861,7,861,73,4339.5,11,881.5,0,0,8,-1.28
7862,7,862,73,4376.0,11,887.0,0,0,8,-1.28
7863,7,863,74,4414.0,11,892.5,0,1,8,-1.29
7864,7,864,74,4451.0,11,898.0,0,0,8,-1.29
7865,7,865,74,4488.0,11,903.5,0,0,8,-1.29
7866,7,866,74,4525.0,11,909.0,0,0,8,-1.29
7867,7,867,74,4562.0,12,916.0,0,1,8,-1.3399999999999999
7868,7,868,74,4599.0,12,922.0,0,0,8,-1.3399999999999999
7869,7,869,74,4636.0,12,928.0,1,0,8,-1.3399999999999999
7870,7,870,75,4674.5,12,934.0,0,0,8,-1.35
7871,7,871,77,4715.0,12,940.0,0,0,8,-1.37
7872,7,872,77,4753.5,12,946.0,0,0,8,-1.37
7873,7,873,77,4792.0,13,953.5,0,0,8,-1.42
7874,7,874,77,4830.5,13,960.0,0,0,8,-1.42
7875,7,875,77,4869.0,13,966.5,0,0,8,-1.42
7876,7,876,77,4907.5,13,973.0,0,0,8,-1.42
7877,7,877,77,4946.0,13,979.5,0,0,9,-1.42
7878,7,878,77,4984.5,13,986.0,0,1,9,-1.42
7879,7,879,78,5024.5,14,994.0,0,1,9,-1.48
7880,7,880,79,5065.0,14,1001.0,0,0,9,-1.49
7881,7,881,80,5106.0,14,1008.0,0,1,9,-1.5
7882,7,882,80,5146.0,14,1015.0,0,0,9,-1.5
7883,7,883,76,4613.0,10,776.0,0,0,0,-1.26
7884,7,884,73,4113.5,10,781.0,0,1,0,-1.23
7885,7,885,69,3655.0,9,719.0,0,0,0,-1.14
7886,7,886,65,3236.5,9,723.5,0,0,0,-1.1
7887,7,887,66,3270.5,8,527.0,0,0,0,-1.06
7888,7,888,62,2886.0,8,531.0,1,0,0,-1.02
7889,7,889,58,2533.0,8,535.0,1,0,0,-0.98
7890,7,890,55,2210.0,9,540.5,0,0,0,-1.0
7891,7,891,57,2240.5,9,545.0,0,0,0,-1.02
7892,7,892,53,1965.5,8,526.0,0,0,0,-0.93
7893,7,893,50,1719.5,6,420.5,0,0,0,-0.8
7894,7,894,50,1744.5,5,404.0,0,0,0,-0.75
7895,7,895,47,1532.5,6,408.0,0,0,0,-0.77
7896,7,896,44,1403.5,6,309.0,0,1,0,-0.74
7897,7,897,43,1384.0,6,312.0,0,0,0,-0.73
7898,7,898,39,1254.5,5,312.0,0,0,0,-0.64
7899,7,899,38,1195.5,5,314.5,0,0,0,-0.63
7900,7,900,37,1168.5,5,317.0,0,0,0,-0.62
7901,7,901,33,1097.5,5,319.5,0,1,0,-0.5800000000000001
7902,7,902,33,1093.5,5,322.0,1,1,0,-0.5800000000000001
7903,7,903,31,1073.0,5,324.5,0,0,0,-0.56
7904,7,904,29,1062.5,5,327.0,0,1,0,-0.54
7905,7,905,29,1077.0,5,329.5,1,1,0,-0.54
7906,7,906,28,1082.0,4,317.0,0,2,0,-0.48000000000000004
7907,7,907,27,1091.0,3,111.0,0,0,0,-0.42000000000000004
7908,7,908,28,1106.0,3,112.5,0,0,0,-0.43000000000000005
7909,7,909,28,1120.0,3,114.0,0,1,0,-0.43000000000000005
7910,7,910,28,1134.0,3,115.5,0,1,0,-0.43000000000000005
7911,7,911,28,1148.0,3,117.0,0,0,0,-0.43000000000000005
7912,7,912,34,1171.0,3,118.5,0,0,0,-0.49
7913,7,913,34,1188.0,3,120.0,0,1,0,-0.49
7914,7,914,35,1206.5,3,121.5,0,0,0,-0.5
7915,7,915,36,1225.5,3,123.0,0,0,0,-0.51
7916,7,916,36,1243.5,3,124.5,1,0,0,-0.51
7917,7,917,36,1261.5,3,126.0,0,0,0,-0.51
7918,7,918,36,1279.5,3,127.5,0,0,0,-0.51
7919,7,919,36,1297.5,3,129.0,0,1,0,-0.51
7920,7,920,37,1317.0,3,130.5,0,0,0,-0.52
7921,7,921,39,1338.5,3,132.0,0,0,0,-0.54
7922,7,922,39,1358.0,3,133.5,0,0,0,-0.54
7923,7,923,39,1377.5,3,135.0,0,0,0,-0.54
7924,7,924,39,1397.0,3,136.5,0,0,0,-0.54
7925,7,925,39,1416.5,3,138.0,0,0,0,-0.54
7926,7,926,39,1436.0,3,139.5,0,1,0,-0.54
7927,7,927,39,1455.5,3,141.0,0,0,0,-0.54
7928,7,928,39,1475.0,3,142.5,0,0,0,-0.54
7929,7,929,39,1494.5,3,144.0,0,0,0,-0.54
7930,7,930,39,1514.0,3,145.5,0,0,0,-0.54
7931,7,931,41,1536.5,3,147.0,0,1,0,-0.5599999999999999
7932,7,932,42,1558.5,3,148.5,0,0,0,-0.57
7933,7,933,40,1345.5,3,150.0,0,0,1,-0.55
7934,7,934,38,1239.5,3,151.5,0,0,1,-0.53
7935,7,935,36,1235.0,3,153.0,0,0,1,-0.51
7936,7,936,36,1253.0,3,154.5,0,0,1,-0.51
7937,7,937,36,1271.0,3,156.0,0,0,1,-0.51
7938,7,938,36,1289.0,3,157.5,0,0,1,-0.51
7939,7,939,36,1307.0,3,159.0,0,0,1,-0.51
7940,7,940,36,1325.0,3,160.5,0,0,1,-0.51
7941,7,941,40,1349.0,3,162.0,0,0,1,-0.55
7942,7,942,40,1369.0,3,163.5,0,0,1,-0.55
7943,7,943,42,1392.0,3,165.0,0,0,1,-0.57
7944,7,944,42,1413.0,3,166.5,0,0,1,-0.57
7945,7,945,42,1434.0,3,168.0,1,0,1,-0.57
7946,7,946,40,1447.0,3,169.5,0,0,1,-0.55
7947,7,947,38,1460.0,3,171.0,0,0,1,-0.53
7948,7,948,38,1479.0,3,172.5,0,0,1,-0.53
7949,7,949,40,1501.0,3,174.0,0,0,1,-0.55
7950,7,950,40,1521.0,3,175.5,0,0,1,-0.55
7951,7,951,41,1542.5,3,177.0,0,0,1,-0.5599999999999999
7952,7,952,41,1563.0,3,178.5,0,0,1,-0.5599999999999999
7953,7,953,41,1583.5,3,180.0,0,0,1,-0.5599999999999999
7954,7,954,41,1604.0,3,181.5,0,0,1,-0.5599999999999999
7955,7,955,41,1624.5,3,183.0,0,0,1,-0.5599999999999999
7956,7,956,41,1645.0,3,184.5,0,0,1,-0.5599999999999999
7957,7,957,42,1667.0,3,186.0,0,0,1,-0.57
7958,7,958,42,1688.0,3,187.5,0,0,1,-0.57
7959,7,959,42,1709.0,3,189.0,0,0,1,-0.57
7960,7,960,43,1731.5,3,190.5,0,0,1,-0.58
7961,7,961,44,1754.5,4,193.5,0,0,1,-0.64
7962,7,962,44,1776.5,5,197.0,0,0,1,-0.69
7963,7,963,44,1798.5,5,199.5,0,4,1,-0.69
7964,7,964,44,1820.5,4,199.5,0,0,1,-0.64
7965,7,965,44,1842.5,4,201.5,1,0,1,-0.64
7966,7,966,44,1864.5,4,203.5,0,2,1,-0.64
7967,7,967,44,1886.5,5,207.0,0,0,1,-0.69
7968,7,968,44,1908.5,5,209.5,0,0,1,-0.69
7969,7,969,44,1930.5,5,212.0,0,2,1,-0.69
7970,7,970,45,1954.0,5,214.5,0,0,1,-0.7
7971,7,971,46,1978.0,6,218.5,0,0,1,-0.76
7972,7,972,46,2001.0,7,223.0,0,2,1,-0.81
7973,7,973,46,2024.0,7,226.5,0,0,1,-0.81
7974,7,974,46,2047.0,7,230.0,0,0,1,-0.81
7975,7,975,46,2070.0,7,233.5,0,3,1,-0.81
7976,7,976,46,2093.0,7,237.0,0,0,1,-0.81
7977,7,977,46,2116.0,7,240.5,0,0,1,-0.81
7978,7,978,46,2139.0,7,244.0,0,3,1,-0.81
7979,7,979,46,2162.0,7,247.5,0,0,1,-0.81
7980,7,980,47,2186.5,7,251.0,0,0,1,-0.82
7981,7,981,47,2210.0,7,254.5,0,3,1,-0.82
7982,7,982,47,2233.5,7,258.0,0,0,1,-0.82
7983,7,983,47,2257.0,7,261.5,0,1,1,-0.82
7984,7,984,48,2282.0,7,265.0,0,3,1,-0.83
7985,7,985,48,2306.0,7,268.5,0,0,1,-0.83
7986,7,986,48,2330.0,7,272.0,0,0,1,-0.83
7987,7,987,48,2354.0,7,275.5,0,3,1,-0.83
7988,7,988,49,2379.5,7,279.0,0,0,1,-0.84
7989,7,989,50,2405.5,7,282.5,0,0,1,-0.85
7990,7,990,50,2430.5,7,286.0,0,3,1,-0.85
7991,7,991,51,2457.0,7,289.5,0,0,1,-0.86
7992,7,992,51,2482.5,7,293.0,0,0,1,-0.86
7993,7,993,52,2509.5,7,296.5,0,3,1,-0.87
7994,7,994,52,2535.5,7,300.0,0,1,1,-0.87
7995,7,995,52,2561.5,7,303.5,0,0,1,-0.87
7996,7,996,52,2587.5,7,307.0,0,2,1,-0.87
7997,7,997,53,2615.0,7,310.5,0,2,1,-0.88
7998,7,998,54,2643.0,7,314.0,0,0,1,-0.89
7999,7,999,54,2670.0,7,317.5,0,1,1,-0.89
8000,8,0,0,0.0,0,0.0,0,0,0,-0.0
8001,8,1,0,0.0,0,0.0,0,0,0,-0.0
8002,8,2,0,0.0,0,0.0,0,0,0,-0.0
8003,8,3,0,0.0,0,0.0,0,0,0,-0.0
8004,8,4,0,0.0,0,0.0,0,0,0,-0.0
8005,8,5,0,0.0,0,0.0,0,0,0,-0.0
8006,8,6,0,0.0,0,0.0,0,0,0,-0.0
8007,8,7,0,0.0,0,0.0,0,0,0,-0.0
8008,8,8,0,0.0,0,0.0,0,0,0,-0.0
8009,8,9,0,0.0,0,0.0,0,0,0,-0.0
8010,8,10,0,0.0,0,0.0,0,0,0,-0.0
8011,8,11,0,0.0,0,0.0,0,0,0,-0.0
8012,8,12,0,0.0,0,0.0,0,0,0,-0.0
8013,8,13,0,0.0,0,0.0,0,0,0,-0.0
8014,8,14,0,0.0,0,0.0,0,0,0,-0.0
8015,8,15,0,0.0,0,0.0,0,0,0,-0.0
8016,8,16,0,0.0,0,0.0,0,0,0,-0.0
8017,8,17,0,0.0,0,0.0,0,0,0,-0.0
8018,8,18,0,0.0,0,0.0,0,0,0,-0.0
8019,8,19,0,0.0,0,0.0,0,0,0,-0.0
8020,8,20,0,0.0,0,0.0,0,0,0,-0.0
8021,8,21,0,0.0,0,0.0,0,0,0,-0.0
8022,8,22,0,0.0,0,0.0,0,0,0,-0.0
8023,8,23,0,0.0,0,0.0,0,0,0,-0.0
8024,8,24,0,0.0,0,0.0,0,0,0,-0.0
8025,8,25,0,0.0,0,0.0,0,0,0,-0.0
8026,8,26,0,0.0,0,0.0,0,0,0,-0.0
8027,8,27,0,0.0,0,0.0,0,0,0,-0.0
8028,8,28,0,0.0,0,0.0,0,0,0,-0.0
8029,8,29,0,0.0,0,0.0,0,0,0,-0.0
8030,8,30,0,0.0,0,0.0,0,0,0,-0.0
8031,8,31,0,0.0,0,0.0,0,0,0,-0.0
8032,8,32,0,0.0,0,0.0,0,0,0,-0.0
8033,8,33,0,0.0,0,0.0,0,0,0,-0.0
8034,8,34,0,0.0,0,0.0,0,0,0,-0.0
8035,8,35,0,0.0,0,0.0,0,0,0,-0.0
8036,8,36,0,0.0,0,0.0,0,0,0,-0.0
8037,8,37,0,0.0,0,0.0,0,0,0,-0.0
8038,8,38,0,0.0,0,0.0,0,0,0,-0.0
8039,8,39,0,0.0,0,0.0,0,0,0,-0.0
8040,8,40,0,0.0,0,0.0,0,0,0,-0.0
8041,8,41,0,0.0,0,0.0,0,0,0,-0.0
8042,8,42,0,0.0,0,0.0,0,0,0,-0.0
8043,8,43,0,0.0,0,0.0,0,0,0,-0.0
8044,8,44,0,0.0,0,0.0,0,0,0,-0.0
8045,8,45,0,0.0,0,0.0,0,0,0,-0.0
8046,8,46,0,0.0,0,0.0,0,0,0,-0.0
8047,8,47,0,0.0,0,0.0,0,0,0,-0.0
8048,8,48,0,0.0,0,0.0,0,0,0,-0.0
8049,8,49,0,0.0,0,0.0,0,0,1,-0.0
8050,8,50,0,0.0,0,0.0,0,0,1,-0.0
8051,8,51,0,0.0,0,0.0,0,0,1,-0.0
8052,8,52,0,0.0,0,0.0,0,0,1,-0.0
8053,8,53,0,0.0,0,0.0,0,0,1,-0.0
8054,8,54,0,0.0,0,0.0,0,0,1,-0.0
8055,8,55,0,0.0,0,0.0,0,0,1,-0.0
8056,8,56,0,0.0,0,0.0,0,0,1,-0.0
8057,8,57,0,0.0,0,0.0,0,0,1,-0.0
8058,8,58,0,0.0,0,0.0,0,0,1,-0.0
8059,8,59,0,0.0,0,0.0,0,0,1,-0.0
8060,8,60,0,0.0,0,0.0,0,0,1,-0.0
8061,8,61,0,0.0,0,0.0,0,0,1,-0.0
8062,8,62,0,0.0,0,0.0,0,0,1,-0.0
8063,8,63,0,0.0,0,0.0,0,0,1,-0.0
8064,8,64,0,0.0,0,0.0,0,0,1,-0.0
8065,8,65,0,0.0,0,0.0,0,0,1,-0.0
8066,8,66,0,0.0,0,0.0,0,0,1,-0.0
8067,8,67,0,0.0,0,0.0,0,0,1,-0.0
8068,8,68,0,0.0,1,1.5,0,0,1,-0.05
8069,8,69,0,0.0,1,2.0,0,0,1,-0.05
8070,8,70,0,0.0,1,2.5,0,0,1,-0.05
8071,8,71,0,0.0,2,4.5,0,0,1,-0.1
8072,8,72,0,0.0,3,7.0,0,0,1,-0.15
8073,8,73,0,0.0,3,8.5,0,0,1,-0.15
8074,8,74,0,0.0,3,10.0,0,0,1,-0.15
8075,8,75,0,0.0,3,11.5,0,0,1,-0.15
8076,8,76,0,0.0,3,13.0,0,0,1,-0.15
8077,8,77,0,0.0,3,14.5,0,0,1,-0.15
8078,8,78,4,6.0,3,16.0,0,0,1,-0.19
8079,8,79,4,8.0,3,17.5,0,0,1,-0.19
8080,8,80,4,10.0,3,19.0,0,0,1,-0.19
8081,8,81,4,12.0,3,20.5,0,0,1,-0.19
8082,8,82,4,14.0,3,22.0,0,0,1,-0.19
8083,8,83,4,16.0,4,25.0,0,0,1,-0.24000000000000002
8084,8,84,4,18.0,4,27.0,0,0,1,-0.24000000000000002
8085,8,85,4,20.0,4,29.0,0,0,1,-0.24000000000000002
8086,8,86,7,26.5,4,31.0,0,0,1,-0.27
8087,8,87,7,30.0,4,33.0,0,0,1,-0.27
8088,8,88,7,33.5,4,35.0,0,0,1,-0.27
8089,8,89,8,38.5,4,37.0,0,0,1,-0.28
8090,8,90,8,42.5,4,39.0,0,0,1,-0.28
8091,8,91,8,46.5,4,41.0,0,0,1,-0.28
8092,8,92,8,50.5,4,43.0,0,0,1,-0.28
8093,8,93,8,54.5,4,45.0,0,0,1,-0.28
8094,8,94,8,58.5,4,47.0,0,0,1,-0.28
8095,8,95,8,62.5,5,50.5,0,0,1,-0.33
8096,8,96,8,66.5,6,54.5,0,0,1,-0.38
8097,8,97,9,72.0,6,57.5,0,0,1,-0.39
8098,8,98,10,78.0,7,62.0,0,0,1,-0.44999999999999996
8099,8,99,10,83.0,7,65.5,0,0,1,-0.44999999999999996
8100,8,100,10,88.0,7,69.0,0,0,1,-0.44999999999999996
8101,8,101,10,93.0,7,72.5,0,0,1,-0.44999999999999996
8102,8,102,10,98.0,7,76.0,0,0,1,-0.44999999999999996
8103,8,103,11,104.5,8,81.0,0,0,1,-0.51
8104,8,104,11,110.0,8,85.0,0,0,1,-0.51
8105,8,105,11,115.5,8,89.0,0,0,1,-0.51
8106,8,106,11,121.0,8,93.0,0,0,1,-0.51
8107,8,107,11,126.5,8,97.0,0,0,1,-0.51
8108,8,108,11,132.0,8,101.0,0,0,1,-0.51
8109,8,109,11,137.5,8,105.0,0,0,1,-0.51
8110,8,110,12,144.5,8,109.0,0,0,1,-0.52
8111,8,111,12,150.5,8,113.0,0,0,1,-0.52
8112,8,112,12,156.5,8,117.0,0,0,1,-0.52
8113,8,113,12,162.5,8,121.0,0,0,1,-0.52
8114,8,114,12,168.5,8,125.0,0,0,1,-0.52
8115,8,115,12,174.5,8,129.0,0,0,1,-0.52
8116,8,116,12,180.5,8,133.0,0,0,1,-0.52
8117,8,117,12,186.5,8,137.0,0,0,1,-0.52
8118,8,118,12,192.5,8,141.0,0,0,1,-0.52
8119,8,119,12,198.5,8,145.0,0,0,1,-0.52
8120,8,120,13,206.0,8,149.0,0,0,1,-0.53
8121,8,121,13,212.5,8,153.0,0,0,1,-0.53
8122,8,122,13,218.0,8,157.0,0,0,1,-0.53
8123,8,123,13,224.5,8,161.0,0,0,1,-0.53
8124,8,124,14,232.5,8,165.0,0,0,1,-0.54
8125,8,125,14,239.5,8,169.0,0,0,1,-0.54
8126,8,126,14,246.5,8,173.0,0,0,1,-0.54
8127,8,127,15,255.0,8,177.0,0,0,1,-0.55
8128,8,128,15,262.5,8,181.0,0,0,1,-0.55
8129,8,129,15,270.0,8,185.0,0,0,1,-0.55
8130,8,130,15,277.5,8,189.0,0,0,1,-0.55
8131,8,131,15,285.0,8,193.0,0,0,1,-0.55
8132,8,132,15,292.5,8,197.0,0,0,1,-0.55
8133,8,133,15,300.0,8,201.0,0,0,1,-0.55
8134,8,134,15,307.5,8,205.0,0,0,1,-0.55
8135,8,135,15,315.0,8,209.0,0,0,1,-0.55
8136,8,136,15,322.5,8,213.0,0,0,1,-0.55
8137,8,137,15,330.0,8,217.0,0,0,1,-0.55
8138,8,138,15,337.5,8,221.0,0,0,1,-0.55
8139,8,139,15,345.0,8,225.0,0,0,2,-0.55
8140,8,140,15,352.5,8,229.0,0,0,2,-0.55
8141,8,141,17,363.0,8,233.0,0,0,2,-0.5700000000000001
8142,8,142,17,371.5,8,237.0,0,0,2,-0.5700000000000001
8143,8,143,18,381.5,8,241.0,0,0,2,-0.5800000000000001
8144,8,144,18,390.5,8,245.0,0,0,2,-0.5800000000000001
8145,8,145,18,399.5,8,249.0,0,0,2,-0.5800000000000001
8146,8,146,19,410.0,8,253.0,0,0,2,-0.5900000000000001
8147,8,147,19,419.5,8,257.0,0,0,2,-0.5900000000000001
8148,8,148,19,429.0,8,261.0,0,2,2,-0.5900000000000001
8149,8,149,22,443.0,8,265.0,0,0,2,-0.62
8150,8,150,22,454.0,8,269.0,0,0,2,-0.62
8151,8,151,22,401.5,8,273.0,0,1,3,-0.62
8152,8,152,22,412.5,8,277.0,0,0,3,-0.62
8153,8,153,23,425.0,8,281.0,0,0,3,-0.63
8154,8,154,23,436.5,8,285.0,0,0,3,-0.63
8155,8,155,23,448.0,8,289.0,0,0,3,-0.63
8156,8,156,23,459.5,8,293.0,0,0,3,-0.63
8157,8,157,23,471.0,8,297.0,0,0,3,-0.63
8158,8,158,23,482.5,8,301.0,0,1,3,-0.63
8159,8,159,23,494.0,8,305.0,0,1,3,-0.63
8160,8,160,23,505.5,8,309.0,0,0,3,-0.63
8161,8,161,23,517.0,8,313.0,0,0,3,-0.63
8162,8,162,25,531.5,8,317.0,0,0,3,-0.65
8163,8,163,25,544.0,8,321.0,0,0,3,-0.65
8164,8,164,29,562.5,8,325.0,0,0,3,-0.69
8165,8,165,29,577.0,8,329.0,0,0,3,-0.69
8166,8,166,29,591.5,8,333.0,0,1,3,-0.69
8167,8,167,30,607.5,8,337.0,0,0,3,-0.7
8168,8,168,30,622.5,8,341.0,0,0,3,-0.7
8169,8,169,31,639.0,8,345.0,0,1,3,-0.71
8170,8,170,33,657.5,8,349.0,0,1,3,-0.73
8171,8,171,33,674.0,8,353.0,0,0,3,-0.73
8172,8,172,35,693.5,8,357.0,0,0,3,-0.75
8173,8,173,36,712.5,8,361.0,0,0,3,-0.76
8174,8,174,37,732.0,8,365.0,0,0,3,-0.77
8175,8,175,37,750.5,8,369.0,0,0,3,-0.77
8176,8,176,38,770.5,8,373.0,0,0,3,-0.78
8177,8,177,38,789.5,8,377.0,0,0,3,-0.78
8178,8,178,38,808.5,8,381.0,0,0,3,-0.78
8179,8,179,38,827.5,8,385.0,0,0,3,-0.78
8180,8,180,38,846.5,8,389.0,0,1,3,-0.78
8181,8,181,38,865.5,8,393.0,0,0,3,-0.78
8182,8,182,39,886.0,8,397.0,0,0,3,-0.79
8183,8,183,39,905.5,8,401.0,0,0,3,-0.79
8184,8,184,40,926.5,8,405.0,0,0,3,-0.8
8185,8,185,40,946.5,8,409.0,0,0,3,-0.8
8186,8,186,41,968.0,8,413.0,0,0,3,-0.81
8187,8,187,42,990.0,8,417.0,0,0,3,-0.8200000000000001
8188,8,188,42,1011.0,8,421.0,0,0,3,-0.8200000000000001
8189,8,189,42,1032.0,8,425.0,0,1,3,-0.8200000000000001
8190,8,190,43,1054.5,8,429.0,0,0,3,-0.8300000000000001
8191,8,191,43,1076.0,8,433.0,0,1,3,-0.8300000000000001
8192,8,192,45,1100.5,8,437.0,0,0,3,-0.8500000000000001
8193,8,193,46,1124.5,8,441.0,0,0,3,-0.8600000000000001
8194,8,194,46,1147.5,8,445.0,0,0,3,-0.8600000000000001
8195,8,195,48,1173.5,8,449.0,0,0,3,-0.88
8196,8,196,48,1197.0,8,453.0,0,0,3,-0.88
8197,8,197,48,1221.0,8,457.0,0,1,3,-0.88
8198,8,198,48,1245.0,8,461.0,0,0,3,-0.88
8199,8,199,48,1269.0,8,465.0,0,0,3,-0.88
8200,8,200,48,1293.0,8,469.0,0,0,3,-0.88
8201,8,201,49,1318.5,8,473.0,0,1,3,-0.89
8202,8,202,49,1343.0,8,477.0,0,0,3,-0.89
8203,8,203,50,1369.0,8,481.0,0,0,3,-0.9
8204,8,204,50,1394.0,8,485.0,0,0,3,-0.9
8205,8,205,50,1419.0,8,489.0,0,0,3,-0.9
8206,8,206,50,1444.0,8,493.0,0,0,3,-0.9
8207,8,207,50,1469.0,8,497.0,0,0,3,-0.9
8208,8,208,50,1494.0,8,501.0,0,0,3,-0.9
8209,8,209,51,1520.5,8,505.0,0,0,3,-0.91
8210,8,210,52,1547.5,8,509.0,0,0,3,-0.92
8211,8,211,52,1573.5,8,513.0,0,1,4,-0.92
8212,8,212,52,1599.5,8,517.0,0,0,4,-0.92
8213,8,213,52,1625.5,8,521.0,0,0,4,-0.92
8214,8,214,53,1653.0,8,525.0,0,0,4,-0.93
8215,8,215,53,1679.5,8,529.0,0,0,4,-0.93
8216,8,216,53,1706.0,8,533.0,0,0,4,-0.93
8217,8,217,53,1732.5,8,537.0,0,0,4,-0.93
8218,8,218,53,1759.0,8,541.0,0,1,4,-0.93
8219,8,219,54,1787.0,8,545.0,0,0,4,-0.9400000000000001
8220,8,220,55,1815.5,8,549.0,0,0,4,-0.9500000000000001
8221,8,221,55,1843.0,8,553.0,0,0,4,-0.9500000000000001
8222,8,222,56,1872.0,8,557.0,0,0,4,-0.9600000000000001
8223,8,223,51,1567.0,8,561.0,0,0,5,-0.91
8224,8,224,49,1371.0,8,565.0,0,0,5,-0.89
8225,8,225,47,1220.0,8,569.0,0,0,5,-0.87
8226,8,226,43,1088.0,8,573.0,0,0,5,-0.8300000000000001
8227,8,227,43,1109.5,7,497.5,0,0,5,-0.78
8228,8,228,39,1007.5,7,501.0,0,0,5,-0.74
8229,8,229,36,946.0,7,504.5,0,0,5,-0.71
8230,8,230,36,945.0,7,508.0,0,0,5,-0.71
8231,8,231,33,938.0,6,436.0,0,1,5,-0.63
8232,8,232,32,937.0,5,357.5,0,0,5,-0.5700000000000001
8233,8,233,31,950.0,3,206.0,0,0,5,-0.45999999999999996
8234,8,234,31,965.5,3,207.5,0,0,5,-0.45999999999999996
8235,8,235,32,982.5,3,209.0,0,0,5,-0.47
8236,8,236,34,1001.5,3,210.5,0,0,5,-0.49
8237,8,237,34,1018.5,3,212.0,0,0,5,-0.49
8238,8,238,34,1035.5,3,213.5,0,0,5,-0.49
8239,8,239,34,1052.5,3,215.0,0,0,5,-0.49
8240,8,240,34,1069.5,3,216.5,0,0,5,-0.49
8241,8,241,34,1086.5,2,145.0,0,0,5,-0.44000000000000006
8242,8,242,34,1103.5,2,146.0,0,0,5,-0.44000000000000006
8243,8,243,34,1120.5,2,147.0,0,0,5,-0.44000000000000006
8244,8,244,34,1137.5,2,148.0,0,0,5,-0.44000000000000006
8245,8,245,36,1157.5,2,149.0,0,0,5,-0.45999999999999996
8246,8,246,36,1175.5,2,150.0,0,0,5,-0.45999999999999996
8247,8,247,36,1193.5,2,151.0,0,0,5,-0.45999999999999996
8248,8,248,36,1211.5,2,152.0,0,0,5,-0.45999999999999996
8249,8,249,36,1229.5,2,153.0,0,0,5,-0.45999999999999996
8250,8,250,36,1247.5,2,154.0,0,0,5,-0.45999999999999996
8251,8,251,36,1265.5,2,155.0,0,1,5,-0.45999999999999996
8252,8,252,36,1283.5,2,156.0,0,0,5,-0.45999999999999996
8253,8,253,36,1301.5,2,157.0,0,1,5,-0.45999999999999996
8254,8,254,36,1319.5,2,158.0,0,0,5,-0.45999999999999996
8255,8,255,37,1339.0,2,159.0,0,0,5,-0.47
8256,8,256,37,1357.5,2,160.0,0,1,5,-0.47
8257,8,257,37,1376.0,2,161.0,0,0,5,-0.47
8258,8,258,37,1394.5,2,162.0,0,0,5,-0.47
8259,8,259,37,1413.0,2,163.0,0,0,5,-0.47
8260,8,260,37,1431.5,2,164.0,0,0,5,-0.47
8261,8,261,37,1450.0,2,165.0,0,0,5,-0.47
8262,8,262,37,1468.5,2,166.0,0,0,5,-0.47
8263,8,263,38,1488.5,3,168.5,0,0,5,-0.53
8264,8,264,38,1507.5,3,170.0,0,0,5,-0.53
8265,8,265,40,1529.5,3,171.5,0,0,5,-0.55
8266,8,266,40,1549.5,3,173.0,0,0,5,-0.55
8267,8,267,40,1569.5,3,174.5,0,0,5,-0.55
8268,8,268,40,1589.5,3,176.0,0,0,5,-0.55
8269,8,269,40,1609.5,3,177.5,0,0,5,-0.55
8270,8,270,40,1629.5,2,174.0,0,0,5,-0.5
8271,8,271,40,1649.5,2,175.0,0,2,5,-0.5
8272,8,272,40,1669.5,3,177.5,0,0,5,-0.55
8273,8,273,38,1491.5,3,179.0,0,0,6,-0.53
8274,8,274,37,1425.5,3,180.5,0,0,6,-0.52
8275,8,275,37,1444.0,3,182.0,0,0,6,-0.52
8276,8,276,37,1462.5,3,183.5,0,0,6,-0.52
8277,8,277,37,1481.0,3,185.0,0,0,6,-0.52
8278,8,278,37,1499.5,3,186.5,0,0,6,-0.52
8279,8,279,37,1518.0,3,188.0,0,0,6,-0.52
8280,8,280,37,1536.5,3,189.5,0,0,6,-0.52
8281,8,281,37,1555.0,3,191.0,0,0,6,-0.52
8282,8,282,38,1575.0,3,192.5,0,0,6,-0.53
8283,8,283,38,1594.0,4,195.5,0,0,6,-0.5800000000000001
8284,8,284,38,1613.0,3,195.5,0,0,6,-0.53
8285,8,285,41,1636.5,5,200.0,0,0,6,-0.6599999999999999
8286,8,286,41,1657.0,5,202.5,0,0,6,-0.6599999999999999
8287,8,287,42,1679.0,6,206.5,0,1,6,-0.72
8288,8,288,43,1701.5,5,207.5,0,0,6,-0.6799999999999999
8289,8,289,43,1723.0,5,210.0,0,0,6,-0.6799999999999999
8290,8,290,44,1746.0,6,214.0,0,0,6,-0.74
8291,8,291,44,1768.0,6,216.5,0,0,6,-0.74
8292,8,292,44,1790.0,7,221.0,0,0,6,-0.79
8293,8,293,44,1812.0,6,222.0,0,0,6,-0.74
8294,8,294,44,1834.0,7,226.5,0,0,6,-0.79
8295,8,295,46,1859.0,8,231.5,0,0,6,-0.8600000000000001
8296,8,296,46,1882.0,8,235.5,0,0,6,-0.8600000000000001
8297,8,297,46,1905.0,8,239.5,0,0,6,-0.8600000000000001
8298,8,298,46,1928.0,9,245.0,0,0,6,-0.91
8299,8,299,46,1951.0,10,251.0,0,0,6,-0.96
8300,8,300,46,1974.0,10,255.5,0,0,6,-0.96
8301,8,301,47,1998.5,10,260.5,0,0,6,-0.97
8302,8,302,47,2022.0,10,265.5,0,0,6,-0.97
8303,8,303,48,2047.0,11,272.0,0,1,6,-1.03
8304,8,304,48,2071.0,12,279.0,0,0,6,-1.08
8305,8,305,49,2096.5,12,285.0,0,0,6,-1.0899999999999999
8306,8,306,49,2121.0,12,291.0,0,0,6,-1.0899999999999999
8307,8,307,49,2145.5,12,297.0,0,0,6,-1.0899999999999999
8308,8,308,49,2170.0,12,303.0,0,0,6,-1.0899999999999999
8309,8,309,49,2194.5,12,309.0,0,0,6,-1.0899999999999999
8310,8,310,49,2219.0,13,316.5,0,0,6,-1.1400000000000001
8311,8,311,49,2243.5,13,323.0,0,0,6,-1.1400000000000001
8312,8,312,49,2268.0,13,329.5,0,0,6,-1.1400000000000001
8313,8,313,49,2292.5,13,336.0,0,3,6,-1.1400000000000001
8314,8,314,50,2318.5,13,342.5,0,0,6,-1.15
8315,8,315,50,2343.5,13,349.0,0,1,6,-1.15
8316,8,316,50,2368.5,13,355.5,0,3,6,-1.15
8317,8,317,50,2393.5,13,362.0,0,0,6,-1.15
8318,8,318,50,2418.5,13,368.5,0,1,6,-1.15
8319,8,319,50,2443.5,13,375.0,0,3,6,-1.15
8320,8,320,50,2468.5,13,381.5,0,0,6,-1.15
8321,8,321,51,2495.0,13,388.0,0,1,6,-1.1600000000000001
8322,8,322,52,2522.0,13,394.5,0,2,6,-1.17
8323,8,323,52,2548.0,13,401.0,0,0,6,-1.17
8324,8,324,53,2575.5,13,407.5,0,5,6,-1.1800000000000002
8325,8,325,53,2602.0,13,414.0,0,1,6,-1.1800000000000002
8326,8,326,54,2630.0,13,420.5,0,1,6,-1.19
8327,8,327,54,2657.0,13,427.0,0,1,6,-1.19
8328,8,328,54,2684.0,13,433.5,0,1,6,-1.19
8329,8,329,54,2711.0,13,440.0,0,1,6,-1.19
8330,8,330,54,2738.0,13,446.5,0,2,6,-1.19
8331,8,331,54,2765.0,13,453.0,0,1,6,-1.19
8332,8,332,54,2792.0,13,459.5,0,1,6,-1.19
8333,8,333,54,2819.0,13,466.0,0,1,6,-1.19
8334,8,334,56,2849.0,13,472.5,0,3,6,-1.21
8335,8,335,56,2877.0,13,479.0,0,1,6,-1.21
8336,8,336,56,2905.0,13,485.5,0,0,6,-1.21
8337,8,337,56,2933.0,13,492.0,0,3,6,-1.21
8338,8,338,56,2961.0,13,498.5,0,2,6,-1.21
8339,8,339,56,2989.0,13,505.0,0,0,6,-1.21
8340,8,340,56,3017.0,13,511.5,0,1,6,-1.21
8341,8,341,56,3045.0,13,518.0,0,0,6,-1.21
8342,8,342,56,3073.0,13,524.5,0,0,6,-1.21
8343,8,343,57,3102.5,13,531.0,0,1,6,-1.22
8344,8,344,57,3131.0,13,537.5,0,0,6,-1.22
8345,8,345,57,3159.5,13,544.0,0,1,6,-1.22
8346,8,346,57,3188.0,13,550.5,0,2,6,-1.22
8347,8,347,57,3216.5,13,557.0,0,0,6,-1.22
8348,8,348,57,3245.0,13,563.5,0,1,6,-1.22
8349,8,349,57,3273.5,13,570.0,0,0,6,-1.22
8350,8,350,58,3303.5,13,576.5,0,0,6,-1.23
8351,8,351,58,3332.5,14,584.5,0,2,6,-1.2799999999999998
8352,8,352,58,3361.5,13,589.5,0,0,6,-1.23
8353,8,353,59,3392.0,13,596.0,0,1,6,-1.24
8354,8,354,61,3424.5,13,602.5,0,0,6,-1.26
8355,8,355,61,3455.0,14,610.5,0,1,6,-1.31
8356,8,356,62,3487.0,14,617.5,0,0,6,-1.3199999999999998
8357,8,357,62,3518.0,14,624.5,0,0,6,-1.3199999999999998
8358,8,358,64,3552.0,14,631.5,0,0,6,-1.3399999999999999
8359,8,359,64,3584.0,14,638.5,0,0,6,-1.3399999999999999
8360,8,360,64,3616.0,14,645.5,0,0,6,-1.3399999999999999
8361,8,361,64,3648.0,14,652.5,0,1,6,-1.3399999999999999
8362,8,362,64,3680.0,14,659.5,0,0,6,-1.3399999999999999
8363,8,363,65,3713.5,14,666.5,0,1,7,-1.35
8364,8,364,66,3747.5,14,673.5,0,0,7,-1.3599999999999999
8365,8,365,66,3780.5,14,680.5,0,0,7,-1.3599999999999999
8366,8,366,66,3813.5,14,687.5,0,0,7,-1.3599999999999999
8367,8,367,66,3846.5,14,694.5,0,0,7,-1.3599999999999999
8368,8,368,66,3879.5,14,701.5,0,0,7,-1.3599999999999999
8369,8,369,66,3912.5,14,708.5,0,0,7,-1.3599999999999999
8370,8,370,66,3945.5,14,715.5,0,0,7,-1.3599999999999999
8371,8,371,66,3978.5,14,722.5,0,0,7,-1.3599999999999999
8372,8,372,66,4011.5,14,729.5,0,0,7,-1.3599999999999999
8373,8,373,66,4044.5,14,736.5,0,0,7,-1.3599999999999999
8374,8,374,68,4080.5,14,743.5,0,2,7,-1.38
8375,8,375,66,3818.5,14,750.5,0,0,8,-1.3599999999999999
8376,8,376,64,3642.0,14,757.5,0,0,8,-1.3399999999999999
8377,8,377,62,3467.5,14,764.5,0,0,8,-1.3199999999999998
8378,8,378,62,3348.0,14,771.5,0,0,8,-1.3199999999999998
8379,8,379,63,3380.5,14,778.5,0,0,8,-1.33
8380,8,380,61,3324.5,14,785.5,0,0,8,-1.31
8381,8,381,59,3325.5,14,792.5,0,0,8,-1.29
8382,8,382,60,3356.5,14,799.5,0,0,8,-1.2999999999999998
8383,8,383,61,3388.0,14,806.5,0,0,8,-1.31
8384,8,384,61,3418.5,14,813.5,0,1,8,-1.31
8385,8,385,61,3449.0,14,820.5,0,0,8,-1.31
8386,8,386,61,3479.5,14,827.5,0,0,8,-1.31
8387,8,387,61,3510.0,14,834.5,0,0,8,-1.31
8388,8,388,61,3540.5,14,841.5,0,1,8,-1.31
8389,8,389,61,3571.0,14,848.5,0,0,8,-1.31
8390,8,390,61,3601.5,14,855.5,0,0,8,-1.31
8391,8,391,62,3633.5,14,862.5,0,0,8,-1.3199999999999998
8392,8,392,62,3664.5,14,869.5,0,0,8,-1.3199999999999998
8393,8,393,64,3698.5,14,876.5,0,0,8,-1.3399999999999999
8394,8,394,65,3732.0,14,883.5,0,0,8,-1.35
8395,8,395,65,3764.5,14,890.5,0,1,8,-1.35
8396,8,396,66,3798.5,14,897.5,0,1,8,-1.3599999999999999
8397,8,397,66,3831.5,14,904.5,0,1,8,-1.3599999999999999
8398,8,398,66,3864.5,14,911.5,0,1,8,-1.3599999999999999
8399,8,399,66,3897.5,14,918.5,0,1,8,-1.3599999999999999
8400,8,400,67,3932.0,14,925.5,0,2,8,-1.37
8401,8,401,67,3965.5,14,932.5,0,0,8,-1.37
8402,8,402,67,3999.0,14,939.5,0,0,8,-1.37
8403,8,403,68,4034.0,14,946.5,0,0,8,-1.38
8404,8,404,69,4069.5,14,953.5,0,0,8,-1.39
8405,8,405,70,4105.5,14,960.5,0,1,8,-1.4
8406,8,406,70,4140.5,14,967.5,0,0,8,-1.4
8407,8,407,70,4175.5,14,974.5,0,0,8,-1.4
8408,8,408,70,4210.5,14,981.5,0,0,8,-1.4
8409,8,409,71,4247.0,14,988.5,0,2,8,-1.41
8410,8,410,72,4284.0,14,995.5,0,0,8,-1.42
8411,8,411,72,4320.0,14,1002.5,0,0,8,-1.42
8412,8,412,72,4356.0,14,1009.5,0,0,8,-1.42
8413,8,413,72,4392.0,14,1016.5,0,0,8,-1.42
8414,8,414,73,4429.5,14,1023.5,0,0,8,-1.43
8415,8,415,73,4466.0,14,1030.5,0,0,8,-1.43
8416,8,416,73,4502.5,14,1037.5,0,0,8,-1.43
8417,8,417,73,4539.0,14,1044.5,0,0,8,-1.43
8418,8,418,73,4575.5,14,1051.5,0,0,8,-1.43
8419,8,419,73,4612.0,14,1058.5,0,1,8,-1.43
8420,8,420,74,4650.0,14,1065.5,0,1,8,-1.44
8421,8,421,74,4687.0,14,1072.5,0,0,8,-1.44
8422,8,422,76,4727.0,14,1079.5,0,0,8,-1.46
8423,8,423,76,4765.0,14,1086.5,0,0,8,-1.46
8424,8,424,78,4806.0,14,1093.5,0,0,8,-1.48
8425,8,425,79,4846.5,14,1100.5,0,0,8,-1.49
8426,8,426,79,4886.0,14,1107.5,0,0,8,-1.49
8427,8,427,79,4925.5,14,1114.5,0,1,8,-1.49
8428,8,428,79,4965.0,14,1121.5,0,0,8,-1.49
8429,8,429,80,5006.0,14,1128.5,0,0,8,-1.5
8430,8,430,80,5046.0,14,1135.5,0,1,8,-1.5
8431,8,431,80,5086.0,14,1142.5,0,1,8,-1.5
8432,8,432,80,5126.0,14,1149.5,0,0,8,-1.5
8433,8,433,81,5167.5,14,1156.5,0,0,8,-1.51
8434,8,434,82,5209.5,14,1163.5,0,0,8,-1.52
8435,8,435,82,5250.5,14,1170.5,1,0,9,-1.52
8436,8,436,84,5294.5,14,1177.5,0,0,9,-1.54
8437,8,437,84,5336.5,14,1184.5,0,0,9,-1.54
8438,8,438,84,5378.5,14,1191.5,0,0,9,-1.54
8439,8,439,84,5420.5,14,1198.5,0,0,9,-1.54
8440,8,440,85,5464.0,14,1205.5,0,0,9,-1.5499999999999998
8441,8,441,79,4644.0,10,929.0,0,0,0,-1.29
8442,8,442,75,4150.5,10,934.0,0,0,0,-1.25
8443,8,443,72,3704.5,10,939.0,0,0,0,-1.22
8444,8,444,69,3294.5,9,898.0,0,0,0,-1.14
8445,8,445,70,3220.5,9,902.5,0,0,0,-1.15
8446,8,446,67,2949.0,8,818.5,1,0,0,-1.07
8447,8,447,63,2596.0,8,822.5,0,0,0,-1.03
8448,8,448,61,2368.0,8,826.5,0,0,0,-1.01
8449,8,449,60,2309.5,5,593.5,0,0,0,-0.85
8450,8,450,56,2026.5,5,596.0,0,0,0,-0.81
8451,8,451,53,1862.0,5,598.5,0,0,0,-0.78
8452,8,452,53,1819.5,5,601.0,0,0,0,-0.78
8453,8,453,49,1607.5,5,603.5,0,0,0,-0.74
8454,8,454,48,1515.0,5,606.0,0,0,0,-0.73
8455,8,455,46,1449.5,5,608.5,0,1,0,-0.71
8456,8,456,42,1305.0,5,611.0,0,0,0,-0.6699999999999999
8457,8,457,40,1244.0,5,613.5,0,0,0,-0.65
8458,8,458,38,1217.5,5,616.0,0,0,0,-0.63
8459,8,459,34,1145.0,5,618.5,0,0,0,-0.5900000000000001
8460,8,460,34,1144.0,3,257.0,0,0,0,-0.49
8461,8,461,32,1127.0,3,258.5,0,1,0,-0.47
8462,8,462,30,1116.0,3,260.0,0,0,0,-0.44999999999999996
8463,8,463,29,1128.0,3,261.5,1,0,0,-0.43999999999999995
8464,8,464,30,1144.0,3,263.0,0,2,0,-0.44999999999999996
8465,8,465,30,1159.0,3,264.5,0,0,0,-0.44999999999999996
8466,8,466,30,1174.0,3,266.0,0,0,0,-0.44999999999999996
8467,8,467,30,1189.0,3,267.5,0,0,0,-0.44999999999999996
8468,8,468,30,1204.0,3,269.0,0,0,0,-0.44999999999999996
8469,8,469,30,1219.0,3,270.5,0,0,0,-0.44999999999999996
8470,8,470,30,1234.0,3,272.0,0,0,0,-0.44999999999999996
8471,8,471,30,1249.0,3,273.5,0,1,0,-0.44999999999999996
8472,8,472,30,1264.0,4,276.5,0,0,0,-0.5
8473,8,473,30,1279.0,4,278.5,0,0,0,-0.5
8474,8,474,31,1295.5,4,280.5,0,1,0,-0.51
8475,8,475,32,1312.5,4,282.5,0,0,0,-0.52
8476,8,476,32,1328.5,3,281.0,0,1,0,-0.47
8477,8,477,32,1344.5,3,282.5,0,0,0,-0.47
8478,8,478,32,1360.5,3,284.0,0,0,0,-0.47
8479,8,479,32,1376.5,3,285.5,0,1,0,-0.47
8480,8,480,32,1392.5,4,288.5,0,0,0,-0.52
8481,8,481,33,1410.0,4,290.5,0,0,0,-0.53
8482,8,482,33,1426.5,4,292.5,0,0,0,-0.53
8483,8,483,33,1443.0,4,294.5,0,0,0,-0.53
8484,8,484,33,1459.5,5,298.0,0,0,0,-0.5800000000000001
8485,8,485,33,1476.0,5,300.5,0,0,0,-0.5800000000000001
8486,8,486,33,1492.5,5,303.0,0,0,0,-0.5800000000000001
8487,8,487,33,1509.0,5,305.5,0,0,0,-0.5800000000000001
8488,8,488,33,1525.5,5,308.0,0,0,0,-0.5800000000000001
8489,8,489,33,1542.0,4,304.5,0,0,0,-0.53
8490,8,490,33,1558.5,6,309.5,0,1,0,-0.63
8491,8,491,31,1367.0,6,312.0,0,0,1,-0.61
8492,8,492,29,1286.0,5,312.5,0,0,1,-0.54
8493,8,493,29,1300.5,5,315.0,0,0,1,-0.54
8494,8,494,30,1316.5,7,320.5,0,2,1,-0.6499999999999999
8495,8,495,34,1337.5,6,322.0,0,0,1,-0.64
8496,8,496,35,1356.0,7,326.5,0,1,1,-0.7
8497,8,497,35,1373.5,7,330.0,0,1,1,-0.7
8498,8,498,35,1391.0,8,335.0,0,0,1,-0.75
8499,8,499,36,1410.0,8,339.0,0,1,1,-0.76
8500,8,500,36,1428.0,10,346.0,0,0,1,-0.86
8501,8,501,37,1447.5,9,349.0,0,0,1,-0.8200000000000001
8502,8,502,38,1467.5,9,353.5,0,0,1,-0.8300000000000001
8503,8,503,40,1489.5,9,358.0,0,0,1,-0.8500000000000001
8504,8,504,40,1509.5,10,364.0,0,0,1,-0.9
8505,8,505,41,1531.0,9,367.0,0,0,1,-0.86
8506,8,506,41,1551.5,9,371.5,0,0,1,-0.86
8507,8,507,41,1572.0,9,376.0,0,0,1,-0.86
8508,8,508,41,1592.5,10,382.0,0,0,1,-0.9099999999999999
8509,8,509,41,1613.0,9,385.0,0,0,1,-0.86
8510,8,510,41,1633.5,9,389.5,0,0,1,-0.86
8511,8,511,41,1654.0,9,394.0,1,0,1,-0.86
8512,8,512,41,1674.5,9,398.5,0,0,1,-0.86
8513,8,513,42,1696.5,9,403.0,0,0,1,-0.87
8514,8,514,43,1719.0,9,407.5,0,0,1,-0.88
8515,8,515,43,1740.5,9,412.0,0,0,1,-0.88
8516,8,516,43,1762.0,9,416.5,0,0,1,-0.88
8517,8,517,43,1783.5,9,421.0,0,0,1,-0.88
8518,8,518,43,1805.0,9,425.5,0,0,1,-0.88
8519,8,519,43,1826.5,9,430.0,0,0,1,-0.88
8520,8,520,43,1848.0,10,436.0,0,1,1,-0.9299999999999999
8521,8,521,43,1869.5,10,441.0,0,2,1,-0.9299999999999999
8522,8,522,43,1891.0,10,446.0,0,0,1,-0.9299999999999999
8523,8,523,43,1912.5,10,451.0,0,0,1,-0.9299999999999999
8524,8,524,43,1934.0,10,456.0,0,2,1,-0.9299999999999999
8525,8,525,44,1957.0,10,461.0,0,0,1,-0.94
8526,8,526,44,1979.0,10,466.0,0,1,1,-0.94
8527,8,527,44,2001.0,10,471.0,0,1,1,-0.94
8528,8,528,44,2023.0,10,476.0,0,0,1,-0.94
8529,8,529,44,2045.0,11,482.5,0,0,1,-0.99
8530,8,530,45,2068.5,11,488.0,0,1,1,-1.0
8531,8,531,45,2091.0,11,493.5,0,1,1,-1.0
8532,8,532,45,2113.5,11,499.0,0,0,1,-1.0
8533,8,533,45,2136.0,11,504.5,0,1,1,-1.0
8534,8,534,45,2158.5,11,510.0,0,0,1,-1.0
8535,8,535,45,2181.0,11,515.5,0,0,1,-1.0
8536,8,536,45,2203.5,11,521.0,0,1,1,-1.0
8537,8,537,45,2226.0,11,526.5,0,1,1,-1.0
8538,8,538,45,2248.5,11,532.0,0,2,1,-1.0
8539,8,539,46,2272.5,11,537.5,0,1,1,-1.01
8540,8,540,46,2295.5,11,543.0,0,1,1,-1.01
8541,8,541,46,2318.5,11,548.5,0,1,1,-1.01
8542,8,542,46,2341.5,11,554.0,0,1,1,-1.01
8543,8,543,48,2367.5,11,559.5,0,1,1,-1.03
8544,8,544,48,2391.5,11,565.0,0,1,1,-1.03
8545,8,545,48,2415.5,11,570.5,0,1,1,-1.03
8546,8,546,48,2439.5,11,576.0,0,1,1,-1.03
8547,8,547,48,2463.5,11,581.5,0,1,1,-1.03
8548,8,548,48,2487.5,11,587.0,0,1,1,-1.03
8549,8,549,48,2511.5,11,592.5,0,1,1,-1.03
8550,8,550,49,2537.0,12,599.5,0,2,1,-1.0899999999999999
8551,8,551,50,2563.0,11,603.5,0,0,1,-1.05
8552,8,552,50,2588.0,11,609.0,0,1,1,-1.05
8553,8,553,51,2614.5,11,614.5,0,4,1,-1.06
8554,8,554,51,2640.0,12,621.5,0,1,1,-1.1099999999999999
8555,8,555,51,2665.5,12,627.5,0,1,1,-1.1099999999999999
8556,8,556,51,2691.0,12,633.5,0,2,1,-1.1099999999999999
8557,8,557,53,2719.5,12,639.5,0,1,1,-1.13
8558,8,558,53,2746.0,12,645.5,0,2,1,-1.13
8559,8,559,53,2772.5,12,651.5,0,1,1,-1.13
8560,8,560,53,2799.0,12,657.5,0,1,1,-1.13
8561,8,561,53,2825.5,12,663.5,0,1,1,-1.13
8562,8,562,54,2853.5,12,669.5,0,1,1,-1.1400000000000001
8563,8,563,55,2882.0,12,675.5,0,1,1,-1.15
8564,8,564,56,2911.0,12,681.5,0,1,1,-1.1600000000000001
8565,8,565,56,2939.0,12,687.5,0,1,1,-1.1600000000000001
8566,8,566,56,2967.0,12,693.5,0,2,1,-1.1600000000000001
8567,8,567,56,2995.0,12,699.5,0,0,1,-1.1600000000000001
8568,8,568,57,3024.5,12,705.5,0,3,1,-1.17
8569,8,569,58,3054.5,12,711.5,0,1,1,-1.18
8570,8,570,58,3083.5,12,717.5,0,1,1,-1.18
8571,8,571,58,3112.5,12,723.5,0,2,1,-1.18
8572,8,572,59,3143.0,12,729.5,0,1,1,-1.19
8573,8,573,59,3172.5,12,735.5,0,2,1,-1.19
8574,8,574,59,3202.0,12,741.5,0,1,1,-1.19
8575,8,575,59,3231.5,12,747.5,0,1,1,-1.19
8576,8,576,60,3262.5,12,753.5,0,3,1,-1.2
8577,8,577,60,3292.5,12,759.5,0,1,1,-1.2
8578,8,578,61,3324.0,12,765.5,0,1,1,-1.21
8579,8,579,61,3354.5,12,771.5,0,1,1,-1.21
8580,8,580,61,3385.0,12,777.5,0,2,1,-1.21
8581,8,581,61,3415.5,12,783.5,0,2,2,-1.21
8582,8,582,61,3446.0,13,791.0,0,0,2,-1.26
8583,8,583,62,3478.0,13,797.5,0,3,2,-1.27
8584,8,584,62,3509.0,13,804.0,0,1,2,-1.27
8585,8,585,62,3540.0,13,810.5,0,0,2,-1.27
8586,8,586,62,3571.0,13,817.0,0,2,2,-1.27
8587,8,587,62,3602.0,13,823.5,0,1,2,-1.27
8588,8,588,62,3633.0,13,830.0,0,0,2,-1.27
8589,8,589,65,3668.5,13,836.5,0,0,2,-1.3
8590,8,590,66,3702.5,13,843.0,0,0,2,-1.31
8591,8,591,66,3735.5,13,849.5,0,1,2,-1.31
8592,8,592,67,3770.0,13,856.0,0,1,2,-1.32
8593,8,593,65,3467.5,13,862.5,0,0,3,-1.3
8594,8,594,63,3227.0,13,869.0,0,2,3,-1.28
8595,8,595,61,3057.5,13,875.5,0,0,3,-1.26
8596,8,596,59,2959.5,13,882.0,0,2,3,-1.24
8597,8,597,59,2989.0,13,888.5,0,0,3,-1.24
8598,8,598,57,2946.5,13,895.0,0,0,3,-1.22
8599,8,599,56,2955.5,13,901.5,0,0,3,-1.21
8600,8,600,56,2983.5,13,908.0,0,0,3,-1.21
8601,8,601,56,3011.5,13,914.5,0,0,3,-1.21
8602,8,602,59,3044.0,13,921.0,0,0,3,-1.24
8603,8,603,59,3073.5,13,927.5,0,0,3,-1.24
8604,8,604,59,3103.0,13,934.0,0,0,3,-1.24
8605,8,605,59,3132.5,13,940.5,0,0,3,-1.24
8606,8,606,59,3162.0,13,947.0,0,0,3,-1.24
8607,8,607,59,3191.5,13,953.5,0,1,3,-1.24
8608,8,608,59,3221.0,13,960.0,0,0,3,-1.24
8609,8,609,59,3250.5,13,966.5,0,0,3,-1.24
8610,8,610,61,3283.0,13,973.0,0,0,3,-1.26
8611,8,611,64,3318.0,13,979.5,0,0,3,-1.29
8612,8,612,65,3351.5,13,986.0,0,0,3,-1.3
8613,8,613,65,3384.0,13,992.5,0,0,3,-1.3
8614,8,614,65,3416.5,13,999.0,0,0,3,-1.3
8615,8,615,65,3449.0,13,1005.5,0,0,3,-1.3
8616,8,616,65,3481.5,13,1012.0,0,0,3,-1.3
8617,8,617,65,3514.0,13,1018.5,0,1,3,-1.3
8618,8,618,66,3548.0,13,1025.0,0,2,3,-1.31
8619,8,619,66,3581.0,13,1031.5,0,0,3,-1.31
8620,8,620,66,3614.0,13,1038.0,0,0,3,-1.31
8621,8,621,67,3648.5,13,1044.5,1,0,3,-1.32
8622,8,622,68,3683.5,13,1051.0,0,0,3,-1.33
8623,8,623,68,3717.5,13,1057.5,0,0,3,-1.33
8624,8,624,70,3754.5,13,1064.0,0,0,3,-1.35
8625,8,625,70,3789.5,13,1070.5,0,0,3,-1.35
8626,8,626,70,3824.5,13,1077.0,0,0,3,-1.35
8627,8,627,70,3859.5,13,1083.5,0,0,3,-1.35
8628,8,628,70,3894.5,13,1090.0,0,0,3,-1.35
8629,8,629,70,3929.5,13,1096.5,0,0,3,-1.35
8630,8,630,70,3964.5,13,1103.0,0,0,3,-1.35
8631,8,631,70,3999.5,13,1109.5,0,0,3,-1.35
8632,8,632,72,4037.5,13,1116.0,0,0,3,-1.37
8633,8,633,74,4076.5,13,1122.5,0,0,3,-1.3900000000000001
8634,8,634,74,4113.5,13,1129.0,0,1,3,-1.3900000000000001
8635,8,635,74,4150.5,13,1135.5,0,0,3,-1.3900000000000001
8636,8,636,75,4189.0,13,1142.0,1,0,3,-1.4
8637,8,637,75,4226.5,13,1148.5,0,0,3,-1.4
8638,8,638,75,4264.0,13,1155.0,0,1,3,-1.4
8639,8,639,75,4301.5,13,1161.5,0,1,3,-1.4
8640,8,640,75,4339.0,13,1168.0,0,0,3,-1.4
8641,8,641,77,4379.5,13,1174.5,0,0,3,-1.42
8642,8,642,77,4418.0,13,1181.0,0,0,3,-1.42
8643,8,643,77,4456.5,13,1187.5,0,0,3,-1.42
8644,8,644,80,4499.5,13,1194.0,0,0,3,-1.4500000000000002
8645,8,645,80,4539.5,13,1200.5,0,1,3,-1.4500000000000002
8646,8,646,80,4579.5,13,1207.0,0,1,3,-1.4500000000000002
8647,8,647,80,4619.5,13,1213.5,0,1,3,-1.4500000000000002
8648,8,648,80,4659.5,13,1220.0,0,1,3,-1.4500000000000002
8649,8,649,80,4699.5,13,1226.5,0,0,3,-1.4500000000000002
8650,8,650,80,4739.5,13,1233.0,0,0,3,-1.4500000000000002
8651,8,651,80,4779.5,13,1239.5,0,0,3,-1.4500000000000002
8652,8,652,80,4819.5,13,1246.0,0,0,3,-1.4500000000000002
8653,8,653,80,4859.5,13,1252.5,0,0,4,-1.4500000000000002
8654,8,654,80,4899.5,13,1259.0,0,0,4,-1.4500000000000002
8655,8,655,82,4942.5,13,1265.5,0,0,4,-1.47
8656,8,656,82,4983.5,13,1272.0,0,0,4,-1.47
8657,8,657,82,5024.5,13,1278.5,0,0,4,-1.47
8658,8,658,83,5067.0,13,1285.0,0,0,4,-1.48
8659,8,659,84,5110.0,13,1291.5,0,0,4,-1.49
8660,8,660,84,5152.0,13,1298.0,0,0,4,-1.49
8661,8,661,84,5194.0,13,1304.5,0,0,4,-1.49
8662,8,662,85,5237.5,13,1311.0,0,0,4,-1.5
8663,8,663,87,5283.0,13,1317.5,0,0,4,-1.52
8664,8,664,87,5326.5,13,1324.0,0,0,4,-1.52
8665,8,665,81,4686.0,10,1144.0,0,0,5,-1.31
8666,8,666,77,4187.5,10,1149.0,0,0,5,-1.27
8667,8,667,73,3732.5,9,1096.0,0,1,5,-1.18
8668,8,668,70,3308.0,9,1100.5,0,0,5,-1.15
8669,8,669,69,3234.0,9,916.5,0,0,5,-1.14
8670,8,670,66,2954.5,10,922.5,0,0,5,-1.1600000000000001
8671,8,671,62,2615.0,10,926.5,0,0,5,-1.12
8672,8,672,62,2476.5,10,931.5,0,2,5,-1.12
8673,8,673,61,2339.0,9,847.5,0,0,5,-1.06
8674,8,674,57,2069.5,8,848.5,0,0,5,-0.97
8675,8,675,55,1947.5,8,852.5,0,0,5,-0.9500000000000001
8676,8,676,53,1861.5,8,856.5,0,0,5,-0.93
8677,8,677,49,1654.5,7,767.5,0,1,5,-0.84
8678,8,678,47,1550.0,7,771.0,0,1,5,-0.82
8679,8,679,45,1493.5,7,770.5,1,0,5,-0.8
8680,8,680,41,1347.5,8,775.5,0,0,5,-0.81
8681,8,681,42,1324.0,8,779.5,0,1,5,-0.8200000000000001
8682,8,682,40,1256.0,8,783.5,0,2,5,-0.8
8683,8,683,37,1185.0,7,784.5,0,0,5,-0.72
8684,8,684,36,1176.0,5,589.5,0,1,5,-0.61
8685,8,685,33,1159.0,5,592.0,0,0,5,-0.5800000000000001
8686,8,686,31,1147.0,6,596.0,0,0,5,-0.61
8687,8,687,30,1153.5,6,599.0,0,1,5,-0.6
8688,8,688,29,1159.0,5,399.0,0,1,5,-0.54
8689,8,689,29,1173.5,5,401.5,0,0,5,-0.54
8690,8,690,29,1188.0,6,405.5,0,1,5,-0.59
8691,8,691,30,1204.0,6,408.5,0,0,5,-0.6
8692,8,692,30,1219.0,7,413.0,0,0,5,-0.6499999999999999
8693,8,693,31,1235.5,7,416.5,0,1,5,-0.6599999999999999
8694,8,694,31,1251.0,7,420.0,0,0,5,-0.6599999999999999
8695,8,695,31,1266.5,7,423.5,0,0,5,-0.6599999999999999
8696,8,696,31,1282.0,7,427.0,0,0,5,-0.6599999999999999
8697,8,697,31,1297.5,7,430.5,0,0,5,-0.6599999999999999
8698,8,698,31,1313.0,6,428.5,0,0,5,-0.61
8699,8,699,31,1328.5,6,431.5,0,0,5,-0.61
8700,8,700,31,1344.0,6,434.5,0,0,5,-0.61
8701,8,701,32,1361.0,6,437.5,0,0,5,-0.62
8702,8,702,33,1378.5,6,440.5,0,1,5,-0.63
8703,8,703,36,1399.5,6,443.5,1,0,5,-0.6599999999999999
8704,8,704,36,1417.5,7,448.0,0,2,5,-0.71
8705,8,705,37,1437.0,6,449.5,0,0,5,-0.6699999999999999
8706,8,706,37,1455.5,6,452.5,0,0,5,-0.6699999999999999
8707,8,707,37,1474.0,6,455.5,0,0,5,-0.6699999999999999
8708,8,708,37,1492.5,5,449.0,0,0,5,-0.62
8709,8,709,37,1511.0,6,453.0,0,0,5,-0.6699999999999999
8710,8,710,38,1531.0,6,456.0,0,0,5,-0.6799999999999999
8711,8,711,39,1551.5,6,459.0,1,0,5,-0.69
8712,8,712,42,1575.5,6,462.0,0,0,5,-0.72
8713,8,713,43,1598.0,6,465.0,0,0,5,-0.73
8714,8,714,43,1619.5,6,468.0,0,0,5,-0.73
8715,8,715,41,1418.0,6,471.0,0,0,6,-0.71
8716,8,716,39,1326.0,6,474.0,0,0,6,-0.69
8717,8,717,38,1338.0,6,477.0,0,0,6,-0.6799999999999999
8718,8,718,38,1357.0,6,480.0,1,0,6,-0.6799999999999999
8719,8,719,38,1376.0,6,483.0,0,0,6,-0.6799999999999999
8720,8,720,38,1395.0,6,486.0,0,0,6,-0.6799999999999999
8721,8,721,38,1414.0,6,489.0,0,0,6,-0.6799999999999999
8722,8,722,39,1434.5,6,492.0,0,0,6,-0.69
8723,8,723,39,1454.0,6,495.0,0,0,6,-0.69
8724,8,724,39,1473.5,6,498.0,0,0,6,-0.69
8725,8,725,39,1493.0,6,501.0,0,2,6,-0.69
8726,8,726,39,1512.5,6,504.0,0,0,6,-0.69
8727,8,727,39,1532.0,6,507.0,0,0,6,-0.69
8728,8,728,39,1551.5,6,510.0,0,0,6,-0.69
8729,8,729,39,1571.0,6,513.0,0,0,6,-0.69
8730,8,730,40,1592.0,6,516.0,0,0,6,-0.7
8731,8,731,41,1613.5,6,519.0,0,0,6,-0.71
8732,8,732,41,1634.0,6,522.0,0,0,6,-0.71
8733,8,733,41,1654.5,6,525.0,0,0,6,-0.71
8734,8,734,41,1675.0,6,528.0,0,0,6,-0.71
8735,8,735,41,1695.5,6,531.0,0,0,6,-0.71
8736,8,736,41,1716.0,6,534.0,0,0,6,-0.71
8737,8,737,41,1736.5,6,537.0,0,0,6,-0.71
8738,8,738,41,1757.0,6,540.0,0,0,6,-0.71
8739,8,739,41,1777.5,6,543.0,0,0,6,-0.71
8740,8,740,42,1799.5,6,546.0,0,0,6,-0.72
8741,8,741,42,1820.5,6,549.0,0,0,6,-0.72
8742,8,742,43,1843.0,6,552.0,0,0,6,-0.73
8743,8,743,44,1866.0,7,556.5,0,0,6,-0.79
8744,8,744,44,1888.0,7,560.0,0,1,6,-0.79
8745,8,745,44,1910.0,7,563.5,0,1,6,-0.79
8746,8,746,44,1932.0,7,567.0,0,0,6,-0.79
8747,8,747,44,1954.0,7,570.5,0,0,6,-0.79
8748,8,748,44,1976.0,7,574.0,0,1,6,-0.79
8749,8,749,44,1998.0,7,577.5,0,0,6,-0.79
8750,8,750,44,2020.0,7,581.0,0,1,6,-0.79
8751,8,751,44,2042.0,7,584.5,0,0,6,-0.79
8752,8,752,44,2064.0,7,588.0,0,0,6,-0.79
8753,8,753,45,2087.5,7,591.5,0,1,6,-0.8
8754,8,754,45,2110.0,7,595.0,0,0,6,-0.8
8755,8,755,45,2132.5,8,600.0,0,2,6,-0.8500000000000001
8756,8,756,45,2155.0,9,605.5,0,1,6,-0.9
8757,8,757,45,2177.5,9,610.0,0,1,6,-0.9
8758,8,758,45,2200.0,10,616.0,0,2,6,-0.95
8759,8,759,45,2222.5,10,621.0,0,1,6,-0.95
8760,8,760,45,2245.0,10,626.0,0,1,6,-0.95
8761,8,761,46,2269.0,10,631.0,0,2,6,-0.96
8762,8,762,47,2293.5,10,636.0,0,1,6,-0.97
8763,8,763,47,2317.0,10,641.0,0,1,6,-0.97
8764,8,764,47,2340.5,10,646.0,0,1,6,-0.97
8765,8,765,47,2364.0,10,651.0,0,1,6,-0.97
8766,8,766,47,2387.5,10,656.0,0,1,6,-0.97
8767,8,767,47,2411.0,10,661.0,0,1,6,-0.97
8768,8,768,47,2434.5,10,666.0,0,0,6,-0.97
8769,8,769,47,2458.0,11,672.5,0,1,6,-1.02
8770,8,770,48,2483.0,10,676.0,0,2,6,-0.98
8771,8,771,48,2507.0,10,681.0,0,1,6,-0.98
8772,8,772,48,2531.0,10,686.0,0,1,6,-0.98
8773,8,773,49,2556.5,10,691.0,0,1,6,-0.99
8774,8,774,49,2581.0,11,697.5,0,0,6,-1.04
8775,8,775,49,2605.5,11,703.0,0,0,6,-1.04
8776,8,776,51,2633.0,11,708.5,0,1,6,-1.06
8777,8,777,51,2658.5,11,714.0,0,0,6,-1.06
8778,8,778,51,2684.0,11,719.5,0,0,6,-1.06
8779,8,779,53,2712.5,11,725.0,0,2,6,-1.08
8780,8,780,53,2739.0,11,730.5,0,1,6,-1.08
8781,8,781,53,2765.5,11,736.0,0,1,6,-1.08
8782,8,782,53,2792.0,11,741.5,0,2,6,-1.08
8783,8,783,55,2821.5,11,747.0,0,0,6,-1.1
8784,8,784,55,2849.0,11,752.5,0,1,6,-1.1
8785,8,785,55,2876.5,11,758.0,0,3,6,-1.1
8786,8,786,55,2904.0,11,763.5,0,0,6,-1.1
8787,8,787,55,2931.5,11,769.0,0,0,6,-1.1
8788,8,788,55,2959.0,11,774.5,0,2,6,-1.1
8789,8,789,55,2986.5,11,780.0,0,1,6,-1.1
8790,8,790,55,3014.0,11,785.5,0,1,6,-1.1
8791,8,791,56,3043.0,11,791.0,0,2,6,-1.11
8792,8,792,58,3074.0,11,796.5,0,1,6,-1.13
8793,8,793,58,3103.0,11,802.0,0,3,6,-1.13
8794,8,794,58,3132.0,11,807.5,0,2,6,-1.13
8795,8,795,58,3161.0,11,813.0,0,0,6,-1.13
8796,8,796,58,3190.0,11,818.5,0,2,6,-1.13
8797,8,797,58,3219.0,11,824.0,0,3,6,-1.13
8798,8,798,58,3248.0,11,829.5,0,0,6,-1.13
8799,8,799,58,3277.0,11,835.0,0,2,6,-1.13
8800,8,800,58,3306.0,11,840.5,0,1,6,-1.13
8801,8,801,58,3335.0,11,846.0,0,1,6,-1.13
8802,8,802,59,3365.5,11,851.5,0,3,6,-1.1400000000000001
8803,8,803,59,3395.0,11,857.0,0,1,6,-1.1400000000000001
8804,8,804,59,3424.5,11,862.5,0,2,6,-1.1400000000000001
8805,8,805,59,3454.0,11,868.0,0,2,7,-1.1400000000000001
8806,8,806,59,3483.5,11,873.5,0,0,7,-1.1400000000000001
8807,8,807,59,3513.0,11,879.0,0,1,7,-1.1400000000000001
8808,8,808,59,3542.5,11,884.5,0,1,7,-1.1400000000000001
8809,8,809,60,3573.5,11,890.0,1,1,7,-1.15
8810,8,810,60,3603.5,11,895.5,0,2,7,-1.15
8811,8,811,62,3636.5,11,901.0,0,0,7,-1.17
8812,8,812,64,3670.5,11,906.5,0,1,7,-1.19
8813,8,813,64,3702.5,11,912.0,0,0,7,-1.19
8814,8,814,64,3734.5,11,917.5,0,0,7,-1.19
8815,8,815,64,3766.5,11,923.0,0,0,7,-1.19
8816,8,816,64,3798.5,11,928.5,0,0,7,-1.19
8817,8,817,62,3509.5,11,934.0,0,1,8,-1.17
8818,8,818,62,3294.5,11,939.5,0,0,8,-1.17
8819,8,819,60,3143.5,11,945.0,0,0,8,-1.15
8820,8,820,58,3062.5,11,950.5,0,1,8,-1.13
8821,8,821,59,3093.0,11,956.0,0,0,8,-1.1400000000000001
8822,8,822,57,3079.5,11,961.5,0,1,8,-1.12
8823,8,823,57,3108.0,11,967.0,0,1,8,-1.12
8824,8,824,57,3136.5,11,972.5,0,0,8,-1.12
8825,8,825,57,3165.0,11,978.0,0,1,8,-1.12
8826,8,826,58,3195.0,11,983.5,0,0,8,-1.13
8827,8,827,58,3224.0,11,989.0,0,0,8,-1.13
8828,8,828,59,3254.5,11,994.5,0,0,8,-1.1400000000000001
8829,8,829,59,3284.0,11,1000.0,0,0,8,-1.1400000000000001
8830,8,830,59,3313.5,11,1005.5,0,0,8,-1.1400000000000001
8831,8,831,59,3343.0,11,1011.0,0,0,8,-1.1400000000000001
8832,8,832,61,3375.5,11,1016.5,0,1,8,-1.1600000000000001
8833,8,833,61,3406.0,11,1022.0,1,1,8,-1.1600000000000001
8834,8,834,61,3436.5,11,1027.5,1,0,8,-1.1600000000000001
8835,8,835,61,3467.0,11,1033.0,0,0,8,-1.1600000000000001
8836,8,836,61,3497.5,11,1038.5,0,1,8,-1.1600000000000001
8837,8,837,62,3529.5,11,1044.0,0,0,8,-1.17
8838,8,838,62,3560.5,11,1049.5,0,0,8,-1.17
8839,8,839,62,3591.5,11,1055.0,0,0,8,-1.17
8840,8,840,62,3622.5,11,1060.5,0,0,8,-1.17
8841,8,841,63,3655.0,11,1066.0,0,0,8,-1.1800000000000002
8842,8,842,64,3688.0,11,1071.5,0,2,8,-1.19
8843,8,843,64,3720.0,11,1077.0,0,0,8,-1.19
8844,8,844,65,3753.5,11,1082.5,1,2,8,-1.2000000000000002
8845,8,845,65,3786.0,11,1088.0,0,0,8,-1.2000000000000002
8846,8,846,65,3818.5,11,1093.5,0,1,8,-1.2000000000000002
8847,8,847,65,3851.0,11,1099.0,0,1,8,-1.2000000000000002
8848,8,848,66,3885.0,11,1104.5,0,0,8,-1.21
8849,8,849,66,3918.0,11,1110.0,0,0,8,-1.21
8850,8,850,66,3951.0,11,1115.5,1,0,8,-1.21
8851,8,851,68,3987.0,11,1121.0,1,0,8,-1.23
8852,8,852,69,4022.5,11,1126.5,0,0,8,-1.24
8853,8,853,70,4058.5,11,1132.0,0,1,8,-1.25
8854,8,854,70,4093.5,11,1137.5,0,0,8,-1.25
8855,8,855,70,4128.5,11,1143.0,0,0,8,-1.25
8856,8,856,70,4163.5,11,1148.5,0,0,8,-1.25
8857,8,857,70,4198.5,11,1154.0,0,2,8,-1.25
8858,8,858,71,4235.0,11,1159.5,0,0,8,-1.26
8859,8,859,71,4270.5,11,1165.0,0,0,8,-1.26
8860,8,860,71,4306.0,11,1170.5,0,0,8,-1.26
8861,8,861,72,4343.0,11,1176.0,0,0,8,-1.27
8862,8,862,72,4379.0,11,1181.5,0,0,8,-1.27
8863,8,863,74,4418.0,11,1187.0,0,0,8,-1.29
8864,8,864,74,4455.0,12,1194.0,0,0,8,-1.3399999999999999
8865,8,865,74,4492.0,12,1200.0,0,0,8,-1.3399999999999999
8866,8,866,74,4529.0,12,1206.0,0,0,8,-1.3399999999999999
8867,8,867,75,4567.5,12,1212.0,0,2,8,-1.35
8868,8,868,75,4605.0,12,1218.0,0,0,8,-1.35
8869,8,869,75,4642.5,13,1225.5,0,0,8,-1.4
8870,8,870,75,4680.0,13,1232.0,0,0,8,-1.4
8871,8,871,75,4717.5,13,1238.5,0,0,8,-1.4
8872,8,872,77,4758.0,13,1245.0,0,0,8,-1.42
8873,8,873,78,4798.0,13,1251.5,0,0,8,-1.4300000000000002
8874,8,874,78,4837.0,14,1259.5,1,0,8,-1.48
8875,8,875,78,4876.0,14,1266.5,0,0,8,-1.48
8876,8,876,78,4915.0,15,1275.0,1,0,8,-1.53
8877,8,877,78,4954.0,15,1282.5,0,0,9,-1.53
8878,8,878,78,4993.0,15,1290.0,1,2,9,-1.53
8879,8,879,78,5032.0,16,1299.0,0,0,9,-1.58
8880,8,880,79,5072.5,16,1307.0,0,0,9,-1.59
8881,8,881,82,5116.5,16,1315.0,0,1,9,-1.62
8882,8,882,83,5159.0,16,1323.0,1,0,9,-1.63
8883,8,883,80,4629.0,11,873.5,0,0,0,-1.35
8884,8,884,76,4130.0,11,879.0,0,0,0,-1.31
8885,8,885,72,3669.0,10,818.0,0,0,0,-1.22
8886,8,886,68,3245.0,10,823.0,0,0,0,-1.1800000000000002
8887,8,887,68,3279.0,8,720.5,0,0,0,-1.08
8888,8,888,64,2895.5,8,724.5,0,0,0,-1.04
8889,8,889,60,2546.5,9,730.0,0,0,0,-1.05
8890,8,890,57,2230.5,9,734.5,0,0,0,-1.02
8891,8,891,58,2260.5,9,739.0,0,0,0,-1.03
8892,8,892,56,1980.5,6,704.5,0,0,0,-0.8600000000000001
8893,8,893,52,1739.5,5,614.0,0,0,0,-0.77
8894,8,894,52,1765.5,5,417.5,0,0,0,-0.77
8895,8,895,48,1557.5,4,418.0,0,0,0,-0.6799999999999999
8896,8,896,44,1381.0,4,420.0,0,0,0,-0.64
8897,8,897,44,1403.0,4,422.0,0,1,0,-0.64
8898,8,898,40,1264.0,6,427.0,0,0,0,-0.7
8899,8,899,38,1214.0,6,430.0,0,0,0,-0.6799999999999999
8900,8,900,36,1179.5,6,433.0,0,1,0,-0.6599999999999999
8901,8,901,34,1106.5,6,436.0,0,0,0,-0.64
8902,8,902,34,1123.5,6,439.0,0,0,0,-0.64
8903,8,903,30,1086.0,5,234.5,0,1,0,-0.55
8904,8,904,27,1077.0,4,33.5,0,0,0,-0.47000000000000003
8905,8,905,27,1090.5,4,35.5,0,0,0,-0.47000000000000003
8906,8,906,27,1104.0,4,37.5,0,1,0,-0.47000000000000003
8907,8,907,27,1117.5,4,39.5,1,0,0,-0.47000000000000003
8908,8,908,27,1131.0,4,41.5,0,0,0,-0.47000000000000003
8909,8,909,27,1144.5,4,43.5,0,2,0,-0.47000000000000003
8910,8,910,27,1158.0,4,45.5,0,0,0,-0.47000000000000003
8911,8,911,27,1171.5,4,47.5,0,0,0,-0.47000000000000003
8912,8,912,30,1189.5,4,49.5,0,1,0,-0.5
8913,8,913,32,1207.5,4,51.5,0,0,0,-0.52
8914,8,914,34,1226.5,3,44.0,0,1,0,-0.49
8915,8,915,34,1243.5,3,45.5,0,1,0,-0.49
8916,8,916,34,1260.5,3,47.0,0,0,0,-0.49
8917,8,917,34,1277.5,3,48.5,0,1,0,-0.49
8918,8,918,34,1294.5,3,50.0,0,1,0,-0.49
8919,8,919,35,1313.0,3,51.5,0,0,0,-0.5
8920,8,920,37,1333.5,3,53.0,0,0,0,-0.52
8921,8,921,38,1353.5,3,54.5,0,0,0,-0.53
8922,8,922,39,1374.0,3,56.0,0,0,0,-0.54
8923,8,923,39,1393.5,3,57.5,0,0,0,-0.54
8924,8,924,39,1413.0,3,59.0,0,0,0,-0.54
8925,8,925,39,1432.5,3,60.5,0,0,0,-0.54
8926,8,926,39,1452.0,3,62.0,0,0,0,-0.54
8927,8,927,39,1471.5,3,63.5,0,0,0,-0.54
8928,8,928,39,1491.0,3,65.0,0,1,0,-0.54
8929,8,929,39,1510.5,3,66.5,0,1,0,-0.54
8930,8,930,39,1530.0,3,68.0,0,0,0,-0.54
8931,8,931,40,1551.0,3,69.5,0,0,0,-0.55
8932,8,932,41,1572.5,3,71.0,0,0,0,-0.5599999999999999
8933,8,933,39,1364.0,3,72.5,0,0,1,-0.54
8934,8,934,37,1257.5,3,74.0,0,0,1,-0.52
8935,8,935,35,1252.0,3,75.5,0,0,1,-0.5
8936,8,936,35,1269.5,3,77.0,0,0,1,-0.5
8937,8,937,35,1287.0,3,78.5,0,0,1,-0.5
8938,8,938,35,1304.5,3,80.0,0,0,1,-0.5
8939,8,939,35,1322.0,3,81.5,0,0,1,-0.5
8940,8,940,36,1341.0,3,83.0,0,0,1,-0.51
8941,8,941,39,1363.5,3,84.5,1,0,1,-0.54
8942,8,942,39,1383.0,3,86.0,0,0,1,-0.54
8943,8,943,40,1404.0,3,87.5,0,0,1,-0.55
8944,8,944,41,1425.5,3,89.0,0,0,1,-0.5599999999999999
8945,8,945,41,1446.0,3,90.5,0,0,1,-0.5599999999999999
8946,8,946,39,1458.5,3,92.0,0,0,1,-0.54
8947,8,947,37,1471.5,3,93.5,0,0,1,-0.52
8948,8,948,37,1490.0,3,95.0,0,0,1,-0.52
8949,8,949,40,1513.0,3,96.5,0,0,1,-0.55
8950,8,950,40,1533.0,3,98.0,0,0,1,-0.55
8951,8,951,41,1554.5,3,99.5,0,0,1,-0.5599999999999999
8952,8,952,41,1575.0,3,101.0,0,0,1,-0.5599999999999999
8953,8,953,41,1595.5,3,102.5,0,0,1,-0.5599999999999999
8954,8,954,41,1616.0,3,104.0,0,0,1,-0.5599999999999999
8955,8,955,41,1636.5,3,105.5,0,0,1,-0.5599999999999999
8956,8,956,41,1657.0,3,107.0,0,0,1,-0.5599999999999999
8957,8,957,41,1677.5,3,108.5,0,0,1,-0.5599999999999999
8958,8,958,41,1698.0,3,110.0,0,0,1,-0.5599999999999999
8959,8,959,41,1718.5,3,111.5,0,0,1,-0.5599999999999999
8960,8,960,41,1739.0,3,113.0,0,0,1,-0.5599999999999999
8961,8,961,43,1762.5,3,114.5,0,0,1,-0.58
8962,8,962,43,1784.0,4,117.5,0,0,1,-0.63
8963,8,963,43,1805.5,4,119.5,0,4,1,-0.63
8964,8,964,43,1827.0,4,121.5,0,0,1,-0.63
8965,8,965,43,1848.5,4,123.5,0,0,1,-0.63
8966,8,966,43,1870.0,4,125.5,0,2,1,-0.63
8967,8,967,44,1893.0,4,127.5,0,0,1,-0.64
8968,8,968,44,1915.0,5,131.0,0,0,1,-0.69
8969,8,969,44,1937.0,5,133.5,0,2,1,-0.69
8970,8,970,44,1959.0,6,137.5,0,0,1,-0.74
8971,8,971,45,1982.5,6,140.5,0,0,1,-0.75
8972,8,972,45,2005.0,6,143.5,0,2,1,-0.75
8973,8,973,45,2027.5,6,146.5,0,0,1,-0.75
8974,8,974,45,2050.0,6,149.5,0,0,1,-0.75
8975,8,975,45,2072.5,6,152.5,0,4,1,-0.75
8976,8,976,45,2095.0,6,155.5,0,0,1,-0.75
8977,8,977,45,2117.5,6,158.5,0,0,1,-0.75
8978,8,978,46,2141.5,6,161.5,0,3,1,-0.76
8979,8,979,46,2164.5,7,166.0,1,0,1,-0.81
8980,8,980,47,2189.0,7,169.5,0,0,1,-0.82
8981,8,981,49,2215.5,7,173.0,0,2,1,-0.84
8982,8,982,49,2240.0,7,176.5,0,0,1,-0.84
8983,8,983,50,2266.0,7,180.0,0,1,1,-0.85
8984,8,984,51,2292.5,7,183.5,0,1,1,-0.86
8985,8,985,51,2318.0,8,188.5,0,2,1,-0.91
8986,8,986,51,2343.5,7,190.5,0,1,1,-0.86
8987,8,987,52,2370.5,7,194.0,0,1,1,-0.87
8988,8,988,52,2396.5,7,197.5,0,1,1,-0.87
8989,8,989,52,2422.5,8,202.5,0,1,1,-0.92
8990,8,990,52,2448.5,8,206.5,0,0,1,-0.92
8991,8,991,54,2477.5,8,210.5,0,2,1,-0.9400000000000001
8992,8,992,54,2504.5,8,214.5,0,1,1,-0.9400000000000001
8993,8,993,54,2531.5,8,218.5,0,0,1,-0.9400000000000001
8994,8,994,54,2558.5,8,222.5,0,2,1,-0.9400000000000001
8995,8,995,54,2585.5,8,226.5,0,2,1,-0.9400000000000001
8996,8,996,54,2612.5,8,230.5,0,1,1,-0.9400000000000001
8997,8,997,54,2639.5,8,234.5,0,2,1,-0.9400000000000001
8998,8,998,54,2666.5,8,238.5,0,1,1,-0.9400000000000001
8999,8,999,54,2693.5,8,242.5,0,0,1,-0.9400000000000001
9000,9,0,0,0.0,0,0.0,0,0,0,-0.0
9001,9,1,0,0.0,0,0.0,0,0,0,-0.0
9002,9,2,0,0.0,0,0.0,0,0,0,-0.0
9003,9,3,0,0.0,0,0.0,0,0,0,-0.0
9004,9,4,0,0.0,0,0.0,0,0,0,-0.0
9005,9,5,0,0.0,0,0.0,0,0,0,-0.0
9006,9,6,0,0.0,0,0.0,0,0,0,-0.0
9007,9,7,0,0.0,0,0.0,0,0,0,-0.0
9008,9,8,0,0.0,0,0.0,0,0,0,-0.0
9009,9,9,0,0.0,0,0.0,0,0,0,-0.0
9010,9,10,0,0.0,0,0.0,0,0,0,-0.0
9011,9,11,0,0.0,0,0.0,0,0,0,-0.0
9012,9,12,0,0.0,0,0.0,0,0,0,-0.0
9013,9,13,0,0.0,0,0.0,0,0,0,-0.0
9014,9,14,0,0.0,0,0.0,0,0,0,-0.0
9015,9,15,0,0.0,0,0.0,0,0,0,-0.0
9016,9,16,0,0.0,0,0.0,0,0,0,-0.0
9017,9,17,0,0.0,0,0.0,0,0,0,-0.0
9018,9,18,0,0.0,0,0.0,0,0,0,-0.0
9019,9,19,0,0.0,0,0.0,0,0,0,-0.0
9020,9,20,0,0.0,0,0.0,0,0,0,-0.0
9021,9,21,0,0.0,0,0.0,0,0,0,-0.0
9022,9,22,0,0.0,0,0.0,0,0,0,-0.0
9023,9,23,0,0.0,0,0.0,0,0,0,-0.0
9024,9,24,0,0.0,0,0.0,0,0,0,-0.0
9025,9,25,0,0.0,0,0.0,0,0,0,-0.0
9026,9,26,0,0.0,0,0.0,0,0,0,-0.0
9027,9,27,0,0.0,0,0.0,0,0,0,-0.0
9028,9,28,0,0.0,0,0.0,0,0,0,-0.0
9029,9,29,0,0.0,0,0.0,0,0,0,-0.0
9030,9,30,0,0.0,0,0.0,0,0,0,-0.0
9031,9,31,0,0.0,0,0.0,0,0,0,-0.0
9032,9,32,0,0.0,0,0.0,0,0,0,-0.0
9033,9,33,0,0.0,0,0.0,0,0,0,-0.0
9034,9,34,0,0.0,0,0.0,0,0,0,-0.0
9035,9,35,0,0.0,0,0.0,0,0,0,-0.0
9036,9,36,0,0.0,0,0.0,0,0,0,-0.0
9037,9,37,0,0.0,0,0.0,0,0,0,-0.0
9038,9,38,0,0.0,0,0.0,0,0,0,-0.0
9039,9,39,0,0.0,0,0.0,0,0,0,-0.0
9040,9,40,0,0.0,0,0.0,0,0,0,-0.0
9041,9,41,0,0.0,0,0.0,0,0,0,-0.0
9042,9,42,0,0.0,0,0.0,0,0,0,-0.0
9043,9,43,0,0.0,0,0.0,0,0,0,-0.0
9044,9,44,0,0.0,0,0.0,0,0,0,-0.0
9045,9,45,0,0.0,0,0.0,0,0,0,-0.0
9046,9,46,0,0.0,0,0.0,0,0,0,-0.0
9047,9,47,0,0.0,0,0.0,0,0,0,-0.0
9048,9,48,0,0.0,0,0.0,0,0,0,-0.0
9049,9,49,0,0.0,0,0.0,0,0,1,-0.0
9050,9,50,0,0.0,0,0.0,0,0,1,-0.0
9051,9,51,0,0.0,0,0.0,0,0,1,-0.0
9052,9,52,0,0.0,0,0.0,0,0,1,-0.0
9053,9,53,0,0.0,0,0.0,0,0,1,-0.0
9054,9,54,0,0.0,0,0.0,0,0,1,-0.0
9055,9,55,0,0.0,0,0.0,0,0,1,-0.0
9056,9,56,0,0.0,0,0.0,0,0,1,-0.0
9057,9,57,0,0.0,1,1.5,0,0,1,-0.05
9058,9,58,0,0.0,1,2.0,0,0,1,-0.05
9059,9,59,0,0.0,1,2.5,0,0,1,-0.05
9060,9,60,0,0.0,1,3.0,0,0,1,-0.05
9061,9,61,0,0.0,1,3.5,0,0,1,-0.05
9062,9,62,0,0.0,1,4.0,0,0,1,-0.05
9063,9,63,0,0.0,1,4.5,0,0,1,-0.05
9064,9,64,0,0.0,1,5.0,0,0,1,-0.05
9065,9,65,0,0.0,2,7.0,0,0,1,-0.1
9066,9,66,0,0.0,2,8.0,0,0,1,-0.1
9067,9,67,0,0.0,2,9.0,0,0,1,-0.1
9068,9,68,0,0.0,2,10.0,0,0,1,-0.1
9069,9,69,0,0.0,2,11.0,0,0,1,-0.1
9070,9,70,0,0.0,2,12.0,0,0,1,-0.1
9071,9,71,0,0.0,2,13.0,0,0,1,-0.1
9072,9,72,0,0.0,2,14.0,0,0,1,-0.1
9073,9,73,0,0.0,2,15.0,0,0,1,-0.1
9074,9,74,0,0.0,2,16.0,0,0,1,-0.1
9075,9,75,0,0.0,2,17.0,0,0,1,-0.1
9076,9,76,1,1.5,2,18.0,0,0,1,-0.11
9077,9,77,1,2.0,2,19.0,0,0,1,-0.11
9078,9,78,5,8.5,3,21.5,0,0,1,-0.2
9079,9,79,5,11.0,4,24.5,0,0,1,-0.25
9080,9,80,5,13.5,4,26.5,0,0,1,-0.25
9081,9,81,5,16.0,3,26.0,0,0,1,-0.2
9082,9,82,5,18.5,3,27.5,0,0,1,-0.2
9083,9,83,5,21.0,4,30.5,0,0,1,-0.25
9084,9,84,5,23.5,6,35.5,0,0,1,-0.35
9085,9,85,5,26.0,6,38.0,0,0,1,-0.35
9086,9,86,7,31.5,7,42.5,0,0,1,-0.42
9087,9,87,8,36.5,7,46.0,0,0,1,-0.43
9088,9,88,8,40.5,6,46.5,0,0,1,-0.38
9089,9,89,9,46.0,7,51.0,0,0,1,-0.43999999999999995
9090,9,90,9,50.5,7,54.5,0,0,1,-0.43999999999999995
9091,9,91,9,55.0,8,59.5,0,0,1,-0.49
9092,9,92,9,59.5,8,63.5,0,0,1,-0.49
9093,9,93,9,64.0,8,67.5,0,0,1,-0.49
9094,9,94,9,68.5,8,71.5,0,0,1,-0.49
9095,9,95,9,73.0,8,75.5,0,0,1,-0.49
9096,9,96,9,77.5,8,79.5,0,0,1,-0.49
9097,9,97,10,83.5,8,83.5,0,0,1,-0.5
9098,9,98,10,88.5,8,87.5,0,0,1,-0.5
9099,9,99,10,93.5,8,91.5,0,0,1,-0.5
9100,9,100,10,98.5,8,95.5,0,0,1,-0.5
9101,9,101,10,103.5,8,99.5,0,0,1,-0.5
9102,9,102,11,110.0,8,103.5,0,0,1,-0.51
9103,9,103,11,115.5,8,107.5,0,0,1,-0.51
9104,9,104,11,121.0,8,111.5,0,0,1,-0.51
9105,9,105,11,126.5,8,115.5,0,0,1,-0.51
9106,9,106,11,132.0,8,119.5,0,0,1,-0.51
9107,9,107,11,137.5,8,123.5,0,0,1,-0.51
9108,9,108,11,143.0,8,127.5,0,0,1,-0.51
9109,9,109,11,148.5,8,131.5,0,0,1,-0.51
9110,9,110,11,154.0,8,135.5,0,0,1,-0.51
9111,9,111,12,161.0,8,139.5,0,0,1,-0.52
9112,9,112,12,167.0,8,143.5,0,0,1,-0.52
9113,9,113,13,174.5,8,147.5,0,0,1,-0.53
9114,9,114,13,181.0,8,151.5,0,0,1,-0.53
9115,9,115,13,187.5,8,155.5,0,0,1,-0.53
9116,9,116,13,194.0,8,159.5,0,0,1,-0.53
9117,9,117,13,200.5,8,163.5,0,0,1,-0.53
9118,9,118,13,207.0,8,167.5,0,0,1,-0.53
9119,9,119,13,213.5,8,171.5,0,0,1,-0.53
9120,9,120,13,220.0,8,175.5,0,0,1,-0.53
9121,9,121,13,226.5,8,179.5,0,0,1,-0.53
9122,9,122,13,233.0,8,183.5,0,0,1,-0.53
9123,9,123,13,239.5,8,187.5,0,0,1,-0.53
9124,9,124,13,246.0,8,191.5,0,0,1,-0.53
9125,9,125,13,252.5,8,195.5,0,0,1,-0.53
9126,9,126,13,259.0,8,199.5,0,0,1,-0.53
9127,9,127,13,265.5,8,203.5,0,0,1,-0.53
9128,9,128,13,272.0,8,207.5,0,0,1,-0.53
9129,9,129,13,278.5,8,211.5,0,0,1,-0.53
9130,9,130,14,286.5,8,215.5,0,0,1,-0.54
9131,9,131,15,295.0,8,219.5,0,0,1,-0.55
9132,9,132,16,304.0,8,223.5,0,0,1,-0.56
9133,9,133,16,312.0,8,227.5,0,0,1,-0.56
9134,9,134,16,320.0,8,231.5,0,0,1,-0.56
9135,9,135,16,328.0,8,235.5,0,0,1,-0.56
9136,9,136,16,336.0,8,239.5,0,0,1,-0.56
9137,9,137,16,344.0,8,243.5,0,0,1,-0.56
9138,9,138,17,353.5,8,247.5,0,0,1,-0.5700000000000001
9139,9,139,17,362.0,8,251.5,0,0,2,-0.5700000000000001
9140,9,140,17,370.5,8,255.5,0,0,2,-0.5700000000000001
9141,9,141,17,379.0,8,259.5,0,0,2,-0.5700000000000001
9142,9,142,17,387.5,8,263.5,0,0,2,-0.5700000000000001
9143,9,143,18,397.5,8,267.5,0,0,2,-0.5800000000000001
9144,9,144,18,406.5,8,271.5,0,0,2,-0.5800000000000001
9145,9,145,18,415.5,8,275.5,0,0,2,-0.5800000000000001
9146,9,146,18,424.5,8,279.5,0,0,2,-0.5800000000000001
9147,9,147,18,433.5,8,283.5,0,0,2,-0.5800000000000001
9148,9,148,18,442.5,8,287.5,0,3,2,-0.5800000000000001
9149,9,149,19,453.0,8,291.5,0,0,2,-0.5900000000000001
9150,9,150,19,462.5,8,295.5,0,0,2,-0.5900000000000001
9151,9,151,18,407.0,8,299.5,0,0,3,-0.5800000000000001
9152,9,152,18,416.0,8,303.5,0,0,3,-0.5800000000000001
9153,9,153,19,426.5,8,307.5,0,0,3,-0.5900000000000001
9154,9,154,20,437.5,8,311.5,0,0,3,-0.6000000000000001
9155,9,155,20,447.5,8,315.5,0,0,3,-0.6000000000000001
9156,9,156,20,457.5,8,319.5,0,0,3,-0.6000000000000001
9157,9,157,20,467.5,8,323.5,0,0,3,-0.6000000000000001
9158,9,158,20,477.5,8,327.5,0,0,3,-0.6000000000000001
9159,9,159,21,489.0,8,331.5,0,1,3,-0.61
9160,9,160,22,501.0,8,335.5,0,0,3,-0.62
9161,9,161,23,513.5,8,339.5,0,0,3,-0.63
9162,9,162,24,526.5,8,343.5,0,0,3,-0.64
9163,9,163,25,540.0,8,347.5,0,0,3,-0.65
9164,9,164,30,560.0,8,351.5,0,0,3,-0.7
9165,9,165,30,575.0,8,355.5,0,0,3,-0.7
9166,9,166,31,591.5,8,359.5,0,0,3,-0.71
9167,9,167,31,607.0,8,363.5,0,0,3,-0.71
9168,9,168,33,625.5,8,367.5,0,0,3,-0.73
9169,9,169,33,642.0,8,371.5,0,0,3,-0.73
9170,9,170,34,660.0,8,375.5,0,1,3,-0.74
9171,9,171,35,678.5,8,379.5,0,0,3,-0.75
9172,9,172,35,696.0,8,383.5,0,0,3,-0.75
9173,9,173,36,715.0,8,387.5,0,0,3,-0.76
9174,9,174,38,736.0,8,391.5,0,0,3,-0.78
9175,9,175,38,755.0,8,395.5,0,0,3,-0.78
9176,9,176,38,774.0,8,399.5,0,1,3,-0.78
9177,9,177,37,787.0,8,403.5,0,0,3,-0.77
9178,9,178,37,805.5,8,407.5,0,0,3,-0.77
9179,9,179,38,825.5,8,411.5,0,0,3,-0.78
9180,9,180,38,844.5,8,415.5,0,2,3,-0.78
9181,9,181,38,863.5,8,419.5,0,0,3,-0.78
9182,9,182,38,882.5,8,423.5,0,0,3,-0.78
9183,9,183,39,903.0,8,427.5,0,0,3,-0.79
9184,9,184,40,924.0,8,431.5,0,0,3,-0.8
9185,9,185,40,944.0,8,435.5,0,0,3,-0.8
9186,9,186,44,970.0,8,439.5,0,1,3,-0.8400000000000001
9187,9,187,44,992.0,8,443.5,0,0,3,-0.8400000000000001
9188,9,188,44,1014.0,8,447.5,0,1,3,-0.8400000000000001
9189,9,189,46,1039.0,8,451.5,0,1,3,-0.8600000000000001
9190,9,190,46,1062.0,8,455.5,0,0,3,-0.8600000000000001
9191,9,191,47,1086.5,8,459.5,0,0,3,-0.87
9192,9,192,47,1110.0,8,463.5,0,0,3,-0.87
9193,9,193,47,1133.5,8,467.5,0,0,3,-0.87
9194,9,194,48,1158.5,8,471.5,0,0,3,-0.88
9195,9,195,49,1184.0,8,475.5,0,0,3,-0.89
9196,9,196,49,1208.5,8,479.5,0,0,3,-0.89
9197,9,197,49,1233.0,8,483.5,0,0,3,-0.89
9198,9,198,49,1257.5,8,487.5,0,0,3,-0.89
9199,9,199,50,1283.5,8,491.5,0,0,3,-0.9
9200,9,200,51,1310.0,8,495.5,0,0,3,-0.91
9201,9,201,51,1335.5,8,499.5,0,0,3,-0.91
9202,9,202,51,1361.0,8,503.5,0,0,3,-0.91
9203,9,203,52,1388.0,8,507.5,0,0,3,-0.92
9204,9,204,52,1414.0,8,511.5,0,0,3,-0.92
9205,9,205,52,1440.0,8,515.5,0,0,3,-0.92
9206,9,206,53,1467.5,8,519.5,0,0,3,-0.93
9207,9,207,53,1494.0,8,523.5,0,0,3,-0.93
9208,9,208,53,1520.5,8,527.5,0,0,3,-0.93
9209,9,209,54,1548.5,8,531.5,0,0,3,-0.9400000000000001
9210,9,210,54,1575.5,8,535.5,0,0,3,-0.9400000000000001
9211,9,211,54,1602.5,8,539.5,0,0,4,-0.9400000000000001
9212,9,212,55,1631.0,8,543.5,0,1,4,-0.9500000000000001
9213,9,213,56,1660.0,8,547.5,0,0,4,-0.9600000000000001
9214,9,214,56,1688.0,8,551.5,0,0,4,-0.9600000000000001
9215,9,215,57,1717.5,8,555.5,0,0,4,-0.97
9216,9,216,57,1746.0,8,559.5,0,0,4,-0.97
9217,9,217,57,1774.5,8,563.5,0,0,4,-0.97
9218,9,218,57,1803.0,8,567.5,0,1,4,-0.97
9219,9,219,61,1837.5,8,571.5,0,0,4,-1.01
9220,9,220,62,1869.5,8,575.5,0,0,4,-1.02
9221,9,221,63,1902.0,8,579.5,0,0,4,-1.03
9222,9,222,63,1933.5,8,583.5,0,0,4,-1.03
9223,9,223,57,1620.0,8,587.5,0,0,5,-0.97
9224,9,224,54,1424.5,8,591.5,0,0,5,-0.9400000000000001
9225,9,225,52,1285.0,8,595.5,0,0,5,-0.92
9226,9,226,48,1189.0,8,599.5,0,0,5,-0.88
9227,9,227,47,1189.5,8,603.5,0,0,5,-0.87
9228,9,228,45,1152.0,8,607.5,0,0,5,-0.8500000000000001
9229,9,229,42,1109.0,7,524.0,0,1,5,-0.77
9230,9,230,40,1106.5,7,527.5,0,0,5,-0.75
9231,9,231,40,1106.5,6,455.5,0,1,5,-0.7
9232,9,232,38,1105.5,5,373.5,0,0,5,-0.63
9233,9,233,37,1117.0,3,222.0,0,0,5,-0.52
9234,9,234,37,1135.5,3,223.5,0,0,5,-0.52
9235,9,235,37,1154.0,3,225.0,0,0,5,-0.52
9236,9,236,37,1172.5,3,226.5,0,0,5,-0.52
9237,9,237,37,1191.0,3,228.0,0,0,5,-0.52
9238,9,238,37,1209.5,3,229.5,0,0,5,-0.52
9239,9,239,37,1228.0,3,231.0,0,0,5,-0.52
9240,9,240,37,1246.5,3,232.5,0,0,5,-0.52
9241,9,241,37,1265.0,3,234.0,0,0,5,-0.52
9242,9,242,39,1286.5,3,235.5,0,0,5,-0.54
9243,9,243,39,1306.0,3,237.0,0,0,5,-0.54
9244,9,244,37,1240.0,3,238.5,0,0,5,-0.52
9245,9,245,38,1247.0,3,240.0,0,0,5,-0.53
9246,9,246,37,1257.0,3,241.5,0,0,5,-0.52
9247,9,247,37,1275.5,3,243.0,0,0,5,-0.52
9248,9,248,37,1294.0,3,244.5,0,0,5,-0.52
9249,9,249,37,1312.5,3,246.0,0,0,5,-0.52
9250,9,250,37,1331.0,3,247.5,0,0,5,-0.52
9251,9,251,37,1349.5,3,249.0,0,1,5,-0.52
9252,9,252,37,1368.0,3,250.5,0,0,5,-0.52
9253,9,253,37,1386.5,3,252.0,0,0,5,-0.52
9254,9,254,37,1405.0,3,253.5,0,0,5,-0.52
9255,9,255,38,1425.0,3,255.0,0,0,5,-0.53
9256,9,256,38,1444.0,3,256.5,0,1,5,-0.53
9257,9,257,38,1463.0,3,258.0,0,1,5,-0.53
9258,9,258,38,1482.0,3,259.5,0,0,5,-0.53
9259,9,259,38,1501.0,3,261.0,0,0,5,-0.53
9260,9,260,38,1520.0,3,262.5,0,0,5,-0.53
9261,9,261,38,1539.0,3,264.0,0,0,5,-0.53
9262,9,262,39,1559.5,3,265.5,0,0,5,-0.54
9263,9,263,39,1579.0,3,267.0,0,0,5,-0.54
9264,9,264,40,1600.0,3,268.5,0,0,5,-0.55
9265,9,265,41,1621.5,4,271.5,0,0,5,-0.61
9266,9,266,41,1642.0,4,273.5,0,0,5,-0.61
9267,9,267,41,1662.5,4,275.5,0,0,5,-0.61
9268,9,268,41,1683.0,4,277.5,0,0,5,-0.61
9269,9,269,41,1703.5,4,279.5,0,0,5,-0.61
9270,9,270,42,1725.5,4,281.5,0,0,5,-0.62
9271,9,271,42,1746.5,3,279.0,0,1,5,-0.57
9272,9,272,42,1767.5,3,280.5,0,1,5,-0.57
9273,9,273,40,1590.5,3,282.0,0,0,6,-0.55
9274,9,274,39,1521.0,3,283.5,0,0,6,-0.54
9275,9,275,40,1542.0,4,286.5,0,0,6,-0.6000000000000001
9276,9,276,40,1562.0,4,288.5,0,0,6,-0.6000000000000001
9277,9,277,40,1582.0,4,290.5,0,0,6,-0.6000000000000001
9278,9,278,40,1602.0,4,292.5,0,0,6,-0.6000000000000001
9279,9,279,40,1622.0,4,294.5,0,0,6,-0.6000000000000001
9280,9,280,39,1638.0,4,296.5,0,0,6,-0.5900000000000001
9281,9,281,39,1657.5,4,298.5,0,0,6,-0.5900000000000001
9282,9,282,39,1677.0,4,300.5,0,0,6,-0.5900000000000001
9283,9,283,39,1696.5,5,304.0,0,0,6,-0.64
9284,9,284,39,1716.0,4,304.5,0,0,6,-0.5900000000000001
9285,9,285,39,1735.5,5,308.0,0,0,6,-0.64
9286,9,286,40,1756.5,6,312.0,0,0,6,-0.7
9287,9,287,43,1781.0,7,316.5,0,1,6,-0.78
9288,9,288,44,1804.0,6,318.0,0,0,6,-0.74
9289,9,289,44,1826.0,6,319.5,0,0,6,-0.74
9290,9,290,46,1851.0,6,322.5,0,0,6,-0.76
9291,9,291,46,1874.0,8,328.5,0,0,6,-0.8600000000000001
9292,9,292,46,1896.0,9,334.0,0,0,6,-0.91
9293,9,293,49,1923.5,8,336.0,0,0,6,-0.89
9294,9,294,49,1948.0,8,340.0,0,0,6,-0.89
9295,9,295,49,1972.5,8,344.0,0,0,6,-0.89
9296,9,296,49,1997.0,9,349.5,0,0,6,-0.94
9297,9,297,49,2021.5,10,355.5,0,0,6,-0.99
9298,9,298,49,2046.0,9,358.5,0,0,6,-0.94
9299,9,299,49,2070.5,9,363.0,0,0,6,-0.94
9300,9,300,49,2095.0,9,367.5,0,0,6,-0.94
9301,9,301,50,2121.0,11,375.0,0,0,6,-1.05
9302,9,302,50,2146.0,11,380.0,0,2,6,-1.05
9303,9,303,50,2171.0,11,385.5,0,1,6,-1.05
9304,9,304,51,2197.5,11,391.0,0,0,6,-1.06
9305,9,305,51,2223.0,11,396.5,0,1,6,-1.06
9306,9,306,52,2250.0,11,402.0,0,1,6,-1.07
9307,9,307,52,2276.0,12,409.0,0,0,6,-1.12
9308,9,308,52,2302.0,12,415.0,0,0,6,-1.12
9309,9,309,52,2328.0,12,421.0,0,1,6,-1.12
9310,9,310,52,2354.0,12,427.0,0,0,6,-1.12
9311,9,311,52,2380.0,12,433.0,0,0,6,-1.12
9312,9,312,52,2406.0,12,439.0,0,0,6,-1.12
9313,9,313,52,2432.0,12,445.0,0,1,6,-1.12
9314,9,314,53,2459.5,12,451.0,0,0,6,-1.13
9315,9,315,53,2486.0,12,457.0,0,1,6,-1.13
9316,9,316,53,2512.5,12,463.0,0,2,6,-1.13
9317,9,317,53,2539.0,12,469.0,0,0,6,-1.13
9318,9,318,53,2565.5,12,475.0,0,3,6,-1.13
9319,9,319,53,2592.0,12,481.0,0,0,6,-1.13
9320,9,320,54,2620.0,13,488.5,0,1,6,-1.19
9321,9,321,54,2647.0,13,495.0,0,2,6,-1.19
9322,9,322,54,2674.0,13,501.5,0,0,6,-1.19
9323,9,323,54,2701.0,13,508.0,0,1,6,-1.19
9324,9,324,54,2728.0,13,514.5,0,6,6,-1.19
9325,9,325,54,2755.0,13,521.0,0,0,6,-1.19
9326,9,326,54,2782.0,13,527.5,0,1,6,-1.19
9327,9,327,54,2809.0,13,534.0,0,0,6,-1.19
9328,9,328,54,2836.0,13,540.5,0,0,6,-1.19
9329,9,329,54,2863.0,13,547.0,0,1,6,-1.19
9330,9,330,55,2891.5,13,553.5,0,2,6,-1.2000000000000002
9331,9,331,55,2919.0,13,560.0,0,0,6,-1.2000000000000002
9332,9,332,55,2946.5,13,566.5,0,0,6,-1.2000000000000002
9333,9,333,55,2974.0,13,573.0,0,1,6,-1.2000000000000002
9334,9,334,56,3003.0,13,579.5,0,1,6,-1.21
9335,9,335,56,3031.0,13,586.0,0,1,6,-1.21
9336,9,336,56,3059.0,13,592.5,0,2,6,-1.21
9337,9,337,56,3087.0,13,599.0,0,1,6,-1.21
9338,9,338,56,3115.0,13,605.5,0,0,6,-1.21
9339,9,339,56,3143.0,13,612.0,0,1,6,-1.21
9340,9,340,56,3171.0,13,618.5,0,1,6,-1.21
9341,9,341,57,3200.5,13,625.0,0,2,6,-1.22
9342,9,342,57,3229.0,13,631.5,0,1,6,-1.22
9343,9,343,58,3259.0,13,638.0,0,0,6,-1.23
9344,9,344,58,3288.0,13,644.5,0,2,6,-1.23
9345,9,345,58,3317.0,13,651.0,0,0,6,-1.23
9346,9,346,58,3346.0,13,657.5,0,0,6,-1.23
9347,9,347,58,3375.0,13,664.0,0,0,6,-1.23
9348,9,348,58,3404.0,13,670.5,0,0,6,-1.23
9349,9,349,59,3434.5,13,677.0,0,0,6,-1.24
9350,9,350,59,3464.0,13,683.5,0,0,6,-1.24
9351,9,351,59,3493.5,13,690.0,0,2,6,-1.24
9352,9,352,60,3524.5,14,698.0,0,0,6,-1.2999999999999998
9353,9,353,60,3554.5,14,705.0,0,1,6,-1.2999999999999998
9354,9,354,60,3584.5,14,712.0,0,0,6,-1.2999999999999998
9355,9,355,60,3614.5,14,719.0,0,3,6,-1.2999999999999998
9356,9,356,61,3646.0,14,726.0,0,0,6,-1.31
9357,9,357,61,3676.5,14,733.0,0,0,6,-1.31
9358,9,358,61,3707.0,14,740.0,0,1,6,-1.31
9359,9,359,61,3737.5,14,747.0,0,0,6,-1.31
9360,9,360,62,3769.5,14,754.0,0,0,6,-1.3199999999999998
9361,9,361,62,3800.5,14,761.0,0,2,6,-1.3199999999999998
9362,9,362,62,3831.5,14,768.0,0,1,6,-1.3199999999999998
9363,9,363,62,3862.5,14,775.0,0,2,7,-1.3199999999999998
9364,9,364,65,3898.0,14,782.0,0,0,7,-1.35
9365,9,365,65,3930.5,14,789.0,0,0,7,-1.35
9366,9,366,66,3964.5,14,796.0,0,0,7,-1.3599999999999999
9367,9,367,66,3997.5,14,803.0,0,2,7,-1.3599999999999999
9368,9,368,67,4032.0,14,810.0,0,0,7,-1.37
9369,9,369,67,4065.5,14,817.0,0,0,7,-1.37
9370,9,370,67,4099.0,14,824.0,0,0,7,-1.37
9371,9,371,67,4132.5,14,831.0,0,0,7,-1.37
9372,9,372,68,4167.5,14,838.0,0,1,7,-1.38
9373,9,373,68,4201.5,14,845.0,0,0,7,-1.38
9374,9,374,68,4235.5,14,852.0,0,0,7,-1.38
9375,9,375,66,3973.5,14,859.0,0,0,8,-1.3599999999999999
9376,9,376,65,3790.5,14,866.0,0,0,8,-1.35
9377,9,377,63,3614.0,14,873.0,0,1,8,-1.33
9378,9,378,62,3485.0,14,880.0,0,1,8,-1.3199999999999998
9379,9,379,62,3516.0,14,887.0,0,0,8,-1.3199999999999998
9380,9,380,60,3451.0,14,894.0,0,0,8,-1.2999999999999998
9381,9,381,59,3462.5,14,901.0,0,0,8,-1.29
9382,9,382,59,3492.0,14,908.0,0,0,8,-1.29
9383,9,383,59,3521.5,14,915.0,0,0,8,-1.29
9384,9,384,61,3554.0,14,922.0,0,0,8,-1.31
9385,9,385,61,3584.5,14,929.0,0,0,8,-1.31
9386,9,386,61,3615.0,14,936.0,0,0,8,-1.31
9387,9,387,61,3645.5,14,943.0,0,0,8,-1.31
9388,9,388,61,3676.0,14,950.0,0,1,8,-1.31
9389,9,389,62,3708.0,14,957.0,0,0,8,-1.3199999999999998
9390,9,390,62,3739.0,14,964.0,0,0,8,-1.3199999999999998
9391,9,391,64,3773.0,14,971.0,0,0,8,-1.3399999999999999
9392,9,392,64,3805.0,14,978.0,0,0,8,-1.3399999999999999
9393,9,393,65,3838.5,14,985.0,0,0,8,-1.35
9394,9,394,66,3872.5,14,992.0,0,0,8,-1.3599999999999999
9395,9,395,66,3905.5,14,999.0,0,0,8,-1.3599999999999999
9396,9,396,66,3938.5,14,1006.0,0,0,8,-1.3599999999999999
9397,9,397,66,3971.5,14,1013.0,0,0,8,-1.3599999999999999
9398,9,398,66,4004.5,14,1020.0,0,1,8,-1.3599999999999999
9399,9,399,66,4037.5,14,1027.0,0,1,8,-1.3599999999999999
9400,9,400,66,4070.5,14,1034.0,0,2,8,-1.3599999999999999
9401,9,401,68,4106.5,14,1041.0,0,0,8,-1.38
9402,9,402,69,4142.0,14,1048.0,0,0,8,-1.39
9403,9,403,71,4179.5,14,1055.0,0,0,8,-1.41
9404,9,404,71,4215.0,14,1062.0,0,0,8,-1.41
9405,9,405,71,4250.5,14,1069.0,0,1,8,-1.41
9406,9,406,71,4286.0,14,1076.0,0,0,8,-1.41
9407,9,407,71,4321.5,14,1083.0,0,0,8,-1.41
9408,9,408,71,4357.0,14,1090.0,0,0,8,-1.41
9409,9,409,71,4392.5,14,1097.0,0,2,8,-1.41
9410,9,410,71,4428.0,14,1104.0,0,0,8,-1.41
9411,9,411,73,4466.5,14,1111.0,0,0,8,-1.43
9412,9,412,73,4503.0,14,1118.0,0,0,8,-1.43
9413,9,413,74,4541.0,14,1125.0,0,0,8,-1.44
9414,9,414,74,4578.0,14,1132.0,0,0,8,-1.44
9415,9,415,74,4615.0,14,1139.0,0,0,8,-1.44
9416,9,416,75,4653.5,14,1146.0,0,0,8,-1.45
9417,9,417,75,4691.0,14,1153.0,0,0,8,-1.45
9418,9,418,76,4730.0,14,1160.0,0,0,8,-1.46
9419,9,419,77,4769.5,14,1167.0,0,2,8,-1.47
9420,9,420,77,4808.0,14,1174.0,0,0,8,-1.47
9421,9,421,78,4848.0,14,1181.0,0,0,8,-1.48
9422,9,422,78,4887.0,14,1188.0,0,0,8,-1.48
9423,9,423,79,4927.5,14,1195.0,0,0,8,-1.49
9424,9,424,80,4968.5,14,1202.0,0,0,8,-1.5
9425,9,425,80,5008.5,14,1209.0,0,0,8,-1.5
9426,9,426,80,5048.5,14,1216.0,0,0,8,-1.5
9427,9,427,81,5090.0,14,1223.0,0,0,8,-1.51
9428,9,428,81,5130.5,14,1230.0,0,0,8,-1.51
9429,9,429,81,5171.0,14,1237.0,0,0,8,-1.51
9430,9,430,81,5211.5,14,1244.0,0,2,8,-1.51
9431,9,431,82,5253.5,14,1251.0,0,0,8,-1.52
9432,9,432,82,5294.5,14,1258.0,0,0,8,-1.52
9433,9,433,83,5337.0,14,1265.0,0,0,8,-1.5299999999999998
9434,9,434,83,5378.5,14,1272.0,0,0,8,-1.5299999999999998
9435,9,435,84,5421.5,14,1279.0,0,0,9,-1.54
9436,9,436,84,5463.5,14,1286.0,0,0,9,-1.54
9437,9,437,85,5507.0,14,1293.0,0,0,9,-1.5499999999999998
9438,9,438,85,5549.5,14,1300.0,0,0,9,-1.5499999999999998
9439,9,439,85,5592.0,14,1307.0,0,1,9,-1.5499999999999998
9440,9,440,86,5636.0,14,1314.0,0,0,9,-1.56
9441,9,441,80,4823.5,10,1065.5,0,0,0,-1.3
9442,9,442,76,4317.0,10,1070.5,0,0,0,-1.26
9443,9,443,73,3855.0,10,1075.5,0,0,0,-1.23
9444,9,444,69,3420.5,10,1080.5,0,0,0,-1.19
9445,9,445,69,3455.0,10,1085.5,0,0,0,-1.19
9446,9,446,66,3054.0,10,1090.5,0,0,0,-1.1600000000000001
9447,9,447,63,2696.5,9,1016.5,0,0,0,-1.08
9448,9,448,62,2630.0,8,933.0,0,0,0,-1.02
9449,9,449,60,2408.0,6,780.0,0,0,0,-0.8999999999999999
9450,9,450,56,2127.5,5,710.0,0,0,0,-0.81
9451,9,451,55,2079.0,5,712.5,0,0,0,-0.8
9452,9,452,54,1913.0,5,715.0,0,0,0,-0.79
9453,9,453,51,1689.0,5,717.5,0,0,0,-0.76
9454,9,454,50,1656.5,5,720.0,0,0,0,-0.75
9455,9,455,47,1532.0,5,722.5,0,1,0,-0.72
9456,9,456,43,1390.5,4,540.0,0,0,0,-0.63
9457,9,457,43,1369.5,4,542.0,0,1,0,-0.63
9458,9,458,38,1247.0,4,544.0,0,0,0,-0.5800000000000001
9459,9,459,35,1192.5,3,360.5,0,0,0,-0.5
9460,9,460,34,1196.0,3,362.0,0,0,0,-0.49
9461,9,461,31,1169.0,3,363.5,0,0,0,-0.45999999999999996
9462,9,462,31,1159.0,3,365.0,0,0,0,-0.45999999999999996
9463,9,463,31,1174.5,3,366.5,0,0,0,-0.45999999999999996
9464,9,464,30,1172.0,3,368.0,0,2,0,-0.44999999999999996
9465,9,465,29,1181.5,3,369.5,1,0,0,-0.43999999999999995
9466,9,466,29,1196.0,3,371.0,0,0,0,-0.43999999999999995
9467,9,467,29,1210.5,2,179.5,0,0,0,-0.39
9468,9,468,29,1225.0,3,182.0,0,0,0,-0.43999999999999995
9469,9,469,29,1239.5,2,181.5,0,0,0,-0.39
9470,9,470,29,1254.0,2,182.5,0,0,0,-0.39
9471,9,471,30,1270.0,2,183.5,0,0,0,-0.4
9472,9,472,30,1285.0,2,184.5,0,0,0,-0.4
9473,9,473,30,1300.0,2,185.5,0,0,0,-0.4
9474,9,474,31,1316.5,2,186.5,0,0,0,-0.41000000000000003
9475,9,475,31,1332.0,2,187.5,0,2,0,-0.41000000000000003
9476,9,476,31,1347.5,2,188.5,0,0,0,-0.41000000000000003
9477,9,477,31,1363.0,2,189.5,0,0,0,-0.41000000000000003
9478,9,478,31,1378.5,2,190.5,0,1,0,-0.41000000000000003
9479,9,479,31,1394.0,2,191.5,0,2,0,-0.41000000000000003
9480,9,480,31,1409.5,3,194.0,0,1,0,-0.45999999999999996
9481,9,481,32,1426.5,3,195.0,0,0,0,-0.47
9482,9,482,33,1444.0,3,196.5,0,0,0,-0.48
9483,9,483,33,1460.5,3,198.0,0,0,0,-0.48
9484,9,484,34,1478.5,5,202.5,0,0,0,-0.5900000000000001
9485,9,485,35,1497.0,4,201.5,0,0,0,-0.55
9486,9,486,35,1514.5,5,205.0,0,0,0,-0.6
9487,9,487,35,1532.0,5,207.5,0,1,0,-0.6
9488,9,488,35,1549.5,5,210.0,0,1,0,-0.6
9489,9,489,35,1567.0,5,212.5,0,0,0,-0.6
9490,9,490,35,1584.5,4,210.5,0,0,0,-0.55
9491,9,491,34,1396.5,4,212.5,0,0,1,-0.54
9492,9,492,32,1322.0,4,214.5,0,0,1,-0.52
9493,9,493,32,1338.0,4,216.5,0,0,1,-0.52
9494,9,494,34,1357.0,4,218.5,0,0,1,-0.54
9495,9,495,35,1375.5,5,222.0,0,0,1,-0.6
9496,9,496,35,1393.0,7,227.5,0,1,1,-0.7
9497,9,497,35,1410.5,6,229.0,0,0,1,-0.6499999999999999
9498,9,498,35,1428.0,6,232.0,0,0,1,-0.6499999999999999
9499,9,499,36,1447.0,6,235.0,0,0,1,-0.6599999999999999
9500,9,500,36,1465.0,6,238.0,0,0,1,-0.6599999999999999
9501,9,501,36,1483.0,8,244.0,0,0,1,-0.76
9502,9,502,36,1501.0,7,245.5,0,0,1,-0.71
9503,9,503,37,1509.0,7,249.0,0,0,1,-0.72
9504,9,504,38,1529.0,7,252.5,0,0,1,-0.73
9505,9,505,38,1548.0,8,257.5,0,0,1,-0.78
9506,9,506,38,1567.0,8,261.0,1,0,1,-0.78
9507,9,507,38,1586.0,8,265.0,0,0,1,-0.78
9508,9,508,38,1605.0,8,269.0,0,0,1,-0.78
9509,9,509,39,1625.5,8,273.0,0,0,1,-0.79
9510,9,510,40,1646.5,7,273.5,0,0,1,-0.75
9511,9,511,40,1666.5,7,277.0,1,0,1,-0.75
9512,9,512,40,1686.5,7,280.5,0,1,1,-0.75
9513,9,513,42,1709.5,9,287.0,0,0,1,-0.87
9514,9,514,43,1732.0,7,287.5,0,0,1,-0.78
9515,9,515,43,1753.5,7,291.0,0,0,1,-0.78
9516,9,516,43,1775.0,7,294.5,0,0,1,-0.78
9517,9,517,43,1796.5,7,298.0,0,0,1,-0.78
9518,9,518,43,1818.0,8,303.0,0,0,1,-0.8300000000000001
9519,9,519,43,1839.5,8,307.0,0,0,1,-0.8300000000000001
9520,9,520,43,1861.0,8,311.0,0,0,1,-0.8300000000000001
9521,9,521,43,1882.5,8,315.0,0,2,1,-0.8300000000000001
9522,9,522,44,1905.5,8,319.0,0,0,1,-0.8400000000000001
9523,9,523,45,1929.0,9,324.5,1,0,1,-0.9
9524,9,524,45,1951.5,9,329.0,0,1,1,-0.9
9525,9,525,45,1974.0,9,333.5,0,0,1,-0.9
9526,9,526,45,1996.5,9,338.0,0,0,1,-0.9
9527,9,527,45,2019.0,9,342.5,0,1,1,-0.9
9528,9,528,45,2041.5,9,347.0,0,0,1,-0.9
9529,9,529,45,2064.0,9,351.5,0,0,1,-0.9
9530,9,530,45,2086.5,10,357.5,0,1,1,-0.95
9531,9,531,45,2109.0,10,362.5,0,2,1,-0.95
9532,9,532,45,2131.5,10,367.5,0,0,1,-0.95
9533,9,533,46,2155.5,10,372.5,0,1,1,-0.96
9534,9,534,46,2178.5,11,379.0,0,2,1,-1.01
9535,9,535,46,2201.5,11,384.5,0,0,1,-1.01
9536,9,536,46,2224.5,12,391.5,0,1,1,-1.06
9537,9,537,46,2247.5,12,397.5,0,2,1,-1.06
9538,9,538,46,2270.5,12,403.5,0,0,1,-1.06
9539,9,539,47,2295.0,12,409.5,0,1,1,-1.0699999999999998
9540,9,540,47,2318.5,12,415.5,0,2,1,-1.0699999999999998
9541,9,541,47,2342.0,12,421.5,0,0,1,-1.0699999999999998
9542,9,542,48,2367.0,12,427.5,0,1,1,-1.08
9543,9,543,49,2392.5,12,433.5,0,1,1,-1.0899999999999999
9544,9,544,49,2417.0,12,439.5,0,0,1,-1.0899999999999999
9545,9,545,49,2441.5,12,445.5,0,2,1,-1.0899999999999999
9546,9,546,49,2466.0,12,451.5,0,0,1,-1.0899999999999999
9547,9,547,49,2490.5,12,457.5,0,0,1,-1.0899999999999999
9548,9,548,49,2515.0,12,463.5,0,1,1,-1.0899999999999999
9549,9,549,49,2539.5,12,469.5,0,1,1,-1.0899999999999999
9550,9,550,49,2564.0,12,475.5,0,1,1,-1.0899999999999999
9551,9,551,49,2588.5,12,481.5,0,2,1,-1.0899999999999999
9552,9,552,49,2613.0,12,487.5,0,1,1,-1.0899999999999999
9553,9,553,49,2637.5,12,493.5,0,2,1,-1.0899999999999999
9554,9,554,49,2662.0,12,499.5,0,1,1,-1.0899999999999999
9555,9,555,49,2686.5,12,505.5,0,2,1,-1.0899999999999999
9556,9,556,49,2711.0,12,511.5,0,1,1,-1.0899999999999999
9557,9,557,51,2738.5,12,517.5,0,2,1,-1.1099999999999999
9558,9,558,51,2764.0,12,523.5,0,1,1,-1.1099999999999999
9559,9,559,51,2789.5,12,529.5,0,0,1,-1.1099999999999999
9560,9,560,52,2816.5,12,535.5,0,0,1,-1.12
9561,9,561,52,2842.5,12,541.5,0,1,1,-1.12
9562,9,562,52,2868.5,12,547.5,0,0,1,-1.12
9563,9,563,53,2896.0,12,553.5,0,1,1,-1.13
9564,9,564,55,2925.5,12,559.5,0,1,1,-1.15
9565,9,565,55,2953.0,12,565.5,0,1,1,-1.15
9566,9,566,55,2980.5,12,571.5,0,0,1,-1.15
9567,9,567,56,3009.5,12,577.5,0,2,1,-1.1600000000000001
9568,9,568,57,3039.0,12,583.5,0,1,1,-1.17
9569,9,569,59,3070.5,12,589.5,0,2,1,-1.19
9570,9,570,60,3101.5,12,595.5,0,2,1,-1.2
9571,9,571,60,3131.5,12,601.5,0,0,1,-1.2
9572,9,572,60,3161.5,12,607.5,0,1,1,-1.2
9573,9,573,60,3191.5,13,615.0,0,2,1,-1.25
9574,9,574,60,3221.5,12,619.5,1,1,1,-1.2
9575,9,575,60,3251.5,12,625.5,0,0,1,-1.2
9576,9,576,60,3281.5,12,631.5,0,1,1,-1.2
9577,9,577,60,3311.5,13,639.0,0,2,1,-1.25
9578,9,578,60,3341.5,13,645.5,0,0,1,-1.25
9579,9,579,60,3371.5,13,652.0,0,2,1,-1.25
9580,9,580,61,3403.0,13,658.5,0,1,1,-1.26
9581,9,581,61,3433.5,13,665.0,0,1,2,-1.26
9582,9,582,61,3464.0,13,671.5,0,2,2,-1.26
9583,9,583,61,3494.5,13,678.0,0,1,2,-1.26
9584,9,584,61,3525.0,13,684.5,0,2,2,-1.26
9585,9,585,61,3555.5,13,691.0,0,0,2,-1.26
9586,9,586,61,3586.0,13,697.5,0,1,2,-1.26
9587,9,587,61,3616.5,13,704.0,0,3,2,-1.26
9588,9,588,61,3647.0,13,710.5,0,0,2,-1.26
9589,9,589,63,3680.5,13,717.0,0,1,2,-1.28
9590,9,590,64,3713.5,13,723.5,0,2,2,-1.29
9591,9,591,64,3745.5,13,730.0,0,1,2,-1.29
9592,9,592,65,3779.0,14,738.0,0,0,2,-1.35
9593,9,593,63,3471.5,14,745.0,0,4,3,-1.33
9594,9,594,62,3238.0,14,752.0,0,1,3,-1.3199999999999998
9595,9,595,59,2913.5,14,759.0,0,0,3,-1.29
9596,9,596,56,2697.0,14,766.0,0,2,3,-1.26
9597,9,597,55,2637.0,14,773.0,0,2,3,-1.25
9598,9,598,54,2594.5,14,780.0,0,1,3,-1.24
9599,9,599,54,2522.0,14,787.0,0,1,3,-1.24
9600,9,600,53,2473.5,14,794.0,0,1,3,-1.23
9601,9,601,53,2500.0,14,801.0,0,0,3,-1.23
9602,9,602,54,2464.0,14,808.0,0,2,3,-1.24
9603,9,603,53,2435.0,14,815.0,0,0,3,-1.23
9604,9,604,54,2463.0,14,822.0,0,0,3,-1.24
9605,9,605,53,2438.0,14,829.0,0,0,3,-1.23
9606,9,606,52,2421.5,14,836.0,0,0,3,-1.22
9607,9,607,52,2447.5,14,843.0,0,2,3,-1.22
9608,9,608,52,2441.0,14,850.0,0,0,3,-1.22
9609,9,609,52,2467.0,14,857.0,0,0,3,-1.22
9610,9,610,52,2478.0,14,864.0,0,0,3,-1.22
9611,9,611,53,2495.0,14,871.0,0,0,3,-1.23
9612,9,612,53,2521.5,14,878.0,0,0,3,-1.23
9613,9,613,53,2538.5,14,885.0,0,0,3,-1.23
9614,9,614,54,2566.5,14,892.0,0,0,3,-1.24
9615,9,615,54,2593.5,14,899.0,0,0,3,-1.24
9616,9,616,54,2620.5,14,906.0,0,0,3,-1.24
9617,9,617,55,2649.0,14,913.0,0,2,3,-1.25
9618,9,618,56,2678.0,14,920.0,0,2,3,-1.26
9619,9,619,57,2707.5,14,927.0,0,0,3,-1.27
9620,9,620,57,2736.0,14,934.0,0,0,3,-1.27
9621,9,621,57,2764.5,14,941.0,0,0,3,-1.27
9622,9,622,60,2797.5,14,948.0,1,0,3,-1.2999999999999998
9623,9,623,60,2827.5,14,955.0,1,0,3,-1.2999999999999998
9624,9,624,61,2859.0,14,962.0,0,0,3,-1.31
9625,9,625,62,2891.0,14,969.0,0,0,3,-1.3199999999999998
9626,9,626,63,2923.5,14,976.0,0,0,3,-1.33
9627,9,627,63,2955.0,14,983.0,0,0,3,-1.33
9628,9,628,63,2986.5,14,990.0,0,1,3,-1.33
9629,9,629,65,3021.0,14,997.0,0,0,3,-1.35
9630,9,630,65,3053.5,14,1004.0,0,0,3,-1.35
9631,9,631,66,3087.5,14,1011.0,0,0,3,-1.3599999999999999
9632,9,632,66,3120.5,14,1018.0,0,0,3,-1.3599999999999999
9633,9,633,67,3155.0,14,1025.0,1,0,3,-1.37
9634,9,634,67,3188.5,14,1032.0,0,0,3,-1.37
9635,9,635,70,3226.5,14,1039.0,0,0,3,-1.4
9636,9,636,72,3264.5,14,1046.0,0,0,3,-1.42
9637,9,637,73,3302.0,14,1053.0,0,0,3,-1.43
9638,9,638,74,3340.0,14,1060.0,0,1,3,-1.44
9639,9,639,74,3377.0,14,1067.0,0,0,3,-1.44
9640,9,640,75,3415.5,14,1074.0,0,0,3,-1.45
9641,9,641,74,3416.5,14,1081.0,1,0,3,-1.44
9642,9,642,73,3436.5,14,1088.0,0,0,3,-1.43
9643,9,643,72,3457.0,14,1095.0,0,0,3,-1.42
9644,9,644,74,3482.5,14,1102.0,0,0,3,-1.44
9645,9,645,74,3519.5,14,1109.0,0,1,3,-1.44
9646,9,646,74,3543.0,14,1116.0,0,0,3,-1.44
9647,9,647,74,3567.5,14,1123.0,0,0,3,-1.44
9648,9,648,73,3591.0,14,1130.0,0,1,3,-1.43
9649,9,649,73,3627.5,14,1137.0,0,1,3,-1.43
9650,9,650,73,3652.0,14,1144.0,0,0,3,-1.43
9651,9,651,74,3690.0,14,1151.0,0,0,3,-1.44
9652,9,652,74,3715.5,14,1158.0,0,0,3,-1.44
9653,9,653,74,3741.5,14,1165.0,0,0,4,-1.44
9654,9,654,74,3778.5,14,1172.0,0,0,4,-1.44
9655,9,655,73,3803.0,14,1179.0,0,1,4,-1.43
9656,9,656,73,3829.5,14,1186.0,0,0,4,-1.43
9657,9,657,73,3866.0,14,1193.0,0,0,4,-1.43
9658,9,658,72,3891.0,14,1200.0,1,0,4,-1.42
9659,9,659,73,3928.5,14,1207.0,0,0,4,-1.43
9660,9,660,73,3955.0,14,1214.0,0,0,4,-1.43
9661,9,661,76,3996.0,14,1221.0,0,0,4,-1.46
9662,9,662,76,4025.0,14,1228.0,0,0,4,-1.46
9663,9,663,76,4057.5,14,1235.0,0,0,4,-1.46
9664,9,664,76,4095.5,15,1243.5,0,0,4,-1.51
9665,9,665,71,3596.0,11,976.5,0,0,5,-1.26
9666,9,666,68,3230.5,11,982.0,0,0,5,-1.23
9667,9,667,64,2899.0,10,948.5,0,0,5,-1.1400000000000001
9668,9,668,61,2588.5,9,906.5,0,0,5,-1.06
9669,9,669,61,2619.0,9,911.0,0,0,5,-1.06
9670,9,670,58,2341.5,9,915.5,0,0,5,-1.03
9671,9,671,54,2090.0,9,920.0,0,0,5,-0.99
9672,9,672,54,2019.0,9,924.5,0,0,5,-0.99
9673,9,673,52,1885.0,7,652.5,0,1,5,-0.87
9674,9,674,48,1682.5,6,649.5,0,0,5,-0.78
9675,9,675,47,1620.5,6,652.5,0,0,5,-0.77
9676,9,676,45,1530.5,6,655.5,0,0,5,-0.75
9677,9,677,42,1387.5,6,658.5,0,0,5,-0.72
9678,9,678,40,1343.5,7,663.0,0,0,5,-0.75
9679,9,679,40,1287.5,7,666.5,0,0,5,-0.75
9680,9,680,37,1200.0,7,670.0,0,0,5,-0.72
9681,9,681,37,1216.5,6,668.0,0,0,5,-0.6699999999999999
9682,9,682,35,1158.5,6,671.0,0,2,5,-0.6499999999999999
9683,9,683,33,1130.5,8,677.0,0,0,5,-0.73
9684,9,684,34,1147.0,4,280.5,0,1,5,-0.54
9685,9,685,33,1134.5,4,282.5,0,0,5,-0.53
9686,9,686,32,1129.0,4,284.5,0,0,5,-0.52
9687,9,687,31,1143.0,4,282.0,0,1,5,-0.51
9688,9,688,30,1143.5,4,284.0,0,0,5,-0.5
9689,9,689,29,1152.0,5,287.5,0,0,5,-0.54
9690,9,690,30,1168.0,4,288.0,0,1,5,-0.5
9691,9,691,30,1182.5,4,290.0,0,0,5,-0.5
9692,9,692,30,1197.5,4,292.0,0,0,5,-0.5
9693,9,693,31,1214.0,5,295.5,0,0,5,-0.56
9694,9,694,31,1229.5,5,298.0,0,0,5,-0.56
9695,9,695,31,1245.0,5,300.5,0,0,5,-0.56
9696,9,696,31,1260.5,5,303.0,0,1,5,-0.56
9697,9,697,31,1276.0,5,305.5,0,0,5,-0.56
9698,9,698,31,1291.5,5,308.0,0,1,5,-0.56
9699,9,699,31,1307.0,6,312.0,0,1,5,-0.61
9700,9,700,31,1322.5,6,315.0,0,0,5,-0.61
9701,9,701,31,1338.0,6,318.0,0,0,5,-0.61
9702,9,702,31,1353.5,6,321.0,0,1,5,-0.61
9703,9,703,34,1373.5,6,324.0,0,0,5,-0.64
9704,9,704,34,1390.5,6,327.0,0,0,5,-0.64
9705,9,705,36,1410.5,6,330.0,0,0,5,-0.6599999999999999
9706,9,706,36,1428.5,6,333.0,0,0,5,-0.6599999999999999
9707,9,707,36,1446.5,6,336.0,0,0,5,-0.6599999999999999
9708,9,708,36,1464.5,5,333.0,0,0,5,-0.61
9709,9,709,38,1485.5,5,335.5,0,3,5,-0.63
9710,9,710,39,1506.0,5,338.0,0,0,5,-0.64
9711,9,711,40,1527.0,5,340.5,0,0,5,-0.65
9712,9,712,41,1548.5,5,343.0,0,0,5,-0.6599999999999999
9713,9,713,43,1572.0,5,345.5,0,0,5,-0.6799999999999999
9714,9,714,43,1593.5,5,348.0,0,0,5,-0.6799999999999999
9715,9,715,41,1400.0,5,350.5,0,0,6,-0.6599999999999999
9716,9,716,39,1307.5,5,353.0,0,0,6,-0.64
9717,9,717,37,1312.0,5,355.5,0,0,6,-0.62
9718,9,718,37,1330.5,5,358.0,0,0,6,-0.62
9719,9,719,37,1349.0,5,360.5,0,0,6,-0.62
9720,9,720,37,1367.5,5,363.0,0,1,6,-0.62
9721,9,721,38,1387.5,5,365.5,0,0,6,-0.63
9722,9,722,40,1409.5,5,368.0,0,1,6,-0.65
9723,9,723,40,1429.5,5,370.5,0,0,6,-0.65
9724,9,724,40,1449.5,5,373.0,0,0,6,-0.65
9725,9,725,40,1469.5,5,375.5,0,2,6,-0.65
9726,9,726,40,1489.5,5,378.0,0,0,6,-0.65
9727,9,727,40,1509.5,5,380.5,0,0,6,-0.65
9728,9,728,40,1529.5,5,383.0,0,0,6,-0.65
9729,9,729,40,1549.5,5,385.5,0,0,6,-0.65
9730,9,730,40,1569.5,5,388.0,0,0,6,-0.65
9731,9,731,40,1589.5,5,390.5,0,0,6,-0.65
9732,9,732,40,1609.5,5,393.0,0,0,6,-0.65
9733,9,733,41,1631.0,5,395.5,0,0,6,-0.6599999999999999
9734,9,734,41,1651.5,5,398.0,0,0,6,-0.6599999999999999
9735,9,735,41,1672.0,5,400.5,0,0,6,-0.6599999999999999
9736,9,736,41,1692.5,5,403.0,0,0,6,-0.6599999999999999
9737,9,737,41,1713.0,5,405.5,0,0,6,-0.6599999999999999
9738,9,738,42,1735.0,5,408.0,0,0,6,-0.6699999999999999
9739,9,739,42,1756.0,5,410.5,0,0,6,-0.6699999999999999
9740,9,740,42,1777.0,5,413.0,0,0,6,-0.6699999999999999
9741,9,741,42,1798.0,5,415.5,0,0,6,-0.6699999999999999
9742,9,742,44,1822.0,5,418.0,0,0,6,-0.69
9743,9,743,44,1844.0,5,420.5,0,0,6,-0.69
9744,9,744,44,1866.0,5,423.0,0,0,6,-0.69
9745,9,745,44,1888.0,6,427.0,0,3,6,-0.74
9746,9,746,44,1910.0,6,430.0,0,0,6,-0.74
9747,9,747,44,1932.0,7,434.5,0,0,6,-0.79
9748,9,748,44,1954.0,7,438.0,0,2,6,-0.79
9749,9,749,44,1976.0,7,441.5,0,0,6,-0.79
9750,9,750,44,1998.0,7,445.0,0,0,6,-0.79
9751,9,751,44,2020.0,7,448.5,0,1,6,-0.79
9752,9,752,44,2042.0,7,452.0,0,0,6,-0.79
9753,9,753,44,2064.0,7,455.5,0,0,6,-0.79
9754,9,754,44,2086.0,7,459.0,0,1,6,-0.79
9755,9,755,44,2108.0,7,462.5,0,1,6,-0.79
9756,9,756,44,2130.0,7,466.0,0,0,6,-0.79
9757,9,757,44,2152.0,7,469.5,0,1,6,-0.79
9758,9,758,44,2174.0,7,473.0,0,2,6,-0.79
9759,9,759,45,2197.5,7,476.5,0,0,6,-0.8
9760,9,760,46,2221.5,7,480.0,0,2,6,-0.81
9761,9,761,46,2244.5,8,485.0,0,1,6,-0.8600000000000001
9762,9,762,46,2267.5,8,489.0,0,0,6,-0.8600000000000001
9763,9,763,47,2292.0,8,493.0,0,1,6,-0.87
9764,9,764,47,2315.5,9,498.5,0,1,6,-0.9199999999999999
9765,9,765,47,2339.0,9,503.0,0,0,6,-0.9199999999999999
9766,9,766,47,2362.5,9,507.5,0,2,6,-0.9199999999999999
9767,9,767,47,2386.0,9,512.0,0,1,6,-0.9199999999999999
9768,9,768,48,2411.0,9,516.5,0,0,6,-0.9299999999999999
9769,9,769,48,2435.0,9,521.0,0,3,6,-0.9299999999999999
9770,9,770,48,2459.0,9,525.5,0,0,6,-0.9299999999999999
9771,9,771,48,2483.0,9,530.0,0,1,6,-0.9299999999999999
9772,9,772,50,2510.0,10,536.0,0,1,6,-1.0
9773,9,773,51,2536.5,10,541.0,0,1,6,-1.01
9774,9,774,51,2562.0,10,546.0,0,1,6,-1.01
9775,9,775,51,2587.5,10,551.0,0,1,6,-1.01
9776,9,776,51,2613.0,10,556.0,0,0,6,-1.01
9777,9,777,51,2638.5,10,561.0,0,1,6,-1.01
9778,9,778,52,2665.5,10,566.0,0,2,6,-1.02
9779,9,779,52,2691.5,10,571.0,0,2,6,-1.02
9780,9,780,52,2717.5,10,576.0,0,0,6,-1.02
9781,9,781,52,2743.5,10,581.0,0,1,6,-1.02
9782,9,782,52,2769.5,10,586.0,0,2,6,-1.02
9783,9,783,52,2795.5,10,591.0,0,1,6,-1.02
9784,9,784,53,2823.0,10,596.0,0,0,6,-1.03
9785,9,785,54,2851.0,10,601.0,0,2,6,-1.04
9786,9,786,54,2878.0,10,606.0,0,1,6,-1.04
9787,9,787,54,2905.0,10,611.0,0,0,6,-1.04
9788,9,788,55,2933.5,10,616.0,0,1,6,-1.05
9789,9,789,55,2961.0,10,621.0,0,3,6,-1.05
9790,9,790,56,2990.0,10,626.0,0,0,6,-1.06
9791,9,791,56,3018.0,10,631.0,0,1,6,-1.06
9792,9,792,56,3046.0,10,636.0,0,2,6,-1.06
9793,9,793,56,3074.0,10,641.0,0,0,6,-1.06
9794,9,794,56,3102.0,10,646.0,0,1,6,-1.06
9795,9,795,56,3130.0,10,651.0,0,1,6,-1.06
9796,9,796,56,3158.0,10,656.0,0,1,6,-1.06
9797,9,797,56,3186.0,10,661.0,0,1,6,-1.06
9798,9,798,57,3215.5,10,666.0,0,1,6,-1.0699999999999998
9799,9,799,58,3245.5,10,671.0,0,0,6,-1.08
9800,9,800,58,3274.5,10,676.0,0,1,6,-1.08
9801,9,801,59,3305.0,10,681.0,0,3,6,-1.0899999999999999
9802,9,802,59,3334.5,10,686.0,0,1,6,-1.0899999999999999
9803,9,803,59,3364.0,10,691.0,0,0,6,-1.0899999999999999
9804,9,804,59,3393.5,10,696.0,0,4,6,-1.0899999999999999
9805,9,805,59,3423.0,10,701.0,0,1,7,-1.0899999999999999
9806,9,806,59,3452.5,10,706.0,0,1,7,-1.0899999999999999
9807,9,807,59,3482.0,10,711.0,0,1,7,-1.0899999999999999
9808,9,808,59,3511.5,10,716.0,0,3,7,-1.0899999999999999
9809,9,809,59,3541.0,10,721.0,0,0,7,-1.0899999999999999
9810,9,810,60,3572.0,10,726.0,0,1,7,-1.1
9811,9,811,62,3605.0,10,731.0,0,2,7,-1.12
9812,9,812,63,3637.5,10,736.0,0,0,7,-1.13
9813,9,813,63,3669.0,10,741.0,1,2,7,-1.13
9814,9,814,63,3700.5,10,746.0,0,0,7,-1.13
9815,9,815,63,3732.0,10,751.0,0,0,7,-1.13
9816,9,816,63,3763.5,10,756.0,0,2,7,-1.13
9817,9,817,61,3487.0,10,761.0,0,1,8,-1.1099999999999999
9818,9,818,62,3268.5,10,766.0,0,0,8,-1.12
9819,9,819,60,3113.0,10,771.0,0,1,8,-1.1
9820,9,820,60,3089.0,10,776.0,0,0,8,-1.1
9821,9,821,60,3060.0,10,781.0,0,0,8,-1.1
9822,9,822,58,3037.5,10,786.0,0,1,8,-1.08
9823,9,823,58,3066.5,10,791.0,0,2,8,-1.08
9824,9,824,58,3095.5,10,796.0,0,0,8,-1.08
9825,9,825,58,3124.5,10,801.0,0,0,8,-1.08
9826,9,826,58,3153.5,10,806.0,0,1,8,-1.08
9827,9,827,58,3182.5,10,811.0,0,1,8,-1.08
9828,9,828,60,3214.5,10,816.0,0,0,8,-1.1
9829,9,829,60,3244.5,10,821.0,0,1,8,-1.1
9830,9,830,60,3274.5,10,826.0,0,0,8,-1.1
9831,9,831,60,3304.5,10,831.0,0,0,8,-1.1
9832,9,832,60,3334.5,10,836.0,0,0,8,-1.1
9833,9,833,60,3364.5,10,841.0,0,0,8,-1.1
9834,9,834,60,3394.5,10,846.0,0,0,8,-1.1
9835,9,835,60,3424.5,10,851.0,0,0,8,-1.1
9836,9,836,60,3454.5,10,856.0,0,0,8,-1.1
9837,9,837,60,3484.5,10,861.0,0,0,8,-1.1
9838,9,838,62,3517.5,10,866.0,0,0,8,-1.12
9839,9,839,62,3548.5,10,871.0,0,0,8,-1.12
9840,9,840,62,3579.5,10,876.0,0,0,8,-1.12
9841,9,841,63,3612.0,10,881.0,0,0,8,-1.13
9842,9,842,65,3646.5,10,886.0,0,2,8,-1.15
9843,9,843,65,3679.0,10,891.0,0,1,8,-1.15
9844,9,844,65,3711.5,10,896.0,0,0,8,-1.15
9845,9,845,65,3744.0,10,901.0,0,0,8,-1.15
9846,9,846,65,3776.5,10,906.0,1,2,8,-1.15
9847,9,847,66,3810.5,10,911.0,0,0,8,-1.1600000000000001
9848,9,848,66,3843.5,10,916.0,0,0,8,-1.1600000000000001
9849,9,849,66,3876.5,10,921.0,0,0,8,-1.1600000000000001
9850,9,850,67,3911.0,10,926.0,0,0,8,-1.17
9851,9,851,69,3947.5,10,931.0,1,0,8,-1.19
9852,9,852,71,3985.0,10,936.0,0,0,8,-1.21
9853,9,853,71,4020.5,10,941.0,1,1,8,-1.21
9854,9,854,71,4056.0,10,946.0,0,0,8,-1.21
9855,9,855,71,4091.5,10,951.0,0,0,8,-1.21
9856,9,856,71,4127.0,10,956.0,0,0,8,-1.21
9857,9,857,71,4162.5,10,961.0,0,1,8,-1.21
9858,9,858,71,4198.0,10,966.0,0,1,8,-1.21
9859,9,859,71,4233.5,10,971.0,0,0,8,-1.21
9860,9,860,72,4270.5,10,976.0,0,0,8,-1.22
9861,9,861,73,4308.0,10,981.0,0,0,8,-1.23
9862,9,862,73,4344.5,10,986.0,0,0,8,-1.23
9863,9,863,73,4381.0,10,991.0,0,0,8,-1.23
9864,9,864,74,4419.0,10,996.0,0,0,8,-1.24
9865,9,865,74,4456.0,10,1001.0,0,0,8,-1.24
9866,9,866,74,4493.0,10,1006.0,0,0,8,-1.24
9867,9,867,74,4530.0,10,1011.0,0,1,8,-1.24
9868,9,868,74,4567.0,10,1016.0,1,0,8,-1.24
9869,9,869,74,4604.0,10,1021.0,0,0,8,-1.24
9870,9,870,75,4642.5,10,1026.0,1,0,8,-1.25
9871,9,871,77,4683.0,10,1031.0,0,0,8,-1.27
9872,9,872,77,4721.5,11,1037.5,0,0,8,-1.32
9873,9,873,78,4761.5,11,1043.0,0,0,8,-1.33
9874,9,874,79,4802.0,11,1048.5,0,0,8,-1.34
9875,9,875,79,4841.5,11,1054.0,0,1,8,-1.34
9876,9,876,79,4881.0,13,1062.5,0,0,8,-1.44
9877,9,877,79,4920.5,13,1069.0,1,1,9,-1.44
9878,9,878,79,4960.0,13,1075.5,0,0,9,-1.44
9879,9,879,79,4999.5,13,1082.0,0,1,9,-1.44
9880,9,880,80,5040.5,13,1088.5,0,0,9,-1.4500000000000002
9881,9,881,81,5082.0,14,1096.5,0,1,9,-1.51
9882,9,882,81,5122.5,14,1103.5,0,0,9,-1.51
9883,9,883,78,4580.5,11,861.0,0,0,0,-1.33
9884,9,884,75,4093.0,11,866.5,0,1,0,-1.3
9885,9,885,71,3636.5,10,801.5,0,0,0,-1.21
9886,9,886,67,3221.5,10,806.5,0,0,0,-1.17
9887,9,887,68,3256.5,9,710.0,0,0,0,-1.1300000000000001
9888,9,888,64,2877.5,10,716.0,0,0,0,-1.1400000000000001
9889,9,889,60,2533.0,10,721.0,0,0,0,-1.1
9890,9,890,58,2221.0,10,726.0,0,0,0,-1.08
9891,9,891,59,2251.5,8,625.0,0,0,0,-0.99
9892,9,892,55,1969.0,8,623.5,0,0,0,-0.9500000000000001
9893,9,893,52,1732.5,9,629.0,0,0,0,-0.97
9894,9,894,52,1758.5,7,610.5,0,0,0,-0.87
9895,9,895,48,1549.5,7,614.0,0,0,0,-0.83
9896,9,896,45,1422.5,4,420.5,1,1,0,-0.65
9897,9,897,44,1405.0,4,422.5,0,1,0,-0.64
9898,9,898,40,1272.5,4,424.5,0,0,0,-0.6000000000000001
9899,9,899,37,1181.0,4,426.5,0,0,0,-0.5700000000000001
9900,9,900,37,1179.5,4,428.5,0,1,0,-0.5700000000000001
9901,9,901,34,1106.5,4,430.5,0,0,0,-0.54
9902,9,902,34,1123.5,4,432.5,0,0,0,-0.54
9903,9,903,31,1082.0,3,229.5,0,1,0,-0.45999999999999996
9904,9,904,30,1068.0,3,231.0,0,0,0,-0.44999999999999996
9905,9,905,30,1083.0,3,232.5,0,1,0,-0.44999999999999996
9906,9,906,28,1084.5,3,234.0,0,0,0,-0.43000000000000005
9907,9,907,28,1098.5,3,235.5,0,0,0,-0.43000000000000005
9908,9,908,28,1112.5,2,29.0,0,0,0,-0.38
9909,9,909,28,1126.5,2,30.0,0,1,0,-0.38
9910,9,910,30,1143.5,2,31.0,0,0,0,-0.4
9911,9,911,30,1158.5,2,32.0,0,1,0,-0.4
9912,9,912,32,1176.5,2,33.0,0,0,0,-0.42000000000000004
9913,9,913,34,1195.5,2,34.0,0,0,0,-0.44000000000000006
9914,9,914,35,1214.0,2,35.0,0,2,0,-0.44999999999999996
9915,9,915,35,1231.5,2,36.0,0,0,0,-0.44999999999999996
9916,9,916,35,1249.0,2,37.0,0,0,0,-0.44999999999999996
9917,9,917,35,1266.5,2,38.0,0,2,0,-0.44999999999999996
9918,9,918,35,1284.0,2,39.0,0,0,0,-0.44999999999999996
9919,9,919,35,1301.5,2,40.0,0,0,0,-0.44999999999999996
9920,9,920,35,1319.0,2,41.0,0,0,0,-0.44999999999999996
9921,9,921,35,1336.5,2,42.0,0,0,0,-0.44999999999999996
9922,9,922,35,1354.0,2,43.0,0,0,0,-0.44999999999999996
9923,9,923,35,1371.5,2,44.0,0,0,0,-0.44999999999999996
9924,9,924,36,1390.5,2,45.0,0,0,0,-0.45999999999999996
9925,9,925,36,1408.5,2,46.0,0,0,0,-0.45999999999999996
9926,9,926,36,1426.5,2,47.0,0,0,0,-0.45999999999999996
9927,9,927,37,1446.0,2,48.0,0,0,0,-0.47
9928,9,928,37,1464.5,2,49.0,0,1,0,-0.47
9929,9,929,38,1484.5,2,50.0,0,0,0,-0.48
9930,9,930,38,1503.5,2,51.0,1,0,0,-0.48
9931,9,931,40,1525.5,2,52.0,2,0,0,-0.5
9932,9,932,40,1545.5,2,53.0,0,0,0,-0.5
9933,9,933,39,1343.5,2,54.0,0,0,1,-0.49
9934,9,934,37,1236.5,2,55.0,0,0,1,-0.47
9935,9,935,35,1230.5,2,56.0,0,0,1,-0.44999999999999996
9936,9,936,35,1248.0,2,57.0,0,0,1,-0.44999999999999996
9937,9,937,35,1265.5,2,58.0,0,0,1,-0.44999999999999996
9938,9,938,35,1283.0,2,59.0,0,0,1,-0.44999999999999996
9939,9,939,35,1300.5,2,60.0,0,0,1,-0.44999999999999996
9940,9,940,36,1319.5,2,61.0,0,0,1,-0.45999999999999996
9941,9,941,38,1340.5,2,62.0,0,0,1,-0.48
9942,9,942,39,1361.0,2,63.0,0,0,1,-0.49
9943,9,943,40,1382.0,2,64.0,0,0,1,-0.5
9944,9,944,41,1403.5,2,65.0,0,0,1,-0.51
9945,9,945,41,1424.0,2,66.0,0,0,1,-0.51
9946,9,946,39,1436.5,2,67.0,0,0,1,-0.49
9947,9,947,37,1449.5,2,68.0,0,0,1,-0.47
9948,9,948,37,1468.0,2,69.0,0,0,1,-0.47
9949,9,949,39,1489.5,2,70.0,0,0,1,-0.49
9950,9,950,39,1509.0,2,71.0,0,1,1,-0.49
9951,9,951,40,1530.0,2,72.0,0,0,1,-0.5
9952,9,952,40,1550.0,2,73.0,0,0,1,-0.5
9953,9,953,40,1570.0,2,74.0,0,0,1,-0.5
9954,9,954,40,1590.0,2,75.0,0,0,1,-0.5
9955,9,955,40,1610.0,2,76.0,0,0,1,-0.5
9956,9,956,41,1631.5,2,77.0,1,0,1,-0.51
9957,9,957,41,1652.0,2,78.0,0,0,1,-0.51
9958,9,958,42,1674.0,2,79.0,0,0,1,-0.52
9959,9,959,42,1695.0,2,80.0,0,0,1,-0.52
9960,9,960,42,1716.0,2,81.0,0,0,1,-0.52
9961,9,961,42,1737.0,2,82.0,0,0,1,-0.52
9962,9,962,44,1761.0,2,83.0,0,0,1,-0.54
9963,9,963,44,1783.0,2,84.0,0,4,1,-0.54
9964,9,964,44,1805.0,2,85.0,0,0,1,-0.54
9965,9,965,44,1827.0,2,86.0,0,0,1,-0.54
9966,9,966,44,1849.0,2,87.0,0,3,1,-0.54
9967,9,967,44,1871.0,3,89.5,0,0,1,-0.59
9968,9,968,44,1893.0,3,91.0,0,0,1,-0.59
9969,9,969,44,1915.0,3,92.5,0,3,1,-0.59
9970,9,970,45,1938.5,4,95.5,0,0,1,-0.65
9971,9,971,46,1962.5,4,97.5,0,0,1,-0.66
9972,9,972,46,1985.5,4,99.5,0,1,1,-0.66
9973,9,973,46,2008.5,4,101.5,0,0,1,-0.66
9974,9,974,46,2031.5,4,103.5,0,0,1,-0.66
9975,9,975,46,2054.5,4,105.5,0,1,1,-0.66
9976,9,976,46,2077.5,4,107.5,0,1,1,-0.66
9977,9,977,46,2100.5,5,111.0,0,0,1,-0.71
9978,9,978,46,2123.5,5,113.5,0,1,1,-0.71
9979,9,979,46,2146.5,6,117.5,0,1,1,-0.76
9980,9,980,48,2172.5,6,120.5,0,2,1,-0.78
9981,9,981,48,2196.5,6,123.5,0,0,1,-0.78
9982,9,982,48,2220.5,6,126.5,0,1,1,-0.78
9983,9,983,48,2244.5,6,129.5,0,1,1,-0.78
9984,9,984,50,2271.5,6,132.5,0,0,1,-0.8
9985,9,985,50,2296.5,6,135.5,0,1,1,-0.8
9986,9,986,50,2321.5,6,138.5,0,0,1,-0.8
9987,9,987,50,2346.5,7,143.0,0,2,1,-0.85
9988,9,988,50,2371.5,6,144.5,0,1,1,-0.8
9989,9,989,53,2401.0,6,147.5,0,0,1,-0.8300000000000001
9990,9,990,54,2429.0,6,150.5,0,3,1,-0.8400000000000001
9991,9,991,54,2456.0,6,153.5,0,1,1,-0.8400000000000001
9992,9,992,54,2483.0,7,158.0,0,1,1,-0.89
9993,9,993,54,2510.0,7,161.5,0,1,1,-0.89
9994,9,994,54,2537.0,7,165.0,0,1,1,-0.89
9995,9,995,54,2564.0,7,168.5,0,0,1,-0.89
9996,9,996,54,2591.0,7,172.0,0,2,1,-0.89
9997,9,997,54,2618.0,7,175.5,0,0,1,-0.89
9998,9,998,54,2645.0,7,179.0,0,0,1,-0.89
9999,9,999,54,2672.0,7,182.5,0,2,1,-0.89
