global_step,episode,mode,step_in_episode,vehicle_queue,vehicle_wait,ped_queue,ped_wait,ped_thru_step,veh_thru_step,phase,reward,loss,action
0,0,train,0,0,0.0,0,0.0,0,0,0,-0.0,,
1,0,train,1,0,0.0,0,0.0,0,0,0,-0.0,,
2,0,train,2,0,0.0,0,0.0,0,0,0,-0.0,,
3,0,train,3,0,0.0,0,0.0,0,0,0,-0.0,,
4,0,train,4,0,0.0,0,0.0,0,0,0,-0.0,,
5,0,train,5,0,0.0,0,0.0,0,0,0,-0.0,,
6,0,train,6,0,0.0,0,0.0,0,0,0,-0.0,,
7,0,train,7,0,0.0,0,0.0,0,0,0,-0.0,,
8,0,train,8,0,0.0,0,0.0,0,0,0,-0.0,,
9,0,train,9,0,0.0,0,0.0,0,0,0,-0.0,,
10,0,train,10,0,0.0,0,0.0,0,0,0,-0.0,,
11,0,train,11,0,0.0,0,0.0,0,0,0,-0.0,,
12,0,train,12,0,0.0,0,0.0,0,0,0,-0.0,,
13,0,train,13,0,0.0,0,0.0,0,0,0,-0.0,,
14,0,train,14,0,0.0,0,0.0,0,0,0,-0.0,,
15,0,train,15,0,0.0,0,0.0,0,0,0,-0.0,,
16,0,train,16,0,0.0,0,0.0,0,0,0,-0.0,,
17,0,train,17,0,0.0,0,0.0,0,0,0,-0.0,,
18,0,train,18,0,0.0,0,0.0,0,0,0,-0.0,,
19,0,train,19,0,0.0,0,0.0,0,0,0,-0.0,,
20,0,train,20,0,0.0,0,0.0,0,0,0,-0.0,,
21,0,train,21,0,0.0,0,0.0,0,0,0,-0.0,,
22,0,train,22,0,0.0,0,0.0,0,0,0,-0.0,,
23,0,train,23,0,0.0,0,0.0,0,0,0,-0.0,,
24,0,train,24,0,0.0,0,0.0,0,0,0,-0.0,,
25,0,train,25,0,0.0,0,0.0,0,0,0,-0.0,,
26,0,train,26,0,0.0,0,0.0,0,0,0,-0.0,,
27,0,train,27,0,0.0,0,0.0,0,0,0,-0.0,,
28,0,train,28,0,0.0,0,0.0,0,0,0,-0.0,,
29,0,train,29,0,0.0,0,0.0,0,0,0,-0.0,,
30,0,train,30,0,0.0,0,0.0,0,0,0,-0.0,,
31,0,train,31,0,0.0,0,0.0,0,0,0,-0.0,,
32,0,train,32,0,0.0,0,0.0,0,0,0,-0.0,,
33,0,train,33,0,0.0,0,0.0,0,0,0,-0.0,,
34,0,train,34,0,0.0,0,0.0,0,0,0,-0.0,,
35,0,train,35,0,0.0,0,0.0,0,0,0,-0.0,,
36,0,train,36,0,0.0,0,0.0,0,0,0,-0.0,,
37,0,train,37,0,0.0,0,0.0,0,0,0,-0.0,,
38,0,train,38,0,0.0,0,0.0,0,0,0,-0.0,,
39,0,train,39,0,0.0,0,0.0,0,0,0,-0.0,,
40,0,train,40,0,0.0,0,0.0,0,0,0,-0.0,,
41,0,train,41,0,0.0,0,0.0,0,0,0,-0.0,,
42,0,train,42,0,0.0,0,0.0,0,0,0,-0.0,,
43,0,train,43,0,0.0,0,0.0,0,0,0,-0.0,,
44,0,train,44,0,0.0,0,0.0,0,0,0,-0.0,,
45,0,train,45,0,0.0,0,0.0,0,0,0,-0.0,,
46,0,train,46,0,0.0,0,0.0,0,0,0,-0.0,,
47,0,train,47,0,0.0,0,0.0,0,0,0,-0.0,,
48,0,train,48,0,0.0,0,0.0,0,0,0,-0.0,,
49,0,train,49,0,0.0,0,0.0,0,0,1,-0.0,,
50,0,train,50,0,0.0,0,0.0,0,0,1,-0.0,,
51,0,train,51,0,0.0,0,0.0,0,0,1,-0.0,,
52,0,train,52,0,0.0,0,0.0,0,0,1,-0.0,,
53,0,train,53,0,0.0,0,0.0,0,0,1,-0.0,,
54,0,train,54,0,0.0,0,0.0,0,0,1,-0.0,,
55,0,train,55,0,0.0,0,0.0,0,0,1,-0.0,,
56,0,train,56,0,0.0,0,0.0,0,0,1,-0.0,,
57,0,train,57,0,0.0,0,0.0,0,0,1,-0.0,,
58,0,train,58,0,0.0,0,0.0,0,0,1,-0.0,,
59,0,train,59,0,0.0,0,0.0,0,0,1,-0.0,,
60,0,train,60,0,0.0,0,0.0,0,0,1,-0.0,,
61,0,train,61,0,0.0,0,0.0,0,0,1,-0.0,,
62,0,train,62,0,0.0,0,0.0,0,0,1,-0.0,,
63,0,train,63,0,0.0,0,0.0,0,0,1,-0.0,,
64,0,train,64,0,0.0,0,0.0,0,0,1,-0.0,,
65,0,train,65,0,0.0,0,0.0,0,0,1,-0.0,,
66,0,train,66,0,0.0,1,1.5,0,0,1,-0.05,,
67,0,train,67,0,0.0,1,2.0,0,0,1,-0.05,,
68,0,train,68,0,0.0,1,2.5,0,0,1,-0.05,,
69,0,train,69,0,0.0,1,3.0,0,0,1,-0.05,,
70,0,train,70,0,0.0,1,3.5,0,0,1,-0.05,,
71,0,train,71,0,0.0,0,0.0,0,0,1,-0.0,,
72,0,train,72,0,0.0,0,0.0,0,0,1,-0.0,,
73,0,train,73,0,0.0,0,0.0,0,0,1,-0.0,,
74,0,train,74,0,0.0,1,1.5,0,0,1,-0.05,,
75,0,train,75,0,0.0,1,2.0,0,0,1,-0.05,,
76,0,train,76,1,1.5,2,4.0,0,0,1,-0.11,,
77,0,train,77,1,2.0,2,5.0,0,0,1,-0.11,,
78,0,train,78,5,8.5,3,7.5,0,0,1,-0.2,,
79,0,train,79,5,11.0,3,9.0,0,0,1,-0.2,,
80,0,train,80,5,13.5,3,10.5,0,0,1,-0.2,,
81,0,train,81,5,16.0,3,12.0,0,0,1,-0.2,,
82,0,train,82,5,18.5,3,13.5,0,0,1,-0.2,,
83,0,train,83,5,21.0,3,15.0,0,0,1,-0.2,,
84,0,train,84,5,23.5,3,16.5,0,0,1,-0.2,,
85,0,train,85,5,26.0,4,19.5,0,0,2,-0.25,,
86,0,train,86,7,31.5,6,24.5,0,0,2,-0.37,,
87,0,train,87,7,35.0,5,25.5,0,0,2,-0.32,,
88,0,train,88,7,38.5,5,28.0,0,0,2,-0.32,,
89,0,train,89,8,43.5,5,30.5,0,0,2,-0.33,,
90,0,train,90,8,47.5,6,34.5,0,0,2,-0.38,,
91,0,train,91,9,53.0,6,37.5,0,0,2,-0.39,,
92,0,train,92,9,57.5,6,40.5,0,0,2,-0.39,,
93,0,train,93,9,62.0,6,43.5,0,0,2,-0.39,,
94,0,train,94,9,66.5,6,46.5,0,0,2,-0.39,,
95,0,train,95,9,71.0,6,49.5,0,0,2,-0.39,,
96,0,train,96,9,75.5,6,52.5,0,0,2,-0.39,,
97,0,train,97,11,73.5,6,55.5,0,0,3,-0.41,,
98,0,train,98,11,79.0,6,58.5,0,0,3,-0.41,,
99,0,train,99,12,86.0,8,64.5,0,0,3,-0.52,,
100,0,train,100,12,92.0,8,68.5,0,0,3,-0.52,,
101,0,train,101,12,98.0,8,72.5,0,0,3,-0.52,,
102,0,train,102,13,105.5,8,76.5,0,0,3,-0.53,,
103,0,train,103,14,113.5,8,80.5,0,0,3,-0.54,,
104,0,train,104,14,120.5,8,84.5,0,0,3,-0.54,,
105,0,train,105,14,127.5,8,88.5,0,0,3,-0.54,,
106,0,train,106,14,134.5,8,92.5,0,0,3,-0.54,,
107,0,train,107,14,141.5,8,96.5,0,0,3,-0.54,,
108,0,train,108,14,148.5,8,100.5,0,0,3,-0.54,,
109,0,train,109,14,155.5,8,104.5,0,0,3,-0.54,,
110,0,train,110,14,162.5,8,108.5,0,0,3,-0.54,,
111,0,train,111,14,169.5,8,112.5,0,0,3,-0.54,,
112,0,train,112,14,176.5,8,116.5,0,0,3,-0.54,,
113,0,train,113,17,188.0,8,120.5,0,0,3,-0.5700000000000001,,
114,0,train,114,18,198.0,8,124.5,0,0,3,-0.5800000000000001,,
115,0,train,115,18,207.0,8,128.5,0,0,3,-0.5800000000000001,,
116,0,train,116,18,216.0,8,132.5,0,0,3,-0.5800000000000001,,
117,0,train,117,18,225.0,8,136.5,0,0,3,-0.5800000000000001,,
118,0,train,118,18,234.0,8,140.5,0,0,3,-0.5800000000000001,,
119,0,train,119,18,243.0,8,144.5,0,0,3,-0.5800000000000001,,
120,0,train,120,19,253.5,8,148.5,0,0,3,-0.5900000000000001,,
121,0,train,121,19,263.0,8,152.5,0,0,3,-0.5900000000000001,,
122,0,train,122,19,272.5,8,156.5,0,0,3,-0.5900000000000001,,
123,0,train,123,20,283.5,8,160.5,0,0,3,-0.6000000000000001,,
124,0,train,124,20,293.5,8,164.5,0,0,3,-0.6000000000000001,,
125,0,train,125,20,303.5,8,168.5,0,0,3,-0.6000000000000001,,
126,0,train,126,20,313.5,8,172.5,0,0,3,-0.6000000000000001,,
127,0,train,127,20,323.5,8,176.5,0,0,3,-0.6000000000000001,,
128,0,train,128,20,333.5,8,180.5,0,0,3,-0.6000000000000001,,
129,0,train,129,20,343.5,8,184.5,0,0,3,-0.6000000000000001,,
130,0,train,130,22,356.5,8,188.5,0,0,3,-0.62,,
131,0,train,131,22,367.5,8,192.5,0,0,3,-0.62,,
132,0,train,132,21,376.0,8,196.5,0,0,3,-0.61,,
133,0,train,133,21,386.5,8,200.5,0,0,3,-0.61,,
134,0,train,134,22,398.5,8,204.5,0,0,3,-0.62,,
135,0,train,135,22,409.5,8,208.5,0,0,3,-0.62,,
136,0,train,136,22,420.5,8,212.5,0,0,3,-0.62,,
137,0,train,137,23,433.0,8,216.5,0,0,3,-0.63,,
138,0,train,138,23,444.5,8,220.5,0,0,3,-0.63,,
139,0,train,139,24,457.5,8,224.5,0,0,3,-0.64,,
140,0,train,140,24,469.5,8,228.5,0,0,3,-0.64,,
141,0,train,141,25,483.0,8,232.5,0,0,3,-0.65,,
142,0,train,142,25,495.5,8,236.5,0,0,3,-0.65,,
143,0,train,143,25,508.0,8,240.5,0,0,3,-0.65,,
144,0,train,144,26,522.0,8,244.5,0,0,3,-0.66,,
145,0,train,145,26,535.0,8,248.5,0,0,3,-0.66,,
146,0,train,146,26,548.0,8,252.5,0,0,3,-0.66,,
147,0,train,147,26,561.0,8,256.5,0,0,3,-0.66,,
148,0,train,148,27,575.5,8,260.5,0,0,4,-0.67,,
149,0,train,149,28,590.5,8,264.5,0,0,4,-0.68,,
150,0,train,150,28,604.5,8,268.5,0,0,4,-0.68,,
151,0,train,151,29,620.0,8,272.5,0,1,4,-0.69,,
152,0,train,152,31,637.5,8,276.5,0,0,4,-0.71,,
153,0,train,153,32,654.5,8,280.5,0,0,4,-0.72,,
154,0,train,154,33,672.0,8,284.5,0,0,4,-0.73,,
155,0,train,155,33,688.5,8,288.5,0,0,4,-0.73,,
156,0,train,156,33,705.0,8,292.5,0,0,4,-0.73,,
157,0,train,157,33,721.5,8,296.5,0,0,4,-0.73,,
158,0,train,158,33,738.0,8,300.5,0,0,4,-0.73,,
159,0,train,159,33,754.5,8,304.5,0,1,4,-0.73,,
160,0,train,160,30,618.5,8,308.5,0,0,5,-0.7,,
161,0,train,161,26,521.5,8,312.5,0,0,5,-0.66,,
162,0,train,162,24,484.5,8,316.5,0,0,5,-0.64,,
163,0,train,163,21,482.5,8,320.5,0,0,5,-0.61,,
164,0,train,164,26,495.0,8,324.5,0,0,5,-0.66,,
165,0,train,165,26,508.0,8,328.5,0,0,5,-0.66,,
166,0,train,166,26,521.0,7,293.0,0,1,5,-0.61,,
167,0,train,167,26,534.0,7,296.5,0,0,5,-0.61,,
168,0,train,168,26,547.0,6,253.5,0,0,5,-0.56,,
169,0,train,169,29,564.5,5,208.5,0,0,5,-0.54,,
170,0,train,170,30,580.5,3,124.5,0,0,5,-0.44999999999999996,,
171,0,train,171,32,598.5,3,126.0,0,0,5,-0.47,,
172,0,train,172,34,617.5,3,127.5,0,0,5,-0.49,,
173,0,train,173,35,636.0,3,129.0,0,0,5,-0.5,,
174,0,train,174,35,653.5,2,84.5,0,0,5,-0.44999999999999996,,
175,0,train,175,35,671.0,2,85.5,0,0,5,-0.44999999999999996,,
176,0,train,176,35,688.5,2,86.5,0,0,5,-0.44999999999999996,,
177,0,train,177,35,706.0,2,87.5,0,1,5,-0.44999999999999996,,
178,0,train,178,35,723.5,2,88.5,0,0,5,-0.44999999999999996,,
179,0,train,179,35,741.0,2,89.5,0,0,5,-0.44999999999999996,,
180,0,train,180,36,760.0,2,90.5,0,0,5,-0.45999999999999996,,
181,0,train,181,36,778.0,2,91.5,0,0,5,-0.45999999999999996,,
182,0,train,182,37,797.5,2,92.5,0,0,5,-0.47,,
183,0,train,183,38,817.5,2,93.5,0,0,5,-0.48,,
184,0,train,184,38,836.5,2,94.5,0,0,5,-0.48,,
185,0,train,185,38,855.5,2,95.5,0,0,5,-0.48,,
186,0,train,186,40,877.5,2,96.5,0,0,5,-0.5,,
187,0,train,187,40,897.5,2,97.5,0,0,5,-0.5,,
188,0,train,188,40,917.5,2,98.5,0,0,5,-0.5,,
189,0,train,189,40,937.5,2,99.5,0,0,5,-0.5,,
190,0,train,190,41,959.0,2,100.5,0,0,5,-0.51,,
191,0,train,191,43,982.5,2,101.5,0,0,5,-0.53,,
192,0,train,192,43,1004.0,2,102.5,0,0,5,-0.53,,
193,0,train,193,43,1025.5,2,103.5,0,0,5,-0.53,,
194,0,train,194,43,1047.0,2,104.5,0,0,5,-0.53,,
195,0,train,195,39,918.5,2,105.5,0,0,6,-0.49,,
196,0,train,196,37,925.0,2,106.5,0,0,6,-0.47,,
197,0,train,197,37,943.5,2,107.5,0,1,6,-0.47,,
198,0,train,198,37,962.0,2,108.5,0,0,6,-0.47,,
199,0,train,199,38,982.0,2,109.5,0,0,6,-0.48,,
200,0,train,200,38,1001.0,2,110.5,0,0,6,-0.48,,
201,0,train,201,39,1021.5,2,111.5,0,0,6,-0.49,,
202,0,train,202,39,1041.0,2,112.5,0,0,6,-0.49,,
203,0,train,203,39,1060.5,2,113.5,0,0,6,-0.49,,
204,0,train,204,39,1080.0,2,114.5,0,0,6,-0.49,,
205,0,train,205,39,1099.5,2,115.5,0,0,6,-0.49,,
206,0,train,206,39,1119.0,2,116.5,0,0,6,-0.49,,
207,0,train,207,39,1138.5,2,117.5,0,0,7,-0.49,,
208,0,train,208,39,1158.0,2,118.5,0,0,7,-0.49,,
209,0,train,209,40,1179.0,2,119.5,0,0,7,-0.5,,
210,0,train,210,40,1199.0,2,120.5,0,0,7,-0.5,,
211,0,train,211,41,1220.5,2,121.5,0,0,7,-0.51,,
212,0,train,212,42,1242.5,2,122.5,0,0,7,-0.52,,
213,0,train,213,42,1263.5,2,123.5,0,0,7,-0.52,,
214,0,train,214,42,1284.5,2,124.5,0,0,7,-0.52,,
215,0,train,215,42,1305.5,2,125.5,0,0,7,-0.52,,
216,0,train,216,42,1326.5,2,126.5,0,0,7,-0.52,,
217,0,train,217,42,1347.5,2,127.5,0,0,7,-0.52,,
218,0,train,218,42,1368.5,2,128.5,0,0,7,-0.52,,
219,0,train,219,39,1188.0,2,129.5,0,1,8,-0.49,,
220,0,train,220,38,1155.0,2,130.5,0,0,8,-0.48,,
221,0,train,221,38,1125.5,2,131.5,0,0,8,-0.48,,
222,0,train,222,37,1141.5,2,132.5,0,0,8,-0.47,,
223,0,train,223,37,1160.0,2,133.5,0,0,8,-0.47,,
224,0,train,224,38,1180.0,2,134.5,0,0,8,-0.48,,
225,0,train,225,38,1199.0,2,135.5,0,0,8,-0.48,,
226,0,train,226,38,1218.0,2,136.5,0,0,8,-0.48,,
227,0,train,227,38,1237.0,2,137.5,0,0,8,-0.48,,
228,0,train,228,39,1257.5,2,138.5,0,0,8,-0.49,,
229,0,train,229,39,1277.0,2,139.5,0,0,8,-0.49,,
230,0,train,230,39,1296.5,2,140.5,0,0,9,-0.49,,
231,0,train,231,40,1317.5,2,141.5,0,0,9,-0.5,,
232,0,train,232,42,1340.5,2,142.5,0,0,9,-0.52,,
233,0,train,233,42,1361.5,2,143.5,0,0,9,-0.52,,
234,0,train,234,42,1382.5,2,144.5,0,0,9,-0.52,,
235,0,train,235,43,1405.0,2,145.5,0,0,9,-0.53,,
236,0,train,236,37,1068.5,2,146.5,0,0,0,-0.47,,
237,0,train,237,34,857.5,2,147.5,0,0,0,-0.44000000000000006,,
238,0,train,238,30,682.0,2,148.5,0,0,0,-0.4,,
239,0,train,239,28,597.5,2,149.5,0,1,0,-0.38,,
240,0,train,240,33,558.5,2,150.5,0,2,0,-0.43000000000000005,,
241,0,train,241,30,441.5,2,151.5,0,0,0,-0.4,,
242,0,train,242,28,378.0,2,152.5,0,1,0,-0.38,,
243,0,train,243,30,371.5,2,153.5,0,2,0,-0.4,,
244,0,train,244,27,322.0,2,154.5,0,0,0,-0.37,,
245,0,train,245,28,337.0,2,155.5,0,1,0,-0.38,,
246,0,train,246,30,314.5,1,75.0,0,1,0,-0.35,,
247,0,train,247,31,331.0,1,75.5,0,0,0,-0.36,,
248,0,train,248,33,328.0,0,0.0,0,1,0,-0.33,,
249,0,train,249,33,344.5,0,0.0,0,0,0,-0.33,,
250,0,train,250,36,361.0,0,0.0,0,1,0,-0.36,,
251,0,train,251,36,379.0,0,0.0,0,1,0,-0.36,,
252,0,train,252,40,403.0,0,0.0,0,0,0,-0.4,,
253,0,train,253,40,423.0,0,0.0,0,1,0,-0.4,,
254,0,train,254,44,449.0,0,0.0,0,1,0,-0.44,,
255,0,train,255,44,471.0,0,0.0,0,1,0,-0.44,,
256,0,train,256,46,496.0,0,0.0,0,0,0,-0.46,,
257,0,train,257,47,520.5,0,0.0,0,2,0,-0.47,,
258,0,train,258,50,548.5,0,0.0,0,1,0,-0.5,,
259,0,train,259,51,575.0,0,0.0,0,0,0,-0.51,,
260,0,train,260,54,605.0,0,0.0,0,2,0,-0.54,,
261,0,train,261,54,632.0,0,0.0,0,0,0,-0.54,,
262,0,train,262,54,659.0,1,1.5,0,0,0,-0.5900000000000001,,
263,0,train,263,54,686.0,1,2.0,0,0,0,-0.5900000000000001,,
264,0,train,264,54,713.0,1,2.5,0,2,0,-0.5900000000000001,,
265,0,train,265,54,740.0,0,0.0,0,0,0,-0.54,,
266,0,train,266,54,767.0,0,0.0,0,0,0,-0.54,,
267,0,train,267,54,794.0,0,0.0,0,1,0,-0.54,,
268,0,train,268,56,824.0,0,0.0,0,0,0,-0.56,,
269,0,train,269,56,852.0,0,0.0,0,0,0,-0.56,,
270,0,train,270,56,880.0,0,0.0,0,2,0,-0.56,,
271,0,train,271,57,909.5,0,0.0,0,0,0,-0.57,,
272,0,train,272,57,938.0,0,0.0,0,0,0,-0.57,,
273,0,train,273,57,966.5,0,0.0,0,1,0,-0.57,,
274,0,train,274,57,995.0,0,0.0,0,1,0,-0.57,,
275,0,train,275,56,934.0,0,0.0,0,0,1,-0.56,,
276,0,train,276,57,963.5,0,0.0,0,0,1,-0.57,,
277,0,train,277,57,992.0,0,0.0,0,0,1,-0.57,,
278,0,train,278,58,1022.0,0,0.0,0,0,1,-0.58,,
279,0,train,279,60,1054.0,0,0.0,0,0,1,-0.6,,
280,0,train,280,61,1085.5,0,0.0,0,1,1,-0.61,,
281,0,train,281,61,1116.0,0,0.0,0,1,1,-0.61,,
282,0,train,282,62,1148.0,0,0.0,0,0,1,-0.62,,
283,0,train,283,62,1179.0,0,0.0,0,1,1,-0.62,,
284,0,train,284,62,1210.0,0,0.0,0,3,1,-0.62,,
285,0,train,285,62,1241.0,1,1.5,0,0,1,-0.67,,
286,0,train,286,62,1272.0,2,3.5,0,0,1,-0.72,,
287,0,train,287,63,1304.5,1,2.5,0,0,1,-0.68,,
288,0,train,288,64,1337.5,2,4.5,0,0,1,-0.74,,
289,0,train,289,65,1371.0,2,5.5,0,0,1,-0.75,,
290,0,train,290,67,1406.5,2,6.5,0,0,1,-0.77,,
291,0,train,291,68,1441.5,4,10.5,0,0,1,-0.8800000000000001,,
292,0,train,292,68,1475.5,4,12.5,0,0,1,-0.8800000000000001,,
293,0,train,293,68,1509.5,4,14.5,0,0,1,-0.8800000000000001,,
294,0,train,294,68,1543.5,4,16.5,0,0,1,-0.8800000000000001,,
295,0,train,295,69,1579.0,4,18.5,0,0,1,-0.8899999999999999,,
296,0,train,296,69,1613.5,4,20.5,0,0,1,-0.8899999999999999,,
297,0,train,297,71,1651.0,4,22.5,0,1,1,-0.9099999999999999,,
298,0,train,298,72,1688.0,4,24.5,0,0,1,-0.9199999999999999,,
299,0,train,299,72,1724.0,4,26.5,0,1,1,-0.9199999999999999,,
300,0,train,300,72,1760.0,4,28.5,0,0,1,-0.9199999999999999,,
301,0,train,301,73,1797.5,4,30.5,0,0,1,-0.9299999999999999,,
302,0,train,302,73,1834.0,5,34.0,0,0,1,-0.98,,
303,0,train,303,70,1771.5,5,36.5,0,0,1,-0.95,,
304,0,train,304,68,1742.5,5,39.0,0,0,1,-0.93,,
305,0,train,305,66,1714.5,5,41.5,0,0,1,-0.91,,
306,0,train,306,66,1718.5,5,44.0,0,0,1,-0.91,,
307,0,train,307,66,1722.0,5,46.5,0,0,1,-0.91,,
308,0,train,308,64,1694.0,5,49.0,0,0,1,-0.89,,
309,0,train,309,63,1667.5,6,53.0,0,0,1,-0.9299999999999999,,
310,0,train,310,62,1669.5,6,56.0,0,0,1,-0.9199999999999999,,
311,0,train,311,62,1672.0,6,59.0,0,0,1,-0.9199999999999999,,
312,0,train,312,57,1533.5,6,62.0,0,0,1,-0.8699999999999999,,
313,0,train,313,52,1409.5,6,65.0,0,0,1,-0.8200000000000001,,
314,0,train,314,49,1334.5,6,68.0,0,0,1,-0.79,,
315,0,train,315,47,1320.5,6,71.0,0,0,1,-0.77,,
316,0,train,316,46,1301.0,6,74.0,0,0,1,-0.76,,
317,0,train,317,45,1255.5,6,77.0,0,0,1,-0.75,,
318,0,train,318,43,1209.0,6,80.0,0,0,1,-0.73,,
319,0,train,319,45,1233.5,6,83.0,0,0,1,-0.75,,
320,0,train,320,43,1187.0,6,86.0,0,0,1,-0.73,,
321,0,train,321,42,1148.0,6,89.0,0,0,1,-0.72,,
322,0,train,322,42,1169.0,6,92.0,0,0,1,-0.72,,
323,0,train,323,40,1130.5,7,96.5,0,0,1,-0.75,,
324,0,train,324,39,1117.0,7,100.0,0,0,1,-0.74,,
325,0,train,325,38,1129.5,7,103.5,0,0,1,-0.73,,
326,0,train,326,37,1123.0,7,107.0,0,0,1,-0.72,,
327,0,train,327,37,1119.0,7,110.5,0,0,1,-0.72,,
328,0,train,328,38,1139.0,7,114.0,0,0,1,-0.73,,
329,0,train,329,38,1142.0,7,117.5,0,0,1,-0.73,,
330,0,train,330,37,1153.0,7,121.0,0,0,1,-0.72,,
331,0,train,331,37,1171.5,7,124.5,0,0,1,-0.72,,
332,0,train,332,36,1183.0,7,128.0,0,0,1,-0.71,,
333,0,train,333,36,1201.0,8,133.0,0,0,1,-0.76,,
334,0,train,334,36,1216.5,8,137.0,0,2,1,-0.76,,
335,0,train,335,36,1234.5,8,141.0,0,0,1,-0.76,,
336,0,train,336,36,1252.5,8,145.0,0,0,1,-0.76,,
337,0,train,337,36,1270.5,8,149.0,0,0,1,-0.76,,
338,0,train,338,37,1290.0,8,153.0,0,0,1,-0.77,,
339,0,train,339,37,1308.5,8,157.0,0,0,1,-0.77,,
340,0,train,340,37,1327.0,8,161.0,0,0,1,-0.77,,
341,0,train,341,37,1345.5,8,165.0,0,0,1,-0.77,,
342,0,train,342,37,1364.0,8,169.0,0,0,1,-0.77,,
343,0,train,343,37,1382.5,8,173.0,0,0,1,-0.77,,
344,0,train,344,37,1401.0,8,177.0,0,0,1,-0.77,,
345,0,train,345,38,1421.0,8,181.0,0,0,1,-0.78,,
346,0,train,346,38,1440.0,8,185.0,0,0,1,-0.78,,
347,0,train,347,37,1451.0,8,189.0,0,0,1,-0.77,,
348,0,train,348,37,1469.5,8,193.0,0,0,1,-0.77,,
349,0,train,349,38,1489.5,8,197.0,0,0,1,-0.78,,
350,0,train,350,38,1508.5,8,201.0,0,0,1,-0.78,,
351,0,train,351,38,1527.5,8,205.0,0,0,2,-0.78,,
352,0,train,352,38,1546.5,8,209.0,0,0,2,-0.78,,
353,0,train,353,38,1565.5,8,213.0,0,0,2,-0.78,,
354,0,train,354,38,1584.5,8,217.0,0,0,2,-0.78,,
355,0,train,355,39,1605.0,8,221.0,0,0,2,-0.79,,
356,0,train,356,40,1626.0,8,225.0,0,0,2,-0.8,,
357,0,train,357,41,1647.5,8,229.0,0,0,2,-0.81,,
358,0,train,358,44,1672.5,8,233.0,0,0,2,-0.8400000000000001,,
359,0,train,359,48,1700.5,8,237.0,0,0,2,-0.88,,
360,0,train,360,49,1726.0,8,241.0,0,0,2,-0.89,,
361,0,train,361,50,1752.0,8,245.0,0,0,2,-0.9,,
362,0,train,362,50,1777.0,8,249.0,0,0,2,-0.9,,
363,0,train,363,48,1607.5,8,253.0,0,0,3,-0.88,,
364,0,train,364,48,1468.0,8,257.0,0,1,3,-0.88,,
365,0,train,365,47,1384.5,8,261.0,0,0,3,-0.87,,
366,0,train,366,46,1372.0,8,265.0,0,0,3,-0.8600000000000001,,
367,0,train,367,46,1390.5,8,269.0,0,0,3,-0.8600000000000001,,
368,0,train,368,47,1409.5,8,273.0,0,0,3,-0.87,,
369,0,train,369,47,1433.0,8,277.0,0,2,3,-0.87,,
370,0,train,370,47,1456.5,8,281.0,0,1,3,-0.87,,
371,0,train,371,48,1481.5,8,285.0,0,0,3,-0.88,,
372,0,train,372,49,1507.0,8,289.0,0,0,3,-0.89,,
373,0,train,373,50,1533.0,8,293.0,0,0,3,-0.9,,
374,0,train,374,51,1559.5,8,297.0,0,0,3,-0.91,,
375,0,train,375,51,1585.0,8,301.0,0,0,3,-0.91,,
376,0,train,376,51,1610.5,8,305.0,0,0,3,-0.91,,
377,0,train,377,51,1636.0,8,309.0,0,0,3,-0.91,,
378,0,train,378,51,1661.5,8,313.0,0,0,3,-0.91,,
379,0,train,379,51,1687.0,8,317.0,0,0,3,-0.91,,
380,0,train,380,51,1712.5,8,321.0,0,1,3,-0.91,,
381,0,train,381,52,1739.5,8,325.0,0,0,3,-0.92,,
382,0,train,382,52,1765.5,8,329.0,0,0,3,-0.92,,
383,0,train,383,53,1793.0,8,333.0,0,1,3,-0.93,,
384,0,train,384,53,1819.5,8,337.0,0,1,3,-0.93,,
385,0,train,385,54,1847.5,8,341.0,0,0,3,-0.9400000000000001,,
386,0,train,386,55,1876.0,8,345.0,0,1,3,-0.9500000000000001,,
387,0,train,387,55,1903.5,8,349.0,0,0,3,-0.9500000000000001,,
388,0,train,388,56,1932.5,8,353.0,0,2,3,-0.9600000000000001,,
389,0,train,389,57,1962.0,8,357.0,0,0,3,-0.97,,
390,0,train,390,58,1992.0,8,361.0,0,0,3,-0.98,,
391,0,train,391,58,2021.0,8,365.0,0,0,3,-0.98,,
392,0,train,392,58,2050.0,8,369.0,0,0,3,-0.98,,
393,0,train,393,59,2080.5,8,373.0,0,2,3,-0.99,,
394,0,train,394,61,2113.0,8,377.0,0,0,3,-1.01,,
395,0,train,395,61,2143.5,8,381.0,0,0,3,-1.01,,
396,0,train,396,61,2174.0,8,385.0,0,0,3,-1.01,,
397,0,train,397,62,2206.0,8,389.0,0,0,3,-1.02,,
398,0,train,398,62,2237.0,8,393.0,0,2,3,-1.02,,
399,0,train,399,62,2268.0,8,397.0,0,0,3,-1.02,,
400,0,train,400,62,2299.0,8,401.0,0,0,3,-1.02,,
401,0,train,401,62,2330.0,8,405.0,0,3,3,-1.02,,
402,0,train,402,63,2362.5,8,409.0,0,0,3,-1.03,,
403,0,train,403,63,2394.0,8,413.0,0,0,3,-1.03,,
404,0,train,404,63,2425.5,8,417.0,0,3,3,-1.03,,
405,0,train,405,64,2458.5,8,421.0,0,0,4,-1.04,,
406,0,train,406,64,2490.5,8,425.0,0,1,4,-1.04,,
407,0,train,407,64,2522.5,8,429.0,0,1,4,-1.04,,
408,0,train,408,65,2556.0,8,433.0,0,0,4,-1.05,,
409,0,train,409,65,2588.5,8,437.0,0,1,4,-1.05,,
410,0,train,410,65,2621.0,8,441.0,0,2,4,-1.05,,
411,0,train,411,65,2653.5,8,445.0,0,0,4,-1.05,,
412,0,train,412,66,2687.5,8,449.0,0,0,4,-1.06,,
413,0,train,413,67,2722.0,8,453.0,0,4,4,-1.07,,
414,0,train,414,68,2757.0,8,457.0,0,0,4,-1.08,,
415,0,train,415,68,2791.0,8,461.0,0,0,4,-1.08,,
416,0,train,416,68,2825.0,8,465.0,0,3,4,-1.08,,
417,0,train,417,65,2488.5,6,377.0,0,0,5,-0.95,,
418,0,train,418,63,2192.5,6,380.0,0,1,5,-0.9299999999999999,,
419,0,train,419,59,1931.0,6,383.0,0,3,5,-0.8899999999999999,,
420,0,train,420,56,1711.0,6,386.0,0,0,5,-0.8600000000000001,,
421,0,train,421,56,1739.0,6,389.0,0,0,5,-0.8600000000000001,,
422,0,train,422,53,1550.0,6,392.0,0,4,5,-0.8300000000000001,,
423,0,train,423,49,1395.5,6,395.0,0,0,5,-0.79,,
424,0,train,424,46,1316.0,6,398.0,0,0,5,-0.76,,
425,0,train,425,45,1297.5,4,264.0,0,4,5,-0.65,,
426,0,train,426,43,1220.0,4,266.0,0,0,5,-0.63,,
427,0,train,427,42,1194.5,3,207.5,0,0,5,-0.57,,
428,0,train,428,42,1194.0,3,209.0,0,3,5,-0.57,,
429,0,train,429,38,1180.0,3,210.5,0,0,5,-0.53,,
430,0,train,430,37,1196.5,3,212.0,1,0,5,-0.52,,
431,0,train,431,37,1213.0,3,213.5,0,2,5,-0.52,,
432,0,train,432,37,1231.5,3,215.0,0,2,5,-0.52,,
433,0,train,433,38,1251.5,3,216.5,0,0,5,-0.53,,
434,0,train,434,38,1270.5,3,218.0,0,1,5,-0.53,,
435,0,train,435,38,1289.5,3,219.5,0,0,5,-0.53,,
436,0,train,436,38,1308.5,3,221.0,0,0,5,-0.53,,
437,0,train,437,38,1327.5,3,222.5,0,0,5,-0.53,,
438,0,train,438,38,1346.5,3,224.0,0,0,5,-0.53,,
439,0,train,439,38,1365.5,3,225.5,0,0,5,-0.53,,
440,0,train,440,39,1386.0,3,227.0,0,1,5,-0.54,,
441,0,train,441,39,1405.5,3,228.5,0,0,5,-0.54,,
442,0,train,442,39,1425.0,3,230.0,0,0,5,-0.54,,
443,0,train,443,39,1444.5,3,231.5,0,1,5,-0.54,,
444,0,train,444,39,1464.0,3,233.0,0,0,5,-0.54,,
445,0,train,445,40,1485.0,3,234.5,0,1,5,-0.55,,
446,0,train,446,40,1505.0,3,236.0,0,0,5,-0.55,,
447,0,train,447,40,1525.0,3,237.5,0,0,5,-0.55,,
448,0,train,448,41,1546.5,3,239.0,0,0,5,-0.5599999999999999,,
449,0,train,449,41,1567.0,3,240.5,0,0,5,-0.5599999999999999,,
450,0,train,450,42,1589.0,3,242.0,0,0,5,-0.57,,
451,0,train,451,42,1610.0,3,243.5,0,0,5,-0.57,,
452,0,train,452,40,1467.0,3,245.0,0,0,6,-0.55,,
453,0,train,453,38,1425.0,3,246.5,0,0,6,-0.53,,
454,0,train,454,38,1444.0,3,248.0,0,0,6,-0.53,,
455,0,train,455,38,1463.0,3,249.5,0,0,6,-0.53,,
456,0,train,456,38,1482.0,3,251.0,0,1,6,-0.53,,
457,0,train,457,38,1501.0,3,252.5,0,1,6,-0.53,,
458,0,train,458,38,1520.0,3,254.0,0,0,6,-0.53,,
459,0,train,459,39,1540.5,3,255.5,0,1,6,-0.54,,
460,0,train,460,40,1561.5,3,257.0,0,0,6,-0.55,,
461,0,train,461,40,1581.5,3,258.5,0,0,6,-0.55,,
462,0,train,462,40,1601.5,3,260.0,0,0,6,-0.55,,
463,0,train,463,41,1623.0,3,261.5,0,1,6,-0.5599999999999999,,
464,0,train,464,41,1643.5,3,263.0,0,1,6,-0.5599999999999999,,
465,0,train,465,41,1664.0,3,264.5,0,1,6,-0.5599999999999999,,
466,0,train,466,41,1684.5,3,266.0,0,1,6,-0.5599999999999999,,
467,0,train,467,41,1705.0,3,267.5,0,1,6,-0.5599999999999999,,
468,0,train,468,41,1725.5,3,269.0,0,0,6,-0.5599999999999999,,
469,0,train,469,41,1746.0,4,272.0,0,0,6,-0.61,,
470,0,train,470,41,1766.5,5,275.5,0,1,6,-0.6599999999999999,,
471,0,train,471,42,1788.5,5,278.0,0,0,6,-0.6699999999999999,,
472,0,train,472,42,1809.5,6,282.0,0,0,6,-0.72,,
473,0,train,473,42,1830.5,6,285.0,0,0,6,-0.72,,
474,0,train,474,42,1851.5,6,288.0,0,0,6,-0.72,,
475,0,train,475,42,1872.5,6,291.0,0,0,6,-0.72,,
476,0,train,476,43,1895.0,6,294.0,0,0,6,-0.73,,
477,0,train,477,43,1916.5,6,297.0,0,0,6,-0.73,,
478,0,train,478,43,1938.0,6,300.0,0,0,6,-0.73,,
479,0,train,479,43,1959.5,6,303.0,0,1,6,-0.73,,
480,0,train,480,43,1981.0,6,306.0,0,1,6,-0.73,,
481,0,train,481,43,2002.5,7,310.5,0,0,6,-0.78,,
482,0,train,482,44,2025.5,8,315.5,0,0,6,-0.8400000000000001,,
483,0,train,483,44,2047.5,8,319.0,0,0,6,-0.8400000000000001,,
484,0,train,484,44,2069.5,7,321.0,0,0,6,-0.79,,
485,0,train,485,44,2091.5,8,326.0,0,0,6,-0.8400000000000001,,
486,0,train,486,45,2115.0,8,329.5,0,0,6,-0.8500000000000001,,
487,0,train,487,45,2137.5,9,335.0,0,0,6,-0.9,,
488,0,train,488,45,2160.0,9,339.5,0,0,6,-0.9,,
489,0,train,489,45,2182.5,10,345.5,0,1,6,-0.95,,
490,0,train,490,46,2206.5,10,350.5,0,0,6,-0.96,,
491,0,train,491,46,2229.5,8,349.0,1,0,6,-0.8600000000000001,,
492,0,train,492,46,2252.5,8,353.0,0,0,6,-0.8600000000000001,,
493,0,train,493,47,2277.0,8,357.0,0,0,6,-0.87,,
494,0,train,494,47,2300.5,10,364.0,0,0,6,-0.97,,
495,0,train,495,50,2328.5,10,369.0,0,0,6,-1.0,,
496,0,train,496,50,2353.5,11,375.5,0,0,6,-1.05,,
497,0,train,497,50,2378.5,12,382.5,0,3,6,-1.1,,
498,0,train,498,51,2405.0,12,388.5,0,0,6,-1.1099999999999999,,
499,0,train,499,51,2430.5,12,394.5,0,0,6,-1.1099999999999999,,
500,0,train,500,52,2457.5,12,400.5,0,1,6,-1.12,,
501,0,train,501,52,2483.5,12,406.5,0,0,6,-1.12,,
502,0,train,502,53,2511.0,12,412.5,0,0,6,-1.13,,
503,0,train,503,53,2537.5,12,418.5,0,1,6,-1.13,,
504,0,train,504,53,2564.0,12,424.5,0,0,6,-1.13,,
505,0,train,505,53,2590.5,12,430.5,1,0,6,-1.13,,
506,0,train,506,53,2617.0,12,436.5,0,1,7,-1.13,,
507,0,train,507,54,2645.0,12,442.5,0,1,7,-1.1400000000000001,,
508,0,train,508,54,2672.0,12,448.5,0,0,7,-1.1400000000000001,,
509,0,train,509,55,2700.5,12,454.5,0,3,7,-1.15,,
510,0,train,510,56,2729.5,12,460.5,0,1,7,-1.1600000000000001,,
511,0,train,511,56,2757.5,12,466.5,0,0,7,-1.1600000000000001,,
512,0,train,512,57,2787.0,12,472.5,0,4,7,-1.17,,
513,0,train,513,57,2815.5,12,478.5,0,0,7,-1.17,,
514,0,train,514,60,2848.5,12,484.5,0,0,7,-1.2,,
515,0,train,515,60,2878.5,12,490.5,0,3,7,-1.2,,
516,0,train,516,61,2910.0,12,496.5,0,1,7,-1.21,,
517,0,train,517,61,2940.5,12,502.5,0,0,7,-1.21,,
518,0,train,518,59,2688.5,12,508.5,0,3,8,-1.19,,
519,0,train,519,57,2486.0,12,514.5,0,1,8,-1.17,,
520,0,train,520,55,2350.0,12,520.5,0,0,8,-1.15,,
521,0,train,521,55,2292.5,12,526.5,0,4,8,-1.15,,
522,0,train,522,55,2320.0,12,532.5,0,0,8,-1.15,,
523,0,train,523,53,2320.0,12,538.5,0,0,8,-1.13,,
524,0,train,524,53,2346.5,12,544.5,0,2,8,-1.13,,
525,0,train,525,54,2374.5,12,550.5,0,2,8,-1.1400000000000001,,
526,0,train,526,54,2401.5,12,556.5,0,0,8,-1.1400000000000001,,
527,0,train,527,54,2428.5,12,562.5,0,2,8,-1.1400000000000001,,
528,0,train,528,54,2455.5,12,568.5,0,2,8,-1.1400000000000001,,
529,0,train,529,55,2484.0,12,574.5,0,0,8,-1.15,,
530,0,train,530,56,2513.0,12,580.5,0,2,8,-1.1600000000000001,,
531,0,train,531,56,2541.0,12,586.5,0,2,8,-1.1600000000000001,,
532,0,train,532,56,2569.0,12,592.5,0,1,8,-1.1600000000000001,,
533,0,train,533,56,2597.0,12,598.5,0,0,8,-1.1600000000000001,,
534,0,train,534,56,2625.0,12,604.5,0,3,8,-1.1600000000000001,,
535,0,train,535,56,2653.0,12,610.5,0,2,8,-1.1600000000000001,,
536,0,train,536,56,2681.0,12,616.5,0,0,8,-1.1600000000000001,,
537,0,train,537,56,2709.0,12,622.5,0,2,8,-1.1600000000000001,,
538,0,train,538,56,2737.0,12,628.5,0,2,8,-1.1600000000000001,,
539,0,train,539,57,2766.5,12,634.5,0,0,8,-1.17,,
540,0,train,540,57,2795.0,12,640.5,0,1,8,-1.17,,
541,0,train,541,59,2826.5,12,646.5,0,3,8,-1.19,,
542,0,train,542,59,2856.0,12,652.5,0,0,8,-1.19,,
543,0,train,543,59,2885.5,12,658.5,0,0,8,-1.19,,
544,0,train,544,59,2915.0,12,664.5,0,1,8,-1.19,,
545,0,train,545,59,2944.5,12,670.5,0,1,8,-1.19,,
546,0,train,546,60,2975.5,12,676.5,0,0,8,-1.2,,
547,0,train,547,61,3007.0,12,682.5,0,0,8,-1.21,,
548,0,train,548,62,3039.0,12,688.5,0,0,8,-1.22,,
549,0,train,549,63,3071.5,12,694.5,0,0,8,-1.23,,
550,0,train,550,64,3104.5,12,700.5,0,0,8,-1.24,,
551,0,train,551,65,3138.0,12,706.5,0,0,8,-1.25,,
552,0,train,552,65,3170.5,12,712.5,0,1,8,-1.25,,
553,0,train,553,66,3204.5,12,718.5,0,0,8,-1.26,,
554,0,train,554,66,3237.5,12,724.5,0,1,8,-1.26,,
555,0,train,555,66,3270.5,12,730.5,0,0,8,-1.26,,
556,0,train,556,66,3303.5,12,736.5,1,1,9,-1.26,,
557,0,train,557,70,3342.5,12,742.5,0,0,9,-1.2999999999999998,,
558,0,train,558,70,3377.5,12,748.5,0,0,9,-1.2999999999999998,,
559,0,train,559,71,3414.0,12,754.5,0,0,9,-1.31,,
560,0,train,560,71,3449.5,12,760.5,0,0,9,-1.31,,
561,0,train,561,73,3488.0,12,766.5,0,0,9,-1.33,,
562,0,train,562,67,3103.0,11,738.5,0,0,0,-1.2200000000000002,,
563,0,train,563,63,2731.5,11,744.0,0,0,0,-1.1800000000000002,,
564,0,train,564,59,2377.0,11,749.5,0,0,0,-1.1400000000000001,,
565,0,train,565,58,2140.5,11,755.0,0,0,0,-1.13,,
566,0,train,566,56,1997.5,11,760.5,0,0,0,-1.11,,
567,0,train,567,54,1765.0,11,766.0,0,0,0,-1.09,,
568,0,train,568,51,1507.5,10,733.0,0,2,0,-1.01,,
569,0,train,569,50,1423.5,9,699.0,0,0,0,-0.95,,
570,0,train,570,48,1309.5,7,614.5,0,0,0,-0.83,,
571,0,train,571,44,1115.5,5,514.5,0,0,0,-0.69,,
572,0,train,572,42,1064.0,5,517.0,0,0,0,-0.6699999999999999,,
573,0,train,573,41,973.5,5,519.5,0,0,0,-0.6599999999999999,,
574,0,train,574,38,875.0,5,522.0,0,0,0,-0.63,,
575,0,train,575,36,823.0,5,524.5,0,0,0,-0.61,,
576,0,train,576,35,771.0,5,527.0,0,0,0,-0.6,,
577,0,train,577,32,725.5,4,390.5,0,0,0,-0.52,,
578,0,train,578,32,727.5,4,392.5,0,0,0,-0.52,,
579,0,train,579,31,710.5,4,394.5,0,0,0,-0.51,,
580,0,train,580,30,707.5,4,396.5,0,0,0,-0.5,,
581,0,train,581,30,722.5,3,249.0,0,0,0,-0.44999999999999996,,
582,0,train,582,29,729.5,3,250.5,0,1,0,-0.43999999999999995,,
583,0,train,583,29,744.0,3,252.0,0,0,0,-0.43999999999999995,,
584,0,train,584,28,754.5,3,253.5,0,0,0,-0.43000000000000005,,
585,0,train,585,28,768.5,3,255.0,0,0,0,-0.43000000000000005,,
586,0,train,586,28,782.5,3,256.5,0,0,0,-0.43000000000000005,,
587,0,train,587,28,796.5,2,107.0,0,0,0,-0.38,,
588,0,train,588,28,810.5,2,108.0,0,0,0,-0.38,,
589,0,train,589,28,824.5,2,109.0,0,0,0,-0.38,,
590,0,train,590,28,838.5,2,110.0,0,0,0,-0.38,,
591,0,train,591,28,852.5,2,111.0,0,0,0,-0.38,,
592,0,train,592,28,866.5,2,112.0,0,0,0,-0.38,,
593,0,train,593,28,880.5,2,113.0,0,0,0,-0.38,,
594,0,train,594,29,896.0,2,114.0,1,0,0,-0.39,,
595,0,train,595,29,910.5,2,115.0,0,0,0,-0.39,,
596,0,train,596,29,925.0,2,116.0,0,0,0,-0.39,,
597,0,train,597,31,942.5,2,117.0,0,0,0,-0.41000000000000003,,
598,0,train,598,31,958.0,2,118.0,0,1,0,-0.41000000000000003,,
599,0,train,599,32,975.0,2,119.0,0,0,0,-0.42000000000000004,,
600,0,train,600,34,994.0,2,120.0,0,0,0,-0.44000000000000006,,
601,0,train,601,34,1011.0,2,121.0,0,1,0,-0.44000000000000006,,
602,0,train,602,36,1031.0,2,122.0,0,0,0,-0.45999999999999996,,
603,0,train,603,36,1049.0,2,123.0,0,1,0,-0.45999999999999996,,
604,0,train,604,36,1067.0,2,124.0,0,1,0,-0.45999999999999996,,
605,0,train,605,36,1085.0,2,125.0,0,0,0,-0.45999999999999996,,
606,0,train,606,36,1103.0,2,126.0,0,1,0,-0.45999999999999996,,
607,0,train,607,34,1006.0,2,127.0,0,1,1,-0.44000000000000006,,
608,0,train,608,33,1015.5,2,128.0,0,0,1,-0.43000000000000005,,
609,0,train,609,33,1032.0,2,129.0,0,0,1,-0.43000000000000005,,
610,0,train,610,33,1048.5,2,130.0,0,1,1,-0.43000000000000005,,
611,0,train,611,33,1065.0,2,131.0,0,1,1,-0.43000000000000005,,
612,0,train,612,33,1081.5,2,132.0,0,0,1,-0.43000000000000005,,
613,0,train,613,33,1098.0,2,133.0,0,0,1,-0.43000000000000005,,
614,0,train,614,33,1114.5,2,134.0,0,0,1,-0.43000000000000005,,
615,0,train,615,33,1131.0,2,135.0,0,0,1,-0.43000000000000005,,
616,0,train,616,33,1147.5,2,136.0,0,0,1,-0.43000000000000005,,
617,0,train,617,34,1165.5,2,137.0,0,0,1,-0.44000000000000006,,
618,0,train,618,35,1184.0,2,138.0,0,0,1,-0.44999999999999996,,
619,0,train,619,35,1201.5,2,139.0,0,0,1,-0.44999999999999996,,
620,0,train,620,36,1220.5,2,140.0,0,0,1,-0.45999999999999996,,
621,0,train,621,36,1238.5,2,141.0,0,0,1,-0.45999999999999996,,
622,0,train,622,36,1256.5,2,142.0,0,1,1,-0.45999999999999996,,
623,0,train,623,36,1274.5,2,143.0,0,0,1,-0.45999999999999996,,
624,0,train,624,37,1294.0,2,144.0,0,0,1,-0.47,,
625,0,train,625,37,1312.5,2,145.0,0,0,1,-0.47,,
626,0,train,626,37,1331.0,2,146.0,1,0,1,-0.47,,
627,0,train,627,37,1349.5,2,147.0,0,1,1,-0.47,,
628,0,train,628,38,1369.5,2,148.0,0,0,1,-0.48,,
629,0,train,629,38,1388.5,2,149.0,0,0,1,-0.48,,
630,0,train,630,38,1407.5,2,150.0,0,0,1,-0.48,,
631,0,train,631,38,1426.5,2,151.0,0,0,1,-0.48,,
632,0,train,632,38,1445.5,2,152.0,1,0,1,-0.48,,
633,0,train,633,38,1464.5,2,153.0,0,0,1,-0.48,,
634,0,train,634,38,1483.5,2,154.0,0,0,1,-0.48,,
635,0,train,635,40,1505.5,2,155.0,0,0,1,-0.5,,
636,0,train,636,40,1525.5,2,156.0,0,0,1,-0.5,,
637,0,train,637,43,1550.0,3,158.5,0,0,1,-0.58,,
638,0,train,638,43,1571.5,3,160.0,0,0,1,-0.58,,
639,0,train,639,43,1593.0,3,161.5,0,0,1,-0.58,,
640,0,train,640,44,1616.0,3,163.0,0,0,1,-0.59,,
641,0,train,641,44,1638.0,4,166.0,1,1,1,-0.64,,
642,0,train,642,44,1660.0,5,169.5,0,0,1,-0.69,,
643,0,train,643,44,1682.0,5,172.0,1,1,1,-0.69,,
644,0,train,644,44,1704.0,5,174.5,0,1,1,-0.69,,
645,0,train,645,44,1726.0,5,177.0,0,0,1,-0.69,,
646,0,train,646,44,1748.0,5,179.5,0,1,1,-0.69,,
647,0,train,647,45,1771.5,5,182.0,0,1,1,-0.7,,
648,0,train,648,45,1794.0,5,184.5,1,0,1,-0.7,,
649,0,train,649,46,1818.0,5,187.0,0,1,1,-0.71,,
650,0,train,650,46,1841.0,5,189.5,0,1,1,-0.71,,
651,0,train,651,46,1864.0,6,193.5,0,0,1,-0.76,,
652,0,train,652,46,1887.0,6,196.5,0,2,1,-0.76,,
653,0,train,653,46,1910.0,6,199.5,0,1,1,-0.76,,
654,0,train,654,46,1933.0,6,202.5,0,0,1,-0.76,,
655,0,train,655,46,1956.0,6,205.5,0,2,1,-0.76,,
656,0,train,656,47,1980.5,6,208.5,0,1,1,-0.77,,
657,0,train,657,47,2004.0,6,211.5,0,1,1,-0.77,,
658,0,train,658,47,2027.5,6,214.5,0,0,1,-0.77,,
659,0,train,659,47,2051.0,6,217.5,0,1,1,-0.77,,
660,0,train,660,47,2074.5,7,222.0,0,1,1,-0.82,,
661,0,train,661,47,2098.0,6,223.5,0,0,1,-0.77,,
662,0,train,662,47,2121.5,7,228.0,0,1,2,-0.82,,
663,0,train,663,47,2145.0,7,231.5,0,2,2,-0.82,,
664,0,train,664,47,2168.5,8,236.5,0,0,2,-0.87,,
665,0,train,665,47,2192.0,8,240.5,0,2,2,-0.87,,
666,0,train,666,47,2215.5,8,244.5,0,1,2,-0.87,,
667,0,train,667,48,2240.5,8,248.5,0,0,2,-0.88,,
668,0,train,668,48,2264.5,9,254.0,0,3,2,-0.9299999999999999,,
669,0,train,669,48,2288.5,9,258.5,0,1,2,-0.9299999999999999,,
670,0,train,670,50,2315.5,10,264.5,0,1,2,-1.0,,
671,0,train,671,50,2340.5,10,269.5,0,2,2,-1.0,,
672,0,train,672,50,2365.5,10,274.5,1,1,2,-1.0,,
673,0,train,673,51,2392.0,10,279.5,0,1,2,-1.01,,
674,0,train,674,49,2166.5,10,284.5,0,1,3,-0.99,,
675,0,train,675,47,2015.5,10,289.5,0,2,3,-0.97,,
676,0,train,676,47,1934.0,10,294.5,0,1,3,-0.97,,
677,0,train,677,46,1914.0,11,301.0,0,1,3,-1.01,,
678,0,train,678,46,1937.0,11,306.5,0,1,3,-1.01,,
679,0,train,679,46,1960.0,11,312.0,0,0,3,-1.01,,
680,0,train,680,47,1984.5,11,317.5,0,0,3,-1.02,,
681,0,train,681,47,2008.0,11,323.0,0,2,3,-1.02,,
682,0,train,682,47,2031.5,11,328.5,0,1,3,-1.02,,
683,0,train,683,48,2056.5,11,334.0,0,0,3,-1.03,,
684,0,train,684,48,2080.5,11,339.5,1,3,3,-1.03,,
685,0,train,685,48,2104.5,11,345.0,0,2,3,-1.03,,
686,0,train,686,49,2130.0,12,352.0,0,1,3,-1.0899999999999999,,
687,0,train,687,49,2154.5,11,356.0,0,1,3,-1.04,,
688,0,train,688,50,2180.5,11,361.5,0,1,4,-1.05,,
689,0,train,689,50,2205.5,11,367.0,0,3,4,-1.05,,
690,0,train,690,50,2230.5,12,374.0,0,0,4,-1.1,,
691,0,train,691,51,2257.0,12,380.0,0,0,4,-1.1099999999999999,,
692,0,train,692,51,2282.5,13,387.5,0,2,4,-1.1600000000000001,,
693,0,train,693,51,2308.0,13,394.0,0,0,4,-1.1600000000000001,,
694,0,train,694,52,2335.0,13,400.5,0,0,4,-1.17,,
695,0,train,695,52,2361.0,13,407.0,0,2,4,-1.17,,
696,0,train,696,54,2390.0,13,413.5,0,0,4,-1.19,,
697,0,train,697,54,2417.0,13,420.0,1,0,4,-1.19,,
698,0,train,698,55,2445.5,13,426.5,0,2,4,-1.2000000000000002,,
699,0,train,699,55,2473.0,13,433.0,0,1,4,-1.2000000000000002,,
700,0,train,700,49,1977.5,9,330.0,0,0,5,-0.94,,
701,0,train,701,45,1663.0,9,334.5,0,1,5,-0.9,,
702,0,train,702,41,1392.5,8,307.5,0,1,5,-0.81,,
703,0,train,703,41,1207.0,8,311.5,0,0,5,-0.81,,
704,0,train,704,42,1174.0,8,315.5,0,1,5,-0.8200000000000001,,
705,0,train,705,38,969.0,8,319.5,0,2,5,-0.78,,
706,0,train,706,36,808.5,9,325.0,0,0,5,-0.81,,
707,0,train,707,36,793.0,8,308.5,0,1,5,-0.76,,
708,0,train,708,33,699.5,7,302.0,0,1,5,-0.6799999999999999,,
709,0,train,709,29,601.5,6,280.5,0,0,5,-0.59,,
710,0,train,710,28,597.5,5,175.0,0,0,5,-0.53,,
711,0,train,711,27,557.0,4,155.5,0,1,5,-0.47000000000000003,,
712,0,train,712,24,513.5,4,157.5,0,2,5,-0.44,,
713,0,train,713,24,522.5,4,159.5,0,0,5,-0.44,,
714,0,train,714,23,509.5,4,161.5,0,0,5,-0.43000000000000005,,
715,0,train,715,23,502.0,4,163.5,0,0,5,-0.43000000000000005,,
716,0,train,716,24,515.0,3,41.0,0,0,5,-0.39,,
717,0,train,717,23,515.0,4,44.0,0,0,5,-0.43000000000000005,,
718,0,train,718,22,524.0,4,46.0,0,0,5,-0.42000000000000004,,
719,0,train,719,22,535.0,4,48.0,0,1,5,-0.42000000000000004,,
720,0,train,720,22,546.0,4,50.0,0,0,5,-0.42000000000000004,,
721,0,train,721,22,557.0,4,52.0,0,1,5,-0.42000000000000004,,
722,0,train,722,23,569.5,4,54.0,0,1,5,-0.43000000000000005,,
723,0,train,723,24,582.5,4,56.0,0,0,5,-0.44,,
724,0,train,724,25,596.0,4,58.0,0,0,5,-0.45,,
725,0,train,725,25,608.5,4,60.0,0,0,5,-0.45,,
726,0,train,726,26,622.5,2,44.5,0,0,5,-0.36,,
727,0,train,727,27,637.0,2,45.5,0,0,5,-0.37,,
728,0,train,728,27,650.5,2,46.5,1,0,5,-0.37,,
729,0,train,729,27,664.0,2,47.5,0,0,5,-0.37,,
730,0,train,730,25,553.0,2,48.5,0,0,6,-0.35,,
731,0,train,731,23,541.0,2,49.5,0,0,6,-0.33,,
732,0,train,732,23,552.5,2,50.5,0,1,6,-0.33,,
733,0,train,733,23,564.0,2,51.5,0,0,6,-0.33,,
734,0,train,734,23,575.5,2,52.5,0,0,6,-0.33,,
735,0,train,735,23,587.0,2,53.5,0,0,6,-0.33,,
736,0,train,736,24,600.0,2,54.5,0,0,6,-0.33999999999999997,,
737,0,train,737,24,612.0,2,55.5,0,0,6,-0.33999999999999997,,
738,0,train,738,24,624.0,2,56.5,0,0,6,-0.33999999999999997,,
739,0,train,739,24,636.0,2,57.5,0,2,6,-0.33999999999999997,,
740,0,train,740,24,648.0,2,58.5,1,0,6,-0.33999999999999997,,
741,0,train,741,24,660.0,2,59.5,0,0,6,-0.33999999999999997,,
742,0,train,742,24,672.0,2,60.5,0,0,6,-0.33999999999999997,,
743,0,train,743,24,684.0,2,61.5,0,0,6,-0.33999999999999997,,
744,0,train,744,25,697.5,2,62.5,0,0,6,-0.35,,
745,0,train,745,25,710.0,2,63.5,0,0,6,-0.35,,
746,0,train,746,25,722.5,2,64.5,0,0,6,-0.35,,
747,0,train,747,26,736.5,2,65.5,0,0,6,-0.36,,
748,0,train,748,26,749.5,2,66.5,0,0,6,-0.36,,
749,0,train,749,26,762.5,2,67.5,0,0,6,-0.36,,
750,0,train,750,26,775.5,2,68.5,0,0,6,-0.36,,
751,0,train,751,26,788.5,2,69.5,0,0,6,-0.36,,
752,0,train,752,26,801.5,2,70.5,0,0,6,-0.36,,
753,0,train,753,27,816.0,2,71.5,0,0,6,-0.37,,
754,0,train,754,27,829.5,2,72.5,0,2,6,-0.37,,
755,0,train,755,29,846.0,2,73.5,1,0,6,-0.39,,
756,0,train,756,29,860.5,2,74.5,0,0,6,-0.39,,
757,0,train,757,29,875.0,2,75.5,0,1,6,-0.39,,
758,0,train,758,29,889.5,2,76.5,0,0,6,-0.39,,
759,0,train,759,29,904.0,2,77.5,0,0,6,-0.39,,
760,0,train,760,29,918.5,2,78.5,0,0,6,-0.39,,
761,0,train,761,29,933.0,2,79.5,0,1,6,-0.39,,
762,0,train,762,29,947.5,2,80.5,0,0,6,-0.39,,
763,0,train,763,29,962.0,2,81.5,0,0,6,-0.39,,
764,0,train,764,29,976.5,2,82.5,0,2,6,-0.39,,
765,0,train,765,30,992.5,2,83.5,0,1,6,-0.4,,
766,0,train,766,30,1007.5,2,84.5,0,0,6,-0.4,,
767,0,train,767,31,1024.0,2,85.5,0,0,6,-0.41000000000000003,,
768,0,train,768,31,1039.5,2,86.5,0,1,6,-0.41000000000000003,,
769,0,train,769,31,1055.0,2,87.5,0,0,6,-0.41000000000000003,,
770,0,train,770,31,1070.5,2,88.5,0,0,6,-0.41000000000000003,,
771,0,train,771,31,1086.0,2,89.5,0,0,6,-0.41000000000000003,,
772,0,train,772,31,1101.5,2,90.5,0,0,6,-0.41000000000000003,,
773,0,train,773,31,1117.0,2,91.5,1,0,6,-0.41000000000000003,,
774,0,train,774,31,1132.5,2,92.5,0,0,6,-0.41000000000000003,,
775,0,train,775,31,1148.0,2,93.5,0,0,7,-0.41000000000000003,,
776,0,train,776,33,1166.5,2,94.5,0,0,7,-0.43000000000000005,,
777,0,train,777,33,1183.0,3,97.0,0,0,7,-0.48,,
778,0,train,778,33,1199.5,4,100.0,0,0,7,-0.53,,
779,0,train,779,33,1216.0,4,102.0,0,0,7,-0.53,,
780,0,train,780,34,1234.0,4,104.0,0,1,7,-0.54,,
781,0,train,781,34,1251.0,4,106.0,0,0,7,-0.54,,
782,0,train,782,36,1271.0,4,108.0,0,0,7,-0.56,,
783,0,train,783,36,1289.0,4,110.0,0,1,7,-0.56,,
784,0,train,784,36,1307.0,4,112.0,0,0,7,-0.56,,
785,0,train,785,36,1325.0,5,115.5,0,0,7,-0.61,,
786,0,train,786,37,1344.5,5,118.0,0,2,7,-0.62,,
787,0,train,787,37,1145.0,5,120.5,0,0,8,-0.62,,
788,0,train,788,35,1019.0,5,123.0,0,0,8,-0.6,,
789,0,train,789,33,957.5,5,125.5,0,1,8,-0.5800000000000001,,
790,0,train,790,31,962.0,5,128.0,0,2,8,-0.56,,
791,0,train,791,31,977.5,5,130.5,0,0,8,-0.56,,
792,0,train,792,31,993.0,5,133.0,0,1,8,-0.56,,
793,0,train,793,31,1008.5,5,135.5,0,1,8,-0.56,,
794,0,train,794,31,1024.0,5,138.0,0,0,8,-0.56,,
795,0,train,795,34,1044.0,5,140.5,0,2,8,-0.5900000000000001,,
796,0,train,796,35,1062.5,5,143.0,0,1,8,-0.6,,
797,0,train,797,37,1083.0,5,145.5,0,1,8,-0.62,,
798,0,train,798,37,1101.5,5,148.0,0,2,8,-0.62,,
799,0,train,799,37,1120.0,5,150.5,0,0,8,-0.62,,
800,0,train,800,37,1138.5,5,153.0,0,1,8,-0.62,,
801,0,train,801,37,1157.0,5,155.5,0,2,8,-0.62,,
802,0,train,802,37,1175.5,5,158.0,0,1,8,-0.62,,
803,0,train,803,37,1194.0,5,160.5,0,0,8,-0.62,,
804,0,train,804,37,1212.5,5,163.0,0,0,8,-0.62,,
805,0,train,805,38,1232.5,5,165.5,1,1,8,-0.63,,
806,0,train,806,38,1251.5,5,168.0,0,2,8,-0.63,,
807,0,train,807,38,1270.5,5,170.5,0,0,8,-0.63,,
808,0,train,808,38,1289.5,5,173.0,0,1,8,-0.63,,
809,0,train,809,38,1308.5,5,175.5,0,1,8,-0.63,,
810,0,train,810,38,1327.5,5,178.0,0,1,8,-0.63,,
811,0,train,811,41,1351.0,5,180.5,0,2,8,-0.6599999999999999,,
812,0,train,812,41,1371.5,5,183.0,0,1,8,-0.6599999999999999,,
813,0,train,813,41,1392.0,6,187.0,0,1,8,-0.71,,
814,0,train,814,41,1412.5,6,190.0,0,1,8,-0.71,,
815,0,train,815,42,1434.5,6,193.0,0,3,8,-0.72,,
816,0,train,816,42,1455.5,6,196.0,0,0,8,-0.72,,
817,0,train,817,42,1476.5,6,199.0,1,1,8,-0.72,,
818,0,train,818,42,1497.5,6,202.0,0,0,8,-0.72,,
819,0,train,819,43,1520.0,6,205.0,0,2,8,-0.73,,
820,0,train,820,43,1541.5,6,208.0,0,1,8,-0.73,,
821,0,train,821,43,1563.0,6,211.0,0,0,8,-0.73,,
822,0,train,822,44,1586.0,6,214.0,0,3,8,-0.74,,
823,0,train,823,45,1609.5,6,217.0,0,1,8,-0.75,,
824,0,train,824,46,1633.5,6,220.0,0,0,8,-0.76,,
825,0,train,825,46,1656.5,6,223.0,0,0,8,-0.76,,
826,0,train,826,46,1679.5,6,226.0,0,2,8,-0.76,,
827,0,train,827,46,1702.5,6,229.0,0,2,8,-0.76,,
828,0,train,828,48,1728.5,6,232.0,0,0,8,-0.78,,
829,0,train,829,48,1752.5,6,235.0,0,1,8,-0.78,,
830,0,train,830,48,1775.5,6,238.0,0,0,8,-0.78,,
831,0,train,831,48,1799.5,6,241.0,0,1,8,-0.78,,
832,0,train,832,49,1825.0,6,244.0,0,1,8,-0.79,,
833,0,train,833,49,1849.5,6,247.0,0,0,8,-0.79,,
834,0,train,834,49,1874.0,6,250.0,0,1,8,-0.79,,
835,0,train,835,50,1900.0,6,253.0,0,1,8,-0.8,,
836,0,train,836,51,1926.5,6,256.0,0,0,8,-0.81,,
837,0,train,837,51,1952.0,6,259.0,0,3,8,-0.81,,
838,0,train,838,51,1977.5,6,262.0,0,0,8,-0.81,,
839,0,train,839,51,2003.0,6,265.0,0,1,9,-0.81,,
840,0,train,840,52,2030.0,6,268.0,0,0,9,-0.8200000000000001,,
841,0,train,841,52,2056.0,6,271.0,1,0,9,-0.8200000000000001,,
842,0,train,842,54,2085.0,6,274.0,0,0,9,-0.8400000000000001,,
843,0,train,843,56,2115.0,6,277.0,0,0,9,-0.8600000000000001,,
844,0,train,844,56,2143.0,6,280.0,0,3,9,-0.8600000000000001,,
845,0,train,845,52,1832.0,2,163.5,0,0,0,-0.62,,
846,0,train,846,48,1561.5,2,164.5,0,0,0,-0.58,,
847,0,train,847,44,1325.5,2,165.5,0,2,0,-0.54,,
848,0,train,848,40,1126.5,2,166.5,0,0,0,-0.5,,
849,0,train,849,40,1047.0,2,167.5,0,0,0,-0.5,,
850,0,train,850,40,983.0,2,168.5,0,0,0,-0.5,,
851,0,train,851,37,846.5,2,169.5,0,0,0,-0.47,,
852,0,train,852,35,787.0,2,170.5,0,0,0,-0.44999999999999996,,
853,0,train,853,34,779.0,2,171.5,0,0,0,-0.44000000000000006,,
854,0,train,854,30,725.0,2,172.5,0,0,0,-0.4,,
855,0,train,855,27,704.5,0,0.0,0,0,0,-0.27,,
856,0,train,856,28,719.5,0,0.0,0,0,0,-0.28,,
857,0,train,857,26,722.5,0,0.0,0,0,0,-0.26,,
858,0,train,858,25,730.5,0,0.0,0,0,0,-0.25,,
859,0,train,859,25,743.0,0,0.0,0,0,0,-0.25,,
860,0,train,860,25,755.5,0,0.0,0,0,0,-0.25,,
861,0,train,861,25,768.0,0,0.0,0,0,0,-0.25,,
862,0,train,862,25,780.5,0,0.0,0,0,0,-0.25,,
863,0,train,863,25,793.0,0,0.0,1,0,0,-0.25,,
864,0,train,864,25,805.5,0,0.0,0,0,0,-0.25,,
865,0,train,865,25,818.0,0,0.0,0,0,0,-0.25,,
866,0,train,866,25,830.5,0,0.0,0,0,0,-0.25,,
867,0,train,867,25,843.0,1,1.5,0,1,0,-0.3,,
868,0,train,868,25,855.5,0,0.0,0,0,0,-0.25,,
869,0,train,869,26,869.5,0,0.0,0,0,0,-0.26,,
870,0,train,870,27,884.0,0,0.0,0,0,0,-0.27,,
871,0,train,871,27,897.5,0,0.0,0,0,0,-0.27,,
872,0,train,872,27,911.0,0,0.0,0,1,0,-0.27,,
873,0,train,873,27,924.5,0,0.0,0,0,0,-0.27,,
874,0,train,874,27,938.0,1,1.5,0,0,0,-0.32,,
875,0,train,875,25,776.5,1,2.0,0,1,1,-0.3,,
876,0,train,876,23,721.0,1,2.5,0,1,1,-0.28,,
877,0,train,877,23,732.5,1,3.0,1,2,1,-0.28,,
878,0,train,878,23,744.0,2,5.0,0,0,1,-0.33,,
879,0,train,879,23,755.5,2,6.0,0,0,1,-0.33,,
880,0,train,880,23,767.0,2,7.0,0,0,1,-0.33,,
881,0,train,881,24,780.0,2,8.0,0,2,1,-0.33999999999999997,,
882,0,train,882,25,793.5,2,9.0,0,0,1,-0.35,,
883,0,train,883,25,806.0,4,13.0,0,0,1,-0.45,,
884,0,train,884,25,818.5,4,15.0,0,0,1,-0.45,,
885,0,train,885,25,831.0,4,17.0,0,1,1,-0.45,,
886,0,train,886,25,843.5,4,19.0,0,0,1,-0.45,,
887,0,train,887,26,857.5,5,22.5,0,0,1,-0.51,,
888,0,train,888,27,872.0,4,23.0,0,0,1,-0.47000000000000003,,
889,0,train,889,27,885.5,5,26.5,0,0,1,-0.52,,
890,0,train,890,27,899.0,5,29.0,0,2,1,-0.52,,
891,0,train,891,28,914.0,6,33.0,0,0,1,-0.5800000000000001,,
892,0,train,892,28,928.0,6,36.0,0,0,1,-0.5800000000000001,,
893,0,train,893,28,942.0,6,39.0,0,0,1,-0.5800000000000001,,
894,0,train,894,28,956.0,6,42.0,0,0,1,-0.5800000000000001,,
895,0,train,895,28,970.0,7,46.5,0,1,1,-0.63,,
896,0,train,896,28,984.0,7,50.0,0,0,1,-0.63,,
897,0,train,897,28,998.0,7,53.5,0,0,1,-0.63,,
898,0,train,898,28,1012.0,7,57.0,0,0,1,-0.63,,
899,0,train,899,28,1026.0,7,60.5,1,0,1,-0.63,,
900,0,train,900,29,1041.5,7,64.0,0,0,1,-0.6399999999999999,,
901,0,train,901,30,1057.5,7,67.5,0,0,1,-0.6499999999999999,,
902,0,train,902,30,1072.5,7,71.0,0,0,1,-0.6499999999999999,,
903,0,train,903,31,1089.0,7,74.5,0,0,1,-0.6599999999999999,,
904,0,train,904,31,1104.5,7,78.0,0,0,1,-0.6599999999999999,,
905,0,train,905,31,1120.0,7,81.5,0,0,1,-0.6599999999999999,,
906,0,train,906,31,1135.5,7,85.0,0,0,1,-0.6599999999999999,,
907,0,train,907,31,1151.0,7,88.5,0,0,1,-0.6599999999999999,,
908,0,train,908,31,1166.5,7,92.0,0,0,1,-0.6599999999999999,,
909,0,train,909,31,1182.0,7,95.5,0,0,1,-0.6599999999999999,,
910,0,train,910,32,1199.0,7,99.0,0,0,1,-0.6699999999999999,,
911,0,train,911,32,1215.0,7,102.5,0,0,1,-0.6699999999999999,,
912,0,train,912,36,1237.0,7,106.0,0,1,1,-0.71,,
913,0,train,913,36,1255.0,7,109.5,0,0,1,-0.71,,
914,0,train,914,37,1274.5,7,113.0,0,0,1,-0.72,,
915,0,train,915,38,1294.5,7,116.5,0,0,1,-0.73,,
916,0,train,916,38,1313.5,7,120.0,0,0,1,-0.73,,
917,0,train,917,38,1332.5,7,123.5,0,0,1,-0.73,,
918,0,train,918,38,1351.5,7,127.0,0,0,1,-0.73,,
919,0,train,919,38,1370.5,7,130.5,0,0,1,-0.73,,
920,0,train,920,40,1392.5,7,134.0,0,0,1,-0.75,,
921,0,train,921,40,1412.5,7,137.5,0,0,1,-0.75,,
922,0,train,922,40,1432.5,7,141.0,0,0,1,-0.75,,
923,0,train,923,40,1452.5,7,144.5,0,0,1,-0.75,,
924,0,train,924,40,1472.5,7,148.0,0,2,1,-0.75,,
925,0,train,925,40,1492.5,7,151.5,0,1,1,-0.75,,
926,0,train,926,41,1514.0,7,155.0,0,0,1,-0.76,,
927,0,train,927,41,1534.5,7,158.5,0,0,1,-0.76,,
928,0,train,928,41,1555.0,7,162.0,0,1,1,-0.76,,
929,0,train,929,41,1575.5,7,165.5,0,0,1,-0.76,,
930,0,train,930,42,1597.5,7,169.0,0,0,1,-0.77,,
931,0,train,931,42,1618.5,7,172.5,0,0,1,-0.77,,
932,0,train,932,42,1639.5,7,176.0,0,0,1,-0.77,,
933,0,train,933,42,1660.5,7,179.5,0,0,1,-0.77,,
934,0,train,934,42,1681.5,7,183.0,0,0,1,-0.77,,
935,0,train,935,42,1702.5,7,186.5,0,1,1,-0.77,,
936,0,train,936,42,1723.5,7,190.0,0,0,1,-0.77,,
937,0,train,937,42,1744.5,8,195.0,0,2,1,-0.8200000000000001,,
938,0,train,938,42,1765.5,7,197.0,0,1,1,-0.77,,
939,0,train,939,42,1786.5,7,200.5,0,1,1,-0.77,,
940,0,train,940,44,1810.5,7,204.0,0,2,1,-0.79,,
941,0,train,941,44,1832.5,8,209.0,0,0,1,-0.8400000000000001,,
942,0,train,942,44,1854.5,8,213.0,0,1,1,-0.8400000000000001,,
943,0,train,943,44,1876.5,8,217.0,0,1,1,-0.8400000000000001,,
944,0,train,944,45,1900.0,8,221.0,0,0,2,-0.8500000000000001,,
945,0,train,945,45,1922.5,8,225.0,0,1,2,-0.8500000000000001,,
946,0,train,946,45,1945.0,8,229.0,0,2,2,-0.8500000000000001,,
947,0,train,947,45,1967.5,8,233.0,0,0,2,-0.8500000000000001,,
948,0,train,948,45,1990.0,8,237.0,0,1,2,-0.8500000000000001,,
949,0,train,949,47,2015.5,8,241.0,0,3,2,-0.87,,
950,0,train,950,48,2040.5,8,245.0,0,0,2,-0.88,,
951,0,train,951,48,2064.5,8,249.0,0,1,2,-0.88,,
952,0,train,952,48,2088.5,8,253.0,0,1,2,-0.88,,
953,0,train,953,49,2114.0,8,257.0,0,3,2,-0.89,,
954,0,train,954,49,2138.5,8,261.0,0,1,2,-0.89,,
955,0,train,955,49,2163.0,8,265.0,0,1,2,-0.89,,
956,0,train,956,48,1937.0,8,269.0,0,2,3,-0.88,,
957,0,train,957,46,1786.5,8,273.0,0,1,3,-0.8600000000000001,,
958,0,train,958,44,1691.5,8,277.0,0,1,3,-0.8400000000000001,,
959,0,train,959,43,1666.0,8,281.0,0,2,3,-0.8300000000000001,,
960,0,train,960,43,1687.5,8,285.0,0,0,3,-0.8300000000000001,,
961,0,train,961,44,1710.5,8,289.0,0,0,3,-0.8400000000000001,,
962,0,train,962,45,1734.0,8,293.0,0,2,3,-0.8500000000000001,,
963,0,train,963,45,1756.5,8,297.0,0,1,3,-0.8500000000000001,,
964,0,train,964,45,1779.0,8,301.0,0,0,3,-0.8500000000000001,,
965,0,train,965,45,1801.5,8,305.0,0,1,3,-0.8500000000000001,,
966,0,train,966,45,1824.0,8,309.0,0,2,3,-0.8500000000000001,,
967,0,train,967,45,1846.5,8,313.0,0,0,3,-0.8500000000000001,,
968,0,train,968,45,1869.0,8,317.0,0,1,3,-0.8500000000000001,,
969,0,train,969,46,1893.0,8,321.0,0,0,3,-0.8600000000000001,,
970,0,train,970,46,1916.0,8,325.0,0,2,3,-0.8600000000000001,,
971,0,train,971,46,1939.0,8,329.0,1,2,3,-0.8600000000000001,,
972,0,train,972,46,1962.0,8,333.0,0,0,3,-0.8600000000000001,,
973,0,train,973,46,1985.0,8,337.0,1,2,3,-0.8600000000000001,,
974,0,train,974,47,2009.5,8,341.0,0,1,3,-0.87,,
975,0,train,975,48,2034.5,8,345.0,0,1,4,-0.88,,
976,0,train,976,49,2060.0,8,349.0,0,1,4,-0.89,,
977,0,train,977,50,2086.0,8,353.0,0,0,4,-0.9,,
978,0,train,978,51,2112.5,8,357.0,0,1,4,-0.91,,
979,0,train,979,51,2138.0,8,361.0,0,0,4,-0.91,,
980,0,train,980,51,2163.5,8,365.0,0,0,4,-0.91,,
981,0,train,981,51,2189.0,8,369.0,0,0,4,-0.91,,
982,0,train,982,52,2216.0,8,373.0,0,1,4,-0.92,,
983,0,train,983,52,2242.0,8,377.0,0,1,4,-0.92,,
984,0,train,984,53,2269.5,8,381.0,0,0,4,-0.93,,
985,0,train,985,53,2296.0,8,385.0,0,1,4,-0.93,,
986,0,train,986,53,2322.5,8,389.0,0,0,4,-0.93,,
987,0,train,987,48,1917.5,7,368.5,0,0,5,-0.83,,
988,0,train,988,45,1603.0,7,372.0,0,1,5,-0.8,,
989,0,train,989,41,1319.5,7,375.5,0,0,5,-0.76,,
990,0,train,990,37,1073.0,7,379.0,0,0,5,-0.72,,
991,0,train,991,38,1093.0,7,382.5,0,1,5,-0.73,,
992,0,train,992,34,891.0,6,325.5,0,1,5,-0.64,,
993,0,train,993,31,718.5,6,328.5,0,0,5,-0.61,,
994,0,train,994,28,613.0,6,331.5,0,0,5,-0.5800000000000001,,
995,0,train,995,27,593.0,5,277.0,0,0,5,-0.52,,
996,0,train,996,23,496.0,5,279.5,2,0,5,-0.48,,
997,0,train,997,21,440.0,3,166.5,0,0,5,-0.36,,
998,0,train,998,21,439.0,3,168.0,0,0,5,-0.36,,
999,0,train,999,19,411.0,3,169.5,0,0,5,-0.33999999999999997,,
1000,1,train,0,0,0.0,0,0.0,0,0,0,-0.0,3.9373974800109863,0
1001,1,train,1,0,0.0,0,0.0,0,0,0,-0.0,3.9148664474487305,0
1002,1,train,2,0,0.0,0,0.0,0,0,0,-0.0,3.638124942779541,0
1003,1,train,3,0,0.0,0,0.0,0,0,0,-0.0,3.6850438117980957,0
1004,1,train,4,0,0.0,0,0.0,0,0,0,-0.0,3.4689745903015137,0
1005,1,train,5,0,0.0,0,0.0,0,0,0,-0.0,3.538925886154175,0
1006,1,train,6,0,0.0,0,0.0,0,0,0,-0.0,3.4843802452087402,0
1007,1,train,7,0,0.0,0,0.0,0,0,0,-0.0,3.3940112590789795,0
1008,1,train,8,0,0.0,0,0.0,0,0,0,-0.0,3.416409969329834,0
1009,1,train,9,0,0.0,0,0.0,0,0,0,-0.0,3.3867170810699463,0
1010,1,train,10,0,0.0,0,0.0,0,0,0,-0.0,3.3025283813476562,0
1011,1,train,11,0,0.0,0,0.0,0,0,0,-0.0,3.1742024421691895,0
1012,1,train,12,0,0.0,0,0.0,0,0,0,-0.0,3.2932701110839844,0
1013,1,train,13,0,0.0,0,0.0,0,0,0,-0.0,3.182253122329712,0
1014,1,train,14,0,0.0,0,0.0,0,0,0,-0.0,3.1626274585723877,0
1015,1,train,15,0,0.0,0,0.0,0,0,0,-0.0,3.1749773025512695,0
1016,1,train,16,0,0.0,0,0.0,0,0,0,-0.0,3.192802906036377,0
1017,1,train,17,0,0.0,0,0.0,0,0,0,-0.0,3.23746395111084,0
1018,1,train,18,0,0.0,0,0.0,0,0,0,-0.0,3.0883424282073975,0
1019,1,train,19,0,0.0,0,0.0,0,0,0,-0.0,3.1739845275878906,0
1020,1,train,20,0,0.0,0,0.0,0,0,0,-0.0,3.075653076171875,0
1021,1,train,21,0,0.0,0,0.0,0,0,0,-0.0,3.0542240142822266,0
1022,1,train,22,0,0.0,0,0.0,0,0,0,-0.0,3.04441237449646,0
1023,1,train,23,0,0.0,0,0.0,0,0,0,-0.0,3.132678747177124,0
1024,1,train,24,0,0.0,0,0.0,0,0,0,-0.0,3.033733367919922,0
1025,1,train,25,0,0.0,0,0.0,0,0,0,-0.0,3.110523223876953,0
1026,1,train,26,0,0.0,0,0.0,0,0,0,-0.0,2.962939739227295,0
1027,1,train,27,0,0.0,0,0.0,0,0,0,-0.0,3.113633871078491,0
1028,1,train,28,0,0.0,0,0.0,0,0,0,-0.0,3.030902147293091,0
1029,1,train,29,0,0.0,0,0.0,0,0,0,-0.0,3.101011037826538,0
1030,1,train,30,0,0.0,0,0.0,0,0,0,-0.0,3.0565056800842285,0
1031,1,train,31,0,0.0,0,0.0,0,0,0,-0.0,2.9702439308166504,0
1032,1,train,32,0,0.0,0,0.0,0,0,0,-0.0,3.0557072162628174,0
1033,1,train,33,0,0.0,0,0.0,0,0,0,-0.0,3.1233673095703125,0
1034,1,train,34,0,0.0,0,0.0,0,0,0,-0.0,3.0481114387512207,0
1035,1,train,35,0,0.0,0,0.0,0,0,0,-0.0,3.0174264907836914,0
1036,1,train,36,0,0.0,0,0.0,0,0,0,-0.0,3.0788822174072266,0
1037,1,train,37,0,0.0,0,0.0,0,0,0,-0.0,3.029615879058838,0
1038,1,train,38,0,0.0,0,0.0,0,0,0,-0.0,3.0026469230651855,0
1039,1,train,39,0,0.0,0,0.0,0,0,0,-0.0,2.9394397735595703,0
1040,1,train,40,0,0.0,0,0.0,0,0,0,-0.0,3.039475440979004,0
1041,1,train,41,0,0.0,0,0.0,0,0,0,-0.0,2.988037109375,0
1042,1,train,42,0,0.0,0,0.0,0,0,0,-0.0,3.132359504699707,0
1043,1,train,43,0,0.0,0,0.0,0,0,0,-0.0,2.958751678466797,0
1044,1,train,44,0,0.0,0,0.0,0,0,0,-0.0,3.068565845489502,0
1045,1,train,45,0,0.0,0,0.0,0,0,0,-0.0,2.978466033935547,0
1046,1,train,46,0,0.0,0,0.0,0,0,0,-0.0,2.95847487449646,0
1047,1,train,47,0,0.0,0,0.0,0,0,0,-0.0,2.971193790435791,0
1048,1,train,48,0,0.0,0,0.0,0,0,0,-0.0,2.9086709022521973,0
1049,1,train,49,0,0.0,0,0.0,0,0,1,-0.0,3.011707305908203,0
1050,1,train,50,0,0.0,0,0.0,0,0,1,-0.0,3.025665283203125,0
1051,1,train,51,0,0.0,0,0.0,0,0,1,-0.0,2.984163522720337,0
1052,1,train,52,0,0.0,0,0.0,0,0,1,-0.0,2.9674530029296875,0
1053,1,train,53,0,0.0,0,0.0,0,0,1,-0.0,2.8628454208374023,0
1054,1,train,54,0,0.0,0,0.0,0,0,1,-0.0,2.8681540489196777,0
1055,1,train,55,0,0.0,0,0.0,0,0,1,-0.0,3.0018246173858643,0
1056,1,train,56,0,0.0,0,0.0,0,0,1,-0.0,2.926117420196533,0
1057,1,train,57,0,0.0,0,0.0,0,0,1,-0.0,3.0036568641662598,0
1058,1,train,58,0,0.0,0,0.0,0,0,1,-0.0,3.0170822143554688,0
1059,1,train,59,0,0.0,0,0.0,0,0,1,-0.0,2.889619827270508,0
1060,1,train,60,0,0.0,0,0.0,0,0,1,-0.0,2.9249749183654785,0
1061,1,train,61,0,0.0,0,0.0,0,0,1,-0.0,2.936306953430176,0
1062,1,train,62,0,0.0,0,0.0,0,0,1,-0.0,2.966895818710327,0
1063,1,train,63,0,0.0,1,1.5,0,0,1,-0.05,2.9431562423706055,0
1064,1,train,64,0,0.0,1,2.0,0,0,1,-0.05,2.8737306594848633,0
1065,1,train,65,0,0.0,1,2.5,0,0,1,-0.05,2.9501447677612305,0
1066,1,train,66,0,0.0,1,3.0,0,0,1,-0.05,2.960354804992676,0
1067,1,train,67,0,0.0,1,3.5,0,0,2,-0.05,2.9046359062194824,1
1068,1,train,68,0,0.0,1,4.0,0,0,2,-0.05,2.922455310821533,0
1069,1,train,69,0,0.0,1,4.5,0,0,2,-0.05,2.8680365085601807,0
1070,1,train,70,0,0.0,2,6.5,0,0,2,-0.1,3.0075201988220215,0
1071,1,train,71,0,0.0,1,5.5,0,0,2,-0.05,2.854996681213379,0
1072,1,train,72,0,0.0,1,6.0,0,0,2,-0.05,2.9956061840057373,0
1073,1,train,73,0,0.0,1,6.5,0,0,2,-0.05,3.5085272789001465,0
1074,1,train,74,0,0.0,2,8.5,0,0,2,-0.1,2.8729896545410156,0
1075,1,train,75,0,0.0,3,11.0,0,0,2,-0.15,2.968839645385742,0
1076,1,train,76,1,1.5,3,12.5,0,0,2,-0.16,2.960754871368408,0
1077,1,train,77,2,3.5,3,14.0,0,0,2,-0.16999999999999998,2.985151767730713,0
1078,1,train,78,9,15.0,3,15.5,0,0,2,-0.24,2.9594926834106445,0
1079,1,train,79,7,15.5,3,17.0,0,0,3,-0.22,2.940213680267334,0
1080,1,train,80,7,19.0,3,18.5,0,0,3,-0.22,2.896094560623169,0
1081,1,train,81,7,22.5,4,21.5,0,0,3,-0.27,2.922722101211548,0
1082,1,train,82,7,26.0,5,25.0,0,0,3,-0.32,2.896190643310547,0
1083,1,train,83,7,29.5,5,27.5,0,0,3,-0.32,2.870023488998413,0
1084,1,train,84,7,33.0,5,30.0,0,0,3,-0.32,2.9120099544525146,0
1085,1,train,85,7,36.5,5,32.5,0,0,3,-0.32,2.926393985748291,0
1086,1,train,86,7,40.0,5,35.0,0,0,3,-0.32,2.9459056854248047,0
1087,1,train,87,7,43.5,5,37.5,0,0,3,-0.32,2.9610064029693604,0
1088,1,train,88,7,47.0,5,40.0,0,0,3,-0.32,2.9363486766815186,0
1089,1,train,89,10,55.0,5,42.5,0,0,3,-0.35,2.862621307373047,0
1090,1,train,90,10,60.0,5,45.0,0,0,3,-0.35,3.3742544651031494,0
1091,1,train,91,10,65.0,5,47.5,0,0,4,-0.35,2.970399856567383,1
1092,1,train,92,10,70.0,5,50.0,0,0,4,-0.35,2.911128520965576,0
1093,1,train,93,10,75.0,7,55.5,0,0,4,-0.44999999999999996,3.040510654449463,0
1094,1,train,94,10,80.0,7,59.0,0,0,4,-0.44999999999999996,3.0963330268859863,0
1095,1,train,95,10,85.0,7,62.5,0,0,4,-0.44999999999999996,3.152920722961426,0
1096,1,train,96,11,91.5,7,66.0,0,0,4,-0.45999999999999996,2.954904079437256,0
1097,1,train,97,12,98.5,7,69.5,0,0,4,-0.47,2.8950366973876953,0
1098,1,train,98,12,104.5,8,74.5,0,0,4,-0.52,2.9394397735595703,0
1099,1,train,99,12,110.5,7,74.0,0,0,4,-0.47,3.173964023590088,0
1100,1,train,100,12,116.5,7,77.5,0,0,4,-0.47,2.9360740184783936,0
1101,1,train,101,12,122.5,7,81.0,0,0,4,-0.47,2.894249677658081,0
1102,1,train,102,12,128.5,8,86.0,0,0,4,-0.52,2.9003989696502686,0
1103,1,train,103,11,93.5,8,90.0,0,0,5,-0.51,3.229111909866333,0
1104,1,train,104,10,96.5,8,94.0,0,0,5,-0.5,2.9257712364196777,0
1105,1,train,105,10,101.5,8,98.0,0,0,5,-0.5,3.122004508972168,0
1106,1,train,106,10,106.5,8,102.0,0,0,5,-0.5,2.926535129547119,0
1107,1,train,107,10,111.5,8,106.0,0,0,5,-0.5,3.175028085708618,0
1108,1,train,108,10,116.5,8,110.0,0,0,5,-0.5,2.9288601875305176,0
1109,1,train,109,10,121.5,8,114.0,0,0,5,-0.5,2.932845115661621,0
1110,1,train,110,10,126.5,8,118.0,0,0,5,-0.5,3.1840322017669678,0
1111,1,train,111,10,131.5,6,85.5,0,0,5,-0.4,3.065685749053955,0
1112,1,train,112,11,138.0,5,62.5,0,0,5,-0.36,2.8279097080230713,0
1113,1,train,113,11,143.5,4,58.0,0,0,5,-0.31,3.091798782348633,0
1114,1,train,114,12,150.5,4,60.0,0,0,5,-0.32,3.1095802783966064,0
1115,1,train,115,12,156.5,4,62.0,0,0,5,-0.32,3.1253538131713867,0
1116,1,train,116,12,162.5,4,64.0,0,0,5,-0.32,2.9417614936828613,0
1117,1,train,117,12,168.5,4,66.0,0,0,5,-0.32,3.2729153633117676,0
1118,1,train,118,12,174.5,4,68.0,0,0,5,-0.32,2.8989524841308594,0
1119,1,train,119,12,180.5,4,70.0,0,0,5,-0.32,3.0961031913757324,0
1120,1,train,120,12,186.5,4,72.0,0,0,5,-0.32,3.246574878692627,0
1121,1,train,121,12,192.5,3,58.5,0,0,5,-0.27,2.899911403656006,0
1122,1,train,122,12,198.5,3,60.0,0,0,5,-0.27,3.1771111488342285,0
1123,1,train,123,12,204.5,3,61.5,0,0,5,-0.27,2.8800482749938965,0
1124,1,train,124,12,210.5,3,63.0,0,0,5,-0.27,3.032639265060425,0
1125,1,train,125,12,216.5,3,64.5,0,0,5,-0.27,2.944554090499878,0
1126,1,train,126,13,224.0,3,66.0,0,0,5,-0.28,3.18117618560791,0
1127,1,train,127,13,230.5,3,67.5,0,0,5,-0.28,3.2808351516723633,0
1128,1,train,128,13,237.0,3,69.0,0,0,5,-0.28,3.2371463775634766,0
1129,1,train,129,13,243.5,3,70.5,0,0,5,-0.28,2.879953622817993,0
1130,1,train,130,14,251.5,3,72.0,0,0,5,-0.29000000000000004,3.0811333656311035,0
1131,1,train,131,14,258.5,3,73.5,0,0,5,-0.29000000000000004,3.1310901641845703,0
1132,1,train,132,14,265.5,3,75.0,0,0,5,-0.29000000000000004,2.917067289352417,0
1133,1,train,133,14,272.5,3,76.5,0,0,5,-0.29000000000000004,3.194777488708496,0
1134,1,train,134,14,279.5,3,78.0,0,0,5,-0.29000000000000004,2.8544530868530273,0
1135,1,train,135,14,286.5,3,79.5,0,0,5,-0.29000000000000004,3.251953125,0
1136,1,train,136,14,293.5,3,81.0,0,0,5,-0.29000000000000004,3.2060749530792236,0
1137,1,train,137,14,300.5,3,82.5,0,0,5,-0.29000000000000004,3.136380195617676,0
1138,1,train,138,14,307.5,3,84.0,0,0,5,-0.29000000000000004,3.082594871520996,0
1139,1,train,139,15,316.0,3,85.5,0,0,5,-0.3,2.966492176055908,0
1140,1,train,140,15,323.5,3,87.0,0,0,5,-0.3,3.2232182025909424,0
1141,1,train,141,16,332.5,3,88.5,0,0,5,-0.31,2.9388680458068848,0
1142,1,train,142,17,342.0,3,90.0,0,0,5,-0.32,2.9658985137939453,0
1143,1,train,143,18,352.0,3,91.5,0,0,5,-0.32999999999999996,3.1154239177703857,0
1144,1,train,144,18,361.0,3,93.0,0,0,5,-0.32999999999999996,3.122669219970703,0
1145,1,train,145,18,370.0,3,94.5,0,0,5,-0.32999999999999996,2.8323869705200195,0
1146,1,train,146,18,379.0,3,96.0,0,0,5,-0.32999999999999996,2.867053747177124,0
1147,1,train,147,18,388.0,3,97.5,0,0,5,-0.32999999999999996,3.254746675491333,0
1148,1,train,148,18,397.0,3,99.0,0,0,5,-0.32999999999999996,3.0184168815612793,0
1149,1,train,149,18,406.0,3,100.5,0,0,5,-0.32999999999999996,3.3931784629821777,0
1150,1,train,150,18,415.0,3,102.0,0,0,5,-0.32999999999999996,3.1042532920837402,0
1151,1,train,151,18,424.0,3,103.5,0,1,5,-0.32999999999999996,2.9756240844726562,0
1152,1,train,152,19,434.5,3,105.0,0,0,5,-0.33999999999999997,2.8850274085998535,0
1153,1,train,153,18,367.5,3,106.5,0,0,6,-0.32999999999999996,3.2411155700683594,0
1154,1,train,154,18,376.5,3,108.0,0,0,6,-0.32999999999999996,3.03070068359375,0
1155,1,train,155,18,385.5,3,109.5,0,0,6,-0.32999999999999996,3.1382360458374023,0
1156,1,train,156,18,394.5,3,111.0,0,0,6,-0.32999999999999996,3.0120768547058105,0
1157,1,train,157,18,403.5,3,112.5,0,0,6,-0.32999999999999996,3.1841177940368652,0
1158,1,train,158,18,412.5,3,114.0,0,0,6,-0.32999999999999996,2.893214702606201,0
1159,1,train,159,18,421.5,3,115.5,0,2,6,-0.32999999999999996,3.2410802841186523,0
1160,1,train,160,18,430.5,3,117.0,0,0,6,-0.32999999999999996,2.8853538036346436,0
1161,1,train,161,18,439.5,3,118.5,0,0,6,-0.32999999999999996,3.0095126628875732,0
1162,1,train,162,19,450.0,3,120.0,0,0,6,-0.33999999999999997,3.0767226219177246,0
1163,1,train,163,19,459.5,3,121.5,0,0,6,-0.33999999999999997,3.0062968730926514,0
1164,1,train,164,23,475.0,3,123.0,0,0,6,-0.38,3.1363067626953125,0
1165,1,train,165,23,486.5,3,124.5,0,0,6,-0.38,3.233931303024292,0
1166,1,train,166,23,498.0,3,126.0,0,1,6,-0.38,3.07319712638855,0
1167,1,train,167,23,509.5,3,127.5,0,0,6,-0.38,3.0751070976257324,0
1168,1,train,168,25,524.0,3,129.0,0,0,6,-0.4,3.0359787940979004,0
1169,1,train,169,27,539.5,3,130.5,0,0,6,-0.42000000000000004,2.8722453117370605,0
1170,1,train,170,28,554.5,3,132.0,0,0,6,-0.43000000000000005,3.0408029556274414,0
1171,1,train,171,28,568.5,3,133.5,0,0,6,-0.43000000000000005,2.7743773460388184,0
1172,1,train,172,30,585.5,3,135.0,0,0,6,-0.44999999999999996,3.320249557495117,0
1173,1,train,173,33,605.0,3,136.5,0,0,6,-0.48,2.763023853302002,0
1174,1,train,174,33,621.5,3,138.0,0,0,6,-0.48,3.1370484828948975,0
1175,1,train,175,34,639.5,3,139.5,0,0,6,-0.49,3.108856201171875,0
1176,1,train,176,34,656.5,3,141.0,0,0,6,-0.49,2.9700772762298584,0
1177,1,train,177,34,673.5,3,142.5,0,0,6,-0.49,2.9570541381835938,0
1178,1,train,178,34,690.5,3,144.0,0,0,6,-0.49,2.759328842163086,0
1179,1,train,179,34,707.5,3,145.5,0,0,6,-0.49,3.062091827392578,0
1180,1,train,180,34,724.5,3,147.0,0,0,6,-0.49,2.831362724304199,0
1181,1,train,181,34,741.5,4,150.0,0,0,6,-0.54,2.956315279006958,0
1182,1,train,182,35,760.0,4,152.0,0,1,6,-0.55,3.2466516494750977,0
1183,1,train,183,36,779.0,4,154.0,0,3,6,-0.56,2.991441011428833,0
1184,1,train,184,36,797.0,4,156.0,0,0,6,-0.56,3.0576770305633545,0
1185,1,train,185,36,815.0,4,158.0,0,1,6,-0.56,2.8953633308410645,0
1186,1,train,186,36,833.0,4,160.0,0,2,6,-0.56,2.8639369010925293,0
1187,1,train,187,36,851.0,5,163.5,0,0,6,-0.61,3.014873504638672,0
1188,1,train,188,36,869.0,5,166.0,0,0,6,-0.61,3.0179498195648193,0
1189,1,train,189,36,887.0,5,168.5,0,0,6,-0.61,3.0292911529541016,0
1190,1,train,190,37,906.5,5,171.0,0,0,6,-0.62,2.9510796070098877,0
1191,1,train,191,38,926.5,5,173.5,0,2,6,-0.63,3.233891010284424,0
1192,1,train,192,39,947.0,5,176.0,0,0,6,-0.64,3.13974666595459,0
1193,1,train,193,40,968.0,5,178.5,0,0,6,-0.65,3.321838855743408,0
1194,1,train,194,40,988.0,5,181.0,0,0,6,-0.65,3.0485849380493164,0
1195,1,train,195,40,1008.0,5,183.5,0,0,6,-0.65,3.023451089859009,0
1196,1,train,196,40,1028.0,5,186.0,0,0,6,-0.65,2.9183731079101562,0
1197,1,train,197,40,1048.0,5,188.5,0,0,6,-0.65,3.257317543029785,0
1198,1,train,198,40,1068.0,5,191.0,0,1,6,-0.65,3.058842182159424,0
1199,1,train,199,40,1088.0,6,195.0,0,0,6,-0.7,2.8704185485839844,0
1200,1,train,200,40,1108.0,6,198.0,0,0,6,-0.7,3.087677240371704,0
1201,1,train,201,41,1129.5,6,201.0,0,2,6,-0.71,3.0210697650909424,0
1202,1,train,202,41,1150.0,6,204.0,0,0,6,-0.71,2.79561710357666,0
1203,1,train,203,41,1170.5,5,203.5,0,0,6,-0.6599999999999999,2.7961699962615967,0
1204,1,train,204,41,1191.0,5,206.0,0,0,6,-0.6599999999999999,2.696913719177246,0
1205,1,train,205,41,1211.5,5,208.5,0,0,6,-0.6599999999999999,2.890610456466675,0
1206,1,train,206,41,1232.0,6,212.5,0,0,6,-0.71,2.972463846206665,0
1207,1,train,207,41,1252.5,6,215.5,0,0,6,-0.71,3.112236261367798,0
1208,1,train,208,41,1273.0,6,218.5,0,0,6,-0.71,3.031135320663452,0
1209,1,train,209,42,1295.0,6,221.5,0,0,6,-0.72,2.8422048091888428,0
1210,1,train,210,42,1316.0,6,224.5,0,0,6,-0.72,2.8942861557006836,0
1211,1,train,211,43,1338.5,6,227.5,0,2,6,-0.73,2.911048412322998,0
1212,1,train,212,43,1360.0,6,230.5,0,0,6,-0.73,2.996063709259033,0
1213,1,train,213,43,1381.5,6,233.5,0,0,6,-0.73,3.4407873153686523,0
1214,1,train,214,43,1403.0,6,236.5,0,0,6,-0.73,3.1634230613708496,0
1215,1,train,215,43,1424.5,6,239.5,0,0,6,-0.73,3.2411797046661377,0
1216,1,train,216,43,1446.0,6,242.5,0,0,6,-0.73,3.076631546020508,0
1217,1,train,217,43,1467.5,6,245.5,0,0,6,-0.73,2.7017970085144043,0
1218,1,train,218,44,1490.5,6,248.5,0,0,6,-0.74,3.072648525238037,0
1219,1,train,219,47,1517.0,6,251.5,0,0,6,-0.77,3.0121116638183594,0
1220,1,train,220,47,1540.5,6,254.5,0,0,6,-0.77,3.054335832595825,0
1221,1,train,221,47,1564.0,6,257.5,0,2,6,-0.77,3.07025146484375,0
1222,1,train,222,48,1589.0,6,260.5,0,0,6,-0.78,3.010270833969116,0
1223,1,train,223,49,1614.5,6,263.5,0,0,6,-0.79,2.954683303833008,0
1224,1,train,224,49,1639.0,6,266.5,0,0,6,-0.79,2.7918453216552734,0
1225,1,train,225,49,1663.5,6,269.5,0,0,6,-0.79,2.7953858375549316,0
1226,1,train,226,49,1688.0,6,272.5,0,0,6,-0.79,3.1517491340637207,0
1227,1,train,227,49,1712.5,6,275.5,0,0,6,-0.79,2.7037994861602783,0
1228,1,train,228,50,1738.5,6,278.5,0,0,6,-0.8,2.9862184524536133,0
1229,1,train,229,50,1763.5,6,281.5,0,0,6,-0.8,3.092961549758911,0
1230,1,train,230,51,1790.0,6,284.5,0,0,6,-0.81,2.8061487674713135,0
1231,1,train,231,51,1815.5,6,287.5,0,0,6,-0.81,2.132300853729248,0
1232,1,train,232,52,1842.5,6,290.5,0,0,6,-0.8200000000000001,2.856797456741333,0
1233,1,train,233,52,1868.5,6,293.5,0,0,6,-0.8200000000000001,3.0205345153808594,0
1234,1,train,234,52,1894.5,6,296.5,0,0,6,-0.8200000000000001,2.8021721839904785,0
1235,1,train,235,52,1920.5,6,299.5,0,0,6,-0.8200000000000001,3.288989543914795,0
1236,1,train,236,52,1946.5,6,302.5,0,0,6,-0.8200000000000001,2.5548202991485596,0
1237,1,train,237,52,1972.5,6,305.5,0,0,6,-0.8200000000000001,2.63179349899292,0
1238,1,train,238,52,1998.5,6,308.5,0,0,6,-0.8200000000000001,2.9036550521850586,0
1239,1,train,239,52,2024.5,6,311.5,0,0,6,-0.8200000000000001,2.9250683784484863,0
1240,1,train,240,52,2050.5,6,314.5,0,0,6,-0.8200000000000001,3.0260367393493652,0
1241,1,train,241,52,2076.5,6,317.5,0,0,6,-0.8200000000000001,3.365851879119873,0
1242,1,train,242,54,2105.5,6,320.5,0,0,6,-0.8400000000000001,2.6724772453308105,0
1243,1,train,243,54,2132.5,6,323.5,0,0,7,-0.8400000000000001,3.094945192337036,0
1244,1,train,244,54,2159.5,6,326.5,0,2,7,-0.8400000000000001,2.9674019813537598,0
1245,1,train,245,54,2186.5,6,329.5,0,0,7,-0.8400000000000001,2.8090169429779053,0
1246,1,train,246,54,2213.5,6,332.5,0,0,7,-0.8400000000000001,3.1278226375579834,0
1247,1,train,247,54,2240.5,6,335.5,0,0,7,-0.8400000000000001,3.1279354095458984,0
1248,1,train,248,54,2267.5,6,338.5,0,0,7,-0.8400000000000001,3.050816059112549,0
1249,1,train,249,54,2294.5,6,341.5,0,1,7,-0.8400000000000001,2.816768169403076,0
1250,1,train,250,54,2321.5,6,344.5,0,0,7,-0.8400000000000001,3.1169960498809814,0
1251,1,train,251,54,2348.5,6,347.5,0,0,7,-0.8400000000000001,2.775566339492798,0
1252,1,train,252,55,2377.0,6,350.5,0,0,7,-0.8500000000000001,3.251433849334717,0
1253,1,train,253,57,2407.5,6,353.5,0,0,7,-0.8699999999999999,2.843897819519043,0
1254,1,train,254,57,2436.0,6,356.5,0,1,7,-0.8699999999999999,2.8530333042144775,0
1255,1,train,255,53,2189.5,6,359.5,0,0,8,-0.8300000000000001,1.995782732963562,0
1256,1,train,256,53,2129.0,6,362.5,0,1,8,-0.8300000000000001,2.3921380043029785,0
1257,1,train,257,51,2068.0,6,365.5,0,0,8,-0.81,2.96854305267334,0
1258,1,train,258,49,2051.5,6,368.5,0,0,8,-0.79,2.99642014503479,0
1259,1,train,259,49,2076.0,6,371.5,0,2,8,-0.79,2.848773717880249,0
1260,1,train,260,49,2100.5,6,374.5,0,0,8,-0.79,2.531158924102783,0
1261,1,train,261,49,2125.0,6,377.5,0,0,8,-0.79,3.0781819820404053,0
1262,1,train,262,50,2151.0,6,380.5,0,0,8,-0.8,2.896731376647949,0
1263,1,train,263,50,2176.0,6,383.5,0,1,8,-0.8,3.2212185859680176,0
1264,1,train,264,50,2201.0,6,386.5,0,1,8,-0.8,3.0486137866973877,0
1265,1,train,265,50,2226.0,8,392.5,0,0,8,-0.9,3.2067227363586426,0
1266,1,train,266,50,2251.0,8,396.5,0,0,8,-0.9,2.967083215713501,0
1267,1,train,267,50,2276.0,8,400.5,0,0,8,-0.9,2.4042787551879883,0
1268,1,train,268,50,2301.0,8,404.5,0,0,8,-0.9,2.3994405269622803,0
1269,1,train,269,50,2326.0,8,408.5,0,0,8,-0.9,2.973691463470459,0
1270,1,train,270,50,2351.0,8,412.5,0,0,8,-0.9,2.6376049518585205,0
1271,1,train,271,50,2376.0,9,418.0,0,2,8,-0.95,2.6821281909942627,0
1272,1,train,272,50,2401.0,9,422.5,0,0,8,-0.95,2.6614527702331543,0
1273,1,train,273,50,2426.0,9,427.0,0,1,8,-0.95,3.0858089923858643,0
1274,1,train,274,50,2451.0,10,433.0,0,1,8,-1.0,2.0696053504943848,0
1275,1,train,275,50,2476.0,10,438.0,0,0,8,-1.0,2.7444651126861572,0
1276,1,train,276,50,2501.0,10,443.0,0,0,8,-1.0,3.0135607719421387,0
1277,1,train,277,52,2529.0,10,448.0,0,0,8,-1.02,1.7065184116363525,0
1278,1,train,278,53,2556.5,10,453.0,0,0,8,-1.03,2.907156467437744,0
1279,1,train,279,55,2586.0,10,458.0,0,0,8,-1.05,2.4093985557556152,0
1280,1,train,280,56,2615.0,11,464.5,0,0,8,-1.11,2.862597703933716,0
1281,1,train,281,56,2643.0,10,468.0,0,1,8,-1.06,2.151944875717163,0
1282,1,train,282,57,2672.5,10,473.0,0,0,8,-1.0699999999999998,2.526658773422241,0
1283,1,train,283,58,2702.5,11,479.5,0,0,8,-1.13,2.472047805786133,0
1284,1,train,284,58,2731.5,11,485.0,0,1,8,-1.13,2.771883010864258,0
1285,1,train,285,58,2760.5,12,492.0,0,1,8,-1.18,2.910327434539795,0
1286,1,train,286,58,2789.5,13,499.5,0,0,8,-1.23,2.3267786502838135,0
1287,1,train,287,58,2818.5,13,506.0,0,0,8,-1.23,2.391260862350464,0
1288,1,train,288,59,2849.0,13,512.5,0,0,8,-1.24,2.5872409343719482,0
1289,1,train,289,60,2880.0,13,519.0,0,0,8,-1.25,1.8986423015594482,0
1290,1,train,290,62,2913.0,13,525.5,0,0,8,-1.27,2.425736904144287,0
1291,1,train,291,63,2945.5,13,532.0,0,0,8,-1.28,2.758620262145996,0
1292,1,train,292,63,2977.0,13,538.5,0,0,8,-1.28,2.6919126510620117,0
1293,1,train,293,63,3008.5,13,545.0,0,0,8,-1.28,2.3986263275146484,0
1294,1,train,294,63,3040.0,13,551.5,0,0,8,-1.28,2.851717710494995,0
1295,1,train,295,63,3071.5,13,558.0,0,0,8,-1.28,2.5022175312042236,0
1296,1,train,296,63,3103.0,13,564.5,0,0,8,-1.28,2.656933546066284,0
1297,1,train,297,64,3136.0,13,571.0,0,0,8,-1.29,2.1979379653930664,0
1298,1,train,298,65,3169.5,13,577.5,0,0,8,-1.3,2.3172037601470947,0
1299,1,train,299,65,3202.0,13,584.0,0,0,8,-1.3,2.692399024963379,0
1300,1,train,300,66,3236.0,13,590.5,0,0,8,-1.31,2.6670050621032715,0
1301,1,train,301,67,3270.5,13,597.0,0,0,8,-1.32,2.467047691345215,0
1302,1,train,302,68,3305.5,13,603.5,0,0,8,-1.33,2.3674087524414062,0
1303,1,train,303,68,3339.5,14,611.5,0,0,8,-1.38,2.44724178314209,0
1304,1,train,304,68,3373.5,13,616.5,0,0,8,-1.33,2.6887054443359375,0
1305,1,train,305,68,3407.5,13,623.0,0,0,8,-1.33,2.7534284591674805,0
1306,1,train,306,68,3441.5,13,629.5,0,1,8,-1.33,1.94859778881073,0
1307,1,train,307,68,3475.5,14,637.5,0,0,8,-1.38,2.0287723541259766,0
1308,1,train,308,69,3511.0,14,644.5,0,0,8,-1.39,2.2843017578125,0
1309,1,train,309,71,3548.5,14,651.5,0,0,8,-1.41,2.4675636291503906,0
1310,1,train,310,72,3585.5,14,658.5,0,0,8,-1.42,2.1588497161865234,0
1311,1,train,311,72,3621.5,14,665.5,0,1,8,-1.42,2.8157734870910645,0
1312,1,train,312,73,3659.0,14,672.5,0,0,8,-1.43,2.522190570831299,0
1313,1,train,313,73,3695.5,14,679.5,0,0,8,-1.43,2.573550224304199,0
1314,1,train,314,73,3732.0,14,686.5,0,0,8,-1.43,2.794391632080078,0
1315,1,train,315,73,3768.5,14,693.5,0,1,9,-1.43,1.9510185718536377,0
1316,1,train,316,73,3805.0,14,700.5,0,0,9,-1.43,3.0848894119262695,0
1317,1,train,317,74,3843.0,14,707.5,0,0,9,-1.44,2.688950300216675,0
1318,1,train,318,74,3880.0,14,714.5,0,0,9,-1.44,2.0888314247131348,0
1319,1,train,319,75,3918.5,14,721.5,0,0,9,-1.45,2.6595869064331055,0
1320,1,train,320,77,3959.0,14,728.5,0,0,9,-1.47,2.7751882076263428,0
1321,1,train,321,71,3369.5,11,536.5,0,0,0,-1.26,1.8922786712646484,0
1322,1,train,322,67,2978.5,11,542.0,0,0,0,-1.2200000000000002,1.9796173572540283,0
1323,1,train,323,63,2621.0,11,547.5,0,1,0,-1.1800000000000002,2.806757688522339,0
1324,1,train,324,59,2293.5,11,553.0,0,2,0,-1.1400000000000001,3.0300087928771973,0
1325,1,train,325,59,2323.0,11,558.5,0,0,0,-1.1400000000000001,2.730384349822998,0
1326,1,train,326,56,2044.5,11,564.0,0,0,0,-1.11,2.076190948486328,0
1327,1,train,327,52,1792.0,10,547.0,0,0,0,-1.02,2.4794740676879883,0
1328,1,train,328,50,1693.0,8,490.5,0,0,0,-0.9,2.467047691345215,0
1329,1,train,329,49,1597.5,7,482.0,0,0,0,-0.84,2.6555051803588867,0
1330,1,train,330,45,1420.5,6,451.5,0,0,0,-0.75,1.9924832582473755,0
1331,1,train,331,43,1356.5,6,454.5,0,0,0,-0.73,2.7746777534484863,0
1332,1,train,332,42,1298.0,5,425.5,0,2,0,-0.6699999999999999,2.1997933387756348,0
1333,1,train,333,38,1193.5,5,428.0,0,2,0,-0.63,2.879042148590088,0
1334,1,train,334,36,1167.5,5,430.5,0,0,0,-0.61,2.4199633598327637,0
1335,1,train,335,34,1147.0,5,433.0,0,1,0,-0.5900000000000001,2.2721033096313477,0
1336,1,train,336,32,1110.5,4,307.0,0,0,0,-0.52,2.543421506881714,0
1337,1,train,337,31,1122.5,4,309.0,0,0,0,-0.51,2.107015609741211,0
1338,1,train,338,31,1114.5,4,311.0,0,0,0,-0.51,2.735903263092041,0
1339,1,train,339,29,1115.5,4,313.0,0,0,0,-0.49,2.429231643676758,0
1340,1,train,340,31,1133.0,3,192.5,0,0,0,-0.45999999999999996,2.6296303272247314,0
1341,1,train,341,31,1148.5,3,194.0,0,0,0,-0.45999999999999996,2.4386682510375977,0
1342,1,train,342,31,1164.0,3,195.5,0,0,0,-0.45999999999999996,2.705331563949585,0
1343,1,train,343,31,1179.5,3,197.0,0,0,0,-0.45999999999999996,2.1799306869506836,0
1344,1,train,344,31,1195.0,3,198.5,0,0,0,-0.45999999999999996,2.370619535446167,0
1345,1,train,345,31,1210.5,3,200.0,0,0,0,-0.45999999999999996,2.038649559020996,0
1346,1,train,346,31,1226.0,2,64.5,0,0,0,-0.41000000000000003,2.5155348777770996,0
1347,1,train,347,31,1241.5,2,65.5,0,0,0,-0.41000000000000003,2.619454860687256,0
1348,1,train,348,31,1257.0,2,66.5,0,0,0,-0.41000000000000003,2.4869089126586914,0
1349,1,train,349,33,1275.5,2,67.5,0,0,0,-0.43000000000000005,2.3452796936035156,0
1350,1,train,350,33,1292.0,2,68.5,0,1,0,-0.43000000000000005,2.3615565299987793,0
1351,1,train,351,33,1308.5,2,69.5,0,0,0,-0.43000000000000005,2.479203224182129,0
1352,1,train,352,33,1325.0,2,70.5,0,0,0,-0.43000000000000005,3.0301942825317383,0
1353,1,train,353,33,1341.5,2,71.5,0,0,0,-0.43000000000000005,1.3536365032196045,0
1354,1,train,354,33,1358.0,2,72.5,0,1,0,-0.43000000000000005,1.8847527503967285,0
1355,1,train,355,33,1374.5,2,73.5,0,1,0,-0.43000000000000005,2.2433507442474365,0
1356,1,train,356,36,1395.5,2,74.5,0,0,0,-0.45999999999999996,2.549884796142578,0
1357,1,train,357,37,1415.0,2,75.5,0,1,0,-0.47,2.3704771995544434,0
1358,1,train,358,37,1433.5,2,76.5,0,1,0,-0.47,2.840115547180176,0
1359,1,train,359,38,1453.5,2,77.5,0,0,0,-0.48,2.230743408203125,0
1360,1,train,360,39,1474.0,2,78.5,0,2,0,-0.49,1.8277926445007324,0
1361,1,train,361,39,1493.5,2,79.5,0,0,0,-0.49,2.218717098236084,0
1362,1,train,362,39,1513.0,2,80.5,0,0,0,-0.49,1.7633548974990845,0
1363,1,train,363,39,1532.5,2,81.5,0,0,0,-0.49,2.354456901550293,0
1364,1,train,364,39,1552.0,2,82.5,0,0,0,-0.49,2.3289365768432617,0
1365,1,train,365,39,1571.5,2,83.5,0,0,0,-0.49,2.8240714073181152,0
1366,1,train,366,39,1591.0,2,84.5,0,0,0,-0.49,1.5135533809661865,0
1367,1,train,367,39,1610.5,2,85.5,0,0,0,-0.49,2.345783233642578,0
1368,1,train,368,39,1630.0,2,86.5,0,0,0,-0.49,2.011479377746582,0
1369,1,train,369,41,1652.5,2,87.5,0,0,0,-0.51,1.8059606552124023,0
1370,1,train,370,41,1673.0,2,88.5,0,0,0,-0.51,2.3250489234924316,0
1371,1,train,371,39,1506.5,2,89.5,0,0,1,-0.49,2.191063165664673,0
1372,1,train,372,37,1450.5,2,90.5,0,0,1,-0.47,2.0655741691589355,0
1373,1,train,373,37,1469.0,2,91.5,0,1,1,-0.47,1.895352840423584,0
1374,1,train,374,37,1487.5,2,92.5,0,0,1,-0.47,2.2979748249053955,0
1375,1,train,375,37,1506.0,2,93.5,0,0,1,-0.47,2.3661420345306396,0
1376,1,train,376,37,1524.5,2,94.5,0,0,1,-0.47,2.540083885192871,0
1377,1,train,377,37,1543.0,2,95.5,0,0,1,-0.47,2.5336837768554688,0
1378,1,train,378,38,1563.0,2,96.5,0,0,1,-0.48,2.5439865589141846,0
1379,1,train,379,38,1582.0,2,97.5,0,0,1,-0.48,1.7147188186645508,0
1380,1,train,380,38,1601.0,2,98.5,0,0,1,-0.48,2.38437557220459,0
1381,1,train,381,38,1620.0,2,99.5,0,0,1,-0.48,2.403663158416748,0
1382,1,train,382,38,1639.0,2,100.5,0,0,1,-0.48,2.1253037452697754,0
1383,1,train,383,38,1658.0,2,101.5,0,0,1,-0.48,2.369823932647705,0
1384,1,train,384,38,1677.0,2,102.5,0,0,1,-0.48,2.1719412803649902,0
1385,1,train,385,38,1696.0,2,103.5,0,0,1,-0.48,2.477787971496582,0
1386,1,train,386,38,1715.0,2,104.5,0,0,1,-0.48,2.4640111923217773,0
1387,1,train,387,39,1735.5,2,105.5,0,0,1,-0.49,1.953897476196289,0
1388,1,train,388,39,1755.0,2,106.5,0,0,1,-0.49,2.673551321029663,0
1389,1,train,389,39,1774.5,3,109.0,0,0,1,-0.54,2.2626047134399414,0
1390,1,train,390,40,1795.5,3,110.5,0,0,1,-0.55,2.721895456314087,0
1391,1,train,391,40,1815.5,3,112.0,0,0,1,-0.55,2.3943934440612793,0
1392,1,train,392,40,1835.5,3,113.5,0,0,1,-0.55,1.8396726846694946,0
1393,1,train,393,40,1855.5,3,115.0,0,0,1,-0.55,1.8514691591262817,0
1394,1,train,394,40,1875.5,3,116.5,0,0,1,-0.55,2.3972487449645996,0
1395,1,train,395,40,1895.5,3,118.0,0,0,1,-0.55,2.410679578781128,0
1396,1,train,396,41,1917.0,3,119.5,0,0,1,-0.5599999999999999,2.175485372543335,0
1397,1,train,397,41,1937.5,3,121.0,0,0,1,-0.5599999999999999,2.120767116546631,0
1398,1,train,398,41,1958.0,3,122.5,0,0,1,-0.5599999999999999,2.5383481979370117,0
1399,1,train,399,43,1981.5,3,124.0,0,0,1,-0.58,2.019289493560791,0
1400,1,train,400,43,2003.0,5,128.5,0,0,1,-0.6799999999999999,2.8585338592529297,0
1401,1,train,401,43,2024.5,5,131.0,0,2,1,-0.6799999999999999,1.8995168209075928,0
1402,1,train,402,43,2046.0,5,133.5,0,0,1,-0.6799999999999999,2.3189902305603027,0
1403,1,train,403,43,2067.5,5,136.0,0,0,1,-0.6799999999999999,1.8828332424163818,0
1404,1,train,404,43,2089.0,5,138.5,0,2,1,-0.6799999999999999,2.34001088142395,0
1405,1,train,405,43,2110.5,5,141.0,0,0,1,-0.6799999999999999,2.5215325355529785,0
1406,1,train,406,44,2133.5,5,143.5,0,0,1,-0.69,2.228759765625,0
1407,1,train,407,44,2155.5,5,146.0,0,1,1,-0.69,2.2202720642089844,0
1408,1,train,408,44,2177.5,6,150.0,0,1,1,-0.74,1.557645559310913,0
1409,1,train,409,45,2201.0,6,153.0,0,0,1,-0.75,2.301082134246826,0
1410,1,train,410,47,2226.5,7,157.5,0,2,1,-0.82,1.514394760131836,0
1411,1,train,411,47,2250.0,6,159.0,0,1,1,-0.77,2.091513156890869,0
1412,1,train,412,47,2273.5,6,162.0,0,0,1,-0.77,1.7650569677352905,0
1413,1,train,413,47,2297.0,6,165.0,0,2,1,-0.77,1.7923104763031006,0
1414,1,train,414,47,2320.5,6,168.0,0,0,1,-0.77,2.7263236045837402,0
1415,1,train,415,47,2344.0,6,171.0,0,0,1,-0.77,2.1693406105041504,0
1416,1,train,416,47,2367.5,7,175.5,0,2,1,-0.82,2.0781946182250977,0
1417,1,train,417,47,2391.0,7,179.0,0,1,1,-0.82,1.671852707862854,0
1418,1,train,418,48,2416.0,7,182.5,0,0,1,-0.83,1.8744349479675293,0
1419,1,train,419,48,2440.0,7,186.0,0,2,1,-0.83,2.317838668823242,0
1420,1,train,420,48,2464.0,7,189.5,0,0,1,-0.83,2.3396286964416504,0
1421,1,train,421,48,2488.0,7,193.0,0,0,1,-0.83,2.486236095428467,0
1422,1,train,422,48,2512.0,7,196.5,0,3,1,-0.83,2.6232118606567383,0
1423,1,train,423,48,2536.0,7,200.0,0,0,1,-0.83,2.393303155899048,0
1424,1,train,424,48,2560.0,7,203.5,0,3,1,-0.83,2.361734628677368,0
1425,1,train,425,49,2585.5,7,207.0,0,2,1,-0.84,2.9328322410583496,0
1426,1,train,426,51,2613.0,7,210.5,0,1,1,-0.86,2.168036460876465,0
1427,1,train,427,51,2638.5,7,214.0,0,1,1,-0.86,2.614488124847412,0
1428,1,train,428,51,2664.0,7,217.5,0,1,1,-0.86,2.157175064086914,0
1429,1,train,429,53,2692.5,7,221.0,1,2,1,-0.88,2.366490602493286,0
1430,1,train,430,54,2720.5,7,224.5,0,1,1,-0.89,2.5260531902313232,0
1431,1,train,431,54,2747.5,7,228.0,0,2,1,-0.89,2.0313870906829834,0
1432,1,train,432,54,2774.5,7,231.5,0,1,1,-0.89,1.8872129917144775,0
1433,1,train,433,54,2801.5,7,235.0,0,3,1,-0.89,1.7740821838378906,0
1434,1,train,434,54,2828.5,7,238.5,0,1,1,-0.89,2.229247808456421,0
1435,1,train,435,55,2857.0,7,242.0,0,1,1,-0.9,1.1952967643737793,0
1436,1,train,436,55,2884.5,7,245.5,0,0,1,-0.9,1.8265016078948975,0
1437,1,train,437,55,2912.0,7,249.0,0,1,1,-0.9,2.1990010738372803,0
1438,1,train,438,55,2939.5,7,252.5,0,1,1,-0.9,2.1672277450561523,0
1439,1,train,439,56,2968.5,7,256.0,0,0,1,-0.91,1.9471807479858398,0
1440,1,train,440,56,2996.5,7,259.5,0,0,1,-0.91,2.514863967895508,0
1441,1,train,441,56,3024.5,7,263.0,0,2,1,-0.91,1.3305317163467407,0
1442,1,train,442,56,3052.5,7,266.5,0,1,1,-0.91,1.565636396408081,0
1443,1,train,443,56,3080.5,7,270.0,0,1,1,-0.91,2.0220720767974854,0
1444,1,train,444,56,3108.5,7,273.5,0,1,1,-0.91,2.365837574005127,0
1445,1,train,445,56,3136.5,7,277.0,0,1,1,-0.91,2.4261770248413086,0
1446,1,train,446,56,3164.5,7,280.5,0,0,1,-0.91,2.479084014892578,0
1447,1,train,447,57,3194.0,7,284.0,0,2,1,-0.9199999999999999,2.493330478668213,0
1448,1,train,448,57,3222.5,7,287.5,0,1,1,-0.9199999999999999,1.9787873029708862,0
1449,1,train,449,57,3251.0,7,291.0,0,1,1,-0.9199999999999999,2.027255058288574,0
1450,1,train,450,57,3279.5,7,294.5,0,0,1,-0.9199999999999999,2.704014778137207,0
1451,1,train,451,57,3308.0,7,298.0,0,1,1,-0.9199999999999999,2.122814178466797,0
1452,1,train,452,57,3336.5,7,301.5,0,1,1,-0.9199999999999999,1.8110473155975342,0
1453,1,train,453,57,3365.0,7,305.0,0,1,1,-0.9199999999999999,1.8263070583343506,0
1454,1,train,454,57,3393.5,7,308.5,0,1,1,-0.9199999999999999,2.177976131439209,0
1455,1,train,455,58,3423.5,7,312.0,0,0,1,-0.9299999999999999,2.404101610183716,0
1456,1,train,456,59,3454.0,7,315.5,0,1,1,-0.94,2.161961555480957,0
1457,1,train,457,59,3483.5,7,319.0,0,2,1,-0.94,2.6123552322387695,0
1458,1,train,458,59,3513.0,7,322.5,0,1,1,-0.94,2.492765426635742,0
1459,1,train,459,60,3544.0,7,326.0,0,1,1,-0.95,1.9770128726959229,0
1460,1,train,460,60,3574.0,7,329.5,0,2,1,-0.95,2.068824291229248,0
1461,1,train,461,60,3604.0,8,334.5,0,1,2,-1.0,2.408161163330078,0
1462,1,train,462,60,3634.0,8,338.5,0,1,2,-1.0,1.5966432094573975,0
1463,1,train,463,60,3664.0,8,342.5,0,2,2,-1.0,2.590384006500244,0
1464,1,train,464,60,3694.0,8,346.5,0,3,2,-1.0,2.3204641342163086,0
1465,1,train,465,61,3725.5,8,350.5,0,0,2,-1.01,2.186919689178467,0
1466,1,train,466,61,3756.0,8,354.5,0,1,2,-1.01,2.0922317504882812,0
1467,1,train,467,61,3786.5,8,358.5,0,1,2,-1.01,2.001591682434082,0
1468,1,train,468,63,3820.0,9,364.0,0,1,2,-1.08,2.305708169937134,0
1469,1,train,469,63,3851.5,9,368.5,0,0,2,-1.08,2.060652732849121,0
1470,1,train,470,63,3883.0,9,373.0,0,0,2,-1.08,1.9629287719726562,0
1471,1,train,471,63,3914.5,9,377.5,0,2,2,-1.08,2.2112860679626465,0
1472,1,train,472,66,3950.5,9,382.0,0,0,2,-1.11,1.8352619409561157,0
1473,1,train,473,64,3676.5,9,386.5,0,0,3,-1.09,2.0618815422058105,0
1474,1,train,474,63,3429.0,9,391.0,0,1,3,-1.08,1.4206910133361816,0
1475,1,train,475,61,3245.5,9,395.5,0,0,3,-1.06,2.377466917037964,0
1476,1,train,476,60,3214.5,10,401.5,1,0,3,-1.1,2.2107083797454834,0
1477,1,train,477,59,3149.0,10,406.5,0,0,3,-1.0899999999999999,2.3598647117614746,0
1478,1,train,478,58,3090.0,10,411.5,0,0,3,-1.08,2.045186996459961,0
1479,1,train,479,56,2861.0,10,416.5,0,0,3,-1.06,2.1751465797424316,0
1480,1,train,480,54,2764.0,10,421.5,0,0,3,-1.04,1.9704198837280273,0
1481,1,train,481,53,2704.0,11,428.0,0,1,3,-1.08,1.969087839126587,0
1482,1,train,482,52,2652.5,10,431.5,0,1,3,-1.02,1.651648759841919,0
1483,1,train,483,52,2678.5,10,436.5,0,0,3,-1.02,2.2476954460144043,0
1484,1,train,484,53,2638.5,10,441.5,0,0,3,-1.03,1.90939462184906,0
1485,1,train,485,52,2605.5,11,448.0,0,0,3,-1.07,2.070007562637329,0
1486,1,train,486,51,2576.0,11,453.5,0,0,3,-1.06,1.790076494216919,0
1487,1,train,487,51,2601.5,11,459.0,0,0,3,-1.06,1.6670937538146973,0
1488,1,train,488,55,2594.0,11,464.5,0,0,3,-1.1,2.0036940574645996,0
1489,1,train,489,55,2621.5,11,470.0,0,0,3,-1.1,2.4538416862487793,0
1490,1,train,490,54,2617.5,11,475.5,0,0,3,-1.09,2.3098578453063965,0
1491,1,train,491,54,2622.5,12,482.5,0,0,3,-1.1400000000000001,2.1363720893859863,0
1492,1,train,492,54,2649.5,12,488.5,0,2,3,-1.1400000000000001,2.429706573486328,0
1493,1,train,493,53,2658.0,13,496.0,0,0,3,-1.1800000000000002,2.0417284965515137,0
1494,1,train,494,54,2678.0,14,504.0,0,0,3,-1.24,1.8721733093261719,0
1495,1,train,495,54,2705.0,14,511.0,0,0,3,-1.24,2.2025411128997803,0
1496,1,train,496,54,2732.0,15,519.5,2,0,3,-1.29,1.8274954557418823,0
1497,1,train,497,57,2763.5,14,524.0,0,0,3,-1.27,1.842079997062683,0
1498,1,train,498,58,2793.5,14,531.0,0,2,3,-1.2799999999999998,2.3595452308654785,0
1499,1,train,499,60,2825.5,14,538.0,0,0,3,-1.2999999999999998,2.331814765930176,0
1500,1,train,500,60,2855.5,14,545.0,0,0,3,-1.2999999999999998,2.415963649749756,0
1501,1,train,501,61,2887.0,14,552.0,0,0,3,-1.31,1.4560575485229492,0
1502,1,train,502,61,2917.5,15,560.5,0,0,3,-1.3599999999999999,2.007234811782837,0
1503,1,train,503,61,2948.0,15,568.0,0,1,3,-1.3599999999999999,2.120148181915283,0
1504,1,train,504,62,2980.0,15,575.5,0,0,3,-1.37,1.8194453716278076,0
1505,1,train,505,64,3014.0,15,583.0,0,0,3,-1.3900000000000001,0.8227976560592651,0
1506,1,train,506,66,3049.0,15,590.5,0,0,3,-1.4100000000000001,2.078861951828003,0
1507,1,train,507,67,3083.5,15,598.0,0,0,3,-1.42,1.9025912284851074,0
1508,1,train,508,69,3120.0,15,605.5,0,0,3,-1.44,2.2743284702301025,0
1509,1,train,509,69,3154.5,15,613.0,0,0,3,-1.44,2.7353975772857666,0
1510,1,train,510,71,3192.0,15,620.5,0,0,3,-1.46,2.1518359184265137,0
1511,1,train,511,71,3227.5,15,628.0,0,0,3,-1.46,2.276608467102051,0
1512,1,train,512,71,3263.0,15,635.5,0,2,3,-1.46,2.1225955486297607,0
1513,1,train,513,72,3300.0,15,643.0,0,0,3,-1.47,1.0906322002410889,0
1514,1,train,514,72,3336.0,15,650.5,1,0,3,-1.47,2.306516170501709,0
1515,1,train,515,74,3375.0,15,658.0,0,0,3,-1.49,1.6748605966567993,0
1516,1,train,516,74,3412.0,15,665.5,0,0,3,-1.49,1.8972821235656738,0
1517,1,train,517,74,3449.0,15,673.0,0,0,3,-1.49,1.497077465057373,0
1518,1,train,518,74,3486.0,15,680.5,0,0,3,-1.49,2.603159189224243,0
1519,1,train,519,75,3524.5,15,688.0,0,0,3,-1.5,2.144887924194336,0
1520,1,train,520,75,3562.0,15,695.5,0,1,3,-1.5,1.3447887897491455,0
1521,1,train,521,75,3599.5,15,703.0,0,0,3,-1.5,1.3561155796051025,0
1522,1,train,522,75,3637.0,15,710.5,0,0,3,-1.5,1.7027755975723267,0
1523,1,train,523,75,3674.5,15,718.0,0,0,3,-1.5,2.3661270141601562,0
1524,1,train,524,76,3713.5,15,725.5,0,0,3,-1.51,2.664137601852417,0
1525,1,train,525,77,3753.0,15,733.0,0,0,3,-1.52,2.3254213333129883,0
1526,1,train,526,77,3791.5,15,740.5,0,0,3,-1.52,1.910919427871704,0
1527,1,train,527,78,3831.5,15,748.0,0,0,3,-1.53,1.6853103637695312,0
1528,1,train,528,80,3873.5,15,755.5,0,0,3,-1.55,2.3084511756896973,0
1529,1,train,529,80,3913.5,15,763.0,0,0,3,-1.55,2.130937099456787,0
1530,1,train,530,80,3953.5,15,770.5,0,0,3,-1.55,2.155611991882324,0
1531,1,train,531,80,3993.5,15,778.0,0,0,3,-1.55,2.1108593940734863,0
1532,1,train,532,80,4033.5,15,785.5,0,0,3,-1.55,1.8264821767807007,0
1533,1,train,533,80,4073.5,15,793.0,0,0,4,-1.55,1.7503832578659058,0
1534,1,train,534,81,4115.0,15,800.5,0,0,4,-1.56,2.086193561553955,0
1535,1,train,535,82,4157.0,15,808.0,0,0,4,-1.5699999999999998,1.1371185779571533,0
1536,1,train,536,82,4198.0,15,815.5,0,0,4,-1.5699999999999998,2.128788471221924,0
1537,1,train,537,83,4240.5,15,823.0,0,0,4,-1.58,2.1084790229797363,0
1538,1,train,538,84,4283.5,15,830.5,0,0,4,-1.5899999999999999,1.8120532035827637,0
1539,1,train,539,85,4327.0,15,838.0,0,0,4,-1.6,2.232170581817627,0
1540,1,train,540,85,4369.5,15,845.5,0,1,4,-1.6,1.4673161506652832,0
1541,1,train,541,85,4412.0,15,853.0,0,0,4,-1.6,1.7830548286437988,0
1542,1,train,542,85,4454.5,15,860.5,0,0,4,-1.6,1.6726856231689453,0
1543,1,train,543,85,4497.0,15,868.0,0,0,4,-1.6,1.4642136096954346,0
1544,1,train,544,85,4539.5,15,875.5,0,0,4,-1.6,2.157071113586426,0
1545,1,train,545,82,4112.0,11,593.5,0,0,5,-1.37,1.9292612075805664,0
1546,1,train,546,79,3717.5,11,599.0,0,0,5,-1.34,1.8328373432159424,0
1547,1,train,547,77,3358.5,10,529.5,0,0,5,-1.27,1.6567046642303467,0
1548,1,train,548,73,3017.5,10,534.5,0,0,5,-1.23,2.2580809593200684,0
1549,1,train,549,74,3055.5,10,539.5,0,0,5,-1.24,2.148805618286133,0
1550,1,train,550,70,2743.0,10,544.5,0,0,5,-1.2,2.1874146461486816,0
1551,1,train,551,66,2453.5,10,549.5,0,0,5,-1.1600000000000001,2.2211718559265137,0
1552,1,train,552,63,2284.0,9,511.0,0,0,5,-1.08,1.9027149677276611,0
1553,1,train,553,62,2231.0,7,453.0,0,1,5,-0.97,2.140928268432617,0
1554,1,train,554,58,2000.5,7,456.5,0,0,5,-0.9299999999999999,1.9832360744476318,0
1555,1,train,555,55,1863.0,7,460.0,0,0,5,-0.9,1.6254948377609253,0
1556,1,train,556,54,1820.0,5,373.0,0,0,5,-0.79,2.303032398223877,0
1557,1,train,557,53,1650.5,5,375.5,0,0,5,-0.78,1.3235512971878052,0
1558,1,train,558,52,1600.0,5,378.0,0,0,5,-0.77,1.5089185237884521,0
1559,1,train,559,51,1532.0,5,380.5,0,0,5,-0.76,2.2612791061401367,0
1560,1,train,560,47,1413.0,5,383.0,0,0,5,-0.72,2.1026973724365234,0
1561,1,train,561,45,1374.0,5,385.5,0,0,5,-0.7,1.9279506206512451,0
1562,1,train,562,43,1341.5,4,248.5,0,0,5,-0.63,2.2750988006591797,0
1563,1,train,563,39,1267.0,4,250.5,0,0,5,-0.5900000000000001,2.4458560943603516,0
1564,1,train,564,38,1275.5,3,110.5,0,0,5,-0.53,2.048290729522705,0
1565,1,train,565,38,1257.0,3,112.0,0,0,5,-0.53,1.8745970726013184,0
1566,1,train,566,37,1256.5,3,113.5,0,0,5,-0.52,2.161221504211426,0
1567,1,train,567,38,1276.5,3,115.0,0,0,5,-0.53,1.186053991317749,0
1568,1,train,568,37,1288.5,3,116.5,0,2,5,-0.52,2.4062395095825195,0
1569,1,train,569,37,1307.0,3,118.0,0,1,5,-0.52,2.2777435779571533,0
1570,1,train,570,37,1325.5,3,119.5,0,0,5,-0.52,1.7124707698822021,0
1571,1,train,571,37,1344.0,3,121.0,0,1,5,-0.52,1.9070072174072266,0
1572,1,train,572,37,1362.5,3,122.5,0,0,5,-0.52,2.390500545501709,0
1573,1,train,573,37,1381.0,2,82.5,0,0,5,-0.47,2.075021266937256,0
1574,1,train,574,38,1401.0,2,83.5,0,1,5,-0.48,2.2962021827697754,0
1575,1,train,575,38,1420.0,2,84.5,0,1,5,-0.48,1.9976022243499756,0
1576,1,train,576,38,1439.0,2,85.5,0,0,5,-0.48,1.8235610723495483,0
1577,1,train,577,40,1461.0,2,86.5,0,1,5,-0.5,1.6194411516189575,0
1578,1,train,578,40,1481.0,2,87.5,0,1,5,-0.5,2.106156826019287,0
1579,1,train,579,40,1501.0,2,88.5,0,0,5,-0.5,2.409954071044922,0
1580,1,train,580,40,1521.0,2,89.5,0,1,5,-0.5,1.6774072647094727,0
1581,1,train,581,40,1541.0,2,90.5,0,1,5,-0.5,1.456712007522583,0
1582,1,train,582,40,1561.0,2,91.5,0,0,5,-0.5,2.131134510040283,0
1583,1,train,583,41,1582.5,2,92.5,0,1,5,-0.51,2.6954479217529297,0
1584,1,train,584,41,1603.0,2,93.5,0,0,5,-0.51,1.1889104843139648,0
1585,1,train,585,41,1623.5,2,94.5,0,0,5,-0.51,2.1586711406707764,0
1586,1,train,586,42,1645.5,2,95.5,0,0,5,-0.52,1.4529674053192139,0
1587,1,train,587,42,1666.5,2,96.5,1,0,5,-0.52,1.7468805313110352,0
1588,1,train,588,42,1687.5,2,97.5,0,0,5,-0.52,1.2080110311508179,0
1589,1,train,589,42,1708.5,2,98.5,0,0,5,-0.52,2.5681142807006836,0
1590,1,train,590,42,1729.5,2,99.5,0,0,5,-0.52,1.7231290340423584,0
1591,1,train,591,42,1750.5,2,100.5,0,0,5,-0.52,1.836744785308838,0
1592,1,train,592,42,1771.5,2,101.5,0,1,5,-0.52,1.5832030773162842,0
1593,1,train,593,42,1792.5,2,102.5,0,1,5,-0.52,1.7748123407363892,0
1594,1,train,594,42,1813.5,2,103.5,0,0,5,-0.52,2.2622337341308594,0
1595,1,train,595,41,1642.5,2,104.5,0,0,6,-0.51,1.1714825630187988,0
1596,1,train,596,39,1569.5,2,105.5,0,0,6,-0.49,2.323667526245117,0
1597,1,train,597,40,1590.5,2,106.5,0,0,6,-0.5,1.891547441482544,0
1598,1,train,598,41,1612.0,2,107.5,0,0,6,-0.51,1.4835205078125,0
1599,1,train,599,42,1634.0,2,108.5,0,0,6,-0.52,2.1845858097076416,0
1600,1,train,600,42,1655.0,2,109.5,0,0,6,-0.52,1.507007360458374,0
1601,1,train,601,42,1676.0,2,110.5,0,0,6,-0.52,2.1650302410125732,0
1602,1,train,602,42,1697.0,2,111.5,0,0,6,-0.52,2.019176483154297,0
1603,1,train,603,42,1718.0,2,112.5,0,0,6,-0.52,1.918389081954956,0
1604,1,train,604,43,1740.5,2,113.5,0,0,6,-0.53,1.3158209323883057,0
1605,1,train,605,43,1762.0,2,114.5,0,0,6,-0.53,2.17043399810791,0
1606,1,train,606,43,1783.5,2,115.5,0,0,6,-0.53,2.4815878868103027,0
1607,1,train,607,43,1805.0,2,116.5,0,0,6,-0.53,2.592927932739258,0
1608,1,train,608,44,1828.0,2,117.5,0,0,6,-0.54,2.1703414916992188,0
1609,1,train,609,44,1850.0,2,118.5,0,0,6,-0.54,1.568527340888977,0
1610,1,train,610,44,1872.0,2,119.5,0,0,6,-0.54,1.5812757015228271,0
1611,1,train,611,44,1894.0,2,120.5,0,0,6,-0.54,1.9005823135375977,0
1612,1,train,612,44,1916.0,2,121.5,0,0,6,-0.54,1.3494203090667725,0
1613,1,train,613,44,1938.0,2,122.5,0,0,6,-0.54,1.572430968284607,0
1614,1,train,614,44,1960.0,2,123.5,0,0,6,-0.54,2.258490562438965,0
1615,1,train,615,44,1982.0,2,124.5,0,0,6,-0.54,1.7461096048355103,0
1616,1,train,616,45,2005.5,2,125.5,0,0,6,-0.55,2.348078727722168,0
1617,1,train,617,46,2029.5,2,126.5,0,0,6,-0.56,2.438910961151123,0
1618,1,train,618,46,2052.5,2,127.5,0,0,6,-0.56,2.2000527381896973,0
1619,1,train,619,46,2075.5,2,128.5,0,0,6,-0.56,2.5372047424316406,0
1620,1,train,620,46,2098.5,2,129.5,0,0,6,-0.56,2.0775811672210693,0
1621,1,train,621,46,2121.5,3,132.0,0,0,6,-0.61,2.3590705394744873,0
1622,1,train,622,46,2144.5,3,133.5,0,0,6,-0.61,2.0623879432678223,0
1623,1,train,623,47,2169.0,4,136.5,0,0,6,-0.6699999999999999,2.2036190032958984,0
1624,1,train,624,47,2192.5,4,138.5,0,0,6,-0.6699999999999999,2.194068431854248,0
1625,1,train,625,47,2216.0,4,140.5,0,3,6,-0.6699999999999999,2.159074306488037,0
1626,1,train,626,49,2242.5,5,144.0,0,0,6,-0.74,2.037783145904541,0
1627,1,train,627,49,2267.0,5,146.5,0,0,6,-0.74,2.0142054557800293,0
1628,1,train,628,49,2291.5,5,149.0,0,2,6,-0.74,1.8440766334533691,0
1629,1,train,629,49,2316.0,5,151.5,0,0,6,-0.74,1.4140751361846924,0
1630,1,train,630,49,2340.5,5,154.0,0,0,6,-0.74,1.775050163269043,0
1631,1,train,631,49,2365.0,5,156.5,0,2,6,-0.74,1.5032012462615967,0
1632,1,train,632,49,2389.5,5,159.0,0,0,6,-0.74,1.921547770500183,0
1633,1,train,633,49,2414.0,5,161.5,0,0,6,-0.74,1.6801735162734985,0
1634,1,train,634,51,2441.5,5,164.0,1,1,6,-0.76,2.209160327911377,0
1635,1,train,635,52,2468.5,5,166.5,0,1,6,-0.77,2.0899672508239746,0
1636,1,train,636,52,2494.5,5,169.0,0,0,6,-0.77,1.6686601638793945,0
1637,1,train,637,53,2522.0,5,171.5,0,2,6,-0.78,1.8010765314102173,0
1638,1,train,638,53,2548.5,5,174.0,0,1,6,-0.78,1.834864616394043,0
1639,1,train,639,53,2575.0,5,176.5,0,0,6,-0.78,2.0247139930725098,0
1640,1,train,640,53,2601.5,6,180.5,0,2,6,-0.8300000000000001,1.9708806276321411,0
1641,1,train,641,53,2628.0,6,183.5,0,1,6,-0.8300000000000001,1.1862022876739502,0
1642,1,train,642,53,2654.5,6,186.5,0,1,6,-0.8300000000000001,1.8921160697937012,0
1643,1,train,643,53,2681.0,6,189.5,0,2,6,-0.8300000000000001,1.7505457401275635,0
1644,1,train,644,53,2707.5,6,192.5,0,1,6,-0.8300000000000001,1.654816746711731,0
1645,1,train,645,54,2735.5,6,195.5,0,1,6,-0.8400000000000001,1.784751534461975,0
1646,1,train,646,57,2767.0,6,198.5,0,2,6,-0.8699999999999999,2.4156532287597656,0
1647,1,train,647,57,2795.5,6,201.5,0,1,6,-0.8699999999999999,1.9091724157333374,0
1648,1,train,648,57,2824.0,6,204.5,0,2,6,-0.8699999999999999,1.5853900909423828,0
1649,1,train,649,57,2852.5,6,207.5,0,2,6,-0.8699999999999999,1.4570201635360718,0
1650,1,train,650,57,2881.0,6,210.5,0,1,6,-0.8699999999999999,2.1040098667144775,0
1651,1,train,651,57,2909.5,6,213.5,0,1,6,-0.8699999999999999,2.2030279636383057,0
1652,1,train,652,57,2938.0,6,216.5,0,1,6,-0.8699999999999999,2.0190043449401855,0
1653,1,train,653,57,2966.5,6,219.5,0,0,6,-0.8699999999999999,1.9200668334960938,0
1654,1,train,654,57,2995.0,6,222.5,0,3,6,-0.8699999999999999,2.0360217094421387,0
1655,1,train,655,58,3025.0,6,225.5,0,0,6,-0.8799999999999999,2.3529305458068848,0
1656,1,train,656,58,3054.0,6,228.5,0,1,6,-0.8799999999999999,2.0980277061462402,0
1657,1,train,657,59,3084.5,6,231.5,0,2,6,-0.8899999999999999,1.8463152647018433,0
1658,1,train,658,59,3114.0,6,234.5,0,0,6,-0.8899999999999999,2.1284279823303223,0
1659,1,train,659,59,3143.5,6,237.5,0,2,6,-0.8899999999999999,1.5596760511398315,0
1660,1,train,660,59,3173.0,6,240.5,0,2,6,-0.8899999999999999,1.7062699794769287,0
1661,1,train,661,59,3202.5,6,243.5,0,0,6,-0.8899999999999999,1.718371033668518,0
1662,1,train,662,59,3232.0,6,246.5,0,2,6,-0.8899999999999999,1.5864262580871582,0
1663,1,train,663,59,3261.5,6,249.5,0,1,6,-0.8899999999999999,1.1389343738555908,0
1664,1,train,664,59,3291.0,6,252.5,0,1,6,-0.8899999999999999,2.2139029502868652,0
1665,1,train,665,59,3320.5,6,255.5,0,2,6,-0.8899999999999999,1.7903481721878052,0
1666,1,train,666,59,3350.0,6,258.5,0,1,6,-0.8899999999999999,1.3234564065933228,0
1667,1,train,667,59,3379.5,6,261.5,0,1,6,-0.8899999999999999,1.2827976942062378,0
1668,1,train,668,59,3409.0,6,264.5,0,1,6,-0.8899999999999999,2.125847578048706,0
1669,1,train,669,59,3438.5,7,269.0,0,2,6,-0.94,1.6521413326263428,0
1670,1,train,670,59,3468.0,7,272.5,0,1,6,-0.94,2.397911548614502,0
1671,1,train,671,59,3497.5,7,276.0,0,0,6,-0.94,2.109868049621582,0
1672,1,train,672,60,3528.5,8,281.0,0,2,6,-1.0,1.3944789171218872,0
1673,1,train,673,60,3558.5,8,285.0,0,0,6,-1.0,2.1327786445617676,0
1674,1,train,674,61,3590.0,9,290.5,0,0,6,-1.06,1.656198263168335,0
1675,1,train,675,62,3622.0,9,295.0,0,2,6,-1.07,1.9462809562683105,0
1676,1,train,676,62,3653.0,9,299.5,0,0,6,-1.07,2.1994175910949707,0
1677,1,train,677,63,3685.5,10,305.5,0,1,6,-1.13,2.0200705528259277,0
1678,1,train,678,63,3717.0,10,310.5,0,2,6,-1.13,1.6461429595947266,0
1679,1,train,679,63,3748.5,10,315.5,0,0,6,-1.13,1.526559591293335,0
1680,1,train,680,63,3780.0,10,320.5,0,2,6,-1.13,1.70250403881073,0
1681,1,train,681,63,3811.5,10,325.5,0,2,6,-1.13,2.306767463684082,0
1682,1,train,682,63,3843.0,11,332.0,0,0,6,-1.1800000000000002,1.503807783126831,0
1683,1,train,683,63,3874.5,11,337.5,0,2,6,-1.1800000000000002,2.1550607681274414,0
1684,1,train,684,63,3906.0,11,343.0,0,3,6,-1.1800000000000002,2.1363024711608887,0
1685,1,train,685,64,3939.0,12,350.0,1,1,7,-1.24,1.1234022378921509,0
1686,1,train,686,65,3972.5,12,355.5,0,2,7,-1.25,1.8206653594970703,0
1687,1,train,687,65,4005.0,12,361.5,0,2,7,-1.25,2.0397305488586426,0
1688,1,train,688,65,4037.5,11,365.0,0,1,7,-1.2000000000000002,2.255735397338867,0
1689,1,train,689,65,4070.0,12,372.0,0,2,7,-1.25,1.8162636756896973,0
1690,1,train,690,65,4102.5,12,378.0,0,0,7,-1.25,2.262129783630371,0
1691,1,train,691,65,4135.0,13,385.5,0,0,7,-1.3,1.6356514692306519,0
1692,1,train,692,65,4167.5,13,392.0,0,1,7,-1.3,2.1562399864196777,0
1693,1,train,693,66,4201.5,13,398.5,0,2,7,-1.31,2.3050670623779297,0
1694,1,train,694,67,4236.0,13,405.0,0,1,7,-1.32,2.297304153442383,0
1695,1,train,695,67,4269.5,14,413.0,1,0,7,-1.37,2.526230812072754,0
1696,1,train,696,68,4304.5,13,418.0,0,0,7,-1.33,1.3558934926986694,0
1697,1,train,697,66,3994.5,13,424.5,0,0,8,-1.31,1.2988924980163574,0
1698,1,train,698,64,3755.5,13,431.0,0,0,8,-1.29,1.5989068746566772,0
1699,1,train,699,62,3582.5,14,439.0,0,0,8,-1.3199999999999998,1.823703646659851,0
1700,1,train,700,60,3480.5,14,446.0,0,0,8,-1.2999999999999998,1.8795413970947266,0
1701,1,train,701,61,3512.0,14,453.0,0,1,8,-1.31,1.50197434425354,0
1702,1,train,702,60,3473.0,14,460.0,0,0,8,-1.2999999999999998,2.370272159576416,0
1703,1,train,703,60,3502.5,14,467.0,0,0,8,-1.2999999999999998,1.4870502948760986,0
1704,1,train,704,60,3532.5,14,474.0,0,0,8,-1.2999999999999998,2.12846040725708,0
1705,1,train,705,63,3567.0,14,481.0,0,0,8,-1.33,2.2095258235931396,0
1706,1,train,706,65,3601.5,14,488.0,0,0,8,-1.35,2.1244914531707764,0
1707,1,train,707,65,3634.0,14,495.0,0,1,8,-1.35,1.8045438528060913,0
1708,1,train,708,65,3666.5,14,502.0,0,0,8,-1.35,1.8647898435592651,0
1709,1,train,709,65,3699.0,14,509.0,0,0,8,-1.35,1.477720856666565,0
1710,1,train,710,65,3731.5,14,516.0,0,0,8,-1.35,1.711397647857666,0
1711,1,train,711,65,3764.0,14,523.0,0,0,8,-1.35,1.821825623512268,0
1712,1,train,712,65,3796.5,14,530.0,0,1,8,-1.35,2.0662574768066406,0
1713,1,train,713,65,3829.0,14,537.0,0,0,8,-1.35,1.8038325309753418,0
1714,1,train,714,67,3864.5,14,544.0,0,0,8,-1.37,1.8665611743927002,0
1715,1,train,715,68,3899.5,14,551.0,0,0,8,-1.38,2.026899576187134,0
1716,1,train,716,70,3936.5,14,558.0,0,0,8,-1.4,1.8570362329483032,0
1717,1,train,717,70,3971.5,14,565.0,0,0,8,-1.4,1.8568334579467773,0
1718,1,train,718,70,4006.5,14,572.0,0,1,8,-1.4,2.137162208557129,0
1719,1,train,719,70,4041.5,14,579.0,0,0,8,-1.4,1.8318958282470703,0
1720,1,train,720,70,4076.5,14,586.0,0,0,8,-1.4,0.9223581552505493,0
1721,1,train,721,70,4111.5,14,593.0,0,1,8,-1.4,1.9828763008117676,0
1722,1,train,722,70,4146.5,14,600.0,0,0,8,-1.4,1.609035849571228,0
1723,1,train,723,70,4181.5,14,607.0,0,0,8,-1.4,1.6525535583496094,0
1724,1,train,724,70,4216.5,14,614.0,0,0,8,-1.4,1.3997782468795776,0
1725,1,train,725,71,4253.0,14,621.0,0,2,8,-1.41,1.9163239002227783,0
1726,1,train,726,73,4291.5,14,628.0,1,0,8,-1.43,2.1589457988739014,0
1727,1,train,727,74,4329.5,14,635.0,0,0,8,-1.44,1.9656239748001099,0
1728,1,train,728,74,4366.5,14,642.0,0,0,8,-1.44,1.7765082120895386,0
1729,1,train,729,74,4403.5,14,649.0,0,0,8,-1.44,1.5944137573242188,0
1730,1,train,730,74,4440.5,14,656.0,0,0,8,-1.44,2.4375014305114746,0
1731,1,train,731,74,4477.5,14,663.0,0,0,8,-1.44,2.2972333431243896,0
1732,1,train,732,74,4514.5,14,670.0,0,1,8,-1.44,2.318291664123535,0
1733,1,train,733,74,4551.5,14,677.0,0,0,8,-1.44,2.1310832500457764,0
1734,1,train,734,76,4591.5,14,684.0,0,0,8,-1.46,1.6290459632873535,0
1735,1,train,735,76,4629.5,14,691.0,0,0,8,-1.46,1.2750760316848755,0
1736,1,train,736,76,4666.5,14,698.0,1,1,8,-1.46,2.0555927753448486,0
1737,1,train,737,77,4706.0,14,705.0,0,0,8,-1.47,2.0264744758605957,0
1738,1,train,738,78,4746.0,14,712.0,0,0,8,-1.48,2.3124771118164062,0
1739,1,train,739,78,4785.0,14,719.0,0,1,8,-1.48,2.1335766315460205,0
1740,1,train,740,78,4824.0,14,726.0,0,0,8,-1.48,2.1167237758636475,0
1741,1,train,741,79,4864.5,14,733.0,0,0,8,-1.49,2.2923014163970947,0
1742,1,train,742,79,4904.0,14,740.0,1,0,8,-1.49,1.3124666213989258,0
1743,1,train,743,79,4943.5,14,747.0,0,1,8,-1.49,2.328557252883911,0
1744,1,train,744,79,4983.0,14,754.0,0,0,8,-1.49,1.3550487756729126,0
1745,1,train,745,79,5022.5,14,761.0,0,0,8,-1.49,1.8378987312316895,0
1746,1,train,746,81,5065.0,14,768.0,0,0,8,-1.51,1.4645724296569824,0
1747,1,train,747,81,5105.5,14,775.0,1,0,8,-1.51,1.9350957870483398,0
1748,1,train,748,81,5146.0,14,782.0,0,0,8,-1.51,1.929465889930725,0
1749,1,train,749,81,5186.5,14,789.0,0,0,8,-1.51,1.4706556797027588,0
1750,1,train,750,81,5227.0,14,796.0,0,1,8,-1.51,1.1380237340927124,0
1751,1,train,751,81,5267.5,14,803.0,0,0,8,-1.51,1.6123523712158203,0
1752,1,train,752,82,5309.5,14,810.0,1,0,8,-1.52,2.2492682933807373,0
1753,1,train,753,82,5350.5,14,817.0,0,0,8,-1.52,1.8671460151672363,0
1754,1,train,754,83,5393.0,14,824.0,0,2,8,-1.5299999999999998,1.7215819358825684,0
1755,1,train,755,84,5436.0,14,831.0,0,0,8,-1.54,2.0545692443847656,0
1756,1,train,756,84,5478.0,14,838.0,0,0,8,-1.54,1.614856243133545,0
1757,1,train,757,84,5520.0,14,845.0,0,0,9,-1.54,1.1188435554504395,0
1758,1,train,758,84,5562.0,14,852.0,0,0,9,-1.54,2.250446319580078,0
1759,1,train,759,84,5604.0,14,859.0,0,1,9,-1.54,1.885312557220459,0
1760,1,train,760,84,5646.0,14,866.0,0,0,9,-1.54,2.01159405708313,0
1761,1,train,761,84,5688.0,14,873.0,0,0,9,-1.54,2.028298854827881,0
1762,1,train,762,84,5730.0,14,880.0,0,0,9,-1.54,2.1499760150909424,0
1763,1,train,763,78,4976.0,10,610.0,0,0,0,-1.28,1.9826009273529053,0
1764,1,train,764,75,4462.0,10,615.0,0,0,0,-1.25,2.0206451416015625,0
1765,1,train,765,73,4000.5,10,620.0,0,0,0,-1.23,1.9864357709884644,0
1766,1,train,766,72,3678.5,10,625.0,0,0,0,-1.22,1.6028611660003662,0
1767,1,train,767,71,3596.5,10,630.0,0,0,0,-1.21,1.340045690536499,0
1768,1,train,768,67,3198.0,10,635.0,0,0,0,-1.17,2.683837890625,0
1769,1,train,769,63,2824.5,10,640.0,0,0,0,-1.13,2.2578277587890625,0
1770,1,train,770,63,2759.5,10,645.0,0,0,0,-1.13,1.4058023691177368,0
1771,1,train,771,60,2532.0,8,570.0,0,0,0,-1.0,1.7461005449295044,0
1772,1,train,772,56,2244.0,5,423.0,0,0,0,-0.81,1.934370756149292,0
1773,1,train,773,57,2195.5,5,425.5,0,0,0,-0.82,1.6306524276733398,0
1774,1,train,774,55,2009.5,4,374.0,0,0,0,-0.75,1.3590781688690186,0
1775,1,train,775,53,1835.0,4,376.0,0,0,0,-0.73,2.1202597618103027,0
1776,1,train,776,52,1750.0,4,378.0,0,1,0,-0.72,2.308490753173828,0
1777,1,train,777,47,1567.5,4,380.0,0,2,0,-0.6699999999999999,1.3037769794464111,0
1778,1,train,778,43,1425.0,4,382.0,0,0,0,-0.63,1.7862732410430908,0
1779,1,train,779,41,1369.5,4,384.0,0,0,0,-0.61,1.8881151676177979,0
1780,1,train,780,39,1283.0,4,386.0,0,2,0,-0.5900000000000001,1.758392333984375,0
1781,1,train,781,37,1219.0,3,244.0,0,0,0,-0.52,2.08503794670105,0
1782,1,train,782,35,1179.5,2,98.5,0,0,0,-0.44999999999999996,1.8078274726867676,0
1783,1,train,783,32,1145.5,2,99.5,0,2,0,-0.42000000000000004,1.0277565717697144,0
1784,1,train,784,32,1152.5,2,100.5,1,0,0,-0.42000000000000004,2.2114100456237793,0
1785,1,train,785,32,1168.5,2,101.5,0,1,0,-0.42000000000000004,1.231123685836792,0
1786,1,train,786,31,1177.5,2,102.5,0,0,0,-0.41000000000000003,2.1504502296447754,0
1787,1,train,787,31,1193.0,2,103.5,0,0,0,-0.41000000000000003,2.0777156352996826,0
1788,1,train,788,32,1210.0,2,104.5,0,1,0,-0.42000000000000004,1.2804832458496094,0
1789,1,train,789,32,1226.0,2,105.5,0,1,0,-0.42000000000000004,1.502516746520996,0
1790,1,train,790,32,1242.0,2,106.5,0,0,0,-0.42000000000000004,1.417614221572876,0
1791,1,train,791,32,1258.0,2,107.5,0,1,0,-0.42000000000000004,1.5339845418930054,0
1792,1,train,792,32,1274.0,2,108.5,0,0,0,-0.42000000000000004,2.0696890354156494,0
1793,1,train,793,32,1290.0,2,109.5,0,1,0,-0.42000000000000004,1.824219822883606,0
1794,1,train,794,33,1307.5,2,110.5,0,1,0,-0.43000000000000005,1.4302139282226562,0
1795,1,train,795,33,1324.0,2,111.5,0,0,0,-0.43000000000000005,1.9536423683166504,0
1796,1,train,796,34,1342.0,2,112.5,0,0,0,-0.44000000000000006,1.7210283279418945,0
1797,1,train,797,34,1359.0,2,113.5,0,0,0,-0.44000000000000006,1.7389332056045532,0
1798,1,train,798,35,1377.5,2,114.5,0,0,0,-0.44999999999999996,1.9352707862854004,0
1799,1,train,799,36,1396.5,2,115.5,0,1,0,-0.45999999999999996,2.031123399734497,0
1800,1,train,800,36,1414.5,2,116.5,0,0,0,-0.45999999999999996,1.4084362983703613,0
1801,1,train,801,36,1432.5,2,117.5,0,0,0,-0.45999999999999996,1.7938079833984375,0
1802,1,train,802,36,1450.5,2,118.5,0,0,0,-0.45999999999999996,1.6702300310134888,0
1803,1,train,803,36,1468.5,2,119.5,0,0,0,-0.45999999999999996,1.9016921520233154,0
1804,1,train,804,36,1486.5,2,120.5,0,0,0,-0.45999999999999996,1.3067190647125244,0
1805,1,train,805,36,1504.5,2,121.5,0,0,0,-0.45999999999999996,1.678321123123169,0
1806,1,train,806,36,1522.5,2,122.5,0,0,0,-0.45999999999999996,2.325049877166748,0
1807,1,train,807,38,1543.5,2,123.5,0,0,0,-0.48,1.5974843502044678,0
1808,1,train,808,40,1565.5,2,124.5,0,0,0,-0.5,1.5502510070800781,0
1809,1,train,809,41,1587.0,2,125.5,1,0,0,-0.51,2.4487881660461426,0
1810,1,train,810,41,1607.5,2,126.5,1,0,0,-0.51,1.6154953241348267,0
1811,1,train,811,41,1628.0,2,127.5,0,0,0,-0.51,1.1368091106414795,0
1812,1,train,812,41,1648.5,2,128.5,0,0,0,-0.51,2.0408196449279785,0
1813,1,train,813,39,1451.0,2,129.5,0,0,1,-0.49,2.1596317291259766,0
1814,1,train,814,37,1364.0,2,130.5,0,0,1,-0.47,2.1914615631103516,0
1815,1,train,815,36,1378.0,2,131.5,0,0,1,-0.45999999999999996,1.9707084894180298,0
1816,1,train,816,36,1396.0,2,132.5,0,0,1,-0.45999999999999996,1.7017301321029663,0
1817,1,train,817,38,1417.0,2,133.5,0,0,1,-0.48,1.7188374996185303,0
1818,1,train,818,38,1436.0,2,134.5,0,0,1,-0.48,1.7359095811843872,0
1819,1,train,819,38,1455.0,2,135.5,0,0,1,-0.48,1.2841414213180542,0
1820,1,train,820,38,1474.0,2,136.5,0,0,1,-0.48,1.5917561054229736,0
1821,1,train,821,38,1493.0,2,137.5,0,0,1,-0.48,1.6477255821228027,0
1822,1,train,822,38,1512.0,2,138.5,0,0,1,-0.48,1.5285893678665161,0
1823,1,train,823,39,1532.5,2,139.5,0,0,1,-0.49,1.633206844329834,0
1824,1,train,824,39,1552.0,2,140.5,0,0,1,-0.49,2.0958597660064697,0
1825,1,train,825,39,1571.5,2,141.5,0,0,1,-0.49,2.092515468597412,0
1826,1,train,826,39,1591.0,2,142.5,0,0,1,-0.49,1.7158308029174805,0
1827,1,train,827,39,1610.5,2,143.5,0,0,1,-0.49,2.384026050567627,0
1828,1,train,828,39,1630.0,2,144.5,0,0,1,-0.49,1.9824998378753662,0
1829,1,train,829,39,1649.5,2,145.5,0,0,1,-0.49,1.7231533527374268,0
1830,1,train,830,39,1669.0,2,146.5,0,0,1,-0.49,1.5688135623931885,0
1831,1,train,831,39,1688.5,2,147.5,0,0,1,-0.49,1.4532296657562256,0
1832,1,train,832,39,1708.0,3,150.0,0,0,1,-0.54,2.005354166030884,0
1833,1,train,833,39,1727.5,3,151.5,0,0,1,-0.54,1.2978099584579468,0
1834,1,train,834,39,1747.0,3,153.0,0,0,1,-0.54,2.176797866821289,0
1835,1,train,835,39,1766.5,3,154.5,0,0,1,-0.54,2.178520917892456,0
1836,1,train,836,40,1787.5,3,156.0,1,0,1,-0.55,2.0118420124053955,0
1837,1,train,837,41,1809.0,3,157.5,0,0,1,-0.5599999999999999,1.6576176881790161,0
1838,1,train,838,41,1829.5,3,159.0,0,0,1,-0.5599999999999999,1.9573636054992676,0
1839,1,train,839,41,1850.0,3,160.5,0,0,1,-0.5599999999999999,1.4988833665847778,0
1840,1,train,840,42,1872.0,3,162.0,0,0,1,-0.57,1.9899499416351318,0
1841,1,train,841,42,1893.0,3,163.5,0,0,1,-0.57,2.0265955924987793,0
1842,1,train,842,44,1917.0,3,165.0,0,0,1,-0.59,2.054849147796631,0
1843,1,train,843,45,1940.5,3,166.5,0,1,1,-0.6,1.3505172729492188,0
1844,1,train,844,46,1964.5,3,168.0,0,0,1,-0.61,2.251542091369629,0
1845,1,train,845,46,1987.5,3,169.5,0,0,1,-0.61,1.3538744449615479,0
1846,1,train,846,48,2013.5,3,171.0,0,1,1,-0.63,1.7127318382263184,0
1847,1,train,847,48,2037.5,3,172.5,1,0,1,-0.63,1.7127149105072021,0
1848,1,train,848,46,2036.0,3,174.0,0,0,1,-0.61,1.6792232990264893,0
1849,1,train,849,46,2059.0,4,177.0,0,2,1,-0.66,1.9646410942077637,0
1850,1,train,850,46,2082.0,5,180.5,0,0,1,-0.71,1.900346040725708,0
1851,1,train,851,46,2105.0,6,184.5,0,0,1,-0.76,1.5460180044174194,0
1852,1,train,852,46,2128.0,6,187.5,0,2,1,-0.76,1.6522527933120728,0
1853,1,train,853,46,2151.0,6,190.5,0,2,1,-0.76,1.997550368309021,0
1854,1,train,854,47,2175.5,6,193.5,0,0,1,-0.77,1.6617594957351685,0
1855,1,train,855,47,2199.0,6,196.5,0,1,1,-0.77,1.3715941905975342,0
1856,1,train,856,48,2224.0,6,199.5,1,1,1,-0.78,2.33084774017334,0
1857,1,train,857,48,2248.0,6,202.5,1,0,1,-0.78,2.261739492416382,0
1858,1,train,858,49,2273.5,6,205.5,0,2,1,-0.79,2.0777721405029297,0
1859,1,train,859,49,2298.0,6,208.5,0,0,1,-0.79,2.2013282775878906,0
1860,1,train,860,49,2322.5,6,211.5,0,0,1,-0.79,1.2089462280273438,0
1861,1,train,861,49,2347.0,6,214.5,0,1,1,-0.79,1.9068515300750732,0
1862,1,train,862,49,2371.5,6,217.5,0,1,1,-0.79,1.595320701599121,0
1863,1,train,863,50,2397.5,6,220.5,0,0,1,-0.8,1.959050178527832,0
1864,1,train,864,50,2422.5,6,223.5,0,2,1,-0.8,1.3994390964508057,0
1865,1,train,865,51,2449.0,6,226.5,0,1,1,-0.81,1.6578463315963745,0
1866,1,train,866,52,2476.0,6,229.5,0,0,1,-0.8200000000000001,1.2072738409042358,0
1867,1,train,867,52,2502.0,6,232.5,0,1,1,-0.8200000000000001,1.9142544269561768,0
1868,1,train,868,52,2528.0,7,237.0,0,1,1,-0.87,1.3916174173355103,0
1869,1,train,869,52,2554.0,7,240.5,0,1,1,-0.87,1.713761806488037,0
1870,1,train,870,52,2580.0,7,244.0,0,1,1,-0.87,1.6776970624923706,0
1871,1,train,871,52,2606.0,8,249.0,0,1,1,-0.92,1.893807053565979,0
1872,1,train,872,52,2632.0,8,253.0,0,1,1,-0.92,1.4292645454406738,0
1873,1,train,873,52,2658.0,9,258.5,0,2,1,-0.97,2.5589659214019775,0
1874,1,train,874,52,2684.0,9,263.0,0,1,1,-0.97,1.8833322525024414,0
1875,1,train,875,52,2710.0,9,267.5,0,1,1,-0.97,2.134084701538086,0
1876,1,train,876,52,2736.0,9,272.0,0,1,1,-0.97,2.233853816986084,0
1877,1,train,877,52,2762.0,9,276.5,0,1,1,-0.97,1.9900542497634888,0
1878,1,train,878,52,2788.0,9,281.0,0,2,1,-0.97,2.309661388397217,0
1879,1,train,879,52,2814.0,9,285.5,0,1,1,-0.97,1.5649782419204712,0
1880,1,train,880,52,2840.0,11,293.0,0,1,1,-1.07,1.4835398197174072,0
1881,1,train,881,52,2866.0,11,298.5,0,1,1,-1.07,1.0255215167999268,0
1882,1,train,882,53,2893.5,11,304.0,0,1,1,-1.08,1.4758656024932861,0
1883,1,train,883,54,2921.5,11,309.5,0,2,1,-1.09,1.9386301040649414,0
1884,1,train,884,54,2948.5,11,315.0,0,1,1,-1.09,1.9407236576080322,0
1885,1,train,885,55,2977.0,11,320.5,0,1,1,-1.1,1.7644424438476562,0
1886,1,train,886,56,3006.0,11,326.0,0,1,1,-1.11,1.8730254173278809,0
1887,1,train,887,56,3034.0,11,331.5,1,1,1,-1.11,1.966808557510376,0
1888,1,train,888,56,3062.0,11,337.0,0,2,1,-1.11,2.181169271469116,0
1889,1,train,889,56,3090.0,12,344.0,0,1,1,-1.1600000000000001,1.7732768058776855,0
1890,1,train,890,56,3118.0,11,348.0,0,2,1,-1.11,1.2760052680969238,0
1891,1,train,891,56,3146.0,11,353.5,0,2,1,-1.11,2.1908586025238037,0
1892,1,train,892,56,3174.0,12,360.5,0,2,1,-1.1600000000000001,1.5686829090118408,0
1893,1,train,893,57,3203.5,14,369.5,0,1,1,-1.27,1.6289408206939697,0
1894,1,train,894,58,3233.5,12,372.0,0,3,1,-1.18,1.7305247783660889,0
1895,1,train,895,58,3262.5,12,378.0,0,1,1,-1.18,1.723632574081421,0
1896,1,train,896,58,3291.5,12,384.0,0,1,1,-1.18,1.8469266891479492,0
1897,1,train,897,58,3320.5,14,393.0,0,2,1,-1.2799999999999998,1.6478441953659058,0
1898,1,train,898,58,3349.5,13,398.0,0,0,1,-1.23,1.6798114776611328,0
1899,1,train,899,58,3378.5,13,404.5,0,2,1,-1.23,2.0131752490997314,0
1900,1,train,900,58,3407.5,13,411.0,0,2,1,-1.23,1.2476894855499268,0
1901,1,train,901,58,3436.5,14,419.0,0,0,1,-1.2799999999999998,1.9373189210891724,0
1902,1,train,902,58,3465.5,14,426.0,0,1,1,-1.2799999999999998,1.2947160005569458,0
1903,1,train,903,58,3494.5,14,433.0,0,3,2,-1.2799999999999998,1.3023757934570312,0
1904,1,train,904,58,3523.5,14,440.0,0,1,2,-1.2799999999999998,2.0165200233459473,0
1905,1,train,905,59,3554.0,14,447.0,0,0,2,-1.29,2.4997758865356445,0
1906,1,train,906,59,3583.5,14,454.0,0,2,2,-1.29,2.035181999206543,0
1907,1,train,907,59,3613.0,14,461.0,0,0,2,-1.29,2.5018889904022217,0
1908,1,train,908,59,3642.5,14,468.0,0,1,2,-1.29,1.211164116859436,0
1909,1,train,909,59,3672.0,14,475.0,0,0,2,-1.29,1.0695464611053467,0
1910,1,train,910,59,3701.5,14,482.0,0,1,2,-1.29,1.3669981956481934,0
1911,1,train,911,61,3734.0,14,489.0,0,1,2,-1.31,1.2260560989379883,0
1912,1,train,912,64,3769.0,14,496.0,0,0,2,-1.3399999999999999,2.0882060527801514,0
1913,1,train,913,64,3801.0,14,503.0,0,0,2,-1.3399999999999999,2.150242567062378,0
1914,1,train,914,66,3836.0,14,510.0,0,0,2,-1.3599999999999999,2.049180030822754,0
1915,1,train,915,64,3516.0,14,517.0,0,0,3,-1.3399999999999999,1.4983991384506226,0
1916,1,train,916,63,3276.5,14,524.0,0,1,3,-1.33,2.2325439453125,0
1917,1,train,917,61,3093.0,14,531.0,0,1,3,-1.31,1.6333523988723755,0
1918,1,train,918,59,2980.5,14,538.0,0,0,3,-1.29,1.865460753440857,0
1919,1,train,919,59,3010.0,14,545.0,0,0,3,-1.29,1.507876992225647,0
1920,1,train,920,57,2958.5,14,552.0,0,1,3,-1.27,1.837923288345337,0
1921,1,train,921,56,2975.5,14,559.0,0,0,3,-1.26,2.2765555381774902,0
1922,1,train,922,56,3003.5,14,566.0,0,0,3,-1.26,1.4123164415359497,0
1923,1,train,923,56,3031.5,14,573.0,0,1,3,-1.26,2.614366292953491,0
1924,1,train,924,57,3061.0,14,580.0,0,0,3,-1.27,1.4215888977050781,0
1925,1,train,925,58,3091.0,14,587.0,1,0,3,-1.2799999999999998,1.765833854675293,0
1926,1,train,926,58,3120.0,14,594.0,0,0,3,-1.2799999999999998,1.278029441833496,0
1927,1,train,927,58,3149.0,14,601.0,0,1,3,-1.2799999999999998,1.5379621982574463,0
1928,1,train,928,59,3179.5,14,608.0,0,1,3,-1.29,1.5562360286712646,0
1929,1,train,929,60,3210.5,14,615.0,0,0,3,-1.2999999999999998,1.1227939128875732,0
1930,1,train,930,60,3240.5,14,622.0,0,1,3,-1.2999999999999998,2.0375051498413086,0
1931,1,train,931,61,3272.0,14,629.0,0,1,3,-1.31,2.2082152366638184,0
1932,1,train,932,61,3302.5,14,636.0,0,0,3,-1.31,2.271401882171631,0
1933,1,train,933,62,3334.5,14,643.0,0,1,3,-1.3199999999999998,1.6602498292922974,0
1934,1,train,934,62,3365.5,14,650.0,0,1,3,-1.3199999999999998,1.6301473379135132,0
1935,1,train,935,62,3396.5,14,657.0,0,0,3,-1.3199999999999998,1.5002813339233398,0
1936,1,train,936,63,3429.0,14,664.0,0,1,3,-1.33,1.754518747329712,0
1937,1,train,937,64,3462.0,14,671.0,0,0,3,-1.3399999999999999,1.2576112747192383,0
1938,1,train,938,64,3494.0,14,678.0,0,0,3,-1.3399999999999999,1.358105182647705,0
1939,1,train,939,64,3526.0,14,685.0,0,0,3,-1.3399999999999999,2.174051523208618,0
1940,1,train,940,64,3558.0,14,692.0,0,3,3,-1.3399999999999999,1.7780615091323853,0
1941,1,train,941,66,3593.0,14,699.0,0,1,3,-1.3599999999999999,1.8184103965759277,0
1942,1,train,942,66,3626.0,14,706.0,1,0,3,-1.3599999999999999,1.5678722858428955,0
1943,1,train,943,67,3660.5,14,713.0,0,0,3,-1.37,1.2755851745605469,0
1944,1,train,944,67,3694.0,14,720.0,0,0,3,-1.37,2.0361340045928955,0
1945,1,train,945,67,3727.5,14,727.0,0,0,3,-1.37,1.8801873922348022,0
1946,1,train,946,67,3761.0,14,734.0,0,0,3,-1.37,2.0962343215942383,0
1947,1,train,947,68,3796.0,14,741.0,0,0,3,-1.38,2.1092662811279297,0
1948,1,train,948,68,3830.0,14,748.0,0,0,3,-1.38,1.9261996746063232,0
1949,1,train,949,72,3870.0,14,755.0,0,0,3,-1.42,1.8170675039291382,0
1950,1,train,950,73,3907.5,14,762.0,0,0,3,-1.43,1.6609523296356201,0
1951,1,train,951,73,3944.0,14,769.0,0,2,3,-1.43,1.938333511352539,0
1952,1,train,952,74,3982.0,14,776.0,0,0,3,-1.44,1.7832753658294678,0
1953,1,train,953,74,4019.0,14,783.0,0,0,3,-1.44,1.6195659637451172,0
1954,1,train,954,74,4056.0,14,790.0,0,0,3,-1.44,0.9620192646980286,0
1955,1,train,955,76,4096.0,14,797.0,0,0,3,-1.46,2.065587043762207,0
1956,1,train,956,77,4135.5,14,804.0,0,0,3,-1.47,1.9642187356948853,0
1957,1,train,957,77,4174.0,14,811.0,0,0,3,-1.47,1.4970128536224365,0
1958,1,train,958,77,4212.5,14,818.0,0,1,3,-1.47,2.133151054382324,0
1959,1,train,959,77,4251.0,14,825.0,0,0,3,-1.47,1.7667067050933838,0
1960,1,train,960,77,4289.5,14,832.0,0,1,3,-1.47,0.9641931056976318,0
1961,1,train,961,77,4328.0,14,839.0,0,1,3,-1.47,1.4106358289718628,0
1962,1,train,962,77,4366.5,14,846.0,0,0,3,-1.47,1.9862287044525146,0
1963,1,train,963,78,4406.5,14,853.0,0,0,3,-1.48,1.8281161785125732,0
1964,1,train,964,79,4447.0,14,860.0,0,0,3,-1.49,1.7145953178405762,0
1965,1,train,965,79,4486.5,14,867.0,0,0,3,-1.49,1.1506160497665405,0
1966,1,train,966,81,4529.0,14,874.0,0,0,3,-1.51,1.3206532001495361,0
1967,1,train,967,81,4569.5,14,881.0,0,0,3,-1.51,1.7378404140472412,0
1968,1,train,968,82,4611.5,14,888.0,1,0,3,-1.52,1.4886820316314697,0
1969,1,train,969,82,4652.5,14,895.0,0,1,3,-1.52,2.4852919578552246,0
1970,1,train,970,83,4695.0,14,902.0,0,1,3,-1.5299999999999998,1.3964804410934448,0
1971,1,train,971,83,4736.5,14,909.0,0,0,3,-1.5299999999999998,1.7983484268188477,0
1972,1,train,972,83,4778.0,14,916.0,2,0,3,-1.5299999999999998,1.324221134185791,0
1973,1,train,973,83,4819.5,14,923.0,0,0,3,-1.5299999999999998,1.4133341312408447,0
1974,1,train,974,83,4861.0,14,930.0,0,0,3,-1.5299999999999998,2.3214588165283203,0
1975,1,train,975,84,4904.0,14,937.0,0,0,4,-1.54,1.997405767440796,0
1976,1,train,976,84,4946.0,14,944.0,0,0,4,-1.54,1.0834085941314697,0
1977,1,train,977,84,4988.0,14,951.0,0,0,4,-1.54,2.0341663360595703,0
1978,1,train,978,84,5030.0,14,958.0,0,0,4,-1.54,1.9348032474517822,0
1979,1,train,979,85,5073.5,14,965.0,1,0,4,-1.5499999999999998,2.0375022888183594,0
1980,1,train,980,85,5116.0,14,972.0,0,0,4,-1.5499999999999998,2.057147264480591,0
1981,1,train,981,87,5161.5,14,979.0,0,0,4,-1.5699999999999998,1.853287696838379,0
1982,1,train,982,88,5206.5,14,986.0,0,0,4,-1.58,1.0499927997589111,0
1983,1,train,983,89,5252.0,14,993.0,0,0,4,-1.5899999999999999,1.9392497539520264,0
1984,1,train,984,90,5298.0,14,1000.0,0,0,4,-1.6,1.7997722625732422,0
1985,1,train,985,90,5343.0,14,1007.0,0,1,4,-1.6,1.5915195941925049,0
1986,1,train,986,90,5388.0,14,1014.0,0,0,4,-1.6,1.9650663137435913,0
1987,1,train,987,84,4817.5,10,732.0,0,0,5,-1.3399999999999999,1.4449747800827026,0
1988,1,train,988,80,4331.0,10,737.0,0,0,5,-1.3,1.149052381515503,0
1989,1,train,989,76,3876.5,10,742.0,0,0,5,-1.26,1.7281873226165771,0
1990,1,train,990,72,3464.5,10,747.0,0,0,5,-1.22,1.6029229164123535,0
1991,1,train,991,72,3500.5,10,752.0,0,0,5,-1.22,1.4691842794418335,0
1992,1,train,992,69,3129.0,10,757.0,0,0,5,-1.19,1.6050972938537598,0
1993,1,train,993,66,2786.0,9,712.5,0,0,5,-1.11,1.589037537574768,0
1994,1,train,994,63,2562.0,9,717.0,0,0,5,-1.08,1.3526601791381836,0
1995,1,train,995,64,2517.5,8,673.0,0,2,5,-1.04,1.7035839557647705,0
1996,1,train,996,61,2262.0,6,548.5,0,0,5,-0.9099999999999999,1.5705070495605469,0
1997,1,train,997,58,2080.0,6,551.5,0,0,5,-0.8799999999999999,1.7312076091766357,0
1998,1,train,998,59,2058.5,5,489.5,0,0,5,-0.84,1.627853274345398,0
1999,1,train,999,55,1856.0,5,492.0,0,0,5,-0.8,2.0001368522644043,0
2000,2,train,0,0,0.0,0,0.0,0,0,0,-0.0,1.9050981998443604,0
2001,2,train,1,0,0.0,0,0.0,0,0,0,-0.0,1.605503797531128,0
2002,2,train,2,0,0.0,0,0.0,0,0,0,-0.0,2.2120025157928467,0
2003,2,train,3,0,0.0,0,0.0,0,0,0,-0.0,1.6169558763504028,0
2004,2,train,4,0,0.0,0,0.0,0,0,0,-0.0,1.6554553508758545,0
2005,2,train,5,0,0.0,0,0.0,0,0,0,-0.0,1.577852487564087,0
2006,2,train,6,0,0.0,0,0.0,0,0,0,-0.0,2.175854444503784,0
2007,2,train,7,0,0.0,0,0.0,0,0,0,-0.0,2.0648841857910156,0
2008,2,train,8,0,0.0,0,0.0,0,0,0,-0.0,2.060861349105835,0
2009,2,train,9,0,0.0,0,0.0,0,0,0,-0.0,2.1128957271575928,0
2010,2,train,10,0,0.0,0,0.0,0,0,0,-0.0,1.9243063926696777,0
2011,2,train,11,0,0.0,0,0.0,0,0,0,-0.0,1.642099142074585,0
2012,2,train,12,0,0.0,0,0.0,0,0,0,-0.0,1.925652265548706,0
2013,2,train,13,0,0.0,0,0.0,0,0,0,-0.0,0.9578370451927185,0
2014,2,train,14,0,0.0,0,0.0,0,0,0,-0.0,2.1378819942474365,0
2015,2,train,15,0,0.0,0,0.0,0,0,0,-0.0,1.7192274332046509,0
2016,2,train,16,0,0.0,0,0.0,0,0,0,-0.0,2.105938196182251,0
2017,2,train,17,0,0.0,0,0.0,0,0,0,-0.0,2.1390018463134766,0
2018,2,train,18,0,0.0,0,0.0,0,0,0,-0.0,1.5228183269500732,0
2019,2,train,19,0,0.0,0,0.0,0,0,0,-0.0,1.3388566970825195,0
2020,2,train,20,0,0.0,0,0.0,0,0,0,-0.0,1.6716985702514648,0
2021,2,train,21,0,0.0,0,0.0,0,0,0,-0.0,1.7318389415740967,0
2022,2,train,22,0,0.0,0,0.0,0,0,0,-0.0,1.7561702728271484,0
2023,2,train,23,0,0.0,0,0.0,0,0,0,-0.0,2.076211929321289,0
2024,2,train,24,0,0.0,0,0.0,0,0,0,-0.0,1.2302844524383545,0
2025,2,train,25,0,0.0,0,0.0,0,0,0,-0.0,1.8348755836486816,0
2026,2,train,26,0,0.0,0,0.0,0,0,0,-0.0,2.037318706512451,0
2027,2,train,27,0,0.0,0,0.0,0,0,0,-0.0,1.267695426940918,0
2028,2,train,28,0,0.0,0,0.0,0,0,0,-0.0,2.2962229251861572,0
2029,2,train,29,0,0.0,0,0.0,0,0,0,-0.0,2.544623851776123,0
2030,2,train,30,0,0.0,0,0.0,0,0,0,-0.0,1.780238151550293,0
2031,2,train,31,0,0.0,0,0.0,0,0,0,-0.0,1.7000129222869873,0
2032,2,train,32,0,0.0,0,0.0,0,0,0,-0.0,1.4966148138046265,0
2033,2,train,33,0,0.0,0,0.0,0,0,0,-0.0,2.3754091262817383,0
2034,2,train,34,0,0.0,0,0.0,0,0,0,-0.0,1.5648274421691895,0
2035,2,train,35,0,0.0,0,0.0,0,0,0,-0.0,2.104651927947998,0
2036,2,train,36,0,0.0,0,0.0,0,0,0,-0.0,1.584132194519043,0
2037,2,train,37,0,0.0,0,0.0,0,0,0,-0.0,1.6477558612823486,0
2038,2,train,38,0,0.0,0,0.0,0,0,0,-0.0,1.4334229230880737,0
2039,2,train,39,0,0.0,0,0.0,0,0,0,-0.0,1.2341445684432983,0
2040,2,train,40,0,0.0,0,0.0,0,0,0,-0.0,1.238339900970459,0
2041,2,train,41,0,0.0,0,0.0,0,0,0,-0.0,1.7060527801513672,0
2042,2,train,42,0,0.0,0,0.0,0,0,0,-0.0,1.4242315292358398,0
2043,2,train,43,0,0.0,0,0.0,0,0,0,-0.0,1.46864914894104,0
2044,2,train,44,0,0.0,0,0.0,0,0,0,-0.0,1.6843302249908447,0
2045,2,train,45,0,0.0,0,0.0,0,0,0,-0.0,1.977536678314209,0
2046,2,train,46,0,0.0,0,0.0,0,0,0,-0.0,1.1866397857666016,0
2047,2,train,47,0,0.0,0,0.0,0,0,0,-0.0,1.8398277759552002,0
2048,2,train,48,0,0.0,0,0.0,0,0,0,-0.0,1.2965078353881836,0
2049,2,train,49,0,0.0,0,0.0,0,0,1,-0.0,1.7531136274337769,0
2050,2,train,50,0,0.0,0,0.0,0,0,1,-0.0,0.9352355599403381,0
2051,2,train,51,0,0.0,0,0.0,0,0,1,-0.0,2.016352653503418,0
2052,2,train,52,0,0.0,0,0.0,0,0,1,-0.0,1.8212254047393799,0
2053,2,train,53,0,0.0,0,0.0,0,0,1,-0.0,1.4227383136749268,0
2054,2,train,54,0,0.0,0,0.0,0,0,1,-0.0,1.8321456909179688,0
2055,2,train,55,0,0.0,0,0.0,0,0,1,-0.0,1.1064414978027344,0
2056,2,train,56,0,0.0,0,0.0,0,0,1,-0.0,1.8094590902328491,0
2057,2,train,57,0,0.0,0,0.0,0,0,1,-0.0,1.7950599193572998,0
2058,2,train,58,0,0.0,0,0.0,0,0,1,-0.0,1.1696041822433472,0
2059,2,train,59,0,0.0,0,0.0,0,0,1,-0.0,2.030992269515991,0
2060,2,train,60,0,0.0,0,0.0,0,0,1,-0.0,1.752284049987793,0
2061,2,train,61,0,0.0,0,0.0,0,0,1,-0.0,1.4795761108398438,0
2062,2,train,62,0,0.0,0,0.0,0,0,1,-0.0,1.007223129272461,0
2063,2,train,63,0,0.0,1,1.5,0,0,1,-0.05,1.9707136154174805,0
2064,2,train,64,0,0.0,0,0.0,0,0,1,-0.0,2.035994529724121,0
2065,2,train,65,0,0.0,0,0.0,0,0,1,-0.0,1.674212098121643,0
2066,2,train,66,0,0.0,0,0.0,0,0,1,-0.0,2.0057992935180664,0
2067,2,train,67,0,0.0,0,0.0,0,0,1,-0.0,1.3536300659179688,0
2068,2,train,68,0,0.0,1,1.5,0,0,1,-0.05,2.3216686248779297,0
2069,2,train,69,0,0.0,1,2.0,0,0,1,-0.05,1.5948939323425293,0
2070,2,train,70,0,0.0,1,2.5,0,0,1,-0.05,1.6317901611328125,0
2071,2,train,71,0,0.0,2,4.5,0,0,1,-0.1,1.89661705493927,0
2072,2,train,72,0,0.0,2,5.5,0,0,1,-0.1,1.8057228326797485,0
2073,2,train,73,0,0.0,2,6.5,0,0,1,-0.1,1.8242212533950806,0
2074,2,train,74,0,0.0,2,7.5,0,0,1,-0.1,1.8247147798538208,0
2075,2,train,75,0,0.0,2,8.5,0,0,1,-0.1,1.4684696197509766,0
2076,2,train,76,0,0.0,3,11.0,0,0,1,-0.15,1.8588989973068237,0
2077,2,train,77,0,0.0,3,12.5,0,0,1,-0.15,2.009866952896118,0
2078,2,train,78,3,4.5,3,14.0,0,0,1,-0.18,1.5828094482421875,0
2079,2,train,79,3,6.0,4,17.0,0,0,1,-0.23,1.58128821849823,0
2080,2,train,80,3,7.5,4,19.0,0,0,1,-0.23,2.1174354553222656,0
2081,2,train,81,3,9.0,5,22.5,0,0,1,-0.28,1.237632155418396,0
2082,2,train,82,3,10.5,5,25.0,0,0,1,-0.28,1.791000247001648,0
2083,2,train,83,3,12.0,5,27.5,0,0,1,-0.28,1.7063145637512207,0
2084,2,train,84,3,13.5,5,30.0,0,0,1,-0.28,1.2454841136932373,0
2085,2,train,85,3,15.0,5,32.5,0,0,1,-0.28,1.8110768795013428,0
2086,2,train,86,7,22.5,5,35.0,0,0,1,-0.32,1.6589381694793701,0
2087,2,train,87,7,26.0,5,37.5,0,0,1,-0.32,1.617409586906433,0
2088,2,train,88,7,29.5,5,40.0,0,0,1,-0.32,1.5395305156707764,0
2089,2,train,89,9,36.0,5,42.5,0,0,1,-0.33999999999999997,1.4110939502716064,0
2090,2,train,90,9,40.5,5,45.0,0,0,1,-0.33999999999999997,1.6365256309509277,0
2091,2,train,91,9,45.0,6,49.0,0,0,1,-0.39,1.669499397277832,0
2092,2,train,92,9,49.5,6,52.0,0,0,1,-0.39,2.0346126556396484,0
2093,2,train,93,9,54.0,6,55.0,0,0,1,-0.39,2.2467246055603027,0
2094,2,train,94,9,58.5,6,58.0,0,0,1,-0.39,1.7478904724121094,0
2095,2,train,95,9,63.0,6,61.0,0,0,1,-0.39,1.2546976804733276,0
2096,2,train,96,9,67.5,6,64.0,0,0,1,-0.39,2.11356258392334,0
2097,2,train,97,9,72.0,6,67.0,0,0,1,-0.39,1.555835485458374,0
2098,2,train,98,9,76.5,6,70.0,0,0,1,-0.39,2.3353395462036133,0
2099,2,train,99,10,82.5,6,73.0,0,0,1,-0.4,1.359191656112671,0
2100,2,train,100,11,89.0,6,76.0,0,0,1,-0.41,1.826993703842163,0
2101,2,train,101,11,94.5,6,79.0,0,0,1,-0.41,1.370420217514038,0
2102,2,train,102,12,101.5,6,82.0,0,0,1,-0.42,2.1060798168182373,0
2103,2,train,103,12,107.5,7,86.5,0,0,1,-0.47,1.7297956943511963,0
2104,2,train,104,12,113.5,8,91.5,0,0,1,-0.52,1.6565749645233154,0
2105,2,train,105,12,119.5,7,93.5,0,0,1,-0.47,2.2999491691589355,0
2106,2,train,106,12,125.5,7,97.0,0,0,1,-0.47,1.7328362464904785,0
2107,2,train,107,12,131.5,7,100.5,0,0,1,-0.47,1.7740478515625,0
2108,2,train,108,12,137.5,8,105.5,0,0,1,-0.52,1.1306540966033936,0
2109,2,train,109,12,143.5,8,109.5,0,0,1,-0.52,1.7221524715423584,0
2110,2,train,110,12,149.5,8,113.5,0,0,1,-0.52,1.6615142822265625,0
2111,2,train,111,12,155.5,8,117.5,0,0,1,-0.52,1.4901211261749268,0
2112,2,train,112,12,161.5,8,121.5,0,0,1,-0.52,1.803239107131958,0
2113,2,train,113,12,167.5,8,125.5,0,0,1,-0.52,1.3001708984375,0
2114,2,train,114,13,175.0,8,129.5,0,0,1,-0.53,1.2153383493423462,0
2115,2,train,115,13,181.5,8,133.5,0,0,1,-0.53,1.928983449935913,0
2116,2,train,116,13,188.0,8,137.5,0,0,1,-0.53,1.4749233722686768,0
2117,2,train,117,13,194.5,8,141.5,0,0,1,-0.53,2.225970506668091,0
2118,2,train,118,13,201.0,8,145.5,0,0,1,-0.53,1.1278910636901855,0
2119,2,train,119,13,207.5,8,149.5,0,0,1,-0.53,1.703437089920044,0
2120,2,train,120,13,214.0,8,153.5,0,0,1,-0.53,1.963747262954712,0
2121,2,train,121,13,220.5,8,157.5,0,0,1,-0.53,1.9007949829101562,0
2122,2,train,122,13,227.0,8,161.5,0,0,1,-0.53,1.5494086742401123,0
2123,2,train,123,14,235.0,8,165.5,0,0,1,-0.54,1.6204748153686523,0
2124,2,train,124,14,242.0,8,169.5,0,0,1,-0.54,1.6037533283233643,0
2125,2,train,125,14,249.0,8,173.5,0,0,1,-0.54,1.5100536346435547,0
2126,2,train,126,14,256.0,8,177.5,0,0,1,-0.54,2.150333881378174,0
2127,2,train,127,14,263.0,8,181.5,0,0,1,-0.54,2.2554931640625,0
2128,2,train,128,14,270.0,8,185.5,0,0,1,-0.54,1.1357543468475342,0
2129,2,train,129,14,277.0,8,189.5,0,0,1,-0.54,1.4854952096939087,0
2130,2,train,130,14,284.0,8,193.5,0,0,1,-0.54,1.3192992210388184,0
2131,2,train,131,14,291.0,8,197.5,0,0,1,-0.54,1.9138718843460083,0
2132,2,train,132,14,298.0,8,201.5,0,0,1,-0.54,1.5453050136566162,0
2133,2,train,133,14,305.0,8,205.5,0,0,1,-0.54,1.673285961151123,0
2134,2,train,134,16,315.0,8,209.5,0,0,1,-0.56,1.5906829833984375,0
2135,2,train,135,16,323.0,8,213.5,0,0,1,-0.56,0.7406637668609619,0
2136,2,train,136,16,331.0,8,217.5,0,0,1,-0.56,1.113144040107727,0
2137,2,train,137,16,339.0,8,221.5,0,0,1,-0.56,1.4798085689544678,0
2138,2,train,138,16,347.0,8,225.5,0,0,1,-0.56,1.4334204196929932,0
2139,2,train,139,16,355.0,8,229.5,0,0,2,-0.56,1.4277567863464355,0
2140,2,train,140,16,363.0,8,233.5,0,0,2,-0.56,1.5160307884216309,0
2141,2,train,141,16,371.0,8,237.5,0,0,2,-0.56,1.4116156101226807,0
2142,2,train,142,17,380.5,8,241.5,0,0,2,-0.5700000000000001,2.230147123336792,0
2143,2,train,143,17,389.0,8,245.5,0,0,2,-0.5700000000000001,1.4732940196990967,0
2144,2,train,144,17,397.5,8,249.5,0,0,2,-0.5700000000000001,1.941180944442749,0
2145,2,train,145,17,406.0,8,253.5,0,0,2,-0.5700000000000001,2.303149700164795,0
2146,2,train,146,17,414.5,8,257.5,0,0,2,-0.5700000000000001,1.1770581007003784,0
2147,2,train,147,17,423.0,8,261.5,0,0,2,-0.5700000000000001,1.7358741760253906,0
2148,2,train,148,17,431.5,8,265.5,0,2,2,-0.5700000000000001,1.5416090488433838,0
2149,2,train,149,17,440.0,8,269.5,0,0,2,-0.5700000000000001,1.61226224899292,0
2150,2,train,150,17,448.5,8,273.5,0,0,2,-0.5700000000000001,1.6811150312423706,0
2151,2,train,151,16,390.5,8,277.5,0,1,3,-0.56,1.8332552909851074,0
2152,2,train,152,15,396.5,8,281.5,0,0,3,-0.55,1.8595831394195557,0
2153,2,train,153,16,405.5,8,285.5,0,0,3,-0.56,1.7969465255737305,0
2154,2,train,154,16,413.5,8,289.5,0,0,3,-0.56,1.5617430210113525,0
2155,2,train,155,16,421.5,8,293.5,0,0,3,-0.56,2.01012921333313,0
2156,2,train,156,17,431.0,8,297.5,0,0,3,-0.5700000000000001,1.5699055194854736,0
2157,2,train,157,17,439.5,8,301.5,0,0,3,-0.5700000000000001,1.378472089767456,0
2158,2,train,158,17,448.0,8,305.5,0,0,3,-0.5700000000000001,2.189357042312622,0
2159,2,train,159,19,459.5,8,309.5,0,2,3,-0.5900000000000001,2.0722174644470215,0
2160,2,train,160,19,469.0,8,313.5,0,0,3,-0.5900000000000001,1.412881851196289,0
2161,2,train,161,20,480.0,8,317.5,0,0,3,-0.6000000000000001,0.7498059272766113,0
2162,2,train,162,21,491.5,8,321.5,0,0,3,-0.61,2.35672926902771,0
2163,2,train,163,21,502.0,8,325.5,0,0,3,-0.61,1.6783318519592285,0
2164,2,train,164,25,518.5,8,329.5,0,0,3,-0.65,2.252225399017334,0
2165,2,train,165,26,532.5,8,333.5,0,1,3,-0.66,1.6197340488433838,0
2166,2,train,166,26,545.5,8,337.5,0,0,3,-0.66,1.9806934595108032,0
2167,2,train,167,26,558.5,8,341.5,0,0,3,-0.66,1.7864580154418945,0
2168,2,train,168,27,573.0,8,345.5,0,0,3,-0.67,1.5982102155685425,0
2169,2,train,169,29,589.5,8,349.5,0,0,3,-0.69,1.7941166162490845,0
2170,2,train,170,30,605.5,8,353.5,0,1,3,-0.7,1.3868569135665894,0
2171,2,train,171,30,620.5,8,357.5,0,0,3,-0.7,1.5831406116485596,0
2172,2,train,172,31,637.0,8,361.5,0,0,3,-0.71,1.3930891752243042,0
2173,2,train,173,32,654.0,8,365.5,0,0,3,-0.72,1.7154464721679688,0
2174,2,train,174,33,671.5,8,369.5,0,0,3,-0.73,1.5869650840759277,0
2175,2,train,175,35,691.0,8,373.5,0,0,3,-0.75,1.8597958087921143,0
2176,2,train,176,35,708.5,8,377.5,0,0,3,-0.75,1.0441598892211914,0
2177,2,train,177,35,726.0,8,381.5,0,0,3,-0.75,2.0391006469726562,0
2178,2,train,178,35,743.5,8,385.5,0,0,3,-0.75,0.9990440011024475,0
2179,2,train,179,35,761.0,8,389.5,0,0,3,-0.75,1.0925909280776978,0
2180,2,train,180,35,778.5,8,393.5,0,0,3,-0.75,2.3160176277160645,0
2181,2,train,181,37,799.0,8,397.5,0,0,3,-0.77,1.534609079360962,0
2182,2,train,182,38,819.0,8,401.5,0,0,3,-0.78,2.0369224548339844,0
2183,2,train,183,38,838.0,8,405.5,0,0,3,-0.78,2.3234469890594482,0
2184,2,train,184,39,858.5,8,409.5,0,0,3,-0.79,2.125854969024658,0
2185,2,train,185,40,879.5,8,413.5,0,0,3,-0.8,1.4125993251800537,0
2186,2,train,186,41,901.0,8,417.5,0,0,3,-0.81,1.3083035945892334,0
2187,2,train,187,42,923.0,8,421.5,0,1,3,-0.8200000000000001,1.5377711057662964,0
2188,2,train,188,42,928.0,8,425.5,0,0,3,-0.8200000000000001,1.3568775653839111,0
2189,2,train,189,41,933.5,8,429.5,0,0,3,-0.81,1.7811384201049805,0
2190,2,train,190,40,940.0,8,433.5,0,0,3,-0.8,1.6864473819732666,0
2191,2,train,191,41,961.5,8,437.5,0,1,3,-0.81,1.9853545427322388,0
2192,2,train,192,42,983.5,8,441.5,0,0,3,-0.8200000000000001,1.8119652271270752,0
2193,2,train,193,44,1007.5,8,445.5,0,0,3,-0.8400000000000001,2.2647433280944824,0
2194,2,train,194,45,1031.0,8,449.5,0,0,3,-0.8500000000000001,1.4666748046875,0
2195,2,train,195,46,1055.0,8,453.5,0,0,3,-0.8600000000000001,0.9623793959617615,0
2196,2,train,196,47,1079.5,8,457.5,0,0,3,-0.87,1.9098939895629883,0
2197,2,train,197,47,1103.0,8,461.5,0,1,3,-0.87,1.4883146286010742,0
2198,2,train,198,47,1126.5,8,465.5,0,0,3,-0.87,1.8646107912063599,0
2199,2,train,199,47,1150.0,8,469.5,0,0,3,-0.87,1.6386592388153076,0
2200,2,train,200,48,1175.0,8,473.5,0,0,3,-0.88,1.627094030380249,0
2201,2,train,201,48,1199.0,8,477.5,0,0,3,-0.88,1.5233464241027832,0
2202,2,train,202,48,1223.0,8,481.5,0,0,3,-0.88,2.2027320861816406,0
2203,2,train,203,48,1247.0,8,485.5,0,0,3,-0.88,1.5792081356048584,0
2204,2,train,204,48,1271.0,8,489.5,0,0,3,-0.88,1.973949909210205,0
2205,2,train,205,48,1295.0,8,493.5,0,0,3,-0.88,1.6917864084243774,0
2206,2,train,206,50,1322.0,8,497.5,0,0,3,-0.9,2.006511926651001,0
2207,2,train,207,50,1347.0,8,501.5,0,1,3,-0.9,1.6098778247833252,0
2208,2,train,208,50,1372.0,8,505.5,0,1,3,-0.9,1.5488916635513306,0
2209,2,train,209,51,1398.5,8,509.5,0,0,3,-0.91,1.0748193264007568,0
2210,2,train,210,51,1424.0,8,513.5,0,0,3,-0.91,1.6288717985153198,0
2211,2,train,211,51,1449.5,8,517.5,0,1,4,-0.91,1.6127257347106934,0
2212,2,train,212,51,1475.0,8,521.5,0,1,4,-0.91,2.2184643745422363,0
2213,2,train,213,52,1491.0,8,525.5,0,0,4,-0.92,1.7638760805130005,0
2214,2,train,214,53,1508.0,8,529.5,0,0,4,-0.93,1.234742283821106,0
2215,2,train,215,52,1523.0,8,533.5,0,0,4,-0.92,2.105771064758301,0
2216,2,train,216,54,1552.0,8,537.5,0,0,4,-0.9400000000000001,2.2286806106567383,0
2217,2,train,217,53,1569.0,8,541.5,0,0,4,-0.93,1.0124702453613281,0
2218,2,train,218,55,1598.5,8,545.5,0,1,4,-0.9500000000000001,2.2559821605682373,0
2219,2,train,219,56,1627.5,8,549.5,0,1,4,-0.9600000000000001,1.3868898153305054,0
2220,2,train,220,56,1653.5,8,553.5,0,0,4,-0.9600000000000001,2.066633462905884,0
2221,2,train,221,57,1681.5,8,557.5,0,0,4,-0.97,1.8996022939682007,0
2222,2,train,222,56,1707.5,8,561.5,0,0,4,-0.9600000000000001,1.6929587125778198,0
2223,2,train,223,52,1402.0,8,565.5,0,0,5,-0.92,0.9318445324897766,0
2224,2,train,224,47,1196.0,8,569.5,0,0,5,-0.87,1.550023078918457,0
2225,2,train,225,47,1072.5,8,573.5,0,0,5,-0.87,1.366843581199646,0
2226,2,train,226,43,987.5,8,577.5,0,0,5,-0.8300000000000001,1.9196674823760986,0
2227,2,train,227,43,1008.0,7,504.5,0,0,5,-0.78,1.9278370141983032,0
2228,2,train,228,40,946.0,7,508.0,0,0,5,-0.75,1.323420763015747,0
2229,2,train,229,37,899.0,7,511.5,0,0,5,-0.72,2.19581937789917,0
2230,2,train,230,36,897.0,7,515.0,0,0,5,-0.71,1.3922641277313232,0
2231,2,train,231,36,895.0,6,442.0,0,0,5,-0.6599999999999999,1.4094116687774658,0
2232,2,train,232,33,897.0,6,445.0,0,0,5,-0.63,1.6320667266845703,0
2233,2,train,233,33,912.5,5,365.5,0,0,5,-0.5800000000000001,1.2077741622924805,0
2234,2,train,234,31,924.0,4,283.5,0,0,5,-0.51,2.105316162109375,0
2235,2,train,235,33,942.5,4,285.5,0,0,5,-0.53,1.9711618423461914,0
2236,2,train,236,34,960.5,4,287.5,0,1,5,-0.54,2.1608726978302,0
2237,2,train,237,33,975.5,4,289.5,0,0,5,-0.53,1.7844164371490479,0
2238,2,train,238,33,992.0,4,291.5,0,0,5,-0.53,1.3927143812179565,0
2239,2,train,239,33,1008.5,4,293.5,0,0,5,-0.53,1.2440563440322876,0
2240,2,train,240,33,1025.0,4,295.5,0,2,5,-0.53,0.9486787915229797,0
2241,2,train,241,33,1041.5,4,297.5,0,0,5,-0.53,1.1014717817306519,0
2242,2,train,242,33,1058.0,3,228.5,0,0,5,-0.48,1.6532549858093262,0
2243,2,train,243,33,1074.5,3,230.0,0,0,5,-0.48,1.8427168130874634,0
2244,2,train,244,33,1091.0,3,231.5,0,0,5,-0.48,1.9749423265457153,0
2245,2,train,245,33,1107.5,3,233.0,0,0,5,-0.48,1.6545674800872803,0
2246,2,train,246,33,1124.0,3,234.5,0,0,5,-0.48,1.6389868259429932,0
2247,2,train,247,33,1140.5,3,236.0,0,0,5,-0.48,1.6737133264541626,0
2248,2,train,248,33,1157.0,3,237.5,0,0,5,-0.48,1.354222297668457,0
2249,2,train,249,33,1173.5,3,239.0,0,0,5,-0.48,1.6321728229522705,0
2250,2,train,250,33,1190.0,3,240.5,0,0,5,-0.48,2.055655002593994,0
2251,2,train,251,34,1208.0,3,242.0,0,0,5,-0.49,1.5975855588912964,0
2252,2,train,252,35,1226.5,3,243.5,0,0,5,-0.5,1.9203441143035889,0
2253,2,train,253,35,1244.0,3,245.0,0,0,5,-0.5,1.4151805639266968,0
2254,2,train,254,35,1261.5,3,246.5,0,0,5,-0.5,1.4782052040100098,0
2255,2,train,255,37,1282.0,3,248.0,0,0,5,-0.52,1.1123535633087158,0
2256,2,train,256,38,1302.0,3,249.5,0,2,5,-0.53,1.7554714679718018,0
2257,2,train,257,38,1321.0,3,251.0,0,0,5,-0.53,1.955395221710205,0
2258,2,train,258,38,1340.0,3,252.5,0,0,5,-0.53,1.683321475982666,0
2259,2,train,259,38,1359.0,3,254.0,0,0,5,-0.53,1.4808213710784912,0
2260,2,train,260,38,1378.0,3,255.5,0,0,5,-0.53,1.3812106847763062,0
2261,2,train,261,38,1397.0,3,257.0,0,1,5,-0.53,2.0014030933380127,0
2262,2,train,262,38,1416.0,3,258.5,0,0,5,-0.53,1.9184666872024536,0
2263,2,train,263,38,1435.0,3,260.0,0,0,5,-0.53,1.9451454877853394,0
2264,2,train,264,39,1455.5,3,261.5,0,0,5,-0.54,1.597341537475586,0
2265,2,train,265,39,1475.0,3,263.0,0,0,5,-0.54,1.8633103370666504,0
2266,2,train,266,39,1494.5,3,264.5,0,0,5,-0.54,1.6786000728607178,0
2267,2,train,267,39,1514.0,3,266.0,0,0,5,-0.54,2.4472856521606445,0
2268,2,train,268,39,1533.5,3,267.5,0,0,5,-0.54,1.7581183910369873,0
2269,2,train,269,39,1553.0,3,269.0,0,0,5,-0.54,1.8910768032073975,0
2270,2,train,270,39,1572.5,3,270.5,0,0,5,-0.54,1.8010025024414062,0
2271,2,train,271,39,1592.0,4,273.5,0,0,5,-0.5900000000000001,1.6575682163238525,0
2272,2,train,272,39,1611.5,4,275.5,0,0,5,-0.5900000000000001,1.5415401458740234,0
2273,2,train,273,38,1438.5,4,277.5,0,0,6,-0.5800000000000001,1.9305078983306885,0
2274,2,train,274,36,1370.5,4,279.5,0,0,6,-0.56,1.7612617015838623,0
2275,2,train,275,36,1388.5,4,281.5,0,0,6,-0.56,1.3292460441589355,0
2276,2,train,276,36,1406.5,4,283.5,0,0,6,-0.56,1.7592228651046753,0
2277,2,train,277,36,1424.5,5,287.0,0,0,6,-0.61,1.4290504455566406,0
2278,2,train,278,36,1442.5,6,291.0,0,0,6,-0.6599999999999999,1.6621266603469849,0
2279,2,train,279,36,1460.5,5,292.0,0,0,6,-0.61,1.446659803390503,0
2280,2,train,280,36,1478.5,5,294.5,0,0,6,-0.61,1.5239027738571167,0
2281,2,train,281,37,1498.0,6,298.5,0,0,6,-0.6699999999999999,1.7430779933929443,0
2282,2,train,282,37,1516.5,6,301.0,0,0,6,-0.6699999999999999,2.1456375122070312,0
2283,2,train,283,37,1535.0,6,304.0,0,0,6,-0.6699999999999999,1.9671990871429443,0
2284,2,train,284,38,1555.0,7,308.5,0,0,6,-0.73,1.73875892162323,0
2285,2,train,285,38,1574.0,7,312.0,0,0,6,-0.73,1.1823770999908447,0
2286,2,train,286,38,1593.0,6,313.0,0,0,6,-0.6799999999999999,2.1394710540771484,0
2287,2,train,287,38,1612.0,7,317.5,0,1,6,-0.73,1.5483202934265137,0
2288,2,train,288,39,1632.5,7,321.0,0,0,6,-0.74,1.9691550731658936,0
2289,2,train,289,40,1653.5,7,324.5,0,0,6,-0.75,1.4712321758270264,0
2290,2,train,290,41,1675.0,8,329.5,0,0,6,-0.81,1.658846139907837,0
2291,2,train,291,42,1697.0,8,333.5,0,0,6,-0.8200000000000001,1.405317783355713,0
2292,2,train,292,42,1718.0,8,337.5,0,0,6,-0.8200000000000001,1.6694988012313843,0
2293,2,train,293,42,1739.0,8,341.5,0,0,6,-0.8200000000000001,1.5599263906478882,0
2294,2,train,294,43,1761.5,8,345.5,0,0,6,-0.8300000000000001,1.4696578979492188,0
2295,2,train,295,46,1787.5,8,349.5,0,0,6,-0.8600000000000001,1.6690797805786133,0
2296,2,train,296,46,1810.5,8,353.5,0,0,6,-0.8600000000000001,1.4550447463989258,0
2297,2,train,297,46,1833.5,8,357.5,0,0,6,-0.8600000000000001,1.7274785041809082,0
2298,2,train,298,47,1858.0,9,363.0,0,0,6,-0.9199999999999999,2.019315004348755,0
2299,2,train,299,47,1881.5,9,367.5,0,0,6,-0.9199999999999999,2.0451371669769287,0
2300,2,train,300,48,1906.5,10,373.5,0,0,6,-0.98,2.135010242462158,0
2301,2,train,301,48,1930.5,11,380.0,0,0,6,-1.03,1.70084810256958,0
2302,2,train,302,48,1954.5,10,383.5,0,0,6,-0.98,1.8173129558563232,0
2303,2,train,303,48,1978.5,10,388.5,0,4,6,-0.98,1.205128788948059,0
2304,2,train,304,50,2005.5,11,395.0,0,0,6,-1.05,1.8878157138824463,0
2305,2,train,305,50,2030.5,13,403.5,0,0,6,-1.15,1.8461297750473022,0
2306,2,train,306,50,2055.5,13,410.0,0,2,6,-1.15,1.2284038066864014,0
2307,2,train,307,50,2080.5,12,414.0,0,0,6,-1.1,1.7597999572753906,0
2308,2,train,308,50,2105.5,12,420.0,0,0,6,-1.1,1.3251636028289795,0
2309,2,train,309,50,2130.5,12,426.0,0,2,6,-1.1,1.2385693788528442,0
2310,2,train,310,50,2155.5,13,433.5,0,0,6,-1.15,1.7246417999267578,0
2311,2,train,311,50,2180.5,13,440.0,0,0,6,-1.15,1.0359714031219482,0
2312,2,train,312,50,2205.5,13,446.5,0,2,6,-1.15,1.7752939462661743,0
2313,2,train,313,51,2232.0,13,453.0,0,0,6,-1.1600000000000001,2.288670301437378,0
2314,2,train,314,51,2257.5,13,459.5,0,0,6,-1.1600000000000001,1.424473524093628,0
2315,2,train,315,51,2283.0,13,466.0,0,1,6,-1.1600000000000001,1.5945467948913574,0
2316,2,train,316,51,2308.5,13,472.5,0,0,6,-1.1600000000000001,1.5515141487121582,0
2317,2,train,317,51,2334.0,13,479.0,0,0,6,-1.1600000000000001,1.738933801651001,0
2318,2,train,318,51,2359.5,13,485.5,0,1,6,-1.1600000000000001,1.909420132637024,0
2319,2,train,319,51,2385.0,13,492.0,0,0,6,-1.1600000000000001,1.4135102033615112,0
2320,2,train,320,52,2412.0,13,498.5,0,0,6,-1.17,2.080622434616089,0
2321,2,train,321,52,2438.0,13,505.0,0,1,6,-1.17,1.835538625717163,0
2322,2,train,322,53,2465.5,13,511.5,0,0,6,-1.1800000000000002,2.009004592895508,0
2323,2,train,323,53,2492.0,13,518.0,0,1,6,-1.1800000000000002,1.7306225299835205,0
2324,2,train,324,53,2518.5,13,524.5,0,5,6,-1.1800000000000002,2.206651210784912,0
2325,2,train,325,53,2545.0,13,531.0,0,0,6,-1.1800000000000002,1.8195722103118896,0
2326,2,train,326,53,2571.5,13,537.5,0,1,6,-1.1800000000000002,1.6311960220336914,0
2327,2,train,327,53,2598.0,13,544.0,0,3,6,-1.1800000000000002,1.8103872537612915,0
2328,2,train,328,53,2624.5,13,550.5,0,0,6,-1.1800000000000002,1.9354462623596191,0
2329,2,train,329,54,2652.5,13,557.0,0,1,6,-1.19,1.9316670894622803,0
2330,2,train,330,54,2679.5,13,563.5,0,1,6,-1.19,0.5983824133872986,0
2331,2,train,331,54,2706.5,13,570.0,0,2,6,-1.19,1.6127631664276123,0
2332,2,train,332,54,2733.5,13,576.5,0,0,6,-1.19,2.0103228092193604,0
2333,2,train,333,54,2760.5,13,583.0,0,0,6,-1.19,1.9508585929870605,0
2334,2,train,334,55,2789.0,13,589.5,0,2,6,-1.2000000000000002,1.6426997184753418,0
2335,2,train,335,55,2816.5,13,596.0,0,1,6,-1.2000000000000002,1.9102656841278076,0
2336,2,train,336,55,2844.0,13,602.5,0,0,6,-1.2000000000000002,1.5291640758514404,0
2337,2,train,337,55,2871.5,13,609.0,0,2,6,-1.2000000000000002,1.756605625152588,0
2338,2,train,338,55,2899.0,13,615.5,0,0,6,-1.2000000000000002,1.7564730644226074,0
2339,2,train,339,56,2928.0,13,622.0,0,0,6,-1.21,1.6838226318359375,0
2340,2,train,340,56,2956.0,13,628.5,0,1,6,-1.21,1.3222416639328003,0
2341,2,train,341,56,2984.0,13,635.0,0,1,6,-1.21,1.6514525413513184,0
2342,2,train,342,56,3012.0,13,641.5,0,0,6,-1.21,2.2004339694976807,0
2343,2,train,343,58,3043.0,14,649.5,0,2,6,-1.2799999999999998,1.4587458372116089,0
2344,2,train,344,58,3072.0,13,654.5,0,0,6,-1.23,1.4041857719421387,0
2345,2,train,345,58,3101.0,13,661.0,0,1,6,-1.23,1.9049255847930908,0
2346,2,train,346,58,3130.0,13,667.5,0,1,6,-1.23,1.3891141414642334,0
2347,2,train,347,58,3159.0,13,674.0,0,0,6,-1.23,1.4988844394683838,0
2348,2,train,348,58,3188.0,13,680.5,0,1,6,-1.23,1.6196613311767578,0
2349,2,train,349,58,3217.0,14,688.5,0,0,6,-1.2799999999999998,1.5260863304138184,0
2350,2,train,350,58,3246.0,14,695.5,0,0,6,-1.2799999999999998,1.6113674640655518,0
2351,2,train,351,58,3275.0,14,702.5,0,1,6,-1.2799999999999998,1.6745082139968872,0
2352,2,train,352,59,3305.5,14,709.5,0,0,6,-1.29,2.142411947250366,0
2353,2,train,353,60,3336.5,14,716.5,0,1,6,-1.2999999999999998,1.6998955011367798,0
2354,2,train,354,60,3366.5,14,723.5,0,1,6,-1.2999999999999998,1.9235267639160156,0
2355,2,train,355,60,3396.5,14,730.5,0,1,6,-1.2999999999999998,1.5526890754699707,0
2356,2,train,356,61,3428.0,14,737.5,0,1,6,-1.31,1.41038978099823,0
2357,2,train,357,63,3461.5,14,744.5,0,0,6,-1.33,1.7315089702606201,0
2358,2,train,358,63,3493.0,14,751.5,0,2,6,-1.33,1.8473663330078125,0
2359,2,train,359,63,3524.5,14,758.5,0,0,6,-1.33,2.249706506729126,0
2360,2,train,360,63,3556.0,14,765.5,0,0,6,-1.33,1.7817940711975098,0
2361,2,train,361,63,3587.5,14,772.5,0,1,6,-1.33,1.7245721817016602,0
2362,2,train,362,63,3619.0,14,779.5,0,1,6,-1.33,1.104567289352417,0
2363,2,train,363,64,3652.0,14,786.5,0,0,7,-1.3399999999999999,1.1867735385894775,0
2364,2,train,364,65,3685.5,14,793.5,0,1,7,-1.35,1.37885320186615,0
2365,2,train,365,65,3718.0,14,800.5,0,0,7,-1.35,1.8741381168365479,0
2366,2,train,366,65,3750.5,14,807.5,0,0,7,-1.35,1.6763498783111572,0
2367,2,train,367,65,3783.0,14,814.5,0,1,7,-1.35,1.858459234237671,0
2368,2,train,368,65,3815.5,14,821.5,0,1,7,-1.35,1.83998441696167,0
2369,2,train,369,66,3849.5,14,828.5,0,0,7,-1.3599999999999999,2.1072487831115723,0
2370,2,train,370,66,3882.5,14,835.5,0,0,7,-1.3599999999999999,1.312221646308899,0
2371,2,train,371,67,3917.0,14,842.5,0,0,7,-1.37,1.4561591148376465,0
2372,2,train,372,67,3950.5,14,849.5,0,0,7,-1.37,1.4704746007919312,0
2373,2,train,373,68,3985.5,14,856.5,0,0,7,-1.38,1.7156944274902344,0
2374,2,train,374,68,4019.5,14,863.5,0,1,7,-1.38,1.7358675003051758,0
2375,2,train,375,66,3757.5,14,870.5,0,1,8,-1.3599999999999999,2.114978551864624,0
2376,2,train,376,63,3481.0,14,877.5,0,0,8,-1.33,1.8508046865463257,0
2377,2,train,377,60,3230.0,14,884.5,0,0,8,-1.2999999999999998,2.185741901397705,0
2378,2,train,378,58,3047.0,14,891.5,0,0,8,-1.2799999999999998,1.506860375404358,0
2379,2,train,379,58,3076.0,14,898.5,0,1,8,-1.2799999999999998,2.066129684448242,0
2380,2,train,380,55,2963.5,14,905.5,0,0,8,-1.25,1.0340293645858765,0
2381,2,train,381,55,2915.5,14,912.5,0,0,8,-1.25,0.9954936504364014,0
2382,2,train,382,56,2944.5,14,919.5,0,1,8,-1.26,2.125870704650879,0
2383,2,train,383,55,2911.5,14,926.5,0,0,8,-1.25,0.973336935043335,0
2384,2,train,384,54,2892.5,14,933.5,0,0,8,-1.24,1.2667030096054077,0
2385,2,train,385,54,2919.5,14,940.5,0,0,8,-1.24,1.7281053066253662,0
2386,2,train,386,54,2905.5,14,947.5,0,0,8,-1.24,1.3883836269378662,0
2387,2,train,387,53,2894.0,14,954.5,0,1,8,-1.23,1.3234323263168335,0
2388,2,train,388,53,2920.5,14,961.5,0,1,8,-1.23,1.697853922843933,0
2389,2,train,389,53,2924.0,14,968.5,0,0,8,-1.23,1.7101187705993652,0
2390,2,train,390,54,2952.0,14,975.5,0,0,8,-1.24,1.7102622985839844,0
2391,2,train,391,54,2959.5,14,982.5,0,0,8,-1.24,1.2417018413543701,0
2392,2,train,392,54,2977.0,14,989.5,0,0,8,-1.24,1.3805537223815918,0
2393,2,train,393,55,3005.5,14,996.5,0,0,8,-1.25,1.7025213241577148,0
2394,2,train,394,57,3035.0,14,1003.5,0,0,8,-1.27,1.8887693881988525,0
2395,2,train,395,57,3063.5,14,1010.5,0,1,8,-1.27,1.652069091796875,0
2396,2,train,396,58,3093.5,14,1017.5,0,0,8,-1.2799999999999998,1.650299072265625,0
2397,2,train,397,58,3122.5,14,1024.5,0,0,8,-1.2799999999999998,1.5314406156539917,0
2398,2,train,398,58,3151.5,14,1031.5,0,1,8,-1.2799999999999998,1.4354181289672852,0
2399,2,train,399,60,3183.5,14,1038.5,0,1,8,-1.2999999999999998,0.8359115719795227,0
2400,2,train,400,60,3213.5,14,1045.5,0,2,8,-1.2999999999999998,2.0220208168029785,0
2401,2,train,401,61,3245.0,14,1052.5,0,0,8,-1.31,1.969801902770996,0
2402,2,train,402,61,3275.5,14,1059.5,0,0,8,-1.31,1.0547984838485718,0
2403,2,train,403,63,3309.0,14,1066.5,0,0,8,-1.33,1.801084041595459,0
2404,2,train,404,64,3342.0,14,1073.5,0,0,8,-1.3399999999999999,1.2505457401275635,0
2405,2,train,405,64,3374.0,14,1080.5,0,1,8,-1.3399999999999999,1.6504631042480469,0
2406,2,train,406,65,3407.5,14,1087.5,0,0,8,-1.35,1.0595462322235107,0
2407,2,train,407,65,3440.0,14,1094.5,0,0,8,-1.35,1.2221046686172485,0
2408,2,train,408,63,3449.5,14,1101.5,0,0,8,-1.33,1.5492565631866455,0
2409,2,train,409,63,3473.0,14,1108.5,0,2,8,-1.33,1.4303919076919556,0
2410,2,train,410,62,3496.0,14,1115.5,0,0,8,-1.3199999999999998,1.320691704750061,0
2411,2,train,411,62,3521.0,14,1122.5,0,0,8,-1.3199999999999998,1.2104400396347046,0
2412,2,train,412,62,3552.0,14,1129.5,0,0,8,-1.3199999999999998,1.6484259366989136,0
2413,2,train,413,63,3578.5,14,1136.5,0,0,8,-1.33,1.4496854543685913,0
2414,2,train,414,63,3605.0,14,1143.5,0,0,8,-1.33,1.6094260215759277,0
2415,2,train,415,64,3638.0,14,1150.5,0,0,8,-1.3399999999999999,1.5696369409561157,0
2416,2,train,416,66,3668.0,14,1157.5,0,0,8,-1.3599999999999999,1.371882677078247,0
2417,2,train,417,65,3695.5,14,1164.5,0,0,8,-1.35,1.77164888381958,0
2418,2,train,418,67,3731.0,14,1171.5,0,0,8,-1.37,1.2472515106201172,0
2419,2,train,419,67,3760.5,14,1178.5,0,1,8,-1.37,1.0614179372787476,0
2420,2,train,420,66,3789.0,14,1185.5,0,0,8,-1.3599999999999999,1.4940787553787231,0
2421,2,train,421,67,3823.5,14,1192.5,0,0,8,-1.37,1.448333978652954,0
2422,2,train,422,67,3854.0,14,1199.5,0,0,8,-1.37,1.4524425268173218,0
2423,2,train,423,68,3889.0,14,1206.5,0,0,8,-1.38,1.1522014141082764,0
2424,2,train,424,68,3920.0,14,1213.5,0,0,8,-1.38,1.8131698369979858,0
2425,2,train,425,69,3954.0,14,1220.5,0,0,8,-1.39,1.7063555717468262,0
2426,2,train,426,70,3990.0,14,1227.5,0,0,8,-1.4,2.010162830352783,0
2427,2,train,427,69,4022.5,14,1234.5,0,0,8,-1.39,1.6734108924865723,0
2428,2,train,428,71,4060.0,14,1241.5,0,0,8,-1.41,1.4251422882080078,0
2429,2,train,429,72,4097.0,14,1248.5,0,0,8,-1.42,1.6572120189666748,0
2430,2,train,430,72,4133.0,14,1255.5,0,1,8,-1.42,1.755100131034851,0
2431,2,train,431,74,4172.0,14,1262.5,0,0,8,-1.44,1.5940297842025757,0
2432,2,train,432,74,4209.0,14,1269.5,0,0,8,-1.44,1.5118604898452759,0
2433,2,train,433,75,4247.5,14,1276.5,0,0,8,-1.45,2.0528557300567627,0
2434,2,train,434,76,4286.5,14,1283.5,0,0,8,-1.46,1.699662685394287,0
2435,2,train,435,76,4324.5,14,1290.5,0,0,9,-1.46,1.3106029033660889,0
2436,2,train,436,77,4364.0,14,1297.5,0,1,9,-1.47,1.6991093158721924,0
2437,2,train,437,77,4402.5,14,1304.5,0,0,9,-1.47,1.484039306640625,0
2438,2,train,438,79,4444.0,14,1311.5,0,0,9,-1.49,1.495642900466919,0
2439,2,train,439,79,4483.5,14,1318.5,0,0,9,-1.49,2.050446033477783,0
2440,2,train,440,81,4526.0,14,1325.5,0,1,9,-1.51,1.876749038696289,0
2441,2,train,441,75,3845.5,11,1117.5,0,0,0,-1.3,1.8330678939819336,0
2442,2,train,442,73,3470.5,11,1123.0,0,0,0,-1.28,1.5906610488891602,0
2443,2,train,443,69,3133.5,11,1128.5,1,0,0,-1.24,1.9078198671340942,0
2444,2,train,444,65,2818.0,9,997.0,0,0,0,-1.1,2.015458822250366,0
2445,2,train,445,68,2855.0,9,1001.5,0,0,0,-1.1300000000000001,2.031135320663452,0
2446,2,train,446,64,2555.0,9,1006.0,0,0,0,-1.09,1.585936188697815,0
2447,2,train,447,61,2289.0,8,926.5,0,1,0,-1.01,1.1128655672073364,0
2448,2,train,448,60,2236.0,8,930.5,0,0,0,-1.0,0.7185088992118835,0
2449,2,train,449,58,2082.5,6,778.5,0,0,0,-0.8799999999999999,1.5325820446014404,0
2450,2,train,450,54,1866.0,6,781.5,0,0,0,-0.8400000000000001,1.768096685409546,0
2451,2,train,451,53,1815.0,6,784.5,0,0,0,-0.8300000000000001,2.192483425140381,0
2452,2,train,452,52,1694.5,6,787.5,0,0,0,-0.8200000000000001,1.2102311849594116,0
2453,2,train,453,48,1532.0,6,790.5,0,0,0,-0.78,1.6827542781829834,0
2454,2,train,454,48,1500.5,6,793.5,0,0,0,-0.78,1.215482473373413,0
2455,2,train,455,47,1415.5,6,796.5,0,1,0,-0.77,1.3234169483184814,0
2456,2,train,456,43,1307.5,5,624.0,0,0,0,-0.6799999999999999,0.9552452564239502,0
2457,2,train,457,42,1290.0,5,626.5,0,0,0,-0.6699999999999999,1.9918837547302246,0
2458,2,train,458,39,1246.0,5,629.0,0,0,0,-0.64,1.743288516998291,0
2459,2,train,459,37,1213.0,4,446.0,1,0,0,-0.5700000000000001,1.33968985080719,0
2460,2,train,460,34,1191.0,4,448.0,0,0,0,-0.54,1.0989668369293213,0
2461,2,train,461,31,1182.5,4,450.0,0,0,0,-0.51,2.012465476989746,0
2462,2,train,462,31,1188.0,4,452.0,1,0,0,-0.51,1.6509878635406494,0
2463,2,train,463,30,1197.0,4,454.0,0,0,0,-0.5,0.84958815574646,0
2464,2,train,464,29,1210.0,4,456.0,0,2,0,-0.49,1.6026402711868286,0
2465,2,train,465,29,1224.5,5,459.5,0,0,0,-0.54,1.4473862648010254,0
2466,2,train,466,29,1239.0,5,462.0,0,0,0,-0.54,1.2179105281829834,0
2467,2,train,467,29,1253.5,4,269.0,0,0,0,-0.49,1.850566029548645,0
2468,2,train,468,29,1268.0,3,268.0,0,0,0,-0.43999999999999995,1.0526058673858643,0
2469,2,train,469,29,1282.5,3,269.5,0,1,0,-0.43999999999999995,1.3398367166519165,0
2470,2,train,470,29,1297.0,3,271.0,0,0,0,-0.43999999999999995,1.4291038513183594,0
2471,2,train,471,29,1311.5,4,274.0,0,0,0,-0.49,0.794592022895813,0
2472,2,train,472,30,1327.5,4,276.0,0,0,0,-0.5,0.8701890110969543,0
2473,2,train,473,30,1342.5,4,278.0,0,0,0,-0.5,1.9231935739517212,0
2474,2,train,474,30,1357.5,4,280.0,0,0,0,-0.5,0.9449082612991333,0
2475,2,train,475,31,1374.0,3,278.5,0,1,0,-0.45999999999999996,1.7772216796875,0
2476,2,train,476,31,1389.5,3,280.0,0,1,0,-0.45999999999999996,1.6832884550094604,0
2477,2,train,477,31,1405.0,3,281.5,1,0,0,-0.45999999999999996,1.5155937671661377,0
2478,2,train,478,31,1420.5,4,284.5,0,0,0,-0.51,1.748239517211914,0
2479,2,train,479,31,1436.0,4,286.5,0,4,0,-0.51,1.7856394052505493,0
2480,2,train,480,31,1451.5,4,288.5,0,0,0,-0.51,1.1385952234268188,0
2481,2,train,481,33,1470.0,4,290.5,0,1,0,-0.53,2.1151857376098633,0
2482,2,train,482,33,1486.5,4,292.5,0,0,0,-0.53,1.0047986507415771,0
2483,2,train,483,33,1503.0,4,294.5,0,0,0,-0.53,1.7926404476165771,0
2484,2,train,484,33,1519.5,4,293.5,0,0,0,-0.53,2.0555930137634277,0
2485,2,train,485,35,1539.0,5,297.0,0,0,0,-0.6,1.797705888748169,0
2486,2,train,486,35,1556.5,5,299.5,0,0,0,-0.6,1.628568172454834,0
2487,2,train,487,35,1574.0,5,302.0,0,0,0,-0.6,1.8031426668167114,0
2488,2,train,488,35,1591.5,5,304.5,0,0,0,-0.6,1.800270676612854,0
2489,2,train,489,35,1609.0,5,307.0,0,0,0,-0.6,1.6298863887786865,0
2490,2,train,490,35,1626.5,4,302.5,0,0,0,-0.55,1.6195075511932373,0
2491,2,train,491,33,1445.0,4,304.5,0,0,1,-0.53,1.729659080505371,0
2492,2,train,492,31,1360.5,5,308.0,0,1,1,-0.56,1.4517714977264404,0
2493,2,train,493,31,1376.0,6,312.0,0,0,1,-0.61,1.369415044784546,0
2494,2,train,494,33,1394.5,6,315.0,0,0,1,-0.63,1.271186351776123,0
2495,2,train,495,37,1417.0,5,315.0,0,0,1,-0.62,2.0355052947998047,0
2496,2,train,496,38,1437.0,5,317.5,0,1,1,-0.63,1.346292495727539,0
2497,2,train,497,38,1456.0,5,320.0,0,0,1,-0.63,1.425856351852417,0
2498,2,train,498,38,1475.0,6,324.0,0,0,1,-0.6799999999999999,1.5408332347869873,0
2499,2,train,499,38,1494.0,5,325.0,0,0,1,-0.63,1.743417501449585,0
2500,2,train,500,38,1513.0,5,327.5,0,1,1,-0.63,1.7787156105041504,0
2501,2,train,501,39,1533.5,5,330.0,0,0,1,-0.64,1.325636863708496,0
2502,2,train,502,39,1553.0,7,335.5,0,0,1,-0.74,1.8030798435211182,0
2503,2,train,503,39,1572.5,6,337.0,0,0,1,-0.69,1.3343136310577393,0
2504,2,train,504,40,1593.5,6,340.0,0,0,1,-0.7,2.0563573837280273,0
2505,2,train,505,41,1615.0,6,343.0,0,0,1,-0.71,1.5289323329925537,0
2506,2,train,506,41,1635.5,7,347.5,0,0,1,-0.76,1.7878109216690063,0
2507,2,train,507,41,1656.0,7,351.0,0,0,1,-0.76,1.6041898727416992,0
2508,2,train,508,41,1676.5,7,354.5,0,0,1,-0.76,1.5295090675354004,0
2509,2,train,509,41,1697.0,7,358.0,0,0,1,-0.76,1.379392385482788,0
2510,2,train,510,41,1717.5,7,361.5,0,0,1,-0.76,1.3602702617645264,0
2511,2,train,511,41,1738.0,7,365.0,0,0,1,-0.76,1.2145051956176758,0
2512,2,train,512,41,1758.5,7,368.5,0,0,1,-0.76,1.736172080039978,0
2513,2,train,513,42,1780.5,7,372.0,0,0,1,-0.77,1.5032037496566772,0
2514,2,train,514,43,1803.0,7,375.5,0,0,1,-0.78,1.2306618690490723,0
2515,2,train,515,43,1824.5,7,379.0,0,0,1,-0.78,1.8928582668304443,0
2516,2,train,516,43,1846.0,7,382.5,0,0,1,-0.78,1.3314151763916016,0
2517,2,train,517,43,1867.5,7,386.0,0,0,1,-0.78,1.7744861841201782,0
2518,2,train,518,43,1889.0,7,389.5,0,0,1,-0.78,1.692317008972168,0
2519,2,train,519,43,1910.5,7,393.0,0,0,1,-0.78,1.6896427869796753,0
2520,2,train,520,43,1932.0,7,396.5,0,0,1,-0.78,1.2947430610656738,0
2521,2,train,521,43,1953.5,8,401.5,0,1,1,-0.8300000000000001,1.6270191669464111,0
2522,2,train,522,43,1975.0,8,405.5,0,0,1,-0.8300000000000001,2.2191991806030273,0
2523,2,train,523,43,1996.5,8,409.5,0,0,1,-0.8300000000000001,1.0391566753387451,0
2524,2,train,524,43,2018.0,8,413.5,0,1,1,-0.8300000000000001,1.4260526895523071,0
2525,2,train,525,43,2039.5,8,417.5,0,0,1,-0.8300000000000001,1.5846247673034668,0
2526,2,train,526,43,2061.0,8,421.5,0,0,1,-0.8300000000000001,1.7939541339874268,0
2527,2,train,527,43,2082.5,8,425.5,0,1,1,-0.8300000000000001,1.3902153968811035,0
2528,2,train,528,43,2104.0,8,429.5,0,0,1,-0.8300000000000001,1.5131874084472656,0
2529,2,train,529,43,2125.5,8,433.5,0,0,1,-0.8300000000000001,1.3558815717697144,0
2530,2,train,530,44,2148.5,8,437.5,0,1,1,-0.8400000000000001,1.7363682985305786,0
2531,2,train,531,44,2170.5,8,441.5,0,3,1,-0.8400000000000001,1.4189040660858154,0
2532,2,train,532,44,2192.5,9,447.0,0,0,1,-0.89,1.3177889585494995,0
2533,2,train,533,44,2214.5,9,451.5,0,2,1,-0.89,1.1307623386383057,0
2534,2,train,534,45,2238.0,9,456.0,0,2,1,-0.9,1.8682520389556885,0
2535,2,train,535,45,2260.5,9,460.5,0,0,1,-0.9,1.3115787506103516,0
2536,2,train,536,45,2283.0,10,466.5,0,1,1,-0.95,1.3673220872879028,0
2537,2,train,537,45,2305.5,11,473.0,0,0,1,-1.0,1.707094430923462,0
2538,2,train,538,45,2328.0,10,476.5,0,0,1,-0.95,1.4852955341339111,0
2539,2,train,539,45,2350.5,10,481.5,0,1,1,-0.95,1.6429638862609863,0
2540,2,train,540,46,2374.5,10,486.5,0,1,1,-0.96,1.6636478900909424,0
2541,2,train,541,47,2399.0,11,493.0,0,0,1,-1.02,1.3868234157562256,0
2542,2,train,542,47,2422.5,11,498.5,0,1,1,-1.02,1.7077151536941528,0
2543,2,train,543,48,2447.5,11,504.0,0,1,1,-1.03,1.3769493103027344,0
2544,2,train,544,48,2471.5,11,509.5,0,0,1,-1.03,1.6084327697753906,0
2545,2,train,545,48,2495.5,11,515.0,0,1,1,-1.03,1.1269824504852295,0
2546,2,train,546,48,2519.5,11,520.5,0,1,1,-1.03,1.1813297271728516,0
2547,2,train,547,48,2543.5,11,526.0,0,0,1,-1.03,1.5082718133926392,0
2548,2,train,548,48,2567.5,11,531.5,0,1,1,-1.03,1.5028977394104004,0
2549,2,train,549,48,2591.5,11,537.0,0,1,1,-1.03,1.9227814674377441,0
2550,2,train,550,49,2617.0,11,542.5,0,2,1,-1.04,1.6223944425582886,0
2551,2,train,551,49,2641.5,11,548.0,0,0,1,-1.04,1.1008687019348145,0
2552,2,train,552,49,2666.0,11,553.5,0,2,1,-1.04,1.12961745262146,0
2553,2,train,553,51,2693.5,11,559.0,0,2,1,-1.06,1.8530864715576172,0
2554,2,train,554,51,2719.0,12,566.0,0,0,1,-1.1099999999999999,1.2946219444274902,0
2555,2,train,555,51,2744.5,12,572.0,0,1,1,-1.1099999999999999,1.6708306074142456,0
2556,2,train,556,51,2770.0,12,578.0,0,0,1,-1.1099999999999999,1.7834110260009766,0
2557,2,train,557,53,2798.5,12,584.0,0,0,1,-1.13,1.7662863731384277,0
2558,2,train,558,53,2825.0,12,590.0,0,1,1,-1.13,1.721030831336975,0
2559,2,train,559,53,2851.5,12,596.0,0,0,1,-1.13,1.4448041915893555,0
2560,2,train,560,53,2878.0,13,603.5,0,2,1,-1.1800000000000002,1.7657568454742432,0
2561,2,train,561,53,2904.5,13,610.0,0,0,1,-1.1800000000000002,1.346951961517334,0
2562,2,train,562,53,2931.0,13,616.5,0,0,1,-1.1800000000000002,1.9183075428009033,0
2563,2,train,563,54,2959.0,12,620.0,0,1,1,-1.1400000000000001,1.1395971775054932,0
2564,2,train,564,54,2986.0,12,626.0,0,2,1,-1.1400000000000001,1.8858036994934082,0
2565,2,train,565,54,3013.0,12,632.0,0,0,1,-1.1400000000000001,1.700105905532837,0
2566,2,train,566,54,3040.0,13,639.5,0,2,1,-1.19,1.9629030227661133,0
2567,2,train,567,54,3067.0,13,646.0,0,2,1,-1.19,1.3863813877105713,0
2568,2,train,568,55,3095.5,13,652.5,0,0,1,-1.2000000000000002,2.0459370613098145,0
2569,2,train,569,56,3124.5,13,659.0,0,1,1,-1.21,1.625181794166565,0
2570,2,train,570,56,3152.5,12,662.0,0,2,1,-1.1600000000000001,1.1555275917053223,0
2571,2,train,571,56,3180.5,12,668.0,0,1,1,-1.1600000000000001,1.4867371320724487,0
2572,2,train,572,57,3210.0,12,674.0,0,1,1,-1.17,1.5920088291168213,0
2573,2,train,573,58,3240.0,13,681.5,0,3,1,-1.23,1.7040423154830933,0
2574,2,train,574,58,3269.0,13,688.0,0,0,1,-1.23,1.8758608102798462,0
2575,2,train,575,58,3298.0,13,694.5,0,1,1,-1.23,0.9102712869644165,0
2576,2,train,576,58,3327.0,13,701.0,0,4,1,-1.23,1.9702651500701904,0
2577,2,train,577,58,3356.0,13,707.5,0,0,1,-1.23,1.403388500213623,0
2578,2,train,578,58,3385.0,13,714.0,0,0,1,-1.23,1.093339204788208,0
2579,2,train,579,58,3414.0,13,720.5,0,2,1,-1.23,1.8700587749481201,0
2580,2,train,580,58,3443.0,13,727.0,0,4,1,-1.23,0.9286733865737915,0
2581,2,train,581,58,3472.0,13,733.5,0,0,2,-1.23,1.4109852313995361,0
2582,2,train,582,59,3502.5,13,740.0,0,2,2,-1.24,2.074371337890625,0
2583,2,train,583,62,3536.5,13,746.5,0,2,2,-1.27,1.4512550830841064,0
2584,2,train,584,62,3567.5,13,753.0,0,0,2,-1.27,1.5103106498718262,0
2585,2,train,585,62,3598.5,13,759.5,0,3,2,-1.27,1.2675303220748901,0
2586,2,train,586,62,3629.5,13,766.0,0,1,2,-1.27,1.4761695861816406,0
2587,2,train,587,63,3662.0,13,772.5,0,0,2,-1.28,1.0166783332824707,0
2588,2,train,588,63,3693.5,13,779.0,1,4,2,-1.28,1.836920976638794,0
2589,2,train,589,64,3726.5,13,785.5,0,1,2,-1.29,1.4506831169128418,0
2590,2,train,590,64,3758.5,13,792.0,0,0,2,-1.29,1.069010615348816,0
2591,2,train,591,64,3790.5,13,798.5,0,2,2,-1.29,1.759063482284546,0
2592,2,train,592,65,3824.0,13,805.0,0,3,2,-1.3,1.4225857257843018,0
2593,2,train,593,63,3500.5,13,811.5,0,1,3,-1.28,1.8959951400756836,0
2594,2,train,594,61,3225.5,13,818.0,0,1,3,-1.26,1.9011588096618652,0
2595,2,train,595,59,3015.0,13,824.5,0,2,3,-1.24,1.621028184890747,0
2596,2,train,596,58,2959.0,13,831.0,0,0,3,-1.23,1.8031163215637207,0
2597,2,train,597,58,2903.5,13,837.5,0,0,3,-1.23,1.4524149894714355,0
2598,2,train,598,56,2826.5,13,844.0,0,0,3,-1.21,1.901752233505249,0
2599,2,train,599,56,2846.0,13,850.5,0,0,3,-1.21,1.8369581699371338,0
2600,2,train,600,55,2864.0,13,857.0,0,0,3,-1.2000000000000002,1.7317817211151123,0
2601,2,train,601,55,2891.5,13,863.5,0,0,3,-1.2000000000000002,1.7568082809448242,0
2602,2,train,602,55,2919.0,13,870.0,0,0,3,-1.2000000000000002,1.2043159008026123,0
2603,2,train,603,56,2948.0,13,876.5,0,1,3,-1.21,1.836371660232544,0
2604,2,train,604,56,2976.0,13,883.0,0,0,3,-1.21,2.0484771728515625,0
2605,2,train,605,56,3004.0,13,889.5,0,0,3,-1.21,1.9670082330703735,0
2606,2,train,606,56,3032.0,13,896.0,0,1,3,-1.21,1.1976947784423828,0
2607,2,train,607,56,3060.0,13,902.5,0,0,3,-1.21,1.477372169494629,0
2608,2,train,608,57,3089.5,13,909.0,0,0,3,-1.22,1.460127353668213,0
2609,2,train,609,58,3119.5,13,915.5,0,0,3,-1.23,1.8002490997314453,0
2610,2,train,610,59,3150.0,13,922.0,0,0,3,-1.24,1.1661195755004883,0
2611,2,train,611,61,3182.5,13,928.5,0,0,3,-1.26,1.6274863481521606,0
2612,2,train,612,63,3216.0,13,935.0,0,0,3,-1.28,1.6047388315200806,0
2613,2,train,613,64,3249.0,13,941.5,0,1,3,-1.29,1.6433371305465698,0
2614,2,train,614,64,3281.0,13,948.0,0,0,3,-1.29,1.359464168548584,0
2615,2,train,615,64,3313.0,13,954.5,0,1,3,-1.29,1.6989949941635132,0
2616,2,train,616,64,3345.0,13,961.0,0,0,3,-1.29,1.9705424308776855,0
2617,2,train,617,64,3377.0,13,967.5,0,1,3,-1.29,1.388878345489502,0
2618,2,train,618,64,3409.0,13,974.0,0,3,3,-1.29,1.4127161502838135,0
2619,2,train,619,64,3441.0,13,980.5,0,0,3,-1.29,1.7957402467727661,0
2620,2,train,620,64,3473.0,13,987.0,0,0,3,-1.29,1.5254722833633423,0
2621,2,train,621,64,3505.0,13,993.5,0,0,3,-1.29,1.779109001159668,0
2622,2,train,622,66,3540.0,13,1000.0,0,0,3,-1.31,1.8579533100128174,0
2623,2,train,623,67,3574.5,13,1006.5,0,0,3,-1.32,1.995322346687317,0
2624,2,train,624,68,3609.5,13,1013.0,0,1,3,-1.33,1.3230105638504028,0
2625,2,train,625,68,3643.5,13,1019.5,0,0,3,-1.33,1.660878300666809,0
2626,2,train,626,68,3677.5,13,1026.0,0,0,3,-1.33,1.4687166213989258,0
2627,2,train,627,68,3711.5,13,1032.5,0,0,3,-1.33,1.8305177688598633,0
2628,2,train,628,68,3745.5,13,1039.0,0,1,3,-1.33,1.3287092447280884,0
2629,2,train,629,68,3779.5,13,1045.5,0,1,3,-1.33,1.9234423637390137,0
2630,2,train,630,68,3813.5,13,1052.0,0,0,3,-1.33,1.92963707447052,0
2631,2,train,631,68,3847.5,13,1058.5,0,0,3,-1.33,1.3877863883972168,0
2632,2,train,632,70,3884.5,13,1065.0,0,0,3,-1.35,1.245178461074829,0
2633,2,train,633,70,3919.5,13,1071.5,0,0,3,-1.35,1.2015337944030762,0
2634,2,train,634,70,3954.5,13,1078.0,0,1,3,-1.35,1.3789527416229248,0
2635,2,train,635,70,3989.5,13,1084.5,0,0,3,-1.35,1.9503662586212158,0
2636,2,train,636,71,4026.0,13,1091.0,0,0,3,-1.3599999999999999,1.365009069442749,0
2637,2,train,637,71,4061.5,13,1097.5,0,1,3,-1.3599999999999999,1.5520154237747192,0
2638,2,train,638,71,4097.0,13,1104.0,0,0,3,-1.3599999999999999,1.7829416990280151,0
2639,2,train,639,71,4132.5,13,1110.5,0,0,3,-1.3599999999999999,1.6560810804367065,0
2640,2,train,640,71,4168.0,13,1117.0,0,0,3,-1.3599999999999999,1.893112301826477,0
2641,2,train,641,72,4205.0,13,1123.5,0,0,3,-1.37,1.4483873844146729,0
2642,2,train,642,73,4242.5,13,1130.0,0,0,3,-1.38,1.6855882406234741,0
2643,2,train,643,74,4280.5,13,1136.5,0,0,3,-1.3900000000000001,1.509611964225769,0
2644,2,train,644,76,4320.5,13,1143.0,0,0,3,-1.4100000000000001,1.4896965026855469,0
2645,2,train,645,76,4358.5,13,1149.5,0,0,3,-1.4100000000000001,1.1278910636901855,0
2646,2,train,646,76,4396.5,13,1156.0,0,0,3,-1.4100000000000001,1.2701258659362793,0
2647,2,train,647,76,4434.5,13,1162.5,0,0,3,-1.4100000000000001,1.2173049449920654,0
2648,2,train,648,76,4472.5,13,1169.0,0,1,3,-1.4100000000000001,1.5953798294067383,0
2649,2,train,649,77,4512.0,13,1175.5,1,1,3,-1.42,1.6646023988723755,0
2650,2,train,650,78,4552.0,13,1182.0,0,0,3,-1.4300000000000002,1.4753563404083252,0
2651,2,train,651,78,4591.0,13,1188.5,0,0,3,-1.4300000000000002,1.4058232307434082,0
2652,2,train,652,81,4634.5,13,1195.0,0,0,3,-1.46,1.145000696182251,0
2653,2,train,653,82,4676.5,13,1201.5,0,0,4,-1.47,1.799726963043213,0
2654,2,train,654,82,4717.5,13,1208.0,0,0,4,-1.47,1.5751358270645142,0
2655,2,train,655,82,4758.5,13,1214.5,0,1,4,-1.47,1.9991788864135742,0
2656,2,train,656,82,4799.5,13,1221.0,0,0,4,-1.47,1.6135793924331665,0
2657,2,train,657,82,4840.5,13,1227.5,0,0,4,-1.47,1.6034653186798096,0
2658,2,train,658,82,4881.5,13,1234.0,0,0,4,-1.47,1.5686848163604736,0
2659,2,train,659,84,4925.5,13,1240.5,0,0,4,-1.49,1.220818281173706,0
2660,2,train,660,84,4967.5,13,1247.0,0,0,4,-1.49,1.9932302236557007,0
2661,2,train,661,84,5009.5,13,1253.5,0,0,4,-1.49,1.2254531383514404,0
2662,2,train,662,85,5053.0,14,1261.5,0,0,4,-1.5499999999999998,1.5484628677368164,0
2663,2,train,663,86,5097.0,14,1268.5,0,0,4,-1.56,1.4790595769882202,0
2664,2,train,664,86,5140.0,14,1275.5,1,0,4,-1.56,2.0627920627593994,0
2665,2,train,665,80,4501.5,9,970.5,0,0,5,-1.25,1.3013231754302979,0
2666,2,train,666,76,4016.5,9,975.0,0,0,5,-1.21,1.6268930435180664,0
2667,2,train,667,72,3574.0,9,979.5,0,0,5,-1.17,1.582923412322998,0
2668,2,train,668,68,3159.5,8,919.0,0,0,5,-1.08,0.8873904943466187,0
2669,2,train,669,68,3193.5,8,923.0,0,0,5,-1.08,1.5502561330795288,0
2670,2,train,670,65,2824.5,8,927.0,0,0,5,-1.05,1.3670390844345093,0
2671,2,train,671,62,2492.5,8,756.0,0,0,5,-1.02,1.466697096824646,0
2672,2,train,672,61,2280.5,8,760.0,0,2,5,-1.01,1.5880675315856934,0
2673,2,train,673,60,2223.5,7,679.0,0,0,5,-0.95,1.2555710077285767,0
2674,2,train,674,56,1955.0,7,682.5,0,0,5,-0.91,1.5309150218963623,0
2675,2,train,675,53,1787.5,6,682.5,0,0,5,-0.8300000000000001,1.2788803577423096,0
2676,2,train,676,52,1751.0,6,685.5,0,0,5,-0.8200000000000001,1.8325762748718262,0
2677,2,train,677,48,1544.0,6,688.5,0,0,5,-0.78,1.6363129615783691,0
2678,2,train,678,47,1509.0,6,691.5,0,1,5,-0.77,1.4211560487747192,0
2679,2,train,679,45,1406.0,3,483.0,0,0,5,-0.6,1.4644722938537598,0
2680,2,train,680,41,1272.5,3,484.5,0,0,5,-0.5599999999999999,1.2424304485321045,0
2681,2,train,681,41,1259.0,4,487.5,0,1,5,-0.61,1.295974612236023,0
2682,2,train,682,39,1205.0,5,491.0,0,1,5,-0.64,0.7835379838943481,0
2683,2,train,683,37,1138.5,5,290.5,0,0,5,-0.62,1.5282087326049805,0
2684,2,train,684,36,1138.0,5,293.0,0,0,5,-0.61,1.8888933658599854,0
2685,2,train,685,34,1124.5,5,295.5,0,1,5,-0.5900000000000001,1.182769775390625,0
2686,2,train,686,32,1109.5,5,298.0,0,1,5,-0.5700000000000001,1.3467600345611572,0
2687,2,train,687,32,1125.5,4,296.0,0,1,5,-0.52,1.834861159324646,0
2688,2,train,688,30,1127.5,4,298.0,0,0,5,-0.5,2.0515685081481934,0
2689,2,train,689,30,1142.5,4,300.0,0,1,5,-0.5,1.7171995639801025,0
2690,2,train,690,30,1157.5,4,302.0,0,0,5,-0.5,1.6899986267089844,0
2691,2,train,691,30,1172.5,4,304.0,0,0,5,-0.5,1.6666120290756226,0
2692,2,train,692,31,1189.0,4,306.0,0,1,5,-0.51,1.3179978132247925,0
2693,2,train,693,31,1204.5,3,301.5,0,0,5,-0.45999999999999996,1.8948907852172852,0
2694,2,train,694,31,1220.0,3,303.0,0,0,5,-0.45999999999999996,1.9414843320846558,0
2695,2,train,695,31,1235.5,3,304.5,1,1,5,-0.45999999999999996,1.0866472721099854,0
2696,2,train,696,31,1251.0,3,306.0,1,0,5,-0.45999999999999996,1.9482320547103882,0
2697,2,train,697,31,1266.5,3,307.5,0,0,5,-0.45999999999999996,1.2038486003875732,0
2698,2,train,698,32,1283.5,2,113.5,0,0,5,-0.42000000000000004,1.9661403894424438,0
2699,2,train,699,32,1299.5,2,114.5,0,0,5,-0.42000000000000004,1.246699571609497,0
2700,2,train,700,33,1317.0,2,115.5,0,0,5,-0.43000000000000005,2.0450050830841064,0
2701,2,train,701,33,1333.5,2,116.5,0,0,5,-0.43000000000000005,1.6390304565429688,0
2702,2,train,702,34,1351.5,2,117.5,0,1,5,-0.44000000000000006,1.6036145687103271,0
2703,2,train,703,38,1374.5,2,118.5,0,0,5,-0.48,2.086534261703491,0
2704,2,train,704,39,1395.0,2,119.5,0,1,5,-0.49,1.336676836013794,0
2705,2,train,705,40,1416.0,2,120.5,0,0,5,-0.5,2.0661165714263916,0
2706,2,train,706,40,1436.0,2,121.5,0,0,5,-0.5,1.6112678050994873,0
2707,2,train,707,40,1456.0,2,122.5,0,0,5,-0.5,1.1435056924819946,0
2708,2,train,708,40,1476.0,2,123.5,0,1,5,-0.5,1.725254774093628,0
2709,2,train,709,40,1496.0,2,124.5,0,0,5,-0.5,1.6590144634246826,0
2710,2,train,710,40,1516.0,2,125.5,0,0,5,-0.5,1.7105919122695923,0
2711,2,train,711,41,1537.5,2,126.5,0,0,5,-0.51,1.4909958839416504,0
2712,2,train,712,42,1559.5,2,127.5,0,0,5,-0.52,2.104114294052124,0
2713,2,train,713,43,1582.0,2,128.5,0,0,5,-0.53,1.7713251113891602,0
2714,2,train,714,43,1603.5,3,131.0,0,0,5,-0.58,2.026850461959839,0
2715,2,train,715,41,1402.0,3,132.5,0,1,6,-0.5599999999999999,1.5738606452941895,0
2716,2,train,716,39,1314.5,3,134.0,0,0,6,-0.54,1.4493544101715088,0
2717,2,train,717,37,1323.0,3,135.5,0,0,6,-0.52,1.423704981803894,0
2718,2,train,718,38,1343.0,3,137.0,0,0,6,-0.53,1.302781581878662,0
2719,2,train,719,38,1362.0,3,138.5,0,0,6,-0.53,1.2336111068725586,0
2720,2,train,720,38,1381.0,3,140.0,0,0,6,-0.53,1.1912418603897095,0
2721,2,train,721,38,1400.0,3,141.5,0,0,6,-0.53,1.3414024114608765,0
2722,2,train,722,40,1422.0,3,143.0,0,0,6,-0.55,1.5019129514694214,0
2723,2,train,723,40,1442.0,3,144.5,0,0,6,-0.55,1.232924461364746,0
2724,2,train,724,40,1462.0,4,147.5,0,0,6,-0.6000000000000001,1.572392225265503,0
2725,2,train,725,40,1482.0,4,149.5,0,2,6,-0.6000000000000001,1.6202980279922485,0
2726,2,train,726,40,1502.0,4,151.5,0,0,6,-0.6000000000000001,1.1167689561843872,0
2727,2,train,727,40,1522.0,4,153.5,0,0,6,-0.6000000000000001,1.676285743713379,0
2728,2,train,728,40,1542.0,4,155.5,0,0,6,-0.6000000000000001,1.2623507976531982,0
2729,2,train,729,40,1562.0,4,157.5,0,0,6,-0.6000000000000001,1.2831547260284424,0
2730,2,train,730,40,1582.0,4,159.5,0,0,6,-0.6000000000000001,1.8637405633926392,0
2731,2,train,731,40,1602.0,4,161.5,0,0,6,-0.6000000000000001,1.6665241718292236,0
2732,2,train,732,41,1623.5,4,163.5,0,0,6,-0.61,1.7887794971466064,0
2733,2,train,733,41,1644.0,4,165.5,0,0,6,-0.61,1.3135671615600586,0
2734,2,train,734,41,1664.5,4,167.5,0,0,6,-0.61,1.669394850730896,0
2735,2,train,735,41,1685.0,4,169.5,0,0,6,-0.61,1.5865185260772705,0
2736,2,train,736,41,1705.5,4,171.5,0,0,6,-0.61,1.64558744430542,0
2737,2,train,737,41,1726.0,4,173.5,0,0,6,-0.61,1.7012231349945068,0
2738,2,train,738,41,1746.5,4,175.5,0,0,6,-0.61,1.3367502689361572,0
2739,2,train,739,41,1767.0,4,177.5,0,0,6,-0.61,1.496079921722412,0
2740,2,train,740,42,1789.0,4,179.5,0,0,6,-0.62,1.6213679313659668,0
2741,2,train,741,43,1811.5,4,181.5,0,0,6,-0.63,1.4271526336669922,0
2742,2,train,742,43,1833.0,4,183.5,0,0,6,-0.63,1.3244140148162842,0
2743,2,train,743,43,1854.5,4,185.5,0,0,6,-0.63,1.7969157695770264,0
2744,2,train,744,43,1876.0,4,187.5,0,0,6,-0.63,1.9590705633163452,0
2745,2,train,745,43,1897.5,4,189.5,0,3,6,-0.63,1.6310628652572632,0
2746,2,train,746,43,1919.0,5,193.0,0,0,6,-0.6799999999999999,1.7056348323822021,0
2747,2,train,747,43,1940.5,5,195.5,0,0,6,-0.6799999999999999,1.0081658363342285,0
2748,2,train,748,43,1962.0,5,198.0,0,2,6,-0.6799999999999999,1.5033040046691895,0
2749,2,train,749,44,1985.0,5,200.5,0,0,6,-0.69,1.6246262788772583,0
2750,2,train,750,44,2007.0,6,204.5,0,0,6,-0.74,1.4993952512741089,0
2751,2,train,751,44,2029.0,5,205.5,0,2,6,-0.69,1.6080987453460693,0
2752,2,train,752,44,2051.0,5,208.0,0,0,6,-0.69,1.1454391479492188,0
2753,2,train,753,44,2073.0,5,210.5,0,0,6,-0.69,1.4620568752288818,0
2754,2,train,754,44,2095.0,6,214.5,0,1,6,-0.74,1.3876240253448486,0
2755,2,train,755,44,2117.0,6,217.5,0,1,6,-0.74,1.4461040496826172,0
2756,2,train,756,44,2139.0,6,220.5,0,0,6,-0.74,1.8883432149887085,0
2757,2,train,757,44,2161.0,8,226.5,0,2,6,-0.8400000000000001,1.4639861583709717,0
2758,2,train,758,44,2183.0,7,228.5,1,1,6,-0.79,0.8976058959960938,0
2759,2,train,759,46,2208.0,7,232.0,0,0,6,-0.81,1.5081194639205933,0
2760,2,train,760,46,2231.0,7,235.5,0,3,6,-0.81,1.8186049461364746,0
2761,2,train,761,46,2254.0,8,240.5,0,0,6,-0.8600000000000001,1.1369611024856567,0
2762,2,train,762,47,2278.5,8,244.5,0,0,6,-0.87,0.9308013916015625,0
2763,2,train,763,47,2302.0,7,246.0,0,2,6,-0.82,1.5801783800125122,0
2764,2,train,764,47,2325.5,7,249.5,0,1,6,-0.82,2.160416603088379,0
2765,2,train,765,47,2349.0,7,253.0,0,0,6,-0.82,1.7902476787567139,0
2766,2,train,766,47,2372.5,8,258.0,1,2,6,-0.87,1.6593892574310303,0
2767,2,train,767,47,2396.0,8,262.0,0,1,6,-0.87,0.9134952425956726,0
2768,2,train,768,48,2421.0,8,266.0,0,1,6,-0.88,1.0660147666931152,0
2769,2,train,769,48,2445.0,8,270.0,0,1,6,-0.88,1.6853134632110596,0
2770,2,train,770,48,2469.0,8,274.0,0,1,6,-0.88,1.165445327758789,0
2771,2,train,771,49,2494.5,8,278.0,0,0,6,-0.89,1.063077688217163,0
2772,2,train,772,49,2519.0,8,282.0,0,1,6,-0.89,1.1826732158660889,0
2773,2,train,773,50,2545.0,8,286.0,0,0,6,-0.9,1.390364646911621,0
2774,2,train,774,50,2570.0,8,290.0,0,2,6,-0.9,1.8043532371520996,0
2775,2,train,775,50,2595.0,8,294.0,0,1,6,-0.9,1.5394864082336426,0
2776,2,train,776,51,2621.5,8,298.0,0,1,6,-0.91,1.6348469257354736,0
2777,2,train,777,51,2647.0,8,302.0,0,0,6,-0.91,1.1357845067977905,0
2778,2,train,778,52,2674.0,8,306.0,0,0,6,-0.92,1.5293562412261963,0
2779,2,train,779,52,2700.0,8,310.0,0,3,6,-0.92,0.8633926510810852,0
2780,2,train,780,53,2727.5,8,314.0,0,0,6,-0.93,1.1778720617294312,0
2781,2,train,781,54,2755.5,8,318.0,0,0,6,-0.9400000000000001,2.0515689849853516,0
2782,2,train,782,54,2782.5,8,322.0,0,2,6,-0.9400000000000001,1.9178990125656128,0
2783,2,train,783,54,2809.5,8,326.0,0,1,6,-0.9400000000000001,1.136671781539917,0
2784,2,train,784,54,2836.5,8,330.0,0,0,6,-0.9400000000000001,1.7529401779174805,0
2785,2,train,785,54,2863.5,8,334.0,0,2,6,-0.9400000000000001,1.4205927848815918,0
2786,2,train,786,54,2890.5,9,339.5,0,1,6,-0.99,1.7731895446777344,0
2787,2,train,787,54,2917.5,9,344.0,0,1,6,-0.99,1.2382651567459106,0
2788,2,train,788,55,2946.0,9,348.5,0,2,6,-1.0,1.4204413890838623,0
2789,2,train,789,55,2973.5,9,353.0,0,1,6,-1.0,1.3104783296585083,0
2790,2,train,790,56,3002.5,9,357.5,0,0,6,-1.01,1.2573118209838867,0
2791,2,train,791,57,3032.0,9,362.0,0,3,6,-1.02,1.2119510173797607,0
2792,2,train,792,57,3060.5,9,366.5,0,1,6,-1.02,1.175774097442627,0
2793,2,train,793,57,3089.0,9,371.0,0,2,6,-1.02,1.7966409921646118,0
2794,2,train,794,57,3117.5,9,375.5,0,2,6,-1.02,2.0860047340393066,0
2795,2,train,795,58,3147.5,9,380.0,0,2,6,-1.03,1.1630163192749023,0
2796,2,train,796,58,3176.5,9,384.5,0,0,6,-1.03,1.7140531539916992,0
2797,2,train,797,58,3205.5,9,389.0,0,1,6,-1.03,1.4116443395614624,0
2798,2,train,798,58,3234.5,9,393.5,0,2,6,-1.03,1.792394995689392,0
2799,2,train,799,59,3265.0,9,398.0,0,1,6,-1.04,1.671754240989685,0
2800,2,train,800,59,3294.5,9,402.5,0,1,6,-1.04,1.1909308433532715,0
2801,2,train,801,59,3324.0,9,407.0,0,2,6,-1.04,1.9645378589630127,0
2802,2,train,802,60,3355.0,9,411.5,0,2,6,-1.05,1.3999831676483154,0
2803,2,train,803,60,3385.0,9,416.0,0,1,6,-1.05,1.8731133937835693,0
2804,2,train,804,60,3415.0,9,420.5,0,1,6,-1.05,1.8493059873580933,0
2805,2,train,805,60,3445.0,9,425.0,0,5,7,-1.05,1.8056790828704834,0
2806,2,train,806,60,3475.0,9,429.5,0,0,7,-1.05,0.895257830619812,0
2807,2,train,807,60,3505.0,9,434.0,0,1,7,-1.05,1.5047595500946045,0
2808,2,train,808,60,3535.0,9,438.5,0,3,7,-1.05,1.7606271505355835,0
2809,2,train,809,60,3565.0,9,443.0,0,1,7,-1.05,1.9344837665557861,0
2810,2,train,810,60,3595.0,9,447.5,0,0,7,-1.05,1.4530441761016846,0
2811,2,train,811,63,3629.5,9,452.0,0,1,7,-1.08,1.381973147392273,0
2812,2,train,812,63,3661.0,9,456.5,0,1,7,-1.08,1.420341968536377,0
2813,2,train,813,63,3692.5,9,461.0,0,1,7,-1.08,1.5869174003601074,0
2814,2,train,814,63,3724.0,9,465.5,0,2,7,-1.08,1.9190329313278198,0
2815,2,train,815,63,3755.5,9,470.0,0,0,7,-1.08,1.5937793254852295,0
2816,2,train,816,63,3787.0,9,474.5,0,2,7,-1.08,1.4010999202728271,0
2817,2,train,817,61,3493.5,9,479.0,0,0,8,-1.06,1.5044379234313965,0
2818,2,train,818,62,3285.0,9,483.5,0,0,8,-1.07,1.850380301475525,0
2819,2,train,819,60,3133.5,9,488.0,0,0,8,-1.05,1.9411439895629883,0
2820,2,train,820,59,3045.5,9,492.5,0,0,8,-1.04,1.3436172008514404,0
2821,2,train,821,60,3076.5,9,497.0,0,0,8,-1.05,1.7988691329956055,0
2822,2,train,822,58,3058.0,9,501.5,0,0,8,-1.03,1.5827176570892334,0
2823,2,train,823,58,3087.0,9,506.0,0,0,8,-1.03,1.8256688117980957,0
2824,2,train,824,58,3116.0,9,510.5,0,0,8,-1.03,1.6756999492645264,0
2825,2,train,825,58,3145.0,9,515.0,0,1,8,-1.03,1.2350900173187256,0
2826,2,train,826,58,3174.0,9,519.5,0,1,8,-1.03,1.9227778911590576,0
2827,2,train,827,58,3203.0,9,524.0,0,0,8,-1.03,0.5618044137954712,0
2828,2,train,828,58,3232.0,9,528.5,0,0,8,-1.03,0.9968249797821045,0
2829,2,train,829,58,3261.0,9,533.0,0,0,8,-1.03,1.3710737228393555,0
2830,2,train,830,58,3290.0,9,537.5,0,0,8,-1.03,1.5437922477722168,0
2831,2,train,831,60,3322.0,9,542.0,0,0,8,-1.05,1.7591701745986938,0
2832,2,train,832,60,3352.0,9,546.5,1,0,8,-1.05,1.3583005666732788,0
2833,2,train,833,60,3382.0,9,551.0,0,0,8,-1.05,1.3086419105529785,0
2834,2,train,834,60,3412.0,9,555.5,0,0,8,-1.05,1.065305471420288,0
2835,2,train,835,60,3442.0,9,560.0,0,0,8,-1.05,1.834771990776062,0
2836,2,train,836,60,3472.0,9,564.5,1,2,8,-1.05,1.5352206230163574,0
2837,2,train,837,61,3503.5,9,569.0,0,0,8,-1.06,1.0130795240402222,0
2838,2,train,838,61,3534.0,9,573.5,0,0,8,-1.06,1.72336745262146,0
2839,2,train,839,62,3566.0,9,578.0,0,0,8,-1.07,1.7171080112457275,0
2840,2,train,840,64,3600.0,9,582.5,0,0,8,-1.09,1.7784461975097656,0
2841,2,train,841,65,3633.5,9,587.0,1,0,8,-1.1,1.6763629913330078,0
2842,2,train,842,65,3666.0,9,591.5,0,2,8,-1.1,1.6931275129318237,0
2843,2,train,843,66,3700.0,9,596.0,0,0,8,-1.11,1.7726917266845703,0
2844,2,train,844,67,3734.5,9,600.5,0,0,8,-1.12,1.2570140361785889,0
2845,2,train,845,67,3768.0,9,605.0,0,0,8,-1.12,1.8824621438980103,0
2846,2,train,846,67,3801.5,9,609.5,0,1,8,-1.12,1.6380913257598877,0
2847,2,train,847,67,3835.0,9,614.0,0,0,8,-1.12,2.0000996589660645,0
2848,2,train,848,67,3868.5,9,618.5,1,0,8,-1.12,1.2105307579040527,0
2849,2,train,849,67,3902.0,9,623.0,0,0,8,-1.12,1.4330180883407593,0
2850,2,train,850,67,3935.5,9,627.5,1,0,8,-1.12,2.003392219543457,0
2851,2,train,851,69,3972.0,9,632.0,0,0,8,-1.14,1.5312047004699707,0
2852,2,train,852,69,4006.5,9,636.5,0,0,8,-1.14,1.5330272912979126,0
2853,2,train,853,70,4042.5,9,641.0,0,0,8,-1.15,1.0010197162628174,0
2854,2,train,854,70,4077.5,9,645.5,0,0,8,-1.15,1.6230740547180176,0
2855,2,train,855,70,4112.5,9,650.0,0,0,8,-1.15,1.826809048652649,0
2856,2,train,856,70,4147.5,9,654.5,0,1,8,-1.15,1.4450063705444336,0
2857,2,train,857,70,4182.5,9,659.0,0,0,8,-1.15,1.2302157878875732,0
2858,2,train,858,70,4217.5,9,663.5,0,1,8,-1.15,1.632051706314087,0
2859,2,train,859,70,4252.5,9,668.0,1,0,8,-1.15,2.015101671218872,0
2860,2,train,860,71,4289.0,9,672.5,0,0,8,-1.16,1.7125552892684937,0
2861,2,train,861,73,4327.5,9,677.0,1,0,8,-1.18,1.6385035514831543,0
2862,2,train,862,74,4365.5,9,681.5,1,0,8,-1.19,1.8972430229187012,0
2863,2,train,863,74,4402.5,9,686.0,0,1,8,-1.19,1.5070979595184326,0
2864,2,train,864,74,4439.5,9,690.5,0,0,8,-1.19,1.8513184785842896,0
2865,2,train,865,75,4478.0,9,695.0,1,0,8,-1.2,1.406083106994629,0
2866,2,train,866,75,4515.5,10,701.0,0,0,8,-1.25,1.668396234512329,0
2867,2,train,867,76,4554.5,10,706.0,0,1,8,-1.26,1.4006493091583252,0
2868,2,train,868,76,4592.5,10,711.0,0,0,8,-1.26,1.5312542915344238,0
2869,2,train,869,76,4630.5,10,716.0,0,0,8,-1.26,1.6262166500091553,0
2870,2,train,870,76,4668.5,10,721.0,0,0,8,-1.26,1.9258842468261719,0
2871,2,train,871,77,4708.0,10,726.0,0,0,8,-1.27,1.6991509199142456,0
2872,2,train,872,77,4746.5,10,731.0,0,0,8,-1.27,1.9989891052246094,0
2873,2,train,873,78,4786.5,10,736.0,0,0,8,-1.28,1.217582106590271,0
2874,2,train,874,78,4825.5,11,742.5,0,0,8,-1.33,1.236968755722046,0
2875,2,train,875,78,4864.5,11,748.0,0,0,8,-1.33,1.751950740814209,0
2876,2,train,876,78,4903.5,13,756.5,0,0,8,-1.4300000000000002,1.2042316198349,0
2877,2,train,877,78,4942.5,13,763.0,1,0,9,-1.4300000000000002,1.793617606163025,0
2878,2,train,878,79,4983.0,13,769.5,0,1,9,-1.44,1.9261447191238403,0
2879,2,train,879,80,5024.0,13,776.0,0,1,9,-1.4500000000000002,1.9897089004516602,0
2880,2,train,880,80,5064.0,14,784.0,0,0,9,-1.5,0.9747720956802368,0
2881,2,train,881,80,5104.0,13,789.0,0,1,9,-1.4500000000000002,1.2224009037017822,0
2882,2,train,882,80,5144.0,13,795.5,0,0,9,-1.4500000000000002,1.6014785766601562,0
2883,2,train,883,77,4611.0,9,405.0,0,0,0,-1.22,1.837336778640747,0
2884,2,train,884,73,4125.5,11,412.5,0,1,0,-1.28,1.4723424911499023,0
2885,2,train,885,69,3681.0,11,358.5,0,0,0,-1.24,1.694545865058899,0
2886,2,train,886,65,3264.5,10,312.5,0,0,0,-1.15,1.5764178037643433,0
2887,2,train,887,66,3298.5,10,317.5,0,0,0,-1.1600000000000001,1.331693410873413,0
2888,2,train,888,62,2911.5,10,322.5,0,0,0,-1.12,1.2715229988098145,0
2889,2,train,889,58,2556.5,10,327.5,0,0,0,-1.08,1.6814219951629639,0
2890,2,train,890,57,2320.0,10,332.5,0,0,0,-1.0699999999999998,2.0089051723480225,0
2891,2,train,891,56,2272.0,9,231.5,0,0,0,-1.01,1.5965824127197266,0
2892,2,train,892,53,1997.0,6,206.5,0,0,0,-0.8300000000000001,1.7156624794006348,0
2893,2,train,893,51,1807.0,6,209.5,0,0,0,-0.81,1.3992140293121338,0
2894,2,train,894,50,1774.5,4,195.5,0,0,0,-0.7,0.7400299310684204,0
2895,2,train,895,47,1559.0,3,185.5,0,0,0,-0.62,1.767778754234314,0
2896,2,train,896,45,1467.5,4,188.5,0,1,0,-0.65,1.7120882272720337,0
2897,2,train,897,43,1404.5,5,192.0,0,2,0,-0.6799999999999999,1.8527634143829346,0
2898,2,train,898,40,1257.5,5,194.5,0,0,0,-0.65,1.122505784034729,0
2899,2,train,899,39,1237.0,5,197.0,0,0,0,-0.64,1.2907495498657227,0
2900,2,train,900,37,1168.0,5,199.5,0,1,0,-0.62,1.4326958656311035,0
2901,2,train,901,34,1102.0,5,202.0,0,0,0,-0.5900000000000001,1.9710665941238403,0
2902,2,train,902,34,1111.5,5,204.5,0,0,0,-0.5900000000000001,1.9088830947875977,0
2903,2,train,903,31,1071.0,4,116.0,0,1,0,-0.51,1.6662042140960693,0
2904,2,train,904,29,1067.5,3,112.5,0,0,0,-0.43999999999999995,1.6222683191299438,0
2905,2,train,905,29,1082.0,2,17.0,0,1,0,-0.39,1.1226997375488281,0
2906,2,train,906,27,1083.5,2,18.0,0,0,0,-0.37,1.7661519050598145,0
2907,2,train,907,27,1097.0,2,19.0,0,0,0,-0.37,1.3882323503494263,0
2908,2,train,908,27,1110.5,2,20.0,0,1,0,-0.37,0.738445520401001,0
2909,2,train,909,28,1125.5,2,21.0,0,0,0,-0.38,1.2133755683898926,0
2910,2,train,910,28,1139.5,2,22.0,0,0,0,-0.38,1.045398235321045,0
2911,2,train,911,28,1153.5,2,23.0,0,1,0,-0.38,1.7283437252044678,0
2912,2,train,912,31,1172.0,2,24.0,0,0,0,-0.41000000000000003,1.5750371217727661,0
2913,2,train,913,33,1190.5,2,25.0,0,0,0,-0.43000000000000005,1.8627245426177979,0
2914,2,train,914,33,1207.0,2,26.0,0,0,0,-0.43000000000000005,0.9822047352790833,0
2915,2,train,915,33,1223.5,2,27.0,0,1,0,-0.43000000000000005,1.589721441268921,0
2916,2,train,916,33,1240.0,2,28.0,1,0,0,-0.43000000000000005,1.2609261274337769,0
2917,2,train,917,33,1256.5,2,29.0,0,0,0,-0.43000000000000005,1.5048959255218506,0
2918,2,train,918,33,1273.0,2,30.0,0,1,0,-0.43000000000000005,1.5761359930038452,0
2919,2,train,919,33,1289.5,2,31.0,0,0,0,-0.43000000000000005,1.9270225763320923,0
2920,2,train,920,36,1310.5,2,32.0,0,1,0,-0.45999999999999996,1.0029494762420654,0
2921,2,train,921,37,1330.0,2,33.0,0,0,0,-0.47,1.4503788948059082,0
2922,2,train,922,38,1350.0,2,34.0,0,0,0,-0.48,1.2865760326385498,0
2923,2,train,923,39,1370.5,2,35.0,0,0,0,-0.49,1.7625620365142822,0
2924,2,train,924,39,1390.0,2,36.0,0,2,0,-0.49,1.4911084175109863,0
2925,2,train,925,39,1409.5,2,37.0,0,0,0,-0.49,1.5058400630950928,0
2926,2,train,926,39,1429.0,2,38.0,0,0,0,-0.49,1.2582943439483643,0
2927,2,train,927,39,1448.5,2,39.0,0,0,0,-0.49,0.9858056306838989,0
2928,2,train,928,39,1468.0,2,40.0,0,0,0,-0.49,1.2130258083343506,0
2929,2,train,929,39,1487.5,2,41.0,0,0,0,-0.49,1.666835069656372,0
2930,2,train,930,40,1508.5,2,42.0,0,0,0,-0.5,1.8071155548095703,0
2931,2,train,931,40,1528.5,2,43.0,0,0,0,-0.5,0.717576801776886,0
2932,2,train,932,41,1550.0,2,44.0,0,0,0,-0.51,1.8023407459259033,0
2933,2,train,933,39,1341.5,2,45.0,0,0,1,-0.49,1.0152183771133423,0
2934,2,train,934,37,1239.5,2,46.0,0,0,1,-0.47,1.5836498737335205,0
2935,2,train,935,35,1237.5,2,47.0,0,0,1,-0.44999999999999996,1.645530343055725,0
2936,2,train,936,35,1255.0,2,48.0,0,0,1,-0.44999999999999996,1.8250094652175903,0
2937,2,train,937,35,1272.5,2,49.0,0,0,1,-0.44999999999999996,1.493278980255127,0
2938,2,train,938,35,1290.0,2,50.0,0,0,1,-0.44999999999999996,1.5024325847625732,0
2939,2,train,939,35,1307.5,2,51.0,0,0,1,-0.44999999999999996,2.03373646736145,0
2940,2,train,940,36,1326.5,2,52.0,0,0,1,-0.45999999999999996,1.6408125162124634,0
2941,2,train,941,39,1349.0,2,53.0,0,0,1,-0.49,1.1134276390075684,0
2942,2,train,942,40,1370.0,2,54.0,0,0,1,-0.5,1.1483876705169678,0
2943,2,train,943,41,1391.5,2,55.0,0,0,1,-0.51,1.590162754058838,0
2944,2,train,944,42,1413.5,2,56.0,0,0,1,-0.52,1.73462975025177,0
2945,2,train,945,42,1434.5,2,57.0,0,0,1,-0.52,1.4250199794769287,0
2946,2,train,946,40,1447.5,2,58.0,0,0,1,-0.5,1.6540640592575073,0
2947,2,train,947,38,1461.0,2,59.0,0,0,1,-0.48,1.2018553018569946,0
2948,2,train,948,38,1480.0,2,60.0,0,0,1,-0.48,0.8625351786613464,0
2949,2,train,949,41,1503.5,2,61.0,0,0,1,-0.51,1.5155061483383179,0
2950,2,train,950,41,1524.0,2,62.0,0,0,1,-0.51,1.7088980674743652,0
2951,2,train,951,42,1546.0,2,63.0,0,0,1,-0.52,1.235073208808899,0
2952,2,train,952,42,1567.0,2,64.0,0,0,1,-0.52,1.31902277469635,0
2953,2,train,953,42,1588.0,2,65.0,0,0,1,-0.52,1.3364975452423096,0
2954,2,train,954,42,1609.0,2,66.0,0,0,1,-0.52,1.4434223175048828,0
2955,2,train,955,42,1630.0,3,68.5,0,0,1,-0.57,1.9395246505737305,0
2956,2,train,956,42,1651.0,3,70.0,0,0,1,-0.57,1.392467737197876,0
2957,2,train,957,42,1672.0,3,71.5,0,0,1,-0.57,1.7616342306137085,0
2958,2,train,958,42,1693.0,3,73.0,0,0,1,-0.57,1.1222988367080688,0
2959,2,train,959,42,1714.0,3,74.5,0,0,1,-0.57,1.167844533920288,0
2960,2,train,960,43,1736.5,3,76.0,0,0,1,-0.58,1.630781888961792,0
2961,2,train,961,43,1758.0,3,77.5,0,0,1,-0.58,0.84991455078125,0
2962,2,train,962,44,1781.0,4,80.5,0,0,1,-0.64,1.6875154972076416,0
2963,2,train,963,44,1803.0,4,82.5,0,3,1,-0.64,1.5989000797271729,0
2964,2,train,964,44,1825.0,4,84.5,0,0,1,-0.64,1.440337061882019,0
2965,2,train,965,44,1847.0,4,86.5,0,0,1,-0.64,1.4482412338256836,0
2966,2,train,966,44,1869.0,4,86.5,0,1,1,-0.64,1.3985979557037354,0
2967,2,train,967,44,1891.0,3,86.5,0,0,1,-0.59,1.254073977470398,0
2968,2,train,968,44,1913.0,3,88.0,0,0,1,-0.59,1.4620633125305176,0
2969,2,train,969,44,1935.0,4,91.0,0,1,1,-0.64,1.3488597869873047,0
2970,2,train,970,44,1957.0,4,93.0,0,0,1,-0.64,1.4472531080245972,0
2971,2,train,971,44,1979.0,4,95.0,0,0,1,-0.64,1.1468124389648438,0
2972,2,train,972,44,2001.0,4,97.0,0,1,1,-0.64,1.2435555458068848,0
2973,2,train,973,44,2023.0,4,99.0,0,1,1,-0.64,1.7829740047454834,0
2974,2,train,974,44,2045.0,4,101.0,0,0,1,-0.64,1.3597421646118164,0
2975,2,train,975,44,2067.0,4,103.0,0,3,1,-0.64,1.4664092063903809,0
2976,2,train,976,44,2089.0,4,105.0,1,1,1,-0.64,1.45306396484375,0
2977,2,train,977,44,2111.0,5,108.5,0,0,1,-0.69,1.8759284019470215,0
2978,2,train,978,45,2134.5,6,112.5,0,2,1,-0.75,1.2027631998062134,0
2979,2,train,979,47,2160.0,6,115.5,0,0,1,-0.77,1.3457976579666138,0
2980,2,train,980,47,2183.5,6,118.5,0,0,1,-0.77,0.8566299676895142,0
2981,2,train,981,48,2208.5,6,121.5,0,2,1,-0.78,1.8474030494689941,0
2982,2,train,982,49,2234.0,6,124.5,0,0,1,-0.79,1.6248860359191895,0
2983,2,train,983,49,2258.5,6,127.5,0,0,1,-0.79,1.639737606048584,0
2984,2,train,984,51,2286.0,6,130.5,0,1,1,-0.81,1.4722473621368408,0
2985,2,train,985,51,2311.5,6,133.5,0,1,1,-0.81,1.9900054931640625,0
2986,2,train,986,51,2337.0,6,136.5,0,0,1,-0.81,1.6429579257965088,0
2987,2,train,987,51,2362.5,6,139.5,0,2,1,-0.81,1.6174094676971436,0
2988,2,train,988,51,2388.0,6,142.5,0,0,1,-0.81,1.625251293182373,0
2989,2,train,989,52,2415.0,6,145.5,0,0,1,-0.8200000000000001,1.3828786611557007,0
2990,2,train,990,52,2441.0,6,148.5,0,2,1,-0.8200000000000001,1.0302268266677856,0
2991,2,train,991,53,2468.5,6,151.5,0,1,1,-0.8300000000000001,1.9393556118011475,0
2992,2,train,992,53,2495.0,6,154.5,0,1,1,-0.8300000000000001,1.0083166360855103,0
2993,2,train,993,53,2521.5,6,157.5,0,1,1,-0.8300000000000001,1.6218044757843018,0
2994,2,train,994,53,2548.0,6,160.5,0,1,1,-0.8300000000000001,1.832305908203125,0
2995,2,train,995,53,2574.5,6,163.5,0,1,1,-0.8300000000000001,1.937033772468567,0
2996,2,train,996,53,2601.0,6,166.5,0,1,1,-0.8300000000000001,2.0059947967529297,0
2997,2,train,997,53,2627.5,6,169.5,0,2,1,-0.8300000000000001,1.1033964157104492,0
2998,2,train,998,53,2654.0,6,172.5,0,0,1,-0.8300000000000001,1.4716533422470093,0
2999,2,train,999,54,2682.0,6,175.5,0,1,1,-0.8400000000000001,1.6805540323257446,0
3000,3,train,0,0,0.0,0,0.0,0,0,0,-0.0,1.4653571844100952,0
3001,3,train,1,0,0.0,0,0.0,0,0,0,-0.0,1.2940747737884521,0
3002,3,train,2,0,0.0,0,0.0,0,0,0,-0.0,1.1453181505203247,0
3003,3,train,3,0,0.0,0,0.0,0,0,0,-0.0,1.1407396793365479,0
3004,3,train,4,0,0.0,0,0.0,0,0,0,-0.0,1.7966570854187012,0
3005,3,train,5,0,0.0,0,0.0,0,0,0,-0.0,1.2150897979736328,0
3006,3,train,6,0,0.0,0,0.0,0,0,0,-0.0,1.1887974739074707,0
3007,3,train,7,0,0.0,0,0.0,0,0,0,-0.0,1.1606286764144897,0
3008,3,train,8,0,0.0,0,0.0,0,0,0,-0.0,1.9092910289764404,0
3009,3,train,9,0,0.0,0,0.0,0,0,0,-0.0,0.8746339082717896,0
3010,3,train,10,0,0.0,0,0.0,0,0,0,-0.0,1.1690664291381836,0
3011,3,train,11,0,0.0,0,0.0,0,0,0,-0.0,1.6275460720062256,0
3012,3,train,12,0,0.0,0,0.0,0,0,0,-0.0,1.8523688316345215,0
3013,3,train,13,0,0.0,0,0.0,0,0,0,-0.0,0.8482613563537598,0
3014,3,train,14,0,0.0,0,0.0,0,0,0,-0.0,1.6995372772216797,0
3015,3,train,15,0,0.0,0,0.0,0,0,0,-0.0,2.03462290763855,0
3016,3,train,16,0,0.0,0,0.0,0,0,0,-0.0,1.431416630744934,0
3017,3,train,17,0,0.0,0,0.0,0,0,0,-0.0,1.775276780128479,0
3018,3,train,18,0,0.0,0,0.0,0,0,0,-0.0,1.321959137916565,0
3019,3,train,19,0,0.0,0,0.0,0,0,0,-0.0,1.1966404914855957,0
3020,3,train,20,0,0.0,0,0.0,0,0,0,-0.0,1.7791999578475952,0
3021,3,train,21,0,0.0,0,0.0,0,0,0,-0.0,1.2076332569122314,0
3022,3,train,22,0,0.0,0,0.0,0,0,0,-0.0,1.5036559104919434,0
3023,3,train,23,0,0.0,0,0.0,0,0,0,-0.0,0.9996198415756226,0
3024,3,train,24,0,0.0,0,0.0,0,0,0,-0.0,1.1197385787963867,0
3025,3,train,25,0,0.0,0,0.0,0,0,0,-0.0,1.1265465021133423,0
3026,3,train,26,0,0.0,0,0.0,0,0,0,-0.0,1.6671608686447144,0
3027,3,train,27,0,0.0,0,0.0,0,0,0,-0.0,1.1769938468933105,0
3028,3,train,28,0,0.0,0,0.0,0,0,0,-0.0,0.7582860589027405,0
3029,3,train,29,0,0.0,0,0.0,0,0,0,-0.0,1.8297655582427979,0
3030,3,train,30,0,0.0,0,0.0,0,0,0,-0.0,1.623557448387146,0
3031,3,train,31,0,0.0,0,0.0,0,0,0,-0.0,1.7820329666137695,0
3032,3,train,32,0,0.0,0,0.0,0,0,0,-0.0,1.489621877670288,0
3033,3,train,33,0,0.0,0,0.0,0,0,0,-0.0,1.5426961183547974,0
3034,3,train,34,0,0.0,0,0.0,0,0,0,-0.0,1.4841032028198242,0
3035,3,train,35,0,0.0,0,0.0,0,0,0,-0.0,0.7914716601371765,0
3036,3,train,36,0,0.0,0,0.0,0,0,0,-0.0,1.4878188371658325,0
3037,3,train,37,0,0.0,0,0.0,0,0,0,-0.0,1.3648713827133179,0
3038,3,train,38,0,0.0,0,0.0,0,0,0,-0.0,1.1626789569854736,0
3039,3,train,39,0,0.0,0,0.0,0,0,0,-0.0,1.2673991918563843,0
3040,3,train,40,0,0.0,0,0.0,0,0,0,-0.0,1.5003063678741455,0
3041,3,train,41,0,0.0,0,0.0,0,0,0,-0.0,1.2681055068969727,0
3042,3,train,42,0,0.0,0,0.0,0,0,0,-0.0,1.8142480850219727,0
3043,3,train,43,0,0.0,0,0.0,0,0,0,-0.0,1.8307040929794312,0
3044,3,train,44,0,0.0,0,0.0,0,0,0,-0.0,1.7093344926834106,0
3045,3,train,45,0,0.0,0,0.0,0,0,0,-0.0,1.670888900756836,0
3046,3,train,46,0,0.0,0,0.0,0,0,0,-0.0,1.8417223691940308,0
3047,3,train,47,0,0.0,0,0.0,0,0,0,-0.0,1.2255923748016357,0
3048,3,train,48,0,0.0,0,0.0,0,0,0,-0.0,1.518216848373413,0
3049,3,train,49,0,0.0,0,0.0,0,0,1,-0.0,1.5380487442016602,0
3050,3,train,50,0,0.0,0,0.0,0,0,1,-0.0,1.0846364498138428,0
3051,3,train,51,0,0.0,0,0.0,0,0,1,-0.0,1.8307075500488281,0
3052,3,train,52,0,0.0,0,0.0,0,0,1,-0.0,1.486557126045227,0
3053,3,train,53,0,0.0,0,0.0,0,0,1,-0.0,1.4161596298217773,0
3054,3,train,54,0,0.0,0,0.0,0,0,1,-0.0,1.5237784385681152,0
3055,3,train,55,0,0.0,0,0.0,0,0,1,-0.0,1.4674474000930786,0
3056,3,train,56,0,0.0,0,0.0,0,0,1,-0.0,1.939231038093567,0
3057,3,train,57,0,0.0,0,0.0,0,0,1,-0.0,1.6605348587036133,0
3058,3,train,58,0,0.0,0,0.0,0,0,1,-0.0,1.0553805828094482,0
3059,3,train,59,0,0.0,0,0.0,0,0,1,-0.0,0.8947831392288208,0
3060,3,train,60,0,0.0,0,0.0,0,0,1,-0.0,1.2044956684112549,0
3061,3,train,61,0,0.0,0,0.0,0,0,1,-0.0,1.5540152788162231,0
3062,3,train,62,0,0.0,0,0.0,0,0,1,-0.0,1.2012094259262085,0
3063,3,train,63,0,0.0,0,0.0,0,0,1,-0.0,1.710383415222168,0
3064,3,train,64,0,0.0,1,1.5,0,0,1,-0.05,1.075299859046936,0
3065,3,train,65,0,0.0,2,3.5,0,0,1,-0.1,1.1333918571472168,0
3066,3,train,66,0,0.0,2,4.5,0,0,1,-0.1,1.351322889328003,0
3067,3,train,67,0,0.0,2,5.5,0,0,1,-0.1,1.5606131553649902,0
3068,3,train,68,0,0.0,2,6.5,0,0,1,-0.1,1.2129542827606201,0
3069,3,train,69,0,0.0,2,7.5,0,0,1,-0.1,1.429295539855957,0
3070,3,train,70,0,0.0,2,8.5,0,0,1,-0.1,1.1853985786437988,0
3071,3,train,71,0,0.0,2,9.5,0,0,1,-0.1,1.397238850593567,0
3072,3,train,72,0,0.0,2,10.5,0,0,1,-0.1,1.025211215019226,0
3073,3,train,73,0,0.0,3,13.0,0,0,1,-0.15,1.1973192691802979,0
3074,3,train,74,0,0.0,2,12.5,0,0,1,-0.1,1.6641526222229004,0
3075,3,train,75,0,0.0,2,13.5,0,0,1,-0.1,1.4111162424087524,0
3076,3,train,76,0,0.0,2,14.5,0,0,1,-0.1,1.3825058937072754,0
3077,3,train,77,0,0.0,3,17.0,0,0,1,-0.15,0.9543143510818481,0
3078,3,train,78,6,9.0,3,18.5,0,0,1,-0.21,1.3525240421295166,0
3079,3,train,79,6,12.0,3,20.0,0,0,1,-0.21,1.1145656108856201,0
3080,3,train,80,6,15.0,3,21.5,0,0,1,-0.21,1.5216172933578491,0
3081,3,train,81,6,18.0,3,23.0,0,0,1,-0.21,1.2035760879516602,0
3082,3,train,82,6,21.0,4,26.0,0,0,1,-0.26,1.0201996564865112,0
3083,3,train,83,6,24.0,4,28.0,0,0,1,-0.26,1.4185625314712524,0
3084,3,train,84,6,27.0,4,30.0,0,0,1,-0.26,2.079155921936035,0
3085,3,train,85,6,30.0,5,33.5,0,0,1,-0.31,1.268186092376709,0
3086,3,train,86,8,36.0,5,36.0,0,0,1,-0.33,1.3939509391784668,0
3087,3,train,87,8,40.0,6,40.0,0,0,1,-0.38,1.3267407417297363,0
3088,3,train,88,8,44.0,5,41.0,0,0,1,-0.33,1.6298432350158691,0
3089,3,train,89,10,51.0,6,45.0,0,0,1,-0.4,1.4081058502197266,0
3090,3,train,90,10,56.0,6,48.0,0,0,1,-0.4,1.1010856628417969,0
3091,3,train,91,10,61.0,6,50.0,0,0,1,-0.4,1.570839524269104,0
3092,3,train,92,10,66.0,6,53.0,0,0,1,-0.4,1.497620940208435,0
3093,3,train,93,10,71.0,6,56.0,0,0,1,-0.4,1.5849330425262451,0
3094,3,train,94,10,76.0,7,60.5,0,0,1,-0.44999999999999996,1.3953099250793457,0
3095,3,train,95,10,81.0,7,64.0,0,0,1,-0.44999999999999996,1.453729510307312,0
3096,3,train,96,10,86.0,7,67.5,0,0,1,-0.44999999999999996,1.3016736507415771,0
3097,3,train,97,10,91.0,7,71.0,0,0,1,-0.44999999999999996,1.3688013553619385,0
3098,3,train,98,10,96.0,7,74.5,0,0,1,-0.44999999999999996,1.4204293489456177,0
3099,3,train,99,10,101.0,7,78.0,0,0,1,-0.44999999999999996,0.9988237619400024,0
3100,3,train,100,10,106.0,7,81.5,0,0,1,-0.44999999999999996,1.220510482788086,0
3101,3,train,101,10,111.0,7,85.0,0,0,1,-0.44999999999999996,1.5760990381240845,0
3102,3,train,102,11,117.5,7,88.5,0,0,1,-0.45999999999999996,1.4690747261047363,0
3103,3,train,103,12,124.5,7,92.0,0,0,1,-0.47,1.4894890785217285,0
3104,3,train,104,12,130.5,7,95.5,0,0,1,-0.47,1.8490686416625977,0
3105,3,train,105,12,136.5,8,100.5,0,0,1,-0.52,1.3877816200256348,0
3106,3,train,106,12,142.5,8,104.5,0,0,1,-0.52,1.6229315996170044,0
3107,3,train,107,12,148.5,8,108.5,0,0,1,-0.52,1.578127145767212,0
3108,3,train,108,12,154.5,8,112.5,0,0,1,-0.52,1.5984392166137695,0
3109,3,train,109,12,160.5,8,116.5,0,0,1,-0.52,1.5803626775741577,0
3110,3,train,110,12,166.5,8,120.5,0,0,1,-0.52,1.4438289403915405,0
3111,3,train,111,12,172.5,8,124.5,0,0,1,-0.52,1.174896478652954,0
3112,3,train,112,12,178.5,8,128.5,0,0,1,-0.52,1.7075207233428955,0
3113,3,train,113,12,184.5,8,132.5,0,0,1,-0.52,1.4797831773757935,0
3114,3,train,114,13,192.0,8,136.5,0,0,1,-0.53,1.7353730201721191,0
3115,3,train,115,13,198.5,8,140.5,0,0,1,-0.53,1.469412088394165,0
3116,3,train,116,13,205.0,8,144.5,0,0,1,-0.53,1.5523898601531982,0
3117,3,train,117,13,211.5,8,148.5,0,0,1,-0.53,1.8198087215423584,0
3118,3,train,118,13,218.0,8,152.5,0,0,1,-0.53,1.4885467290878296,0
3119,3,train,119,13,224.5,8,156.5,0,0,1,-0.53,1.004658818244934,0
3120,3,train,120,13,231.0,8,160.5,0,0,1,-0.53,1.3457303047180176,0
3121,3,train,121,13,237.5,8,164.5,0,0,1,-0.53,1.3292794227600098,0
3122,3,train,122,14,245.5,8,168.5,0,0,1,-0.54,0.9464289546012878,0
3123,3,train,123,15,254.0,8,172.5,0,0,1,-0.55,1.8445799350738525,0
3124,3,train,124,15,261.5,8,176.5,0,0,1,-0.55,1.6804966926574707,0
3125,3,train,125,15,269.0,8,180.5,0,0,1,-0.55,0.7676833868026733,0
3126,3,train,126,15,276.5,8,184.5,0,0,1,-0.55,1.7296011447906494,0
3127,3,train,127,15,284.0,8,188.5,0,0,1,-0.55,1.3038265705108643,0
3128,3,train,128,15,291.5,8,192.5,0,0,1,-0.55,1.67343270778656,0
3129,3,train,129,15,299.0,8,196.5,0,0,1,-0.55,1.5116488933563232,0
3130,3,train,130,15,306.5,8,200.5,0,0,1,-0.55,1.6545026302337646,0
3131,3,train,131,15,314.0,8,204.5,0,0,1,-0.55,1.5601862668991089,0
3132,3,train,132,15,321.5,8,208.5,0,0,1,-0.55,1.6460034847259521,0
3133,3,train,133,15,329.0,8,212.5,0,0,1,-0.55,1.0514497756958008,0
3134,3,train,134,15,336.5,8,216.5,0,0,1,-0.55,1.3980400562286377,0
3135,3,train,135,15,344.0,8,220.5,0,0,1,-0.55,1.5548266172409058,0
3136,3,train,136,15,351.5,8,224.5,0,0,1,-0.55,1.5841389894485474,0
3137,3,train,137,15,359.0,8,228.5,0,0,1,-0.55,1.6966345310211182,0
3138,3,train,138,15,366.5,8,232.5,0,0,1,-0.55,1.551666021347046,0
3139,3,train,139,15,374.0,8,236.5,0,0,2,-0.55,1.6133784055709839,0
3140,3,train,140,16,383.0,8,240.5,0,0,2,-0.56,1.21684992313385,0
3141,3,train,141,17,392.5,8,244.5,0,0,2,-0.5700000000000001,1.5841219425201416,0
3142,3,train,142,17,401.0,8,248.5,0,0,2,-0.5700000000000001,1.3300864696502686,0
3143,3,train,143,17,409.5,8,252.5,0,0,2,-0.5700000000000001,1.6487371921539307,0
3144,3,train,144,18,419.5,8,256.5,0,0,2,-0.5800000000000001,1.111878752708435,0
3145,3,train,145,18,428.5,8,260.5,0,0,2,-0.5800000000000001,1.6198041439056396,0
3146,3,train,146,19,439.0,8,264.5,0,0,2,-0.5900000000000001,1.3085103034973145,0
3147,3,train,147,19,448.5,8,268.5,0,0,2,-0.5900000000000001,1.9329605102539062,0
3148,3,train,148,19,458.0,8,272.5,0,1,2,-0.5900000000000001,1.7588222026824951,0
3149,3,train,149,20,469.0,8,276.5,0,0,2,-0.6000000000000001,1.0939559936523438,0
3150,3,train,150,20,479.0,8,280.5,0,0,2,-0.6000000000000001,1.673020362854004,0
3151,3,train,151,20,420.0,8,284.5,0,2,3,-0.6000000000000001,1.3171086311340332,0
3152,3,train,152,20,430.0,8,288.5,0,0,3,-0.6000000000000001,1.596153736114502,0
3153,3,train,153,23,444.5,8,292.5,0,0,3,-0.63,1.3082387447357178,0
3154,3,train,154,23,456.0,8,296.5,0,0,3,-0.63,1.5305004119873047,0
3155,3,train,155,23,467.5,8,300.5,0,0,3,-0.63,1.5148155689239502,0
3156,3,train,156,23,479.0,8,304.5,0,0,3,-0.63,1.8977569341659546,0
3157,3,train,157,23,490.5,8,308.5,0,0,3,-0.63,1.523784875869751,0
3158,3,train,158,23,502.0,8,312.5,0,0,3,-0.63,1.4054412841796875,0
3159,3,train,159,23,513.5,8,316.5,0,1,3,-0.63,1.881767749786377,0
3160,3,train,160,23,525.0,8,320.5,0,0,3,-0.63,1.8126578330993652,0
3161,3,train,161,24,538.0,8,324.5,0,0,3,-0.64,1.5732383728027344,0
3162,3,train,162,25,551.5,8,328.5,0,0,3,-0.65,1.0288485288619995,0
3163,3,train,163,25,564.0,8,332.5,0,0,3,-0.65,0.8574574589729309,0
3164,3,train,164,29,582.5,8,336.5,0,0,3,-0.69,1.393763542175293,0
3165,3,train,165,29,597.0,8,340.5,0,1,3,-0.69,1.117059588432312,0
3166,3,train,166,29,611.5,8,344.5,0,0,3,-0.69,1.636504888534546,0
3167,3,train,167,29,626.0,8,348.5,0,0,3,-0.69,1.3150207996368408,0
3168,3,train,168,30,642.0,8,352.5,0,0,3,-0.7,0.568879246711731,0
3169,3,train,169,31,658.5,8,356.5,0,0,3,-0.71,1.4107316732406616,0
3170,3,train,170,33,677.0,8,360.5,0,1,3,-0.73,1.2797572612762451,0
3171,3,train,171,34,695.0,8,364.5,0,0,3,-0.74,1.2332589626312256,0
3172,3,train,172,35,713.5,8,368.5,0,0,3,-0.75,1.3489080667495728,0
3173,3,train,173,36,732.5,8,372.5,0,0,3,-0.76,1.2784788608551025,0
3174,3,train,174,36,750.5,8,376.5,0,0,3,-0.76,1.165348768234253,0
3175,3,train,175,37,770.0,8,380.5,0,0,3,-0.77,1.9089114665985107,0
3176,3,train,176,38,790.0,8,384.5,0,1,3,-0.78,1.573951244354248,0
3177,3,train,177,38,809.0,8,388.5,0,0,3,-0.78,1.0217578411102295,0
3178,3,train,178,38,828.0,8,392.5,0,0,3,-0.78,1.2568987607955933,0
3179,3,train,179,38,847.0,8,396.5,0,0,3,-0.78,1.4375627040863037,0
3180,3,train,180,38,866.0,8,400.5,0,1,3,-0.78,1.5463569164276123,0
3181,3,train,181,38,885.0,8,404.5,0,0,3,-0.78,1.1503734588623047,0
3182,3,train,182,39,905.5,8,408.5,0,0,3,-0.79,1.444948434829712,0
3183,3,train,183,39,925.0,8,412.5,0,0,3,-0.79,1.1735332012176514,0
3184,3,train,184,39,944.5,8,416.5,0,0,3,-0.79,1.4286224842071533,0
3185,3,train,185,39,964.0,8,420.5,0,0,3,-0.79,1.4826470613479614,0
3186,3,train,186,41,986.5,8,424.5,0,1,3,-0.81,1.3985660076141357,0
3187,3,train,187,42,1008.5,8,428.5,0,0,3,-0.8200000000000001,1.6228394508361816,0
3188,3,train,188,42,1029.5,8,432.5,0,0,3,-0.8200000000000001,2.0469932556152344,0
3189,3,train,189,42,1050.5,8,436.5,0,0,3,-0.8200000000000001,1.0899196863174438,0
3190,3,train,190,42,1071.5,8,440.5,0,0,3,-0.8200000000000001,1.3880109786987305,0
3191,3,train,191,42,1092.5,8,444.5,0,2,3,-0.8200000000000001,1.7534466981887817,0
3192,3,train,192,44,1116.5,8,448.5,0,0,3,-0.8400000000000001,1.7619050741195679,0
3193,3,train,193,44,1138.5,8,452.5,0,0,3,-0.8400000000000001,1.5871706008911133,0
3194,3,train,194,44,1160.5,8,456.5,0,0,3,-0.8400000000000001,1.4221779108047485,0
3195,3,train,195,46,1185.5,8,460.5,0,0,3,-0.8600000000000001,1.3789141178131104,0
3196,3,train,196,47,1210.0,8,464.5,0,0,3,-0.87,1.1251838207244873,0
3197,3,train,197,47,1233.5,8,468.5,0,1,3,-0.87,1.1981414556503296,0
3198,3,train,198,47,1257.0,8,472.5,0,0,3,-0.87,1.0543073415756226,0
3199,3,train,199,47,1280.5,8,476.5,0,0,3,-0.87,1.1267011165618896,0
3200,3,train,200,48,1305.5,8,480.5,0,0,3,-0.88,1.1807125806808472,0
3201,3,train,201,49,1331.0,8,484.5,0,1,3,-0.89,1.102336049079895,0
3202,3,train,202,49,1355.5,8,488.5,0,0,3,-0.89,1.399456262588501,0
3203,3,train,203,49,1380.0,8,492.5,0,0,3,-0.89,1.3809694051742554,0
3204,3,train,204,49,1404.5,8,496.5,0,0,3,-0.89,1.4674484729766846,0
3205,3,train,205,50,1430.5,8,500.5,0,0,3,-0.9,0.7635970115661621,0
3206,3,train,206,51,1457.0,8,504.5,0,0,3,-0.91,1.1292568445205688,0
3207,3,train,207,51,1482.5,8,508.5,0,0,3,-0.91,1.6716761589050293,0
3208,3,train,208,51,1508.0,8,512.5,0,0,3,-0.91,1.8960697650909424,0
3209,3,train,209,51,1533.5,8,516.5,0,0,3,-0.91,1.5164328813552856,0
3210,3,train,210,51,1559.0,8,520.5,0,0,3,-0.91,1.5161852836608887,0
3211,3,train,211,52,1586.0,8,524.5,0,1,4,-0.92,0.8034818768501282,0
3212,3,train,212,53,1613.5,8,528.5,0,1,4,-0.93,1.2401394844055176,0
3213,3,train,213,53,1640.0,8,532.5,0,0,4,-0.93,1.225433588027954,0
3214,3,train,214,53,1666.5,8,536.5,0,0,4,-0.93,1.6809412240982056,0
3215,3,train,215,53,1693.0,8,540.5,0,0,4,-0.93,1.1548395156860352,0
3216,3,train,216,54,1721.0,8,544.5,0,0,4,-0.9400000000000001,1.5545024871826172,0
3217,3,train,217,54,1748.0,8,548.5,0,0,4,-0.9400000000000001,1.570539951324463,0
3218,3,train,218,54,1775.0,8,552.5,0,1,4,-0.9400000000000001,1.5413780212402344,0
3219,3,train,219,54,1802.0,8,556.5,0,0,4,-0.9400000000000001,1.410341739654541,0
3220,3,train,220,57,1833.5,8,560.5,0,0,4,-0.97,1.2464993000030518,0
3221,3,train,221,57,1862.0,8,564.5,0,0,4,-0.97,1.3172179460525513,0
3222,3,train,222,57,1890.5,8,568.5,0,0,4,-0.97,1.7737029790878296,0
3223,3,train,223,52,1577.5,8,572.5,0,0,5,-0.92,1.3687682151794434,0
3224,3,train,224,48,1370.0,8,576.5,0,0,5,-0.88,2.168524742126465,0
3225,3,train,225,44,1215.0,8,580.5,0,0,5,-0.8400000000000001,0.909927487373352,0
3226,3,train,226,41,1086.5,8,584.5,0,0,5,-0.81,1.45770263671875,0
3227,3,train,227,42,1108.5,8,588.5,0,0,5,-0.8200000000000001,1.342507243156433,0
3228,3,train,228,38,1006.0,8,592.5,0,0,5,-0.78,1.5343104600906372,0
3229,3,train,229,34,943.0,8,596.5,0,0,5,-0.74,1.8845317363739014,0
3230,3,train,230,31,922.0,8,600.5,0,0,5,-0.71,1.6211965084075928,0
3231,3,train,231,30,930.5,5,374.0,0,1,5,-0.55,0.8292263150215149,0
3232,3,train,232,28,926.5,4,291.0,0,0,5,-0.48000000000000004,1.5551519393920898,0
3233,3,train,233,29,942.0,3,227.5,0,0,5,-0.43999999999999995,0.6690747141838074,0
3234,3,train,234,29,956.5,3,229.0,0,0,5,-0.43999999999999995,1.0379074811935425,0
3235,3,train,235,30,972.5,3,230.5,0,0,5,-0.44999999999999996,1.4798164367675781,0
3236,3,train,236,30,987.0,3,232.0,0,0,5,-0.44999999999999996,1.4760348796844482,0
3237,3,train,237,31,1003.5,3,233.5,0,0,5,-0.45999999999999996,1.409041404724121,0
3238,3,train,238,31,1019.0,3,235.0,0,0,5,-0.45999999999999996,1.1863454580307007,0
3239,3,train,239,31,1034.5,3,236.5,0,0,5,-0.45999999999999996,1.3913450241088867,0
3240,3,train,240,31,1050.0,3,238.0,0,1,5,-0.45999999999999996,1.6283388137817383,0
3241,3,train,241,32,1067.0,2,163.0,0,0,5,-0.42000000000000004,1.6062570810317993,0
3242,3,train,242,32,1083.0,2,164.0,0,0,5,-0.42000000000000004,0.7655035257339478,0
3243,3,train,243,32,1099.0,2,165.0,0,0,5,-0.42000000000000004,1.4971497058868408,0
3244,3,train,244,32,1115.0,2,166.0,0,0,5,-0.42000000000000004,1.7923998832702637,0
3245,3,train,245,32,1131.0,2,167.0,0,0,5,-0.42000000000000004,1.0180193185806274,0
3246,3,train,246,32,1147.0,2,168.0,0,0,5,-0.42000000000000004,1.6699124574661255,0
3247,3,train,247,32,1163.0,2,169.0,0,0,5,-0.42000000000000004,1.348827600479126,0
3248,3,train,248,32,1179.0,2,170.0,0,0,5,-0.42000000000000004,1.3491379022598267,0
3249,3,train,249,32,1195.0,2,171.0,0,0,5,-0.42000000000000004,1.373665690422058,0
3250,3,train,250,32,1211.0,2,172.0,0,0,5,-0.42000000000000004,1.5272246599197388,0
3251,3,train,251,32,1227.0,2,173.0,0,0,5,-0.42000000000000004,1.7785875797271729,0
3252,3,train,252,32,1243.0,2,174.0,0,1,5,-0.42000000000000004,1.991302490234375,0
3253,3,train,253,33,1260.5,2,175.0,0,0,5,-0.43000000000000005,1.3171569108963013,0
3254,3,train,254,33,1277.0,2,176.0,0,0,5,-0.43000000000000005,1.5632328987121582,0
3255,3,train,255,33,1293.5,2,177.0,0,0,5,-0.43000000000000005,1.305184245109558,0
3256,3,train,256,33,1310.0,2,178.0,0,2,5,-0.43000000000000005,1.728495717048645,0
3257,3,train,257,33,1326.5,2,179.0,0,0,5,-0.43000000000000005,0.9020743370056152,0
3258,3,train,258,33,1343.0,2,180.0,0,0,5,-0.43000000000000005,1.2049354314804077,0
3259,3,train,259,33,1359.5,2,181.0,0,0,5,-0.43000000000000005,1.522452473640442,0
3260,3,train,260,33,1376.0,2,182.0,0,0,5,-0.43000000000000005,0.9281411170959473,0
3261,3,train,261,33,1392.5,2,183.0,0,1,5,-0.43000000000000005,1.5716755390167236,0
3262,3,train,262,33,1409.0,2,184.0,0,0,5,-0.43000000000000005,1.2767349481582642,0
3263,3,train,263,34,1427.0,2,185.0,0,0,5,-0.44000000000000006,0.7675397992134094,0
3264,3,train,264,35,1445.5,2,186.0,0,0,5,-0.44999999999999996,0.8742681741714478,0
3265,3,train,265,36,1464.5,2,187.0,0,0,5,-0.45999999999999996,1.5514384508132935,0
3266,3,train,266,36,1482.5,2,188.0,0,0,5,-0.45999999999999996,1.011444091796875,0
3267,3,train,267,36,1500.5,2,189.0,0,0,5,-0.45999999999999996,1.5896247625350952,0
3268,3,train,268,37,1520.0,2,190.0,0,0,5,-0.47,1.5190110206604004,0
3269,3,train,269,37,1538.5,2,191.0,0,0,5,-0.47,1.7465333938598633,0
3270,3,train,270,37,1557.0,2,192.0,0,0,5,-0.47,1.4648728370666504,0
3271,3,train,271,37,1575.5,2,193.0,0,0,5,-0.47,1.3928921222686768,0
3272,3,train,272,37,1594.0,2,194.0,0,0,5,-0.47,1.1895455121994019,0
3273,3,train,273,36,1416.0,2,195.0,0,0,6,-0.45999999999999996,1.7289739847183228,0
3274,3,train,274,35,1349.0,3,197.5,0,0,6,-0.5,2.0855040550231934,0
3275,3,train,275,35,1366.5,3,199.0,0,0,6,-0.5,1.6068905591964722,0
3276,3,train,276,35,1384.0,3,200.5,0,0,6,-0.5,1.5305848121643066,0
3277,3,train,277,35,1401.5,3,202.0,0,0,6,-0.5,1.632468819618225,0
3278,3,train,278,35,1419.0,3,203.5,0,0,6,-0.5,1.1129223108291626,0
3279,3,train,279,35,1436.5,3,205.0,0,0,6,-0.5,1.4107897281646729,0
3280,3,train,280,35,1454.0,3,206.5,0,0,6,-0.5,0.9523887038230896,0
3281,3,train,281,35,1471.5,5,211.0,0,0,6,-0.6,1.8112571239471436,0
3282,3,train,282,36,1490.5,4,211.5,0,0,6,-0.56,1.1558886766433716,0
3283,3,train,283,36,1508.5,4,213.5,0,0,6,-0.56,1.506302833557129,0
3284,3,train,284,37,1528.0,4,215.5,0,0,6,-0.5700000000000001,1.8665275573730469,0
3285,3,train,285,37,1546.5,6,220.5,0,0,6,-0.6699999999999999,1.7347588539123535,0
3286,3,train,286,38,1566.5,5,221.5,0,0,6,-0.63,0.723751425743103,0
3287,3,train,287,42,1591.5,5,224.0,0,2,6,-0.6699999999999999,1.5194963216781616,0
3288,3,train,288,42,1612.5,5,226.5,0,0,6,-0.6699999999999999,1.5398247241973877,0
3289,3,train,289,42,1633.5,6,230.5,0,0,6,-0.72,1.7004272937774658,0
3290,3,train,290,42,1654.5,6,233.5,0,0,6,-0.72,1.185002088546753,0
3291,3,train,291,42,1675.5,8,239.5,0,0,6,-0.8200000000000001,1.2577626705169678,0
3292,3,train,292,42,1696.5,8,243.5,0,0,6,-0.8200000000000001,1.3667762279510498,0
3293,3,train,293,42,1717.5,8,247.5,0,0,6,-0.8200000000000001,1.397620439529419,0
3294,3,train,294,43,1740.0,9,253.0,0,0,6,-0.88,2.0870280265808105,0
3295,3,train,295,44,1763.0,9,257.5,0,0,6,-0.89,1.4092562198638916,0
3296,3,train,296,45,1786.5,9,262.0,0,0,6,-0.9,0.8327114582061768,0
3297,3,train,297,45,1809.0,9,266.5,0,0,6,-0.9,0.3484302759170532,0
3298,3,train,298,45,1831.5,10,272.5,0,0,6,-0.95,1.5563780069351196,0
3299,3,train,299,45,1854.0,10,277.5,0,0,6,-0.95,1.2144417762756348,0
3300,3,train,300,45,1876.5,11,284.0,0,0,6,-1.0,1.5118982791900635,0
3301,3,train,301,45,1899.0,12,291.0,0,0,6,-1.05,1.0580949783325195,0
3302,3,train,302,45,1921.5,13,298.5,0,0,6,-1.1,1.1173317432403564,0
3303,3,train,303,45,1944.0,13,305.0,0,3,6,-1.1,1.4414682388305664,0
3304,3,train,304,45,1966.5,13,311.5,0,0,6,-1.1,1.3943126201629639,0
3305,3,train,305,46,1990.5,13,318.0,0,0,6,-1.11,1.3203325271606445,0
3306,3,train,306,47,2015.0,13,324.5,0,2,6,-1.12,1.7029407024383545,0
3307,3,train,307,47,2038.5,13,331.0,0,0,6,-1.12,1.8311971426010132,0
3308,3,train,308,47,2062.0,13,337.5,0,0,6,-1.12,1.5748600959777832,0
3309,3,train,309,47,2085.5,13,344.0,0,2,6,-1.12,1.470794677734375,0
3310,3,train,310,47,2109.0,13,350.5,0,0,6,-1.12,1.1249158382415771,0
3311,3,train,311,48,2134.0,13,357.0,0,0,6,-1.13,1.7046536207199097,0
3312,3,train,312,48,2158.0,13,363.5,0,1,6,-1.13,1.0640168190002441,0
3313,3,train,313,48,2182.0,13,370.0,0,1,6,-1.13,1.257969856262207,0
3314,3,train,314,49,2207.5,13,376.5,0,0,6,-1.1400000000000001,0.7688513994216919,0
3315,3,train,315,49,2232.0,13,383.0,0,2,6,-1.1400000000000001,1.4805238246917725,0
3316,3,train,316,49,2256.5,13,389.5,0,1,6,-1.1400000000000001,1.2795991897583008,0
3317,3,train,317,49,2281.0,13,396.0,0,0,6,-1.1400000000000001,1.1428725719451904,0
3318,3,train,318,49,2305.5,13,402.5,0,1,6,-1.1400000000000001,1.4043405055999756,0
3319,3,train,319,49,2330.0,13,409.0,0,1,6,-1.1400000000000001,1.825477957725525,0
3320,3,train,320,49,2354.5,13,415.5,0,1,6,-1.1400000000000001,1.549834132194519,0
3321,3,train,321,49,2379.0,14,423.5,0,1,6,-1.19,1.4902933835983276,0
3322,3,train,322,50,2405.0,14,430.5,0,0,6,-1.2,1.4373164176940918,0
3323,3,train,323,51,2431.5,14,437.5,0,1,6,-1.21,1.5887492895126343,0
3324,3,train,324,51,2457.0,14,444.5,0,5,6,-1.21,1.9335423707962036,0
3325,3,train,325,51,2482.5,14,451.5,0,0,6,-1.21,1.6506969928741455,0
3326,3,train,326,52,2509.5,14,458.5,0,1,6,-1.22,1.2597393989562988,0
3327,3,train,327,52,2535.5,14,465.5,0,2,6,-1.22,1.8811588287353516,0
3328,3,train,328,52,2561.5,14,472.5,0,0,6,-1.22,1.3160059452056885,0
3329,3,train,329,52,2587.5,14,479.5,0,1,6,-1.22,1.3858635425567627,0
3330,3,train,330,52,2613.5,14,486.5,0,3,6,-1.22,1.8534929752349854,0
3331,3,train,331,52,2639.5,14,493.5,0,0,6,-1.22,1.4154400825500488,0
3332,3,train,332,52,2665.5,14,500.5,0,1,6,-1.22,1.7045172452926636,0
3333,3,train,333,52,2691.5,14,507.5,0,2,6,-1.22,1.2634265422821045,0
3334,3,train,334,52,2717.5,14,514.5,0,2,6,-1.22,1.6872150897979736,0
3335,3,train,335,52,2743.5,14,521.5,0,2,6,-1.22,1.5757945775985718,0
3336,3,train,336,52,2769.5,14,528.5,0,1,6,-1.22,1.450339913368225,0
3337,3,train,337,52,2795.5,14,535.5,0,1,6,-1.22,1.808262825012207,0
3338,3,train,338,52,2821.5,14,542.5,0,1,6,-1.22,1.3238016366958618,0
3339,3,train,339,52,2847.5,14,549.5,0,1,6,-1.22,1.1666234731674194,0
3340,3,train,340,52,2873.5,14,556.5,0,1,6,-1.22,1.3242013454437256,0
3341,3,train,341,54,2902.5,14,563.5,0,0,6,-1.24,1.1273667812347412,0
3342,3,train,342,54,2929.5,14,570.5,0,1,6,-1.24,1.7925318479537964,0
3343,3,train,343,54,2956.5,14,577.5,0,0,6,-1.24,1.6888631582260132,0
3344,3,train,344,56,2986.5,14,584.5,0,1,6,-1.26,1.4274063110351562,0
3345,3,train,345,56,3014.5,14,591.5,0,0,6,-1.26,1.3740525245666504,0
3346,3,train,346,56,3042.5,14,598.5,0,0,6,-1.26,1.5402218103408813,0
3347,3,train,347,56,3070.5,14,605.5,0,1,6,-1.26,1.6729931831359863,0
3348,3,train,348,56,3098.5,14,612.5,0,0,6,-1.26,1.7611844539642334,0
3349,3,train,349,56,3126.5,14,619.5,0,1,6,-1.26,1.878576636314392,0
3350,3,train,350,56,3154.5,14,626.5,0,0,7,-1.26,1.2986419200897217,1
3351,3,train,351,56,3182.5,14,633.5,0,2,7,-1.26,1.4701931476593018,0
3352,3,train,352,56,3210.5,14,640.5,0,0,7,-1.26,1.7326390743255615,0
3353,3,train,353,56,3238.5,14,647.5,0,0,7,-1.26,1.0526496171951294,0
3354,3,train,354,58,3269.5,14,654.5,0,0,7,-1.2799999999999998,1.321171760559082,0
3355,3,train,355,58,3298.5,14,661.5,0,1,7,-1.2799999999999998,1.5089335441589355,0
3356,3,train,356,58,3327.5,14,668.5,0,0,7,-1.2799999999999998,1.4093787670135498,0
3357,3,train,357,59,3358.0,14,675.5,0,0,7,-1.29,1.4696136713027954,0
3358,3,train,358,59,3387.5,14,682.5,0,1,7,-1.29,1.1457886695861816,0
3359,3,train,359,60,3418.5,14,689.5,0,0,7,-1.2999999999999998,0.7996495366096497,0
3360,3,train,360,61,3450.0,14,696.5,0,0,7,-1.31,1.0120251178741455,0
3361,3,train,361,61,3480.5,14,703.5,0,1,7,-1.31,1.3263423442840576,0
3362,3,train,362,59,3224.0,14,710.5,0,0,8,-1.29,1.0024731159210205,0
3363,3,train,363,57,3048.5,14,717.5,0,2,8,-1.27,1.252423882484436,0
3364,3,train,364,56,2882.0,14,724.5,0,0,8,-1.26,1.2584542036056519,0
3365,3,train,365,54,2774.0,14,731.5,0,0,8,-1.24,1.3003041744232178,0
3366,3,train,366,54,2801.0,14,738.5,0,0,8,-1.24,1.5150810480117798,0
3367,3,train,367,52,2749.5,14,745.5,0,1,8,-1.22,1.3822717666625977,0
3368,3,train,368,52,2775.5,14,752.5,0,0,8,-1.22,1.3572726249694824,0
3369,3,train,369,53,2803.0,14,759.5,0,0,8,-1.23,1.0357470512390137,0
3370,3,train,370,55,2832.5,14,766.5,0,0,8,-1.25,1.6551599502563477,0
3371,3,train,371,55,2860.0,14,773.5,0,0,8,-1.25,1.131328821182251,0
3372,3,train,372,55,2887.5,14,780.5,0,0,8,-1.25,1.6012742519378662,0
3373,3,train,373,55,2915.0,14,787.5,0,0,8,-1.25,1.0914334058761597,0
3374,3,train,374,56,2944.0,14,794.5,0,0,8,-1.26,1.849068284034729,0
3375,3,train,375,57,2973.5,14,801.5,0,1,8,-1.27,1.4625422954559326,0
3376,3,train,376,57,3002.0,14,808.5,0,0,8,-1.27,1.6338741779327393,0
3377,3,train,377,57,3030.5,14,815.5,0,0,8,-1.27,1.2826344966888428,0
3378,3,train,378,58,3060.5,14,822.5,0,1,8,-1.2799999999999998,1.0642449855804443,0
3379,3,train,379,58,3089.5,14,829.5,0,1,8,-1.2799999999999998,1.423579454421997,0
3380,3,train,380,58,3118.5,14,836.5,0,0,8,-1.2799999999999998,1.4690659046173096,0
3381,3,train,381,58,3147.5,14,843.5,0,0,8,-1.2799999999999998,1.3922450542449951,0
3382,3,train,382,59,3178.0,14,850.5,0,0,8,-1.29,0.905685305595398,0
3383,3,train,383,59,3207.5,14,857.5,0,0,8,-1.29,1.4153096675872803,0
3384,3,train,384,63,3243.0,14,864.5,0,0,8,-1.33,1.7774704694747925,0
3385,3,train,385,63,3274.5,14,871.5,0,0,8,-1.33,1.5530941486358643,0
3386,3,train,386,63,3306.0,14,878.5,0,0,8,-1.33,0.9201123714447021,0
3387,3,train,387,63,3337.5,14,885.5,0,0,8,-1.33,1.11543869972229,0
3388,3,train,388,63,3369.0,14,892.5,0,0,9,-1.33,1.3609483242034912,1
3389,3,train,389,63,3400.5,14,899.5,0,1,9,-1.33,1.530050277709961,0
3390,3,train,390,63,3432.0,14,906.5,0,0,9,-1.33,1.4427818059921265,0
3391,3,train,391,63,3463.5,14,913.5,0,0,9,-1.33,1.1821558475494385,0
3392,3,train,392,64,3496.5,14,920.5,0,0,9,-1.3399999999999999,1.347127079963684,0
3393,3,train,393,66,3531.5,14,927.5,0,0,9,-1.3599999999999999,1.3566957712173462,0
3394,3,train,394,61,2851.5,11,799.0,0,0,0,-1.1600000000000001,1.5177720785140991,0
3395,3,train,395,57,2448.0,11,804.5,0,0,0,-1.12,1.7455463409423828,0
3396,3,train,396,53,2079.5,10,761.5,0,1,0,-1.03,1.2119255065917969,0
3397,3,train,397,50,1756.5,10,766.5,0,0,0,-1.0,1.5438978672027588,0
3398,3,train,398,54,1706.5,10,771.5,0,0,0,-1.04,1.4388604164123535,0
3399,3,train,399,51,1509.0,10,776.5,0,1,0,-1.01,1.8305001258850098,0
3400,3,train,400,48,1268.0,10,781.5,0,2,0,-0.98,1.596449851989746,0
3401,3,train,401,53,1299.5,10,786.5,0,0,0,-1.03,0.9120215177536011,0
3402,3,train,402,49,1081.0,8,569.5,0,0,0,-0.89,1.2967736721038818,0
3403,3,train,403,51,1108.5,7,516.0,0,0,0,-0.86,1.4083678722381592,0
3404,3,train,404,53,936.5,6,460.5,0,0,0,-0.8300000000000001,1.6942967176437378,0
3405,3,train,405,53,913.0,4,338.0,0,0,0,-0.73,1.123169183731079,0
3406,3,train,406,53,832.5,4,340.0,0,1,0,-0.73,1.5771846771240234,0
3407,3,train,407,52,815.5,4,342.0,0,0,0,-0.72,1.3356659412384033,0
3408,3,train,408,53,748.0,4,344.0,0,0,0,-0.73,0.7193267345428467,0
3409,3,train,409,49,666.5,4,346.0,0,1,0,-0.69,1.2804431915283203,0
3410,3,train,410,53,697.0,4,348.0,0,1,0,-0.73,1.6092554330825806,0
3411,3,train,411,49,661.0,4,350.0,0,0,0,-0.69,1.4653898477554321,0
3412,3,train,412,53,691.5,4,352.0,0,0,0,-0.73,1.5317714214324951,0
3413,3,train,413,53,689.0,3,296.0,0,0,0,-0.68,1.2978920936584473,0
3414,3,train,414,57,721.5,3,297.5,0,0,0,-0.72,1.4296729564666748,0
3415,3,train,415,56,737.5,2,128.5,0,1,0,-0.66,1.4202537536621094,0
3416,3,train,416,60,771.5,2,129.5,0,0,0,-0.7,1.3461652994155884,0
3417,3,train,417,60,801.5,2,130.5,0,0,0,-0.7,1.6127758026123047,0
3418,3,train,418,64,837.5,2,131.5,0,0,0,-0.74,1.2430577278137207,0
3419,3,train,419,64,869.5,2,132.5,0,1,0,-0.74,1.7708046436309814,0
3420,3,train,420,68,907.5,2,133.5,0,0,0,-0.78,1.2541865110397339,0
3421,3,train,421,68,941.5,2,134.5,0,0,0,-0.78,1.72661292552948,0
3422,3,train,422,72,981.5,2,135.5,0,0,0,-0.82,1.486507534980774,0
3423,3,train,423,72,1017.5,2,136.5,0,0,0,-0.82,1.372236728668213,0
3424,3,train,424,77,1061.0,2,137.5,0,0,0,-0.87,1.2601841688156128,0
3425,3,train,425,78,1101.0,2,138.5,0,0,0,-0.88,0.8782180547714233,0
3426,3,train,426,80,1143.0,2,139.5,0,0,0,-0.9,1.4781454801559448,0
3427,3,train,427,80,1183.0,2,140.5,0,1,0,-0.9,1.2178137302398682,0
3428,3,train,428,83,1227.5,2,141.5,0,0,0,-0.9299999999999999,1.113110065460205,0
3429,3,train,429,83,1269.0,2,142.5,0,0,0,-0.9299999999999999,1.1795244216918945,0
3430,3,train,430,83,1310.5,2,143.5,0,0,0,-0.9299999999999999,1.2501153945922852,0
3431,3,train,431,84,1353.5,2,144.5,0,0,0,-0.94,1.1807734966278076,0
3432,3,train,432,84,1395.5,2,145.5,0,0,0,-0.94,1.7545042037963867,0
3433,3,train,433,85,1439.0,2,146.5,0,0,0,-0.95,1.6864513158798218,0
3434,3,train,434,84,1425.5,2,147.5,0,0,0,-0.94,1.288179874420166,0
3435,3,train,435,84,1433.5,2,148.5,0,0,0,-0.94,1.6159533262252808,0
3436,3,train,436,82,1440.0,2,149.5,0,0,0,-0.9199999999999999,1.2927478551864624,0
3437,3,train,437,80,1446.5,2,150.5,0,0,0,-0.9,1.3959755897521973,0
3438,3,train,438,79,1470.0,2,151.5,0,0,0,-0.89,1.0736405849456787,0
3439,3,train,439,78,1492.5,2,152.5,0,0,0,-0.88,1.2568535804748535,0
3440,3,train,440,77,1500.0,2,153.5,0,0,0,-0.87,1.2981091737747192,0
3441,3,train,441,75,1506.5,2,154.5,0,0,0,-0.85,1.369903564453125,0
3442,3,train,442,76,1545.5,2,155.5,0,2,0,-0.86,1.5898900032043457,0
3443,3,train,443,74,1551.5,2,156.5,0,0,0,-0.84,1.6156367063522339,0
3444,3,train,444,70,1332.5,2,157.5,0,1,1,-0.7999999999999999,1.7143466472625732,0
3445,3,train,445,66,1276.0,2,158.5,0,0,1,-0.76,1.286750316619873,0
3446,3,train,446,62,1233.0,2,159.5,0,0,1,-0.72,1.6545644998550415,0
3447,3,train,447,58,1190.0,2,160.5,0,0,1,-0.6799999999999999,1.075105905532837,0
3448,3,train,448,58,1219.0,2,161.5,0,0,1,-0.6799999999999999,1.6167054176330566,0
3449,3,train,449,54,1174.0,2,162.5,0,0,1,-0.64,1.4637808799743652,0
3450,3,train,450,51,1143.5,2,163.5,0,0,1,-0.61,1.5224592685699463,0
3451,3,train,451,48,1112.0,2,164.5,0,0,1,-0.58,1.6444224119186401,0
3452,3,train,452,47,1111.0,2,165.5,0,0,1,-0.57,1.7021864652633667,0
3453,3,train,453,47,1086.5,2,166.5,0,0,1,-0.57,1.4335275888442993,0
3454,3,train,454,44,1066.5,2,167.5,0,0,1,-0.54,1.4839603900909424,0
3455,3,train,455,43,1081.5,2,168.5,0,0,1,-0.53,1.2011432647705078,0
3456,3,train,456,40,1059.0,2,169.5,0,0,1,-0.5,1.7063932418823242,0
3457,3,train,457,38,1039.0,2,170.5,0,0,1,-0.48,1.5663323402404785,0
3458,3,train,458,38,1058.0,2,171.5,1,1,1,-0.48,1.0349681377410889,0
3459,3,train,459,36,1037.0,2,172.5,0,0,1,-0.45999999999999996,0.9278068542480469,0
3460,3,train,460,35,1017.5,2,173.5,0,0,1,-0.44999999999999996,0.7831337451934814,0
3461,3,train,461,35,1035.0,2,174.5,0,0,1,-0.44999999999999996,0.9423259496688843,0
3462,3,train,462,33,1020.5,2,175.5,0,0,1,-0.43000000000000005,1.6156818866729736,0
3463,3,train,463,34,1038.5,2,176.5,0,0,1,-0.44000000000000006,1.65578031539917,0
3464,3,train,464,33,1034.0,2,177.5,0,2,1,-0.43000000000000005,1.7281887531280518,0
3465,3,train,465,32,1037.5,2,178.5,0,0,1,-0.42000000000000004,0.8607418537139893,0
3466,3,train,466,32,1053.5,2,179.5,0,0,1,-0.42000000000000004,1.319441795349121,0
3467,3,train,467,31,1066.0,2,180.5,0,0,1,-0.41000000000000003,1.2847464084625244,0
3468,3,train,468,31,1081.5,2,181.5,0,0,1,-0.41000000000000003,1.555448293685913,0
3469,3,train,469,31,1097.0,2,182.5,0,1,1,-0.41000000000000003,1.537522554397583,0
3470,3,train,470,31,1112.5,2,183.5,0,0,1,-0.41000000000000003,1.2736713886260986,0
3471,3,train,471,31,1128.0,4,187.5,0,0,1,-0.51,1.925873041152954,0
3472,3,train,472,31,1143.5,4,189.5,0,0,1,-0.51,1.1952403783798218,0
3473,3,train,473,32,1160.5,4,191.5,0,0,1,-0.52,1.4802186489105225,0
3474,3,train,474,32,1176.5,5,195.0,0,0,1,-0.5700000000000001,0.9935956001281738,0
3475,3,train,475,32,1192.5,5,197.5,0,0,1,-0.5700000000000001,1.283435583114624,0
3476,3,train,476,32,1208.5,5,200.0,0,0,1,-0.5700000000000001,1.402256965637207,0
3477,3,train,477,32,1224.5,5,202.5,0,0,1,-0.5700000000000001,1.4135551452636719,0
3478,3,train,478,32,1240.5,6,206.5,0,1,1,-0.62,1.5694580078125,0
3479,3,train,479,32,1256.5,6,209.5,0,0,1,-0.62,1.6835558414459229,0
3480,3,train,480,33,1274.0,7,214.0,0,0,1,-0.6799999999999999,1.404463291168213,0
3481,3,train,481,33,1290.5,7,217.5,0,0,1,-0.6799999999999999,1.5458431243896484,0
3482,3,train,482,34,1308.5,7,221.0,0,0,1,-0.69,1.6411504745483398,0
3483,3,train,483,34,1325.5,7,224.5,1,0,1,-0.69,1.2295743227005005,0
3484,3,train,484,35,1344.0,7,228.0,0,0,1,-0.7,1.2757033109664917,0
3485,3,train,485,36,1363.0,7,231.5,0,0,1,-0.71,1.202878713607788,0
3486,3,train,486,36,1381.0,7,235.0,0,0,1,-0.71,0.7532390356063843,0
3487,3,train,487,36,1399.0,7,238.5,0,0,1,-0.71,1.6760892868041992,0
3488,3,train,488,36,1417.0,10,246.5,0,0,1,-0.86,1.7909276485443115,0
3489,3,train,489,36,1435.0,9,249.5,0,0,1,-0.81,1.4048579931259155,0
3490,3,train,490,36,1453.0,9,254.0,0,0,1,-0.81,1.4801795482635498,0
3491,3,train,491,36,1471.0,9,258.5,1,0,1,-0.81,1.2626415491104126,0
3492,3,train,492,36,1489.0,10,264.5,0,0,1,-0.86,1.5235471725463867,0
3493,3,train,493,37,1508.5,11,271.0,0,0,1,-0.92,1.3045098781585693,0
3494,3,train,494,37,1527.0,12,278.0,0,0,1,-0.97,1.2716020345687866,0
3495,3,train,495,40,1550.0,11,282.0,0,0,1,-0.9500000000000001,0.81910240650177,0
3496,3,train,496,42,1573.0,11,287.5,0,0,1,-0.97,1.2459732294082642,0
3497,3,train,497,42,1594.0,11,293.0,0,0,1,-0.97,1.313454031944275,0
3498,3,train,498,42,1615.0,13,301.5,0,0,1,-1.07,1.1822987794876099,0
3499,3,train,499,42,1636.0,13,308.0,0,0,1,-1.07,1.5200953483581543,0
3500,3,train,500,42,1657.0,13,314.5,0,0,1,-1.07,1.3066449165344238,0
3501,3,train,501,42,1678.0,13,321.0,0,0,1,-1.07,1.5581796169281006,0
3502,3,train,502,42,1699.0,14,329.0,0,0,1,-1.1199999999999999,1.2689764499664307,0
3503,3,train,503,43,1721.5,14,336.0,0,0,1,-1.13,1.183969259262085,0
3504,3,train,504,43,1743.0,14,343.0,0,0,1,-1.13,1.5325627326965332,0
3505,3,train,505,43,1764.5,14,350.0,0,1,1,-1.13,1.4535412788391113,0
3506,3,train,506,45,1789.0,14,357.0,0,0,1,-1.15,1.5361711978912354,0
3507,3,train,507,45,1811.5,14,364.0,0,0,1,-1.15,1.574998140335083,0
3508,3,train,508,45,1834.0,14,371.0,0,0,1,-1.15,1.4397588968276978,0
3509,3,train,509,45,1856.5,14,378.0,0,0,1,-1.15,1.4718871116638184,0
3510,3,train,510,45,1879.0,14,385.0,0,0,1,-1.15,1.3434906005859375,0
3511,3,train,511,45,1901.5,14,392.0,0,0,1,-1.15,1.2315192222595215,0
3512,3,train,512,46,1925.5,14,399.0,0,0,1,-1.16,1.1357266902923584,0
3513,3,train,513,46,1948.5,14,406.0,0,1,1,-1.16,1.3226115703582764,0
3514,3,train,514,46,1971.5,14,413.0,0,1,1,-1.16,1.7241960763931274,0
3515,3,train,515,46,1994.5,14,420.0,0,0,1,-1.16,1.23579740524292,0
3516,3,train,516,46,2017.5,14,427.0,0,1,1,-1.16,1.5911412239074707,0
3517,3,train,517,46,2040.5,14,434.0,0,1,1,-1.16,1.5516912937164307,0
3518,3,train,518,46,2063.5,14,441.0,0,1,1,-1.16,0.9900042414665222,0
3519,3,train,519,46,2086.5,14,448.0,0,1,1,-1.16,1.7065653800964355,0
3520,3,train,520,47,2111.0,14,455.0,0,1,1,-1.17,1.2641841173171997,0
3521,3,train,521,47,2134.5,14,462.0,0,0,1,-1.17,1.3801120519638062,0
3522,3,train,522,47,2158.0,14,469.0,0,1,1,-1.17,1.2830009460449219,0
3523,3,train,523,47,2181.5,14,476.0,0,0,1,-1.17,1.3808120489120483,0
3524,3,train,524,48,2206.5,14,483.0,0,2,1,-1.18,1.3175668716430664,0
3525,3,train,525,48,2230.5,14,490.0,0,1,1,-1.18,1.6498637199401855,0
3526,3,train,526,48,2254.5,14,497.0,0,0,1,-1.18,1.4287997484207153,0
3527,3,train,527,48,2278.5,14,504.0,0,2,1,-1.18,1.2411755323410034,0
3528,3,train,528,48,2302.5,14,511.0,0,0,1,-1.18,1.5189208984375,0
3529,3,train,529,48,2326.5,14,518.0,0,0,1,-1.18,1.4448448419570923,0
3530,3,train,530,48,2350.5,14,525.0,0,2,1,-1.18,1.385053038597107,0
3531,3,train,531,48,2374.5,14,532.0,0,2,1,-1.18,1.4700297117233276,0
3532,3,train,532,49,2400.0,14,539.0,0,0,1,-1.19,1.3164808750152588,0
3533,3,train,533,50,2426.0,14,546.0,0,3,1,-1.2,1.3369536399841309,0
3534,3,train,534,50,2451.0,14,553.0,0,1,2,-1.2,1.3241500854492188,0
3535,3,train,535,51,2477.5,14,560.0,0,0,2,-1.21,1.7833255529403687,0
3536,3,train,536,51,2503.0,14,567.0,0,3,2,-1.21,1.5413527488708496,0
3537,3,train,537,51,2528.5,14,574.0,0,0,2,-1.21,1.5572351217269897,0
3538,3,train,538,52,2555.5,14,581.0,0,1,2,-1.22,1.602212905883789,0
3539,3,train,539,52,2581.5,14,588.0,0,1,2,-1.22,1.3252992630004883,0
3540,3,train,540,52,2607.5,14,595.0,0,1,2,-1.22,1.55892014503479,0
3541,3,train,541,52,2633.5,14,602.0,0,1,2,-1.22,1.5917587280273438,0
3542,3,train,542,52,2659.5,14,609.0,0,1,2,-1.22,1.1040077209472656,0
3543,3,train,543,52,2685.5,14,616.0,0,0,2,-1.22,1.4871848821640015,0
3544,3,train,544,52,2711.5,14,623.0,0,2,2,-1.22,1.2558451890945435,0
3545,3,train,545,52,2737.5,14,630.0,0,0,2,-1.22,1.5494415760040283,0
3546,3,train,546,50,2501.5,14,637.0,0,2,3,-1.2,1.6230261325836182,0
3547,3,train,547,49,2346.5,14,644.0,0,2,3,-1.19,1.3606690168380737,0
3548,3,train,548,47,2251.5,14,651.0,0,1,3,-1.17,1.2240192890167236,0
3549,3,train,549,46,2220.0,14,658.0,0,2,3,-1.16,1.5258677005767822,0
3550,3,train,550,46,2243.0,14,665.0,0,1,3,-1.16,1.1357150077819824,0
3551,3,train,551,46,2266.0,14,672.0,0,1,3,-1.16,1.0194485187530518,0
3552,3,train,552,46,2289.0,14,679.0,0,2,3,-1.16,1.4089813232421875,0
3553,3,train,553,48,2315.0,14,686.0,0,1,3,-1.18,1.2202173471450806,0
3554,3,train,554,48,2339.0,14,693.0,0,1,3,-1.18,1.3877204656600952,0
3555,3,train,555,48,2363.0,14,700.0,0,1,3,-1.18,1.609863519668579,0
3556,3,train,556,49,2388.5,14,707.0,0,2,3,-1.19,1.6236742734909058,0
3557,3,train,557,53,2419.0,14,714.0,0,1,3,-1.23,0.9899270534515381,0
3558,3,train,558,55,2448.5,14,721.0,0,1,3,-1.25,1.523396611213684,0
3559,3,train,559,55,2476.0,14,728.0,0,1,3,-1.25,1.1446576118469238,0
3560,3,train,560,56,2505.0,14,735.0,0,1,4,-1.26,1.511742115020752,1
3561,3,train,561,56,2533.0,14,742.0,0,1,4,-1.26,1.1125599145889282,0
3562,3,train,562,57,2562.5,14,749.0,0,1,4,-1.27,1.2301933765411377,0
3563,3,train,563,57,2591.0,14,756.0,0,1,4,-1.27,1.3990765810012817,0
3564,3,train,564,57,2619.5,14,763.0,1,1,4,-1.27,1.3309086561203003,0
3565,3,train,565,58,2649.5,14,770.0,0,1,4,-1.2799999999999998,1.193758249282837,0
3566,3,train,566,58,2678.5,14,777.0,0,2,4,-1.2799999999999998,1.577233076095581,0
3567,3,train,567,61,2712.0,14,784.0,0,1,4,-1.31,1.3927860260009766,0
3568,3,train,568,61,2742.5,14,791.0,0,2,4,-1.31,1.7860281467437744,0
3569,3,train,569,61,2773.0,14,798.0,0,1,4,-1.31,1.359402060508728,0
3570,3,train,570,61,2803.5,14,805.0,0,1,4,-1.31,1.7369569540023804,0
3571,3,train,571,64,2838.5,14,812.0,0,1,4,-1.3399999999999999,1.5090458393096924,0
3572,3,train,572,59,2432.0,10,638.5,0,1,5,-1.0899999999999999,1.0556004047393799,0
3573,3,train,573,55,2086.0,10,643.5,0,2,5,-1.05,1.814685344696045,0
3574,3,train,574,51,1766.0,10,648.5,0,1,5,-1.01,1.8327250480651855,0
3575,3,train,575,47,1483.5,10,653.5,0,1,5,-0.97,1.769363284111023,0
3576,3,train,576,47,1507.0,10,658.5,0,2,5,-0.97,1.89876127243042,0
3577,3,train,577,43,1257.5,10,663.5,0,1,5,-0.9299999999999999,1.1929712295532227,0
3578,3,train,578,39,1053.0,9,627.0,0,1,5,-0.8400000000000001,1.6228744983673096,0
3579,3,train,579,38,980.5,8,576.0,0,1,5,-0.78,1.3169419765472412,0
3580,3,train,580,37,900.5,7,534.5,0,0,5,-0.72,1.7994813919067383,0
3581,3,train,581,35,783.5,7,538.0,0,1,5,-0.7,1.3281067609786987,0
3582,3,train,582,34,758.0,7,541.5,0,2,5,-0.69,0.9627001285552979,0
3583,3,train,583,32,711.0,5,440.0,0,0,5,-0.5700000000000001,1.6400172710418701,0
3584,3,train,584,28,641.5,5,442.5,0,0,5,-0.53,1.6988526582717896,0
3585,3,train,585,26,634.0,5,445.0,0,2,5,-0.51,1.3002104759216309,0
3586,3,train,586,25,629.0,5,447.5,0,1,5,-0.5,1.4764935970306396,0
3587,3,train,587,23,622.5,4,401.5,0,0,5,-0.43000000000000005,1.3871934413909912,0
3588,3,train,588,24,635.5,4,403.5,0,1,5,-0.44,1.1727805137634277,0
3589,3,train,589,23,637.0,4,405.5,0,0,5,-0.43000000000000005,1.7181649208068848,0
3590,3,train,590,22,646.0,4,407.5,0,0,5,-0.42000000000000004,1.4796441793441772,0
3591,3,train,591,23,658.5,3,259.5,0,0,5,-0.38,1.7593472003936768,0
3592,3,train,592,23,670.0,3,261.0,0,0,5,-0.38,1.5065701007843018,0
3593,3,train,593,23,681.5,3,262.5,0,0,5,-0.38,1.7425265312194824,0
3594,3,train,594,23,693.0,3,264.0,0,0,5,-0.38,1.3207446336746216,0
3595,3,train,595,23,704.5,3,265.5,0,0,5,-0.38,1.4923696517944336,0
3596,3,train,596,23,716.0,3,267.0,0,2,5,-0.38,0.45448461174964905,0
3597,3,train,597,23,727.5,3,268.5,0,0,5,-0.38,1.3083869218826294,0
3598,3,train,598,23,739.0,2,112.0,0,0,5,-0.33,1.4738805294036865,0
3599,3,train,599,24,752.0,2,113.0,0,0,5,-0.33999999999999997,1.5265135765075684,0
3600,3,train,600,25,765.5,2,114.0,0,0,5,-0.35,1.6726007461547852,0
3601,3,train,601,26,779.5,2,115.0,0,0,5,-0.36,0.8736920356750488,0
3602,3,train,602,28,795.5,2,116.0,0,0,5,-0.38,1.7256686687469482,0
3603,3,train,603,28,809.5,2,117.0,0,1,5,-0.38,1.3553001880645752,0
3604,3,train,604,29,825.0,2,118.0,0,0,5,-0.39,1.5185246467590332,0
3605,3,train,605,29,839.5,2,119.0,0,0,5,-0.39,1.7372722625732422,0
3606,3,train,606,29,854.0,2,120.0,0,0,5,-0.39,1.2066843509674072,0
3607,3,train,607,30,870.0,2,121.0,0,1,5,-0.4,1.4534447193145752,0
3608,3,train,608,30,885.0,2,122.0,0,0,5,-0.4,1.1608160734176636,0
3609,3,train,609,30,900.0,2,123.0,0,0,5,-0.4,1.9527153968811035,0
3610,3,train,610,31,916.5,2,124.0,0,0,5,-0.41000000000000003,1.445176601409912,0
3611,3,train,611,31,932.0,2,125.0,0,1,5,-0.41000000000000003,1.183879017829895,0
3612,3,train,612,32,949.0,2,126.0,0,0,5,-0.42000000000000004,1.1965268850326538,0
3613,3,train,613,32,965.0,2,127.0,0,0,5,-0.42000000000000004,0.8230593800544739,0
3614,3,train,614,32,981.0,2,128.0,0,0,5,-0.42000000000000004,1.5131001472473145,0
3615,3,train,615,32,997.0,2,129.0,0,0,5,-0.42000000000000004,1.3418943881988525,0
3616,3,train,616,32,1013.0,2,130.0,0,0,5,-0.42000000000000004,1.6221312284469604,0
3617,3,train,617,32,1029.0,2,131.0,0,0,5,-0.42000000000000004,1.4489434957504272,0
3618,3,train,618,32,1045.0,2,132.0,0,0,5,-0.42000000000000004,1.5648128986358643,0
3619,3,train,619,32,1061.0,2,133.0,0,0,5,-0.42000000000000004,1.6966240406036377,0
3620,3,train,620,34,1080.0,2,134.0,0,0,5,-0.44000000000000006,1.3371689319610596,0
3621,3,train,621,34,1097.0,2,135.0,0,1,5,-0.44000000000000006,1.6286637783050537,0
3622,3,train,622,32,984.0,2,136.0,0,0,6,-0.42000000000000004,1.2351659536361694,0
3623,3,train,623,30,976.0,2,137.0,0,0,6,-0.4,1.7361775636672974,0
3624,3,train,624,30,991.0,2,138.0,0,0,6,-0.4,1.8024615049362183,0
3625,3,train,625,30,1006.0,2,139.0,0,0,6,-0.4,1.2005459070205688,0
3626,3,train,626,30,1021.0,2,140.0,0,2,6,-0.4,1.4618737697601318,0
3627,3,train,627,30,1036.0,2,141.0,0,0,6,-0.4,1.9818170070648193,0
3628,3,train,628,30,1051.0,2,142.0,0,0,6,-0.4,1.3613293170928955,0
3629,3,train,629,30,1066.0,2,143.0,0,1,6,-0.4,1.3714274168014526,0
3630,3,train,630,31,1082.5,2,144.0,0,0,6,-0.41000000000000003,0.7573326826095581,0
3631,3,train,631,31,1098.0,2,145.0,0,0,6,-0.41000000000000003,1.3477203845977783,0
3632,3,train,632,31,1113.5,2,146.0,0,1,6,-0.41000000000000003,1.3926897048950195,0
3633,3,train,633,32,1130.5,2,147.0,1,0,6,-0.42000000000000004,1.5154755115509033,0
3634,3,train,634,33,1148.0,2,148.0,0,1,6,-0.43000000000000005,1.622389793395996,0
3635,3,train,635,34,1166.0,2,149.0,0,0,6,-0.44000000000000006,0.6340548992156982,0
3636,3,train,636,35,1184.5,2,150.0,0,0,6,-0.44999999999999996,1.2586426734924316,0
3637,3,train,637,35,1202.0,2,151.0,0,1,6,-0.44999999999999996,1.4763307571411133,0
3638,3,train,638,36,1221.0,2,152.0,0,0,6,-0.45999999999999996,0.957973837852478,0
3639,3,train,639,37,1240.5,2,153.0,0,0,6,-0.47,1.1053757667541504,0
3640,3,train,640,37,1259.0,2,154.0,0,0,6,-0.47,1.3522536754608154,0
3641,3,train,641,37,1277.5,2,155.0,0,0,6,-0.47,1.4991860389709473,0
3642,3,train,642,37,1296.0,2,156.0,0,0,6,-0.47,1.42025625705719,0
3643,3,train,643,37,1314.5,2,157.0,0,0,6,-0.47,1.4874024391174316,0
3644,3,train,644,37,1333.0,2,158.0,0,1,6,-0.47,1.3153856992721558,0
3645,3,train,645,37,1351.5,2,159.0,0,0,6,-0.47,1.3213881254196167,0
3646,3,train,646,37,1370.0,2,160.0,0,0,6,-0.47,1.3785701990127563,0
3647,3,train,647,37,1388.5,2,161.0,0,0,6,-0.47,1.6434005498886108,0
3648,3,train,648,38,1408.5,2,162.0,1,0,6,-0.48,1.4494855403900146,0
3649,3,train,649,39,1429.0,2,163.0,0,1,6,-0.49,1.2945548295974731,0
3650,3,train,650,40,1450.0,2,164.0,0,0,6,-0.5,1.637314796447754,0
3651,3,train,651,40,1470.0,2,165.0,0,0,6,-0.5,0.9735881090164185,0
3652,3,train,652,40,1490.0,2,166.0,0,2,6,-0.5,1.2697240114212036,0
3653,3,train,653,40,1510.0,2,167.0,0,0,6,-0.5,1.504749059677124,0
3654,3,train,654,40,1530.0,2,168.0,0,0,6,-0.5,1.0997889041900635,0
3655,3,train,655,40,1550.0,3,170.5,0,2,6,-0.55,1.420755386352539,0
3656,3,train,656,40,1570.0,3,172.0,1,0,6,-0.55,1.1016812324523926,0
3657,3,train,657,40,1590.0,3,173.5,0,0,6,-0.55,0.5008893609046936,0
3658,3,train,658,40,1610.0,3,175.0,0,1,6,-0.55,0.6288847327232361,0
3659,3,train,659,40,1630.0,3,176.5,0,0,6,-0.55,1.4856761693954468,0
3660,3,train,660,41,1651.5,3,178.0,0,0,6,-0.5599999999999999,1.0608086585998535,0
3661,3,train,661,41,1672.0,4,181.0,0,1,6,-0.61,1.513946533203125,0
3662,3,train,662,41,1692.5,4,183.0,0,2,6,-0.61,1.6933577060699463,0
3663,3,train,663,41,1713.0,4,185.0,1,0,6,-0.61,1.6336085796356201,0
3664,3,train,664,41,1733.5,4,187.0,0,1,6,-0.61,1.757441759109497,0
3665,3,train,665,41,1754.0,5,190.5,0,2,6,-0.6599999999999999,1.5617316961288452,0
3666,3,train,666,41,1774.5,6,194.5,0,0,6,-0.71,1.2831083536148071,0
3667,3,train,667,41,1795.0,6,197.5,0,3,6,-0.71,1.4611918926239014,0
3668,3,train,668,42,1817.0,6,200.5,0,1,6,-0.72,1.8742945194244385,0
3669,3,train,669,44,1841.0,6,203.5,0,0,6,-0.74,1.2400578260421753,0
3670,3,train,670,44,1863.0,6,206.5,0,4,6,-0.74,1.8196942806243896,0
3671,3,train,671,44,1885.0,6,209.5,0,0,6,-0.74,1.2098016738891602,0
3672,3,train,672,44,1907.0,6,212.5,1,0,6,-0.74,1.1233465671539307,0
3673,3,train,673,44,1929.0,7,217.0,0,4,6,-0.79,1.3083380460739136,0
3674,3,train,674,44,1951.0,7,220.5,0,0,6,-0.79,1.6830129623413086,0
3675,3,train,675,44,1973.0,7,224.0,0,1,6,-0.79,1.929517149925232,0
3676,3,train,676,44,1995.0,7,227.5,0,2,6,-0.79,1.2908880710601807,0
3677,3,train,677,44,2017.0,8,232.5,0,1,6,-0.8400000000000001,1.4814317226409912,0
3678,3,train,678,44,2039.0,8,236.5,0,1,6,-0.8400000000000001,0.9631701707839966,0
3679,3,train,679,44,2061.0,8,240.5,0,1,6,-0.8400000000000001,1.4924010038375854,0
3680,3,train,680,45,2084.5,8,244.5,0,1,6,-0.8500000000000001,0.8357570171356201,0
3681,3,train,681,46,2108.5,8,248.5,0,0,6,-0.8600000000000001,1.2677247524261475,0
3682,3,train,682,46,2131.5,9,254.0,0,0,6,-0.91,1.923723816871643,0
3683,3,train,683,46,2154.5,9,258.5,0,0,6,-0.91,1.3143994808197021,0
3684,3,train,684,46,2177.5,10,264.5,0,0,6,-0.96,1.3080906867980957,0
3685,3,train,685,46,2200.5,11,271.0,0,0,6,-1.01,1.4604378938674927,0
3686,3,train,686,46,2223.5,10,274.5,0,0,6,-0.96,1.359699010848999,0
3687,3,train,687,46,2246.5,10,279.5,0,1,6,-0.96,1.7191927433013916,0
3688,3,train,688,46,2269.5,10,284.5,0,0,6,-0.96,1.468687653541565,0
3689,3,train,689,47,2294.0,11,291.0,0,1,6,-1.02,1.2706177234649658,0
3690,3,train,690,48,2319.0,11,296.5,0,0,6,-1.03,1.639614462852478,0
3691,3,train,691,48,2343.0,12,303.5,0,1,6,-1.08,1.2112164497375488,0
3692,3,train,692,48,2367.0,12,309.5,0,1,6,-1.08,1.305753469467163,0
3693,3,train,693,48,2391.0,12,315.5,0,1,6,-1.08,1.676514744758606,0
3694,3,train,694,48,2415.0,12,321.5,0,1,6,-1.08,1.4953994750976562,0
3695,3,train,695,48,2439.0,12,327.5,0,1,6,-1.08,1.0370440483093262,0
3696,3,train,696,48,2463.0,13,335.0,0,0,6,-1.13,1.0317509174346924,0
3697,3,train,697,48,2487.0,13,341.5,0,1,6,-1.13,1.18407142162323,0
3698,3,train,698,48,2511.0,12,345.5,0,2,6,-1.08,1.2279938459396362,0
3699,3,train,699,48,2535.0,12,351.5,0,1,6,-1.08,1.7354917526245117,0
3700,3,train,700,48,2559.0,12,357.5,0,3,6,-1.08,1.6267139911651611,0
3701,3,train,701,48,2583.0,13,365.0,0,0,6,-1.13,0.981701135635376,0
3702,3,train,702,48,2607.0,14,373.0,0,1,6,-1.18,1.4534425735473633,0
3703,3,train,703,48,2631.0,13,378.0,0,2,6,-1.13,1.2398371696472168,0
3704,3,train,704,49,2656.5,13,384.5,0,3,6,-1.1400000000000001,1.4075276851654053,0
3705,3,train,705,50,2682.5,13,391.0,0,1,6,-1.15,1.4532654285430908,0
3706,3,train,706,52,2710.5,13,397.5,0,2,6,-1.17,1.3028340339660645,0
3707,3,train,707,53,2738.0,14,405.5,0,0,6,-1.23,1.422165036201477,0
3708,3,train,708,53,2764.5,14,412.5,0,2,7,-1.23,1.3526548147201538,1
3709,3,train,709,54,2792.5,14,419.5,0,2,7,-1.24,1.2340221405029297,0
3710,3,train,710,55,2821.0,14,426.5,0,0,7,-1.25,1.8381927013397217,0
3711,3,train,711,57,2851.5,14,433.5,0,0,7,-1.27,1.5618090629577637,0
3712,3,train,712,57,2880.0,14,440.5,0,1,7,-1.27,1.5086941719055176,0
3713,3,train,713,57,2908.5,14,447.5,0,0,7,-1.27,1.6479853391647339,0
3714,3,train,714,58,2938.5,14,454.5,0,0,7,-1.2799999999999998,1.1513895988464355,0
3715,3,train,715,58,2967.5,14,461.5,0,0,7,-1.2799999999999998,1.345949411392212,0
3716,3,train,716,58,2996.5,14,468.5,0,0,7,-1.2799999999999998,1.3015353679656982,0
3717,3,train,717,58,3025.5,14,475.5,0,0,7,-1.2799999999999998,1.3174185752868652,0
3718,3,train,718,58,3054.5,14,482.5,0,1,7,-1.2799999999999998,0.8618150353431702,0
3719,3,train,719,59,3085.0,14,489.5,0,1,7,-1.29,1.704582691192627,0
3720,3,train,720,57,2805.0,14,496.5,0,0,8,-1.27,1.3782997131347656,0
3721,3,train,721,55,2576.5,14,503.5,0,1,8,-1.25,1.8311524391174316,0
3722,3,train,722,54,2412.0,14,510.5,0,1,8,-1.24,1.3792071342468262,0
3723,3,train,723,53,2393.5,14,517.5,0,0,8,-1.23,1.6262807846069336,0
3724,3,train,724,53,2340.5,14,524.5,0,0,8,-1.23,0.9589508175849915,0
3725,3,train,725,51,2311.0,14,531.5,0,0,8,-1.21,0.6888970136642456,0
3726,3,train,726,50,2326.5,14,538.5,0,0,8,-1.2,1.0315814018249512,0
3727,3,train,727,51,2353.0,14,545.5,0,0,8,-1.21,0.904380738735199,0
3728,3,train,728,51,2378.5,14,552.5,0,0,8,-1.21,1.5171173810958862,0
3729,3,train,729,51,2404.0,14,559.5,0,0,8,-1.21,1.8201260566711426,0
3730,3,train,730,51,2429.5,14,566.5,0,0,8,-1.21,1.6035552024841309,0
3731,3,train,731,52,2456.5,14,573.5,0,1,8,-1.22,1.6068190336227417,0
3732,3,train,732,52,2482.5,14,580.5,0,0,8,-1.22,1.6292608976364136,0
3733,3,train,733,53,2510.0,14,587.5,0,0,8,-1.23,1.302539348602295,0
3734,3,train,734,53,2536.5,14,594.5,0,0,8,-1.23,1.393750786781311,0
3735,3,train,735,54,2564.5,14,601.5,0,0,9,-1.24,1.5528916120529175,1
3736,3,train,736,57,2596.0,14,608.5,0,0,9,-1.27,1.4470220804214478,0
3737,3,train,737,57,2624.5,14,615.5,0,0,9,-1.27,1.0293442010879517,0
3738,3,train,738,57,2653.0,14,622.5,0,0,9,-1.27,1.515338659286499,0
3739,3,train,739,59,2684.5,14,629.5,0,0,9,-1.29,1.5259376764297485,0
3740,3,train,740,59,2714.0,14,636.5,0,0,9,-1.29,1.2366693019866943,0
3741,3,train,741,55,2186.5,10,487.5,0,0,0,-1.05,1.018969178199768,0
3742,3,train,742,51,1880.5,10,492.5,0,0,0,-1.01,1.0293402671813965,0
3743,3,train,743,47,1605.5,10,497.5,0,0,0,-0.97,1.9567067623138428,0
3744,3,train,744,44,1415.5,10,502.5,0,0,0,-0.94,1.158163070678711,0
3745,3,train,745,46,1387.5,10,507.5,0,0,0,-0.96,1.5035762786865234,0
3746,3,train,746,43,1174.0,10,512.5,0,0,0,-0.9299999999999999,0.9019503593444824,0
3747,3,train,747,42,1095.5,10,517.5,0,0,0,-0.9199999999999999,1.692922592163086,0
3748,3,train,748,42,1022.0,10,522.5,0,0,0,-0.9199999999999999,1.1875730752944946,0
3749,3,train,749,40,881.0,8,369.0,0,2,0,-0.8,1.0324277877807617,0
3750,3,train,750,41,902.5,6,306.0,0,2,0,-0.71,1.2832754850387573,0
3751,3,train,751,39,803.0,6,309.0,0,0,0,-0.69,1.5497134923934937,0
3752,3,train,752,37,775.5,4,232.0,0,0,0,-0.5700000000000001,1.3552677631378174,0
3753,3,train,753,37,760.0,4,234.0,0,1,0,-0.5700000000000001,1.6068389415740967,0
3754,3,train,754,35,749.0,4,236.0,0,1,0,-0.55,1.7838321924209595,0
3755,3,train,755,34,735.0,4,238.0,0,0,0,-0.54,1.411278247833252,0
3756,3,train,756,33,747.0,4,240.0,0,0,0,-0.53,1.2580502033233643,0
3757,3,train,757,36,768.0,4,242.0,0,0,0,-0.56,1.174201488494873,0
3758,3,train,758,36,786.0,4,244.0,0,0,0,-0.56,1.5224381685256958,0
3759,3,train,759,39,808.5,3,215.5,0,1,0,-0.54,1.104407548904419,0
3760,3,train,760,39,828.0,2,75.5,0,0,0,-0.49,1.2256840467453003,0
3761,3,train,761,41,850.5,2,76.5,0,0,0,-0.51,1.5297126770019531,0
3762,3,train,762,41,871.0,2,77.5,0,0,0,-0.51,1.6063439846038818,0
3763,3,train,763,43,894.5,2,78.5,0,1,0,-0.53,1.6522259712219238,0
3764,3,train,764,43,916.0,2,79.5,0,0,0,-0.53,1.318908452987671,0
3765,3,train,765,45,940.5,2,80.5,0,0,0,-0.55,1.5384852886199951,0
3766,3,train,766,45,963.0,2,81.5,0,0,0,-0.55,1.5720610618591309,0
3767,3,train,767,46,987.0,2,82.5,1,0,0,-0.56,0.6804701089859009,0
3768,3,train,768,46,1010.0,2,83.5,0,0,0,-0.56,0.9333117604255676,0
3769,3,train,769,46,1033.0,2,84.5,0,0,0,-0.56,0.7863004207611084,0
3770,3,train,770,47,1057.5,2,85.5,0,0,0,-0.57,1.564863920211792,0
3771,3,train,771,48,1082.5,2,86.5,0,0,0,-0.58,1.7948740720748901,0
3772,3,train,772,48,1106.5,2,87.5,0,0,0,-0.58,1.5848466157913208,0
3773,3,train,773,48,1130.5,2,88.5,0,0,0,-0.58,1.3827786445617676,0
3774,3,train,774,48,1154.5,2,89.5,0,1,0,-0.58,0.9997236728668213,0
3775,3,train,775,49,1180.0,2,90.5,0,0,0,-0.59,1.6202704906463623,0
3776,3,train,776,51,1207.5,2,91.5,0,2,0,-0.61,1.2799551486968994,0
3777,3,train,777,51,1233.0,2,92.5,1,0,0,-0.61,1.505298137664795,0
3778,3,train,778,52,1260.0,2,93.5,0,0,0,-0.62,1.4008152484893799,0
3779,3,train,779,52,1286.0,2,94.5,0,0,0,-0.62,1.420867681503296,0
3780,3,train,780,53,1313.5,2,95.5,0,0,0,-0.63,1.7987513542175293,0
3781,3,train,781,53,1340.0,2,96.5,0,1,0,-0.63,1.8436365127563477,0
3782,3,train,782,54,1368.0,2,97.5,0,0,0,-0.64,1.6643564701080322,0
3783,3,train,783,54,1395.0,2,98.5,0,0,0,-0.64,1.5123190879821777,0
3784,3,train,784,51,1359.0,2,99.5,1,0,0,-0.61,1.25762939453125,0
3785,3,train,785,49,1344.5,2,100.5,0,0,0,-0.59,1.5905580520629883,0
3786,3,train,786,48,1332.5,2,101.5,0,0,0,-0.58,1.6495227813720703,0
3787,3,train,787,47,1338.0,2,102.5,0,0,0,-0.57,1.1622518301010132,0
3788,3,train,788,48,1345.5,2,103.5,0,0,0,-0.58,1.7668194770812988,0
3789,3,train,789,46,1332.5,2,104.5,0,0,0,-0.56,1.4680943489074707,0
3790,3,train,790,45,1321.0,2,105.5,0,1,0,-0.55,1.5468993186950684,0
3791,3,train,791,43,1136.5,2,106.5,0,0,1,-0.53,0.7845503091812134,0
3792,3,train,792,40,1055.0,2,107.5,0,0,1,-0.5,0.9279265999794006,0
3793,3,train,793,39,1057.5,2,108.5,0,0,1,-0.49,1.5110950469970703,0
3794,3,train,794,37,1042.0,2,109.5,0,0,1,-0.47,1.3722004890441895,0
3795,3,train,795,36,1043.0,2,110.5,0,0,1,-0.45999999999999996,1.7098788022994995,0
3796,3,train,796,35,1044.0,2,111.5,0,0,1,-0.44999999999999996,1.7244725227355957,0
3797,3,train,797,33,1027.5,2,112.5,0,0,1,-0.43000000000000005,1.3738596439361572,0
3798,3,train,798,32,1029.0,2,113.5,0,0,1,-0.42000000000000004,1.509761929512024,0
3799,3,train,799,32,1030.5,2,114.5,0,0,1,-0.42000000000000004,1.0819432735443115,0
3800,3,train,800,32,1036.5,2,115.5,0,0,1,-0.42000000000000004,1.5947520732879639,0
3801,3,train,801,30,1043.5,2,116.5,0,0,1,-0.4,1.1880258321762085,0
3802,3,train,802,31,1060.0,2,117.5,0,1,1,-0.41000000000000003,1.146333932876587,0
3803,3,train,803,31,1075.5,2,118.5,0,0,1,-0.41000000000000003,1.0817945003509521,0
3804,3,train,804,31,1091.0,2,119.5,0,0,1,-0.41000000000000003,1.3999757766723633,0
3805,3,train,805,32,1108.0,2,120.5,0,0,1,-0.42000000000000004,1.810282588005066,0
3806,3,train,806,32,1124.0,2,121.5,0,0,1,-0.42000000000000004,1.7559797763824463,0
3807,3,train,807,32,1140.0,2,122.5,0,0,1,-0.42000000000000004,1.4284422397613525,0
3808,3,train,808,35,1160.5,2,123.5,0,2,1,-0.44999999999999996,1.0631699562072754,0
3809,3,train,809,35,1178.0,2,124.5,0,1,1,-0.44999999999999996,1.2221174240112305,0
3810,3,train,810,35,1195.5,2,125.5,0,0,1,-0.44999999999999996,1.7556123733520508,0
3811,3,train,811,35,1213.0,2,126.5,0,0,1,-0.44999999999999996,1.4325993061065674,0
3812,3,train,812,35,1230.5,2,127.5,0,1,1,-0.44999999999999996,1.4856902360916138,0
3813,3,train,813,35,1248.0,2,128.5,0,0,1,-0.44999999999999996,1.6690335273742676,0
3814,3,train,814,35,1265.5,2,129.5,0,0,1,-0.44999999999999996,1.4803967475891113,0
3815,3,train,815,35,1283.0,2,130.5,1,1,1,-0.44999999999999996,1.5254102945327759,0
3816,3,train,816,35,1300.5,2,131.5,0,0,1,-0.44999999999999996,1.5046981573104858,0
3817,3,train,817,36,1319.5,2,132.5,1,0,1,-0.45999999999999996,1.5253229141235352,0
3818,3,train,818,36,1337.5,2,133.5,0,0,1,-0.45999999999999996,0.9527899026870728,0
3819,3,train,819,36,1355.5,2,134.5,0,0,1,-0.45999999999999996,1.1931248903274536,0
3820,3,train,820,36,1373.5,2,135.5,0,1,1,-0.45999999999999996,1.0332701206207275,0
3821,3,train,821,36,1391.5,2,136.5,1,0,1,-0.45999999999999996,1.0491604804992676,0
3822,3,train,822,36,1409.5,3,139.0,0,0,1,-0.51,1.5218112468719482,0
3823,3,train,823,36,1427.5,3,140.5,0,1,1,-0.51,1.486201524734497,0
3824,3,train,824,36,1445.5,3,142.0,0,0,1,-0.51,0.8084439635276794,0
3825,3,train,825,37,1465.0,3,143.5,0,0,1,-0.52,1.485644817352295,0
3826,3,train,826,37,1483.5,3,145.0,0,1,1,-0.52,1.2251453399658203,0
3827,3,train,827,39,1505.0,3,146.5,0,0,1,-0.54,0.796927809715271,0
3828,3,train,828,39,1524.5,3,148.0,0,0,1,-0.54,1.363579273223877,0
3829,3,train,829,39,1544.0,3,149.5,0,0,1,-0.54,1.704350471496582,0
3830,3,train,830,39,1563.5,3,151.0,0,0,1,-0.54,1.6309536695480347,0
3831,3,train,831,39,1583.0,3,152.5,1,0,1,-0.54,0.9015048742294312,0
3832,3,train,832,39,1602.5,4,155.5,0,0,1,-0.5900000000000001,0.9206293821334839,0
3833,3,train,833,39,1622.0,4,157.5,0,0,1,-0.5900000000000001,1.6696431636810303,0
3834,3,train,834,39,1641.5,5,161.0,0,1,1,-0.64,1.8883730173110962,0
3835,3,train,835,39,1661.0,5,163.5,0,0,1,-0.64,1.4742776155471802,0
3836,3,train,836,39,1680.5,6,167.5,0,0,1,-0.69,1.6420140266418457,0
3837,3,train,837,39,1700.0,6,170.5,0,1,1,-0.69,1.4712896347045898,0
3838,3,train,838,40,1721.0,6,173.5,0,0,1,-0.7,1.6832051277160645,0
3839,3,train,839,40,1741.0,6,176.5,0,0,1,-0.7,1.1391856670379639,0
3840,3,train,840,41,1762.5,6,179.5,1,0,1,-0.71,1.9096968173980713,0
3841,3,train,841,41,1783.0,6,182.5,0,0,1,-0.71,1.4778990745544434,0
3842,3,train,842,42,1805.0,6,185.5,0,1,1,-0.72,1.4462149143218994,0
3843,3,train,843,43,1827.5,6,188.5,0,0,1,-0.73,1.1761806011199951,0
3844,3,train,844,45,1852.0,6,191.5,0,0,1,-0.75,1.7975528240203857,0
3845,3,train,845,45,1874.5,6,194.5,0,1,1,-0.75,1.2237486839294434,0
3846,3,train,846,45,1897.0,6,197.5,0,0,1,-0.75,1.3168401718139648,0
3847,3,train,847,45,1919.5,6,200.5,0,0,1,-0.75,1.6182628870010376,0
3848,3,train,848,45,1942.0,6,203.5,0,1,1,-0.75,1.5069869756698608,0
3849,3,train,849,45,1964.5,6,206.5,0,1,1,-0.75,1.161635160446167,0
3850,3,train,850,45,1987.0,6,209.5,1,0,1,-0.75,1.7055842876434326,0
3851,3,train,851,45,2009.5,6,212.5,0,1,1,-0.75,1.5594017505645752,0
3852,3,train,852,46,2033.5,6,215.5,0,0,1,-0.76,1.7491072416305542,0
3853,3,train,853,47,2058.0,6,218.5,0,1,1,-0.77,1.5973654985427856,0
3854,3,train,854,47,2081.5,6,221.5,0,1,1,-0.77,0.8553676605224609,0
3855,3,train,855,48,2106.5,6,224.5,0,1,1,-0.78,1.4107640981674194,0
3856,3,train,856,48,2130.5,6,227.5,0,1,1,-0.78,0.7161369323730469,0
3857,3,train,857,49,2156.0,6,230.5,0,1,1,-0.79,1.1678471565246582,0
3858,3,train,858,49,2180.5,7,235.0,0,0,1,-0.84,1.1553337574005127,0
3859,3,train,859,49,2205.0,7,238.5,0,1,1,-0.84,1.5834064483642578,0
3860,3,train,860,49,2229.5,7,242.0,0,1,1,-0.84,1.545719861984253,0
3861,3,train,861,49,2254.0,7,245.5,0,1,1,-0.84,1.313939094543457,0
3862,3,train,862,49,2278.5,7,249.0,0,0,1,-0.84,1.3894685506820679,0
3863,3,train,863,49,2303.0,6,248.5,0,1,1,-0.79,1.5175247192382812,0
3864,3,train,864,50,2329.0,6,251.5,0,2,1,-0.8,1.4225236177444458,0
3865,3,train,865,50,2354.0,7,256.0,0,0,1,-0.85,1.3405921459197998,0
3866,3,train,866,50,2379.0,7,259.5,0,1,1,-0.85,1.1583044528961182,0
3867,3,train,867,50,2404.0,7,263.0,0,0,1,-0.85,1.9087029695510864,0
3868,3,train,868,50,2429.0,7,266.5,0,1,1,-0.85,1.4630597829818726,0
3869,3,train,869,50,2454.0,7,270.0,0,1,1,-0.85,1.328296184539795,0
3870,3,train,870,50,2479.0,7,273.5,1,0,1,-0.85,1.1888614892959595,0
3871,3,train,871,50,2504.0,7,277.0,0,1,1,-0.85,1.1112877130508423,0
3872,3,train,872,50,2529.0,8,282.0,0,1,1,-0.9,1.5514678955078125,0
3873,3,train,873,50,2554.0,8,286.0,0,1,1,-0.9,1.6251509189605713,0
3874,3,train,874,51,2580.5,8,290.0,0,0,1,-0.91,1.0442469120025635,0
3875,3,train,875,51,2606.0,8,294.0,0,1,1,-0.91,1.4853096008300781,0
3876,3,train,876,51,2631.5,9,299.5,0,1,1,-0.96,1.4853557348251343,0
3877,3,train,877,52,2658.5,9,304.0,0,2,1,-0.97,0.8936269283294678,0
3878,3,train,878,52,2684.5,9,308.5,0,1,1,-0.97,1.7220053672790527,0
3879,3,train,879,52,2710.5,10,314.5,0,1,1,-1.02,1.178381323814392,0
3880,3,train,880,52,2736.5,10,319.5,0,2,1,-1.02,1.6161978244781494,0
3881,3,train,881,52,2762.5,10,324.5,0,0,2,-1.02,1.4762217998504639,0
3882,3,train,882,53,2790.0,10,329.5,0,0,2,-1.03,1.3763532638549805,0
3883,3,train,883,53,2816.5,10,334.5,0,2,2,-1.03,1.1098449230194092,0
3884,3,train,884,54,2844.5,10,339.5,0,0,2,-1.04,1.4333181381225586,0
3885,3,train,885,54,2871.5,10,344.5,0,1,2,-1.04,1.5593117475509644,0
3886,3,train,886,54,2898.5,11,351.0,0,0,2,-1.09,1.4990519285202026,0
3887,3,train,887,56,2928.5,12,358.0,0,0,2,-1.1600000000000001,1.2652559280395508,0
3888,3,train,888,56,2956.5,11,362.0,0,0,2,-1.11,1.4012987613677979,0
3889,3,train,889,58,2987.5,11,367.5,0,2,2,-1.13,0.4934702515602112,0
3890,3,train,890,58,3016.5,11,373.0,0,0,2,-1.13,1.0318284034729004,0
3891,3,train,891,60,3048.5,11,378.5,0,0,2,-1.15,1.5809504985809326,0
3892,3,train,892,60,3078.5,11,384.0,0,2,2,-1.15,1.0207457542419434,0
3893,3,train,893,58,2813.0,11,389.5,0,0,3,-1.13,0.8921787142753601,0
3894,3,train,894,57,2585.0,12,396.5,0,0,3,-1.17,1.5313827991485596,0
3895,3,train,895,55,2421.5,12,402.5,1,2,3,-1.15,1.601627230644226,0
3896,3,train,896,54,2325.5,12,408.5,0,3,3,-1.1400000000000001,1.1398017406463623,0
3897,3,train,897,54,2352.5,12,414.5,0,0,3,-1.1400000000000001,1.225664734840393,0
3898,3,train,898,53,2324.5,13,422.0,0,2,3,-1.1800000000000002,1.3181217908859253,0
3899,3,train,899,52,2320.0,13,428.5,0,0,3,-1.17,1.1226047277450562,0
3900,3,train,900,52,2346.0,13,435.0,0,0,3,-1.17,1.356209635734558,0
3901,3,train,901,52,2372.0,12,438.5,0,2,3,-1.12,1.76638662815094,0
3902,3,train,902,52,2398.0,12,444.5,0,0,3,-1.12,1.455470323562622,0
3903,3,train,903,53,2425.5,12,450.5,1,0,3,-1.13,1.7069213390350342,0
3904,3,train,904,54,2453.5,13,458.0,0,2,3,-1.19,1.6045622825622559,0
3905,3,train,905,54,2480.5,13,464.5,0,1,3,-1.19,1.2740389108657837,0
3906,3,train,906,55,2509.0,13,471.0,1,0,3,-1.2000000000000002,0.716012716293335,0
3907,3,train,907,56,2538.0,13,477.5,0,1,4,-1.21,1.7573904991149902,1
3908,3,train,908,56,2566.0,13,484.0,0,1,4,-1.21,1.8440170288085938,0
3909,3,train,909,56,2594.0,14,492.0,0,0,4,-1.26,1.3522201776504517,0
3910,3,train,910,56,2622.0,13,497.0,0,2,4,-1.21,1.4837284088134766,0
3911,3,train,911,56,2650.0,13,503.5,0,1,4,-1.21,1.2497193813323975,0
3912,3,train,912,56,2678.0,13,510.0,0,0,4,-1.21,1.5131230354309082,0
3913,3,train,913,57,2707.5,14,518.0,0,1,4,-1.27,0.8708138465881348,0
3914,3,train,914,57,2736.0,14,525.0,0,0,4,-1.27,1.4902068376541138,0
3915,3,train,915,59,2767.5,14,532.0,0,2,4,-1.29,1.4499387741088867,0
3916,3,train,916,62,2801.5,14,539.0,0,0,4,-1.3199999999999998,1.7536892890930176,0
3917,3,train,917,62,2832.5,14,546.0,0,1,4,-1.3199999999999998,1.436751127243042,0
3918,3,train,918,62,2863.5,14,553.0,0,1,4,-1.3199999999999998,1.7717264890670776,0
3919,3,train,919,59,2509.0,10,378.0,0,1,5,-1.0899999999999999,1.3691445589065552,0
3920,3,train,920,57,2179.5,10,383.0,0,1,5,-1.0699999999999998,1.6218364238739014,0
3921,3,train,921,53,1899.5,10,388.0,0,0,5,-1.03,0.967910885810852,0
3922,3,train,922,51,1663.0,10,393.0,0,0,5,-1.01,1.7749090194702148,0
3923,3,train,923,50,1626.5,10,398.0,0,1,5,-1.0,1.558746576309204,0
3924,3,train,924,49,1474.5,10,403.0,0,0,5,-0.99,1.5730711221694946,0
3925,3,train,925,45,1290.5,9,396.0,0,0,5,-0.9,1.3426084518432617,0
3926,3,train,926,43,1231.5,9,400.5,0,1,5,-0.88,1.2177621126174927,0
3927,3,train,927,41,1183.5,8,396.5,0,1,5,-0.81,1.4506958723068237,0
3928,3,train,928,37,1074.0,6,338.0,0,0,5,-0.6699999999999999,1.547278881072998,0
3929,3,train,929,35,1036.0,6,341.0,0,1,5,-0.6499999999999999,1.5060813426971436,0
3930,3,train,930,33,1023.5,5,315.5,0,0,5,-0.5800000000000001,1.1043918132781982,0
3931,3,train,931,30,983.0,5,318.0,0,0,5,-0.55,1.6897430419921875,0
3932,3,train,932,29,978.5,5,320.5,0,0,5,-0.54,1.3438525199890137,0
3933,3,train,933,29,984.5,5,323.0,0,0,5,-0.54,1.7036349773406982,0
3934,3,train,934,28,983.5,4,304.0,0,0,5,-0.48000000000000004,1.3735395669937134,0
3935,3,train,935,28,996.5,4,306.0,0,0,5,-0.48000000000000004,1.539542317390442,0
3936,3,train,936,28,1010.5,4,308.0,0,0,5,-0.48000000000000004,1.6394832134246826,0
3937,3,train,937,28,1024.5,4,310.0,0,0,5,-0.48000000000000004,0.9630528688430786,0
3938,3,train,938,28,1038.5,4,312.0,0,0,5,-0.48000000000000004,1.0959537029266357,0
3939,3,train,939,28,1052.5,3,185.0,0,1,5,-0.43000000000000005,1.2176272869110107,0
3940,3,train,940,28,1066.5,3,186.5,0,0,5,-0.43000000000000005,1.2191612720489502,0
3941,3,train,941,28,1080.5,3,188.0,0,0,5,-0.43000000000000005,1.491883397102356,0
3942,3,train,942,29,1096.0,3,189.5,0,0,5,-0.43999999999999995,1.4787516593933105,0
3943,3,train,943,29,1110.5,3,191.0,0,0,5,-0.43999999999999995,0.8641464710235596,0
3944,3,train,944,30,1126.5,3,192.5,0,0,5,-0.44999999999999996,1.488082766532898,0
3945,3,train,945,30,1141.5,2,65.5,0,0,5,-0.4,1.6616885662078857,0
3946,3,train,946,31,1158.0,2,66.5,0,0,5,-0.41000000000000003,1.5826668739318848,0
3947,3,train,947,31,1173.5,2,67.5,0,1,5,-0.41000000000000003,1.5073304176330566,0
3948,3,train,948,31,1189.0,2,68.5,0,0,5,-0.41000000000000003,1.4698677062988281,0
3949,3,train,949,33,1207.5,2,69.5,0,0,5,-0.43000000000000005,1.5408694744110107,0
3950,3,train,950,33,1224.0,2,70.5,0,0,5,-0.43000000000000005,1.5740909576416016,0
3951,3,train,951,33,1240.5,2,71.5,0,0,5,-0.43000000000000005,1.1766128540039062,0
3952,3,train,952,33,1257.0,2,72.5,0,1,5,-0.43000000000000005,1.5743647813796997,0
3953,3,train,953,33,1273.5,2,73.5,0,0,5,-0.43000000000000005,1.4587032794952393,0
3954,3,train,954,34,1291.5,2,74.5,0,0,5,-0.44000000000000006,1.3243075609207153,0
3955,3,train,955,35,1310.0,2,75.5,0,0,5,-0.44999999999999996,1.1543333530426025,0
3956,3,train,956,35,1327.5,2,76.5,0,0,5,-0.44999999999999996,1.2332154512405396,0
3957,3,train,957,35,1345.0,2,77.5,0,0,5,-0.44999999999999996,1.6705725193023682,0
3958,3,train,958,35,1362.5,2,78.5,0,0,5,-0.44999999999999996,1.5666677951812744,0
3959,3,train,959,35,1380.0,2,79.5,0,0,5,-0.44999999999999996,1.5457756519317627,0
3960,3,train,960,35,1397.5,2,80.5,1,0,5,-0.44999999999999996,1.4358807802200317,0
3961,3,train,961,35,1415.0,2,81.5,0,1,5,-0.44999999999999996,1.1826329231262207,0
3962,3,train,962,36,1434.0,2,82.5,0,0,5,-0.45999999999999996,1.3070340156555176,0
3963,3,train,963,36,1452.0,2,83.5,0,0,5,-0.45999999999999996,0.9635817408561707,0
3964,3,train,964,36,1470.0,2,84.5,0,0,5,-0.45999999999999996,1.99342942237854,0
3965,3,train,965,36,1488.0,2,85.5,0,0,5,-0.45999999999999996,1.4361929893493652,0
3966,3,train,966,36,1506.0,2,86.5,0,0,5,-0.45999999999999996,1.4412118196487427,0
3967,3,train,967,36,1524.0,2,87.5,0,0,5,-0.45999999999999996,1.3281912803649902,0
3968,3,train,968,36,1542.0,2,88.5,0,0,5,-0.45999999999999996,1.4049949645996094,0
3969,3,train,969,34,1405.5,2,89.5,0,1,6,-0.44000000000000006,1.6531144380569458,0
3970,3,train,970,32,1368.0,2,90.5,0,0,6,-0.42000000000000004,1.5077152252197266,0
3971,3,train,971,32,1384.0,2,91.5,0,0,6,-0.42000000000000004,1.7101763486862183,0
3972,3,train,972,33,1401.5,2,92.5,0,0,6,-0.43000000000000005,1.5977784395217896,0
3973,3,train,973,33,1418.0,2,93.5,0,2,6,-0.43000000000000005,1.0269123315811157,0
3974,3,train,974,33,1434.5,2,94.5,0,0,6,-0.43000000000000005,0.956213653087616,0
3975,3,train,975,33,1451.0,2,95.5,0,0,6,-0.43000000000000005,1.7796413898468018,0
3976,3,train,976,33,1467.5,2,96.5,0,2,6,-0.43000000000000005,1.2821519374847412,0
3977,3,train,977,33,1484.0,2,97.5,0,0,6,-0.43000000000000005,1.4644485712051392,0
3978,3,train,978,33,1500.5,2,98.5,0,0,6,-0.43000000000000005,1.1326448917388916,0
3979,3,train,979,33,1517.0,2,99.5,0,2,6,-0.43000000000000005,1.7740068435668945,0
3980,3,train,980,33,1533.5,2,100.5,0,0,6,-0.43000000000000005,1.3806332349777222,0
3981,3,train,981,36,1554.5,2,101.5,0,1,6,-0.45999999999999996,1.6115164756774902,0
3982,3,train,982,36,1572.5,2,102.5,0,1,6,-0.45999999999999996,1.5905723571777344,0
3983,3,train,983,37,1592.0,2,103.5,0,0,6,-0.47,0.8874145150184631,0
3984,3,train,984,39,1613.5,2,104.5,0,0,6,-0.49,1.3795888423919678,0
3985,3,train,985,39,1633.0,2,105.5,0,2,6,-0.49,1.4727202653884888,0
3986,3,train,986,40,1654.0,2,106.5,0,0,6,-0.5,1.6404290199279785,0
3987,3,train,987,41,1675.5,2,107.5,0,0,6,-0.51,1.4749324321746826,0
3988,3,train,988,41,1696.0,2,108.5,0,0,6,-0.51,1.28810715675354,0
3989,3,train,989,42,1718.0,2,109.5,1,0,6,-0.52,1.6611711978912354,0
3990,3,train,990,42,1739.0,2,110.5,0,0,6,-0.52,1.8505539894104004,0
3991,3,train,991,42,1760.0,2,111.5,0,0,6,-0.52,1.8903968334197998,0
3992,3,train,992,42,1781.0,2,112.5,0,0,6,-0.52,1.5145854949951172,0
3993,3,train,993,43,1803.5,2,113.5,0,0,6,-0.53,1.2964320182800293,0
3994,3,train,994,44,1826.5,2,114.5,0,0,6,-0.54,1.229895830154419,0
3995,3,train,995,44,1848.5,2,115.5,0,0,6,-0.54,1.340186595916748,0
3996,3,train,996,44,1870.5,2,116.5,0,0,6,-0.54,1.1382087469100952,0
3997,3,train,997,44,1892.5,2,117.5,0,0,6,-0.54,1.5571681261062622,0
3998,3,train,998,44,1914.5,2,118.5,0,1,6,-0.54,1.3045663833618164,0
3999,3,train,999,44,1936.5,3,121.0,0,2,6,-0.59,1.8712332248687744,0
4000,4,train,0,0,0.0,0,0.0,0,0,0,-0.0,1.2926676273345947,0
4001,4,train,1,0,0.0,0,0.0,0,0,0,-0.0,1.8665945529937744,0
4002,4,train,2,0,0.0,0,0.0,0,0,0,-0.0,0.7762978076934814,0
4003,4,train,3,0,0.0,0,0.0,0,0,0,-0.0,1.738502025604248,0
4004,4,train,4,0,0.0,0,0.0,0,0,0,-0.0,1.7829341888427734,0
4005,4,train,5,0,0.0,0,0.0,0,0,0,-0.0,1.8094322681427002,0
4006,4,train,6,0,0.0,0,0.0,0,0,0,-0.0,1.1474597454071045,0
4007,4,train,7,0,0.0,0,0.0,0,0,0,-0.0,1.5324057340621948,0
4008,4,train,8,0,0.0,0,0.0,0,0,0,-0.0,1.1296780109405518,0
4009,4,train,9,0,0.0,0,0.0,0,0,0,-0.0,1.5005558729171753,0
4010,4,train,10,0,0.0,0,0.0,0,0,0,-0.0,1.6919665336608887,0
4011,4,train,11,0,0.0,0,0.0,0,0,0,-0.0,1.107704997062683,0
4012,4,train,12,0,0.0,0,0.0,0,0,0,-0.0,1.4278249740600586,0
4013,4,train,13,0,0.0,0,0.0,0,0,0,-0.0,1.4141638278961182,0
4014,4,train,14,0,0.0,0,0.0,0,0,0,-0.0,1.8285555839538574,0
4015,4,train,15,0,0.0,0,0.0,0,0,0,-0.0,1.827589988708496,0
4016,4,train,16,0,0.0,0,0.0,0,0,0,-0.0,1.5405325889587402,0
4017,4,train,17,0,0.0,0,0.0,0,0,0,-0.0,0.9053237438201904,0
4018,4,train,18,0,0.0,0,0.0,0,0,0,-0.0,1.6105021238327026,0
4019,4,train,19,0,0.0,0,0.0,0,0,0,-0.0,1.3095918893814087,0
4020,4,train,20,0,0.0,0,0.0,0,0,0,-0.0,1.386007308959961,0
4021,4,train,21,0,0.0,0,0.0,0,0,0,-0.0,1.4868009090423584,0
4022,4,train,22,0,0.0,0,0.0,0,0,0,-0.0,1.3089275360107422,0
4023,4,train,23,0,0.0,0,0.0,0,0,0,-0.0,0.9374172687530518,0
4024,4,train,24,0,0.0,0,0.0,0,0,0,-0.0,1.5518229007720947,0
4025,4,train,25,0,0.0,0,0.0,0,0,0,-0.0,1.1646816730499268,0
4026,4,train,26,0,0.0,0,0.0,0,0,0,-0.0,1.598473072052002,0
4027,4,train,27,0,0.0,0,0.0,0,0,0,-0.0,1.567855954170227,0
4028,4,train,28,0,0.0,0,0.0,0,0,0,-0.0,1.662941336631775,0
4029,4,train,29,0,0.0,0,0.0,0,0,0,-0.0,1.3670384883880615,0
4030,4,train,30,0,0.0,0,0.0,0,0,0,-0.0,1.6148453950881958,0
4031,4,train,31,0,0.0,0,0.0,0,0,0,-0.0,1.3314454555511475,0
4032,4,train,32,0,0.0,0,0.0,0,0,0,-0.0,1.4380837678909302,0
4033,4,train,33,0,0.0,0,0.0,0,0,0,-0.0,1.202871322631836,0
4034,4,train,34,0,0.0,0,0.0,0,0,0,-0.0,1.7028816938400269,0
4035,4,train,35,0,0.0,0,0.0,0,0,0,-0.0,1.4542431831359863,0
4036,4,train,36,0,0.0,0,0.0,0,0,0,-0.0,1.6171574592590332,0
4037,4,train,37,0,0.0,0,0.0,0,0,0,-0.0,1.625624179840088,0
4038,4,train,38,0,0.0,0,0.0,0,0,0,-0.0,1.3310878276824951,0
4039,4,train,39,0,0.0,0,0.0,0,0,0,-0.0,1.4734020233154297,0
4040,4,train,40,0,0.0,0,0.0,0,0,0,-0.0,1.4983208179473877,0
4041,4,train,41,0,0.0,0,0.0,0,0,0,-0.0,1.1279314756393433,0
4042,4,train,42,0,0.0,0,0.0,0,0,0,-0.0,1.086361050605774,0
4043,4,train,43,0,0.0,0,0.0,0,0,0,-0.0,1.731717824935913,0
4044,4,train,44,0,0.0,0,0.0,0,0,0,-0.0,1.362121820449829,0
4045,4,train,45,0,0.0,0,0.0,0,0,0,-0.0,1.6752657890319824,0
4046,4,train,46,0,0.0,0,0.0,0,0,0,-0.0,1.3150699138641357,0
4047,4,train,47,0,0.0,0,0.0,0,0,0,-0.0,1.1239935159683228,0
4048,4,train,48,0,0.0,0,0.0,0,0,0,-0.0,1.4269213676452637,0
4049,4,train,49,0,0.0,0,0.0,0,0,1,-0.0,1.758988857269287,0
4050,4,train,50,0,0.0,0,0.0,0,0,1,-0.0,1.0652234554290771,0
4051,4,train,51,0,0.0,0,0.0,0,0,1,-0.0,1.2902204990386963,0
4052,4,train,52,0,0.0,0,0.0,0,0,1,-0.0,1.8411264419555664,0
4053,4,train,53,0,0.0,0,0.0,0,0,1,-0.0,1.0614709854125977,0
4054,4,train,54,0,0.0,0,0.0,0,0,1,-0.0,1.845726728439331,0
4055,4,train,55,0,0.0,0,0.0,0,0,1,-0.0,1.3639588356018066,0
4056,4,train,56,0,0.0,0,0.0,0,0,1,-0.0,1.5626630783081055,0
4057,4,train,57,0,0.0,0,0.0,0,0,1,-0.0,1.2854106426239014,0
4058,4,train,58,0,0.0,0,0.0,0,0,1,-0.0,1.3596858978271484,0
4059,4,train,59,0,0.0,0,0.0,0,0,1,-0.0,1.5275201797485352,0
4060,4,train,60,0,0.0,0,0.0,0,0,1,-0.0,1.1469535827636719,0
4061,4,train,61,0,0.0,0,0.0,0,0,1,-0.0,1.4323338270187378,0
4062,4,train,62,0,0.0,0,0.0,0,0,1,-0.0,0.8992942571640015,0
4063,4,train,63,0,0.0,0,0.0,0,0,1,-0.0,1.3745782375335693,0
4064,4,train,64,0,0.0,0,0.0,0,0,1,-0.0,1.6702051162719727,0
4065,4,train,65,0,0.0,0,0.0,0,0,1,-0.0,1.4270963668823242,0
4066,4,train,66,0,0.0,0,0.0,0,0,1,-0.0,1.2355185747146606,0
4067,4,train,67,0,0.0,0,0.0,0,0,1,-0.0,1.9448800086975098,0
4068,4,train,68,0,0.0,1,1.5,0,0,1,-0.05,0.8779167532920837,0
4069,4,train,69,0,0.0,1,2.0,0,0,1,-0.05,1.7314741611480713,0
4070,4,train,70,0,0.0,1,2.5,0,0,1,-0.05,1.352271318435669,0
4071,4,train,71,0,0.0,1,3.0,0,0,1,-0.05,1.1900525093078613,0
4072,4,train,72,0,0.0,2,5.0,0,0,1,-0.1,1.2116531133651733,0
4073,4,train,73,0,0.0,2,6.0,0,0,1,-0.1,1.2661852836608887,0
4074,4,train,74,0,0.0,2,7.0,0,0,1,-0.1,1.135948657989502,0
4075,4,train,75,0,0.0,2,8.0,0,0,1,-0.1,0.8277977108955383,0
4076,4,train,76,0,0.0,2,9.0,0,0,1,-0.1,0.7962020635604858,0
4077,4,train,77,0,0.0,2,10.0,0,0,1,-0.1,1.3433537483215332,0
4078,4,train,78,4,6.0,3,12.5,0,0,1,-0.19,1.667985439300537,0
4079,4,train,79,4,8.0,3,14.0,0,0,1,-0.19,1.2646057605743408,0
4080,4,train,80,4,10.0,3,15.5,0,0,1,-0.19,1.026052474975586,0
4081,4,train,81,4,12.0,3,17.0,0,0,1,-0.19,1.4436466693878174,0
4082,4,train,82,4,14.0,4,20.0,0,0,1,-0.24000000000000002,1.4328088760375977,0
4083,4,train,83,4,16.0,4,22.0,0,0,1,-0.24000000000000002,1.3575429916381836,0
4084,4,train,84,4,18.0,5,25.5,0,0,1,-0.29,1.3297194242477417,0
4085,4,train,85,4,20.0,6,29.5,0,0,1,-0.33999999999999997,0.9762538075447083,0
4086,4,train,86,8,28.0,7,34.0,0,0,1,-0.43,1.584169864654541,0
4087,4,train,87,8,32.0,7,37.5,0,0,1,-0.43,1.53084135055542,0
4088,4,train,88,8,36.0,7,41.0,0,0,1,-0.43,1.201841115951538,0
4089,4,train,89,10,43.0,7,44.5,0,0,1,-0.44999999999999996,0.9459400773048401,0
4090,4,train,90,10,48.0,7,48.0,0,0,1,-0.44999999999999996,1.7523748874664307,0
4091,4,train,91,10,53.0,7,51.5,0,0,1,-0.44999999999999996,1.210732102394104,0
4092,4,train,92,10,58.0,8,56.5,0,0,1,-0.5,1.4471702575683594,0
4093,4,train,93,10,63.0,8,60.5,0,0,1,-0.5,1.6341307163238525,0
4094,4,train,94,10,68.0,8,64.5,0,0,1,-0.5,1.4796092510223389,0
4095,4,train,95,10,73.0,8,68.5,0,0,1,-0.5,1.5760009288787842,0
4096,4,train,96,10,78.0,8,72.5,0,0,1,-0.5,1.3096590042114258,0
4097,4,train,97,10,83.0,8,76.5,0,0,1,-0.5,1.486158847808838,0
4098,4,train,98,10,88.0,8,80.5,0,0,1,-0.5,1.6735706329345703,0
4099,4,train,99,10,93.0,8,84.5,0,0,1,-0.5,1.7490792274475098,0
4100,4,train,100,10,98.0,8,88.5,0,0,1,-0.5,1.5266778469085693,0
4101,4,train,101,10,103.0,8,92.5,0,0,1,-0.5,1.1457549333572388,0
4102,4,train,102,10,108.0,8,96.5,0,0,1,-0.5,1.4305115938186646,0
4103,4,train,103,11,114.5,8,100.5,0,0,1,-0.51,1.5926724672317505,0
4104,4,train,104,11,120.0,8,104.5,0,0,1,-0.51,1.6298937797546387,0
4105,4,train,105,11,125.5,8,108.5,0,0,1,-0.51,1.564615249633789,0
4106,4,train,106,11,131.0,8,112.5,0,0,1,-0.51,1.408410906791687,0
4107,4,train,107,11,136.5,8,116.5,0,0,1,-0.51,1.6145453453063965,0
4108,4,train,108,11,142.0,8,120.5,0,0,1,-0.51,1.6634588241577148,0
4109,4,train,109,11,147.5,8,124.5,0,0,1,-0.51,1.266626000404358,0
4110,4,train,110,11,153.0,8,128.5,0,0,1,-0.51,1.4840822219848633,0
4111,4,train,111,12,160.0,8,132.5,0,0,1,-0.52,1.831969976425171,0
4112,4,train,112,12,166.0,8,136.5,0,0,1,-0.52,1.2764612436294556,0
4113,4,train,113,13,173.5,8,140.5,0,0,1,-0.53,1.6631369590759277,0
4114,4,train,114,14,181.5,8,144.5,0,0,1,-0.54,1.2065073251724243,0
4115,4,train,115,14,188.5,8,148.5,0,0,1,-0.54,1.249764323234558,0
4116,4,train,116,14,195.5,8,152.5,0,0,1,-0.54,1.24647855758667,0
4117,4,train,117,14,202.5,8,156.5,0,0,1,-0.54,1.571550965309143,0
4118,4,train,118,14,209.5,8,160.5,0,0,1,-0.54,1.8828716278076172,0
4119,4,train,119,14,216.5,8,164.5,0,0,1,-0.54,1.2858200073242188,0
4120,4,train,120,14,223.5,8,168.5,0,0,1,-0.54,1.7659964561462402,0
4121,4,train,121,14,230.5,8,172.5,0,0,1,-0.54,1.4631233215332031,0
4122,4,train,122,14,237.5,8,176.5,0,0,1,-0.54,1.55354642868042,0
4123,4,train,123,16,247.5,8,180.5,0,0,1,-0.56,1.2524492740631104,0
4124,4,train,124,16,255.5,8,184.5,0,0,1,-0.56,1.5234644412994385,0
4125,4,train,125,16,263.5,8,188.5,0,0,1,-0.56,1.616363525390625,0
4126,4,train,126,16,271.5,8,192.5,0,0,1,-0.56,1.2913720607757568,0
4127,4,train,127,16,279.5,8,196.5,0,0,1,-0.56,1.079444408416748,0
4128,4,train,128,16,287.5,8,200.5,0,0,1,-0.56,1.4591950178146362,0
4129,4,train,129,16,295.5,8,204.5,0,0,1,-0.56,1.4025311470031738,0
4130,4,train,130,16,303.5,8,208.5,0,0,1,-0.56,1.2751442193984985,0
4131,4,train,131,16,311.5,8,212.5,0,0,1,-0.56,1.1170017719268799,0
4132,4,train,132,16,319.5,8,216.5,0,0,1,-0.56,1.4268474578857422,0
4133,4,train,133,16,327.5,8,220.5,0,0,1,-0.56,1.7000174522399902,0
4134,4,train,134,17,337.0,8,224.5,0,0,1,-0.5700000000000001,0.7941032648086548,0
4135,4,train,135,17,345.5,8,228.5,0,0,1,-0.5700000000000001,1.5538582801818848,0
4136,4,train,136,17,354.0,8,232.5,0,0,1,-0.5700000000000001,1.1034877300262451,0
4137,4,train,137,17,362.5,8,236.5,0,0,1,-0.5700000000000001,1.825061559677124,0
4138,4,train,138,17,371.0,8,240.5,0,0,1,-0.5700000000000001,1.4149954319000244,0
4139,4,train,139,17,379.5,8,244.5,0,0,2,-0.5700000000000001,1.6145305633544922,0
4140,4,train,140,17,388.0,8,248.5,0,0,2,-0.5700000000000001,1.3065130710601807,0
4141,4,train,141,18,398.0,8,252.5,0,0,2,-0.5800000000000001,1.304988145828247,0
4142,4,train,142,19,408.5,8,256.5,0,0,2,-0.5900000000000001,1.3535159826278687,0
4143,4,train,143,19,418.0,8,260.5,0,0,2,-0.5900000000000001,1.0278823375701904,0
4144,4,train,144,19,427.5,8,264.5,0,0,2,-0.5900000000000001,1.678943157196045,0
4145,4,train,145,19,437.0,8,268.5,0,0,2,-0.5900000000000001,1.3330223560333252,0
4146,4,train,146,19,446.5,8,272.5,0,0,2,-0.5900000000000001,1.3880994319915771,0
4147,4,train,147,19,456.0,8,276.5,0,0,2,-0.5900000000000001,0.7218810319900513,0
4148,4,train,148,19,465.5,8,280.5,0,1,2,-0.5900000000000001,1.4907824993133545,0
4149,4,train,149,22,479.5,8,284.5,0,0,2,-0.62,1.6415563821792603,0
4150,4,train,150,22,490.5,8,288.5,0,0,2,-0.62,1.2620885372161865,0
4151,4,train,151,21,431.0,8,292.5,0,2,3,-0.61,1.2416130304336548,0
4152,4,train,152,21,441.5,8,296.5,0,0,3,-0.61,1.1184489727020264,0
4153,4,train,153,22,453.5,8,300.5,0,0,3,-0.62,1.4505701065063477,0
4154,4,train,154,22,464.5,8,304.5,0,0,3,-0.62,1.7032859325408936,0
4155,4,train,155,22,475.5,8,308.5,0,0,3,-0.62,1.526207447052002,0
4156,4,train,156,22,486.5,8,312.5,0,0,3,-0.62,1.4722150564193726,0
4157,4,train,157,22,497.5,8,316.5,0,0,3,-0.62,1.5951659679412842,0
4158,4,train,158,22,508.5,8,320.5,0,0,3,-0.62,1.3728967905044556,0
4159,4,train,159,22,519.5,8,324.5,0,2,3,-0.62,1.1520192623138428,0
4160,4,train,160,23,532.0,8,328.5,0,0,3,-0.63,1.7648133039474487,0
4161,4,train,161,24,545.0,8,332.5,0,0,3,-0.64,1.7346413135528564,0
4162,4,train,162,25,558.5,8,336.5,0,0,3,-0.65,1.1552295684814453,0
4163,4,train,163,25,571.0,8,340.5,0,0,3,-0.65,1.1295355558395386,0
4164,4,train,164,29,589.5,8,344.5,0,0,3,-0.69,1.409111738204956,0
4165,4,train,165,30,605.5,8,348.5,0,1,3,-0.7,1.9568204879760742,0
4166,4,train,166,30,620.5,8,352.5,0,0,3,-0.7,1.4309308528900146,0
4167,4,train,167,31,637.0,8,356.5,0,0,3,-0.71,1.3049455881118774,0
4168,4,train,168,31,652.5,8,360.5,0,0,3,-0.71,1.4208829402923584,0
4169,4,train,169,32,669.5,8,364.5,0,0,3,-0.72,1.6956229209899902,0
4170,4,train,170,33,687.0,8,368.5,0,2,3,-0.73,0.8171380758285522,0
4171,4,train,171,33,703.5,8,372.5,0,0,3,-0.73,1.6575731039047241,0
4172,4,train,172,34,721.5,8,376.5,0,0,3,-0.74,0.9653319120407104,0
4173,4,train,173,38,744.5,8,380.5,0,0,3,-0.78,1.3508696556091309,0
4174,4,train,174,38,763.5,8,384.5,0,0,3,-0.78,1.6328903436660767,0
4175,4,train,175,38,782.5,8,388.5,0,0,3,-0.78,1.5369150638580322,0
4176,4,train,176,40,804.5,8,392.5,0,0,3,-0.8,1.46976637840271,0
4177,4,train,177,40,824.5,8,396.5,0,0,3,-0.8,1.108780860900879,0
4178,4,train,178,40,844.5,8,400.5,0,0,3,-0.8,1.050316333770752,0
4179,4,train,179,40,864.5,8,404.5,0,0,3,-0.8,1.5343577861785889,0
4180,4,train,180,40,884.5,8,408.5,0,2,3,-0.8,1.5242749452590942,0
4181,4,train,181,40,904.5,8,412.5,0,0,3,-0.8,1.2456908226013184,0
4182,4,train,182,41,926.0,8,416.5,0,0,3,-0.81,1.3303146362304688,0
4183,4,train,183,41,946.5,8,420.5,0,0,3,-0.81,1.590084195137024,0
4184,4,train,184,41,967.0,8,424.5,0,0,3,-0.81,1.4810975790023804,0
4185,4,train,185,41,987.5,8,428.5,0,0,3,-0.81,1.0378599166870117,0
4186,4,train,186,42,1009.5,8,432.5,0,0,3,-0.8200000000000001,0.994065523147583,0
4187,4,train,187,44,1033.5,8,436.5,0,0,3,-0.8400000000000001,1.1482343673706055,0
4188,4,train,188,44,1055.5,8,440.5,0,0,3,-0.8400000000000001,1.405272126197815,0
4189,4,train,189,44,1077.5,8,444.5,0,0,3,-0.8400000000000001,1.5748741626739502,0
4190,4,train,190,45,1101.0,8,448.5,0,0,3,-0.8500000000000001,1.4463633298873901,0
4191,4,train,191,45,1123.5,8,452.5,0,1,3,-0.8500000000000001,1.7195101976394653,0
4192,4,train,192,46,1147.5,8,456.5,0,0,3,-0.8600000000000001,1.276402235031128,0
4193,4,train,193,47,1172.0,8,460.5,0,0,3,-0.87,1.8429343700408936,0
4194,4,train,194,48,1197.0,8,464.5,0,0,3,-0.88,1.5594184398651123,0
4195,4,train,195,49,1222.5,8,468.5,0,0,3,-0.89,1.0699584484100342,0
4196,4,train,196,49,1247.0,8,472.5,0,0,3,-0.89,1.292803168296814,0
4197,4,train,197,49,1271.5,8,476.5,0,0,3,-0.89,0.9606494903564453,0
4198,4,train,198,49,1296.0,8,480.5,0,0,3,-0.89,1.589003086090088,0
4199,4,train,199,49,1320.5,8,484.5,0,0,3,-0.89,1.396679162979126,0
4200,4,train,200,49,1345.0,8,488.5,0,0,3,-0.89,1.504293441772461,0
4201,4,train,201,50,1371.0,8,492.5,0,1,3,-0.9,1.3321528434753418,0
4202,4,train,202,50,1396.0,8,496.5,0,0,3,-0.9,1.822754144668579,0
4203,4,train,203,50,1421.0,8,500.5,0,1,3,-0.9,1.4690617322921753,0
4204,4,train,204,50,1446.0,8,504.5,0,0,3,-0.9,1.8432679176330566,0
4205,4,train,205,51,1472.5,8,508.5,0,0,3,-0.91,0.7452406883239746,0
4206,4,train,206,52,1499.5,8,512.5,0,0,3,-0.92,1.658811330795288,0
4207,4,train,207,52,1525.5,8,516.5,0,1,3,-0.92,1.2959346771240234,0
4208,4,train,208,52,1551.5,8,520.5,0,0,3,-0.92,1.6228678226470947,0
4209,4,train,209,53,1579.0,8,524.5,0,0,3,-0.93,0.9567680358886719,0
4210,4,train,210,53,1605.5,8,528.5,0,0,3,-0.93,1.5252509117126465,0
4211,4,train,211,53,1632.0,8,532.5,0,0,4,-0.93,1.203317642211914,0
4212,4,train,212,54,1660.0,8,536.5,0,0,4,-0.9400000000000001,1.0875389575958252,0
4213,4,train,213,55,1688.5,8,540.5,0,0,4,-0.9500000000000001,1.0756261348724365,0
4214,4,train,214,56,1717.5,8,544.5,0,0,4,-0.9600000000000001,1.4222679138183594,0
4215,4,train,215,57,1747.0,8,548.5,0,0,4,-0.97,1.3273160457611084,0
4216,4,train,216,57,1775.5,8,552.5,0,0,4,-0.97,1.404682993888855,0
4217,4,train,217,57,1804.0,8,556.5,0,0,4,-0.97,1.3465943336486816,0
4218,4,train,218,57,1832.5,8,560.5,0,0,4,-0.97,1.700469732284546,0
4219,4,train,219,57,1861.0,8,564.5,0,0,4,-0.97,1.4815547466278076,0
4220,4,train,220,57,1889.5,8,568.5,0,0,4,-0.97,1.3436710834503174,0
4221,4,train,221,58,1919.5,8,572.5,0,0,4,-0.98,1.3901031017303467,0
4222,4,train,222,58,1948.5,8,576.5,0,0,4,-0.98,1.9594686031341553,0
4223,4,train,223,53,1636.0,8,580.5,0,0,5,-0.93,1.41383695602417,0
4224,4,train,224,49,1429.0,8,584.5,0,0,5,-0.89,1.1582741737365723,0
4225,4,train,225,47,1261.0,8,588.5,0,0,5,-0.87,1.3794820308685303,0
4226,4,train,226,43,1134.5,8,592.5,0,0,5,-0.8300000000000001,1.122886061668396,0
4227,4,train,227,45,1159.0,8,596.5,0,0,5,-0.8500000000000001,1.6832265853881836,0
4228,4,train,228,41,1060.5,8,600.5,0,0,5,-0.81,1.283711314201355,0
4229,4,train,229,37,995.0,7,531.5,0,0,5,-0.72,1.6852917671203613,0
4230,4,train,230,35,978.5,7,535.0,0,0,5,-0.7,0.7060191631317139,0
4231,4,train,231,34,983.5,6,455.5,0,1,5,-0.64,1.306779384613037,0
4232,4,train,232,33,988.0,5,377.0,0,0,5,-0.5800000000000001,1.4367499351501465,0
4233,4,train,233,32,1002.5,3,228.5,0,0,5,-0.47,1.8319822549819946,0
4234,4,train,234,33,1020.0,3,230.0,0,0,5,-0.48,1.6231449842453003,0
4235,4,train,235,33,1036.5,3,231.5,0,0,5,-0.48,0.9061810374259949,0
4236,4,train,236,33,1053.0,3,233.0,0,0,5,-0.48,1.3999040126800537,0
4237,4,train,237,33,1069.5,3,234.5,0,0,5,-0.48,1.567158818244934,0
4238,4,train,238,33,1086.0,3,236.0,0,0,5,-0.48,1.1331826448440552,0
4239,4,train,239,33,1102.5,3,237.5,0,0,5,-0.48,1.627347469329834,0
4240,4,train,240,33,1119.0,2,159.5,0,1,5,-0.43000000000000005,1.3710927963256836,0
4241,4,train,241,33,1135.5,2,160.5,0,0,5,-0.43000000000000005,1.3220009803771973,0
4242,4,train,242,33,1152.0,2,161.5,0,0,5,-0.43000000000000005,1.8030118942260742,0
4243,4,train,243,34,1170.0,2,162.5,0,0,5,-0.44000000000000006,1.3399569988250732,0
4244,4,train,244,34,1187.0,2,163.5,0,0,5,-0.44000000000000006,1.584727168083191,0
4245,4,train,245,35,1205.5,2,164.5,0,0,5,-0.44999999999999996,1.4286935329437256,0
4246,4,train,246,35,1223.0,2,165.5,0,0,5,-0.44999999999999996,1.3703641891479492,0
4247,4,train,247,35,1240.5,2,166.5,0,0,5,-0.44999999999999996,1.5799250602722168,0
4248,4,train,248,35,1258.0,2,167.5,0,0,5,-0.44999999999999996,1.820115089416504,0
4249,4,train,249,35,1275.5,2,168.5,0,0,5,-0.44999999999999996,1.5882083177566528,0
4250,4,train,250,35,1293.0,2,169.5,0,0,5,-0.44999999999999996,1.6535992622375488,0
4251,4,train,251,35,1310.5,2,170.5,0,0,5,-0.44999999999999996,1.6134793758392334,0
4252,4,train,252,36,1329.5,2,171.5,0,0,5,-0.45999999999999996,1.4931589365005493,0
4253,4,train,253,36,1347.5,2,172.5,0,0,5,-0.45999999999999996,1.6323848962783813,0
4254,4,train,254,36,1365.5,2,173.5,0,0,5,-0.45999999999999996,1.00187087059021,0
4255,4,train,255,36,1383.5,2,174.5,0,0,5,-0.45999999999999996,1.2547526359558105,0
4256,4,train,256,37,1403.0,2,175.5,0,2,5,-0.47,1.4653362035751343,0
4257,4,train,257,37,1421.5,2,176.5,0,0,5,-0.47,1.553558349609375,0
4258,4,train,258,37,1440.0,2,177.5,0,0,5,-0.47,1.5852411985397339,0
4259,4,train,259,37,1458.5,2,178.5,0,0,5,-0.47,1.2088813781738281,0
4260,4,train,260,37,1477.0,2,179.5,0,1,5,-0.47,1.8748695850372314,0
4261,4,train,261,37,1495.5,2,180.5,0,1,5,-0.47,1.6719011068344116,0
4262,4,train,262,39,1517.0,2,181.5,0,0,5,-0.49,1.3341172933578491,0
4263,4,train,263,39,1536.5,2,182.5,0,0,5,-0.49,1.2286244630813599,0
4264,4,train,264,39,1556.0,2,183.5,0,0,5,-0.49,1.5034265518188477,0
4265,4,train,265,40,1577.0,2,184.5,0,0,5,-0.5,1.158092737197876,0
4266,4,train,266,40,1597.0,3,187.0,0,0,5,-0.55,1.7882401943206787,0
4267,4,train,267,40,1617.0,3,188.5,0,0,5,-0.55,0.812057614326477,0
4268,4,train,268,40,1637.0,3,190.0,0,0,5,-0.55,1.4116641283035278,0
4269,4,train,269,40,1657.0,3,191.5,0,0,5,-0.55,1.0728152990341187,0
4270,4,train,270,40,1677.0,3,193.0,0,0,5,-0.55,1.9008657932281494,0
4271,4,train,271,41,1698.5,3,194.5,0,0,5,-0.5599999999999999,1.0210853815078735,0
4272,4,train,272,41,1719.0,2,191.5,0,0,5,-0.51,0.743899405002594,0
4273,4,train,273,40,1551.0,2,192.5,0,0,6,-0.5,0.9530112147331238,0
4274,4,train,274,39,1485.5,2,193.5,0,0,6,-0.49,1.702317714691162,0
4275,4,train,275,39,1505.0,2,194.5,0,0,6,-0.49,1.432542085647583,0
4276,4,train,276,39,1524.5,2,195.5,0,0,6,-0.49,1.427711009979248,0
4277,4,train,277,39,1544.0,2,196.5,0,0,6,-0.49,1.2841949462890625,0
4278,4,train,278,39,1563.5,4,200.5,0,0,6,-0.5900000000000001,1.4052619934082031,0
4279,4,train,279,39,1583.0,5,204.0,0,0,6,-0.64,1.64152193069458,0
4280,4,train,280,39,1602.5,4,204.5,0,0,6,-0.5900000000000001,1.2873642444610596,0
4281,4,train,281,39,1622.0,4,206.5,0,0,6,-0.5900000000000001,1.256800651550293,0
4282,4,train,282,39,1641.5,4,208.5,0,0,6,-0.5900000000000001,1.516068458557129,0
4283,4,train,283,40,1662.5,4,210.5,0,0,6,-0.6000000000000001,1.5619323253631592,0
4284,4,train,284,41,1684.0,7,217.0,0,0,6,-0.76,1.5395214557647705,0
4285,4,train,285,41,1704.5,7,220.5,0,0,6,-0.76,1.761702537536621,0
4286,4,train,286,41,1725.0,6,221.5,0,0,6,-0.71,1.2091315984725952,0
4287,4,train,287,43,1748.5,6,224.5,0,1,6,-0.73,1.6633610725402832,0
4288,4,train,288,45,1773.0,7,229.0,0,0,6,-0.8,1.2238445281982422,0
4289,4,train,289,45,1795.5,7,232.0,0,0,6,-0.8,1.1662969589233398,0
4290,4,train,290,46,1819.5,6,233.5,0,0,6,-0.76,1.5090925693511963,0
4291,4,train,291,46,1842.5,6,236.5,0,0,6,-0.76,1.4041895866394043,0
4292,4,train,292,46,1865.5,6,239.5,0,0,6,-0.76,1.3221311569213867,0
4293,4,train,293,47,1890.0,8,245.5,0,0,6,-0.87,1.602339267730713,0
4294,4,train,294,48,1915.0,7,247.5,0,0,6,-0.83,1.4638880491256714,0
4295,4,train,295,48,1939.0,8,252.5,0,0,6,-0.88,1.2539739608764648,0
4296,4,train,296,48,1963.0,7,254.5,0,0,6,-0.83,1.404672384262085,0
4297,4,train,297,48,1987.0,8,259.5,0,0,6,-0.88,1.2960244417190552,0
4298,4,train,298,48,2011.0,8,263.5,0,0,6,-0.88,1.312564730644226,0
4299,4,train,299,48,2035.0,10,270.5,0,0,6,-0.98,0.9644035696983337,0
4300,4,train,300,48,2059.0,10,275.5,0,0,6,-0.98,1.007581114768982,0
4301,4,train,301,48,2083.0,10,280.5,0,0,6,-0.98,1.1364128589630127,0
4302,4,train,302,48,2107.0,10,285.5,0,0,6,-0.98,1.3659305572509766,0
4303,4,train,303,49,2132.5,10,290.5,0,3,6,-0.99,1.453275442123413,0
4304,4,train,304,50,2158.5,10,295.5,0,0,6,-1.0,1.5280399322509766,0
4305,4,train,305,50,2183.5,11,302.0,0,0,6,-1.05,1.7226886749267578,0
4306,4,train,306,51,2210.0,11,307.5,0,2,6,-1.06,1.6007306575775146,0
4307,4,train,307,51,2235.5,11,313.0,0,0,6,-1.06,1.0655784606933594,0
4308,4,train,308,51,2261.0,11,318.5,0,0,6,-1.06,1.2249901294708252,0
4309,4,train,309,51,2286.5,11,324.0,0,2,6,-1.06,2.091226577758789,0
4310,4,train,310,51,2312.0,11,329.5,0,0,6,-1.06,1.279155969619751,0
4311,4,train,311,51,2337.5,11,335.0,0,0,6,-1.06,1.3256200551986694,0
4312,4,train,312,51,2363.0,11,340.5,0,1,6,-1.06,1.6289054155349731,0
4313,4,train,313,52,2390.0,11,346.0,0,1,6,-1.07,1.381422519683838,0
4314,4,train,314,53,2417.5,11,351.5,0,0,7,-1.08,1.4869024753570557,1
4315,4,train,315,53,2444.0,11,357.0,0,2,7,-1.08,1.0994335412979126,0
4316,4,train,316,53,2470.5,11,362.5,0,1,7,-1.08,1.845621109008789,0
4317,4,train,317,53,2497.0,12,369.5,0,0,7,-1.13,1.7173326015472412,0
4318,4,train,318,53,2523.5,12,375.5,0,3,7,-1.13,1.0126125812530518,0
4319,4,train,319,53,2550.0,13,383.0,0,0,7,-1.1800000000000002,1.7932770252227783,0
4320,4,train,320,53,2576.5,13,389.5,0,1,7,-1.1800000000000002,1.8829643726348877,0
4321,4,train,321,54,2604.5,13,396.0,0,3,7,-1.19,1.3644264936447144,0
4322,4,train,322,55,2633.0,13,402.5,0,0,7,-1.2000000000000002,1.584357738494873,0
4323,4,train,323,55,2660.5,13,409.0,0,1,7,-1.2000000000000002,1.6053234338760376,0
4324,4,train,324,55,2688.0,13,415.5,0,5,7,-1.2000000000000002,1.438564419746399,0
4325,4,train,325,55,2715.5,13,422.0,0,0,7,-1.2000000000000002,1.177966833114624,0
4326,4,train,326,53,2492.0,13,428.5,0,1,8,-1.1800000000000002,0.9680220484733582,0
4327,4,train,327,52,2359.5,13,435.0,0,0,8,-1.17,1.3895244598388672,0
4328,4,train,328,50,2227.5,13,441.5,0,1,8,-1.15,1.5618802309036255,0
4329,4,train,329,48,2147.5,13,448.0,0,1,8,-1.13,1.4799933433532715,0
4330,4,train,330,48,2171.5,13,454.5,0,0,8,-1.13,1.466665267944336,0
4331,4,train,331,46,2149.5,13,461.0,0,2,8,-1.11,1.6104739904403687,0
4332,4,train,332,46,2172.5,13,467.5,0,1,8,-1.11,1.388864517211914,0
4333,4,train,333,47,2197.0,13,474.0,0,1,8,-1.12,1.3283181190490723,0
4334,4,train,334,48,2222.0,13,480.5,0,2,8,-1.13,0.7368024587631226,0
4335,4,train,335,48,2246.0,13,487.0,0,3,8,-1.13,1.8558464050292969,0
4336,4,train,336,48,2270.0,13,493.5,0,0,8,-1.13,1.9810048341751099,0
4337,4,train,337,50,2297.0,13,500.0,0,2,9,-1.15,0.8416754007339478,1
4338,4,train,338,50,2322.0,13,506.5,0,1,9,-1.15,1.491542100906372,0
4339,4,train,339,51,2348.5,13,513.0,0,1,9,-1.1600000000000001,1.257824420928955,0
4340,4,train,340,51,2374.0,13,519.5,0,0,9,-1.1600000000000001,1.4611624479293823,0
4341,4,train,341,51,2399.5,13,526.0,0,1,9,-1.1600000000000001,1.6858065128326416,0
4342,4,train,342,52,2426.5,13,532.5,0,1,9,-1.17,1.7920522689819336,0
4343,4,train,343,48,1880.5,9,456.0,0,1,0,-0.9299999999999999,1.5398974418640137,0
4344,4,train,344,46,1559.5,9,460.5,0,0,0,-0.91,1.3662059307098389,0
4345,4,train,345,42,1278.0,9,465.0,0,0,0,-0.87,1.8278872966766357,0
4346,4,train,346,39,1036.5,9,469.5,0,0,0,-0.8400000000000001,1.7711575031280518,0
4347,4,train,347,43,996.0,9,474.0,0,0,0,-0.88,1.1281992197036743,0
4348,4,train,348,40,851.0,9,478.5,0,0,0,-0.8500000000000001,1.2460178136825562,0
4349,4,train,349,38,687.0,9,483.0,0,0,0,-0.8300000000000001,1.5455482006072998,0
4350,4,train,350,42,712.0,9,487.5,0,0,0,-0.87,1.6583163738250732,0
4351,4,train,351,39,573.5,6,399.0,0,0,0,-0.69,2.0318922996520996,0
4352,4,train,352,41,596.0,5,363.5,0,0,0,-0.6599999999999999,0.787057101726532,0
4353,4,train,353,41,487.5,5,366.0,0,0,0,-0.6599999999999999,1.7195940017700195,0
4354,4,train,354,42,479.0,4,329.0,0,0,0,-0.62,1.2546520233154297,0
4355,4,train,355,42,436.0,4,331.0,0,0,0,-0.62,1.5557475090026855,0
4356,4,train,356,41,434.0,4,333.0,0,0,0,-0.61,1.4212452173233032,0
4357,4,train,357,42,420.0,4,335.0,0,0,0,-0.62,1.9787222146987915,0
4358,4,train,358,43,418.0,4,337.0,0,3,0,-0.63,1.431264877319336,0
4359,4,train,359,48,447.0,4,339.0,0,0,0,-0.6799999999999999,0.9311854839324951,0
4360,4,train,360,47,463.0,4,341.0,0,0,0,-0.6699999999999999,1.2170498371124268,0
4361,4,train,361,51,492.5,3,203.5,0,1,0,-0.66,1.4354429244995117,0
4362,4,train,362,51,518.0,2,63.5,0,3,0,-0.61,1.097392201423645,0
4363,4,train,363,56,551.0,2,64.5,0,1,0,-0.66,1.542310118675232,0
4364,4,train,364,56,579.0,2,65.5,0,0,0,-0.66,1.8039404153823853,0
4365,4,train,365,60,613.0,2,66.5,0,1,0,-0.7,1.1928269863128662,0
4366,4,train,366,60,643.0,2,67.5,0,1,0,-0.7,1.386258840560913,0
4367,4,train,367,64,679.0,2,68.5,0,0,0,-0.74,1.2402373552322388,0
4368,4,train,368,64,711.0,2,69.5,0,0,0,-0.74,1.6122627258300781,0
4369,4,train,369,67,747.5,2,70.5,0,0,0,-0.77,1.7141835689544678,0
4370,4,train,370,67,781.0,2,71.5,0,0,0,-0.77,1.9062913656234741,0
4371,4,train,371,70,819.0,2,72.5,0,0,0,-0.7999999999999999,1.2755464315414429,0
4372,4,train,372,72,857.0,2,73.5,0,0,0,-0.82,0.9072791934013367,0
4373,4,train,373,72,893.0,2,74.5,0,0,0,-0.82,1.3529918193817139,0
4374,4,train,374,72,929.0,2,75.5,0,0,0,-0.82,1.5301110744476318,0
4375,4,train,375,72,965.0,2,76.5,0,0,0,-0.82,1.3427364826202393,0
4376,4,train,376,73,1002.5,2,77.5,0,0,0,-0.83,0.6596413850784302,0
4377,4,train,377,73,1039.0,2,78.5,0,0,0,-0.83,1.439550757408142,0
4378,4,train,378,73,1075.5,2,79.5,0,0,0,-0.83,1.5578107833862305,0
4379,4,train,379,73,1112.0,2,80.5,0,0,0,-0.83,1.3280248641967773,0
4380,4,train,380,73,1148.5,2,81.5,0,0,0,-0.83,1.5796152353286743,0
4381,4,train,381,73,1185.0,2,82.5,0,0,0,-0.83,1.3844122886657715,0
4382,4,train,382,73,1221.5,2,83.5,0,0,0,-0.83,1.823007583618164,0
4383,4,train,383,75,1261.0,2,84.5,0,0,0,-0.85,1.5890066623687744,0
4384,4,train,384,77,1301.5,2,85.5,0,0,0,-0.87,1.0785788297653198,0
4385,4,train,385,77,1340.0,2,86.5,0,2,0,-0.87,1.342342734336853,0
4386,4,train,386,77,1378.5,2,87.5,0,0,0,-0.87,1.187731146812439,0
4387,4,train,387,77,1417.0,2,88.5,0,0,0,-0.87,1.5103994607925415,0
4388,4,train,388,78,1457.0,2,89.5,0,0,0,-0.88,1.8624534606933594,0
4389,4,train,389,76,1429.5,2,90.5,0,0,0,-0.86,1.6807923316955566,0
4390,4,train,390,74,1424.5,2,91.5,0,0,0,-0.84,1.1620326042175293,0
4391,4,train,391,75,1424.5,2,92.5,0,0,0,-0.85,1.3620996475219727,0
4392,4,train,392,72,1352.5,2,93.5,0,0,0,-0.82,1.3980517387390137,0
4393,4,train,393,68,1225.0,2,94.5,0,0,1,-0.78,1.3732298612594604,0
4394,4,train,394,65,1195.0,2,95.5,0,0,1,-0.75,1.4344840049743652,0
4395,4,train,395,61,1145.5,2,96.5,0,2,1,-0.71,0.9319192171096802,0
4396,4,train,396,60,1157.0,2,97.5,0,0,1,-0.7,1.6963764429092407,0
4397,4,train,397,57,1124.5,2,98.5,0,0,1,-0.6699999999999999,1.6168445348739624,0
4398,4,train,398,53,1073.0,2,99.5,0,0,1,-0.63,1.3217825889587402,0
4399,4,train,399,51,1060.5,2,100.5,0,0,1,-0.61,1.3404242992401123,0
4400,4,train,400,49,1046.0,2,101.5,0,2,1,-0.59,1.3554744720458984,0
4401,4,train,401,45,992.5,2,102.5,0,0,1,-0.55,1.4329893589019775,0
4402,4,train,402,46,981.5,2,103.5,0,0,1,-0.56,1.6731231212615967,0
4403,4,train,403,44,965.5,2,104.5,0,0,1,-0.54,1.5179686546325684,0
4404,4,train,404,39,917.5,2,105.5,0,0,1,-0.49,1.06065034866333,0
4405,4,train,405,37,905.0,2,106.5,0,0,1,-0.47,0.9152266383171082,0
4406,4,train,406,36,905.0,2,107.5,0,2,1,-0.45999999999999996,1.363455057144165,0
4407,4,train,407,33,884.0,2,108.5,0,0,1,-0.43000000000000005,1.3238599300384521,0
4408,4,train,408,31,882.5,2,109.5,0,0,1,-0.41000000000000003,1.4076193571090698,0
4409,4,train,409,31,898.0,2,110.5,0,0,1,-0.41000000000000003,1.644516944885254,0
4410,4,train,410,30,903.5,2,111.5,0,0,1,-0.4,1.4060814380645752,0
4411,4,train,411,31,920.0,2,112.5,0,0,1,-0.41000000000000003,1.2642173767089844,0
4412,4,train,412,31,935.5,2,113.5,0,0,1,-0.41000000000000003,1.5064529180526733,0
4413,4,train,413,31,951.0,2,114.5,0,0,1,-0.41000000000000003,1.2349200248718262,0
4414,4,train,414,31,966.5,2,115.5,0,0,1,-0.41000000000000003,1.0138025283813477,0
4415,4,train,415,31,982.0,2,116.5,0,0,1,-0.41000000000000003,1.4476996660232544,0
4416,4,train,416,31,997.5,2,117.5,0,0,1,-0.41000000000000003,1.2165732383728027,0
4417,4,train,417,31,1013.0,2,118.5,0,0,1,-0.41000000000000003,0.7908301949501038,0
4418,4,train,418,31,1028.5,3,121.0,0,0,1,-0.45999999999999996,1.285329818725586,0
4419,4,train,419,32,1045.5,3,122.5,0,0,1,-0.47,1.3242093324661255,0
4420,4,train,420,32,1061.5,3,124.0,1,0,1,-0.47,1.8021681308746338,0
4421,4,train,421,33,1079.0,3,125.5,0,0,1,-0.48,1.3673110008239746,0
4422,4,train,422,33,1095.5,3,127.0,0,0,1,-0.48,1.7347995042800903,0
4423,4,train,423,33,1112.0,3,128.5,0,0,1,-0.48,1.6383124589920044,0
4424,4,train,424,33,1128.5,3,130.0,0,0,1,-0.48,1.3520585298538208,0
4425,4,train,425,33,1145.0,3,131.5,0,0,1,-0.48,1.3088760375976562,0
4426,4,train,426,33,1161.5,3,133.0,0,0,1,-0.48,1.4232778549194336,0
4427,4,train,427,35,1181.0,3,134.5,0,0,1,-0.5,1.2906994819641113,0
4428,4,train,428,36,1200.0,3,136.0,0,0,1,-0.51,1.6296377182006836,0
4429,4,train,429,37,1219.5,3,137.5,0,0,1,-0.52,1.8789277076721191,0
4430,4,train,430,38,1239.5,3,139.0,0,0,1,-0.53,1.4394702911376953,0
4431,4,train,431,39,1260.0,4,142.0,0,0,1,-0.5900000000000001,1.2273340225219727,0
4432,4,train,432,39,1279.5,4,144.0,0,0,1,-0.5900000000000001,1.1297770738601685,0
4433,4,train,433,40,1300.5,4,146.0,1,0,1,-0.6000000000000001,0.8022407293319702,0
4434,4,train,434,40,1320.5,4,148.0,0,0,1,-0.6000000000000001,1.1010444164276123,0
4435,4,train,435,40,1340.5,4,150.0,0,0,1,-0.6000000000000001,1.454720377922058,0
4436,4,train,436,40,1360.5,4,152.0,1,0,1,-0.6000000000000001,1.54386305809021,0
4437,4,train,437,40,1380.5,4,154.0,0,0,1,-0.6000000000000001,1.2751585245132446,0
4438,4,train,438,40,1400.5,4,156.0,0,0,1,-0.6000000000000001,1.0282988548278809,0
4439,4,train,439,40,1420.5,5,159.5,0,0,1,-0.65,1.3056038618087769,0
4440,4,train,440,40,1440.5,5,162.0,0,0,1,-0.65,1.60871160030365,0
4441,4,train,441,40,1460.5,5,164.5,0,0,1,-0.65,1.728177547454834,0
4442,4,train,442,41,1482.0,5,167.0,0,0,1,-0.6599999999999999,0.7056182622909546,0
4443,4,train,443,41,1502.5,5,169.5,0,0,1,-0.6599999999999999,1.494204044342041,0
4444,4,train,444,41,1523.0,5,172.0,0,0,1,-0.6599999999999999,1.7181642055511475,0
4445,4,train,445,42,1545.0,5,174.5,0,0,1,-0.6699999999999999,0.892722487449646,0
4446,4,train,446,42,1566.0,5,177.0,0,0,1,-0.6699999999999999,1.6619336605072021,0
4447,4,train,447,42,1587.0,5,179.5,0,0,1,-0.6699999999999999,1.8929458856582642,0
4448,4,train,448,43,1609.5,5,182.0,0,0,1,-0.6799999999999999,1.4607834815979004,0
4449,4,train,449,43,1631.0,5,184.5,0,0,1,-0.6799999999999999,1.439391851425171,0
4450,4,train,450,44,1654.0,5,187.0,0,0,1,-0.69,1.7371151447296143,0
4451,4,train,451,45,1677.5,5,189.5,0,0,1,-0.7,1.578342318534851,0
4452,4,train,452,45,1700.0,5,192.0,0,0,1,-0.7,1.520003318786621,0
4453,4,train,453,45,1722.5,5,194.5,0,0,1,-0.7,1.3766151666641235,0
4454,4,train,454,45,1745.0,5,197.0,0,0,1,-0.7,1.4359076023101807,0
4455,4,train,455,45,1767.5,6,201.0,0,0,1,-0.75,1.7532987594604492,0
4456,4,train,456,45,1790.0,6,204.0,1,0,1,-0.75,1.6159729957580566,0
4457,4,train,457,45,1812.5,6,207.0,0,0,1,-0.75,1.5239591598510742,0
4458,4,train,458,45,1835.0,6,210.0,0,0,1,-0.75,2.071744918823242,0
4459,4,train,459,45,1857.5,6,213.0,0,0,1,-0.75,1.4513781070709229,0
4460,4,train,460,45,1880.0,6,216.0,0,0,1,-0.75,1.5653963088989258,0
4461,4,train,461,46,1904.0,7,220.5,0,1,1,-0.81,1.4201830625534058,0
4462,4,train,462,46,1927.0,7,224.0,0,0,1,-0.81,1.2017340660095215,0
4463,4,train,463,46,1950.0,7,227.5,0,0,1,-0.81,1.1939330101013184,0
4464,4,train,464,46,1973.0,7,231.0,0,1,1,-0.81,1.2287142276763916,0
4465,4,train,465,46,1996.0,7,234.5,0,0,1,-0.81,1.2989259958267212,0
4466,4,train,466,46,2019.0,7,238.0,0,0,1,-0.81,1.8529961109161377,0
4467,4,train,467,46,2042.0,7,241.5,0,0,1,-0.81,1.3871188163757324,0
4468,4,train,468,46,2065.0,7,245.0,0,1,1,-0.81,1.122453212738037,0
4469,4,train,469,46,2088.0,7,248.5,0,0,1,-0.81,1.9752247333526611,0
4470,4,train,470,47,2112.5,7,252.0,0,0,1,-0.82,1.6448700428009033,0
4471,4,train,471,47,2136.0,7,255.5,0,1,1,-0.82,1.8871893882751465,0
4472,4,train,472,47,2159.5,7,259.0,0,1,1,-0.82,1.4819221496582031,0
4473,4,train,473,47,2183.0,8,264.0,0,0,1,-0.87,1.655435562133789,0
4474,4,train,474,47,2206.5,8,268.0,0,1,1,-0.87,1.1800005435943604,0
4475,4,train,475,47,2230.0,8,272.0,0,1,1,-0.87,1.7001166343688965,0
4476,4,train,476,47,2253.5,8,276.0,0,0,1,-0.87,1.9138160943984985,0
4477,4,train,477,49,2280.0,8,280.0,0,1,1,-0.89,1.4269359111785889,0
4478,4,train,478,49,2304.5,8,284.0,0,2,1,-0.89,1.2919929027557373,0
4479,4,train,479,49,2329.0,8,288.0,0,0,1,-0.89,1.3831799030303955,0
4480,4,train,480,49,2353.5,8,292.0,0,1,1,-0.89,1.8306653499603271,0
4481,4,train,481,51,2381.0,8,296.0,0,4,1,-0.91,1.4115971326828003,0
4482,4,train,482,51,2406.5,9,301.5,0,0,1,-0.96,1.2519862651824951,0
4483,4,train,483,51,2432.0,8,304.0,0,0,2,-0.91,1.7399663925170898,0
4484,4,train,484,51,2457.5,8,308.0,0,1,2,-0.91,1.8422119617462158,0
4485,4,train,485,51,2483.0,9,313.5,0,1,2,-0.96,1.2007791996002197,0
4486,4,train,486,51,2508.5,10,319.5,0,1,2,-1.01,1.6013667583465576,0
4487,4,train,487,51,2534.0,11,326.0,0,1,2,-1.06,1.0936942100524902,0
4488,4,train,488,51,2559.5,11,331.5,0,2,2,-1.06,1.7219470739364624,0
4489,4,train,489,52,2586.5,11,337.0,0,0,2,-1.07,1.5657912492752075,0
4490,4,train,490,53,2614.0,11,342.5,0,1,2,-1.08,1.2688233852386475,0
4491,4,train,491,53,2640.5,12,349.5,0,1,2,-1.13,1.4855847358703613,0
4492,4,train,492,53,2667.0,12,355.0,0,0,2,-1.13,1.3737990856170654,0
4493,4,train,493,55,2696.5,12,361.0,0,1,2,-1.15,1.308431625366211,0
4494,4,train,494,56,2725.5,12,367.0,0,1,2,-1.1600000000000001,1.4097211360931396,0
4495,4,train,495,56,2514.5,11,370.0,0,0,3,-1.11,1.8470163345336914,0
4496,4,train,496,55,2369.5,12,377.0,0,2,3,-1.15,1.3879883289337158,0
4497,4,train,497,53,2290.0,12,383.0,0,0,3,-1.13,1.7743643522262573,0
4498,4,train,498,52,2278.5,13,390.5,0,0,3,-1.17,1.268028736114502,0
4499,4,train,499,52,2304.5,13,397.0,0,2,3,-1.17,1.0536837577819824,0
4500,4,train,500,51,2326.0,13,403.5,0,1,3,-1.1600000000000001,1.483404517173767,0
4501,4,train,501,52,2353.0,13,410.0,0,0,3,-1.17,1.5743458271026611,0
4502,4,train,502,52,2379.0,13,416.5,0,1,3,-1.17,1.2135945558547974,0
4503,4,train,503,52,2405.0,13,423.0,0,1,3,-1.17,1.0302128791809082,0
4504,4,train,504,52,2431.0,13,429.5,0,1,3,-1.17,1.9029934406280518,0
4505,4,train,505,52,2457.0,13,436.0,0,1,3,-1.17,1.7090840339660645,0
4506,4,train,506,52,2483.0,13,442.5,0,0,3,-1.17,1.3313405513763428,0
4507,4,train,507,54,2512.0,13,449.0,0,1,4,-1.19,1.2043275833129883,1
4508,4,train,508,54,2539.0,13,455.5,0,3,4,-1.19,1.8602216243743896,0
4509,4,train,509,56,2569.0,13,462.0,0,0,4,-1.21,1.7646180391311646,0
4510,4,train,510,57,2598.5,13,468.5,0,1,4,-1.22,1.541435956954956,0
4511,4,train,511,57,2627.0,13,475.0,0,1,4,-1.22,1.54059636592865,0
4512,4,train,512,58,2657.0,13,481.5,0,2,4,-1.23,1.4996154308319092,0
4513,4,train,513,58,2686.0,13,488.0,0,1,4,-1.23,1.627970576286316,0
4514,4,train,514,59,2716.5,13,494.5,0,2,4,-1.24,1.4933544397354126,0
4515,4,train,515,60,2747.5,13,501.0,0,1,4,-1.25,1.4336819648742676,0
4516,4,train,516,60,2777.5,13,507.5,0,1,4,-1.25,1.311747670173645,0
4517,4,train,517,60,2807.5,13,514.0,0,1,4,-1.25,1.3555328845977783,0
4518,4,train,518,61,2839.0,13,520.5,0,1,4,-1.26,1.4670045375823975,0
4519,4,train,519,58,2497.0,10,388.0,0,1,5,-1.08,1.7497566938400269,0
4520,4,train,520,54,2189.0,10,393.0,0,1,5,-1.04,0.9430711269378662,0
4521,4,train,521,51,1904.5,10,398.0,0,2,5,-1.01,1.6295958757400513,0
4522,4,train,522,49,1792.5,10,403.0,0,1,5,-0.99,1.453415870666504,0
4523,4,train,523,46,1625.0,10,408.0,0,1,5,-0.96,1.3360915184020996,0
4524,4,train,524,43,1478.5,10,413.0,0,0,5,-0.9299999999999999,1.1414220333099365,0
4525,4,train,525,39,1309.0,9,403.0,0,1,5,-0.8400000000000001,1.3562090396881104,0
4526,4,train,526,38,1289.0,9,407.5,0,0,5,-0.8300000000000001,0.9798140525817871,0
4527,4,train,527,36,1190.5,8,395.0,0,0,5,-0.76,1.6239469051361084,0
4528,4,train,528,34,1141.5,7,364.0,0,1,5,-0.69,1.2608916759490967,0
4529,4,train,529,32,1095.0,7,367.5,0,0,5,-0.6699999999999999,1.3681972026824951,0
4530,4,train,530,30,1038.5,5,302.0,0,2,5,-0.55,1.920493483543396,0
4531,4,train,531,28,1019.5,5,304.5,0,1,5,-0.53,1.8338229656219482,0
4532,4,train,532,27,1011.0,5,307.0,0,0,5,-0.52,1.7646126747131348,0
4533,4,train,533,25,993.5,5,309.5,0,0,5,-0.5,1.491070032119751,0
4534,4,train,534,24,1001.0,4,286.5,0,3,5,-0.44,1.0399888753890991,0
4535,4,train,535,23,1009.0,4,288.5,0,0,5,-0.43000000000000005,1.6256166696548462,0
4536,4,train,536,23,1020.5,4,290.5,0,2,5,-0.43000000000000005,1.8556780815124512,0
4537,4,train,537,24,1033.5,4,292.5,0,1,5,-0.44,1.2572957277297974,0
4538,4,train,538,25,1047.0,3,166.0,0,1,5,-0.4,1.2996623516082764,0
4539,4,train,539,26,1061.0,3,167.5,0,1,5,-0.41000000000000003,1.4438824653625488,0
4540,4,train,540,26,1074.0,3,169.0,0,1,5,-0.41000000000000003,1.5878034830093384,0
4541,4,train,541,26,1087.0,3,170.5,0,1,5,-0.41000000000000003,0.8091927766799927,0
4542,4,train,542,27,1101.5,3,172.0,0,0,5,-0.42000000000000004,1.6642041206359863,0
4543,4,train,543,27,1115.0,3,173.5,0,1,5,-0.42000000000000004,1.489256501197815,0
4544,4,train,544,27,1128.5,3,175.0,0,0,5,-0.42000000000000004,1.3007745742797852,0
4545,4,train,545,27,1142.0,2,62.0,0,0,5,-0.37,1.7716777324676514,0
4546,4,train,546,27,1155.5,2,63.0,0,1,5,-0.37,1.4877923727035522,0
4547,4,train,547,27,1169.0,2,64.0,0,0,5,-0.37,1.526646375656128,0
4548,4,train,548,27,1182.5,2,65.0,0,0,5,-0.37,1.65925133228302,0
4549,4,train,549,27,1196.0,2,66.0,0,0,5,-0.37,1.5131597518920898,0
4550,4,train,550,27,1209.5,2,67.0,0,0,5,-0.37,1.5416250228881836,0
4551,4,train,551,27,1223.0,2,68.0,0,0,5,-0.37,0.5630044937133789,0
4552,4,train,552,27,1236.5,2,69.0,0,0,5,-0.37,1.4700682163238525,0
4553,4,train,553,27,1250.0,2,70.0,0,0,5,-0.37,1.7041171789169312,0
4554,4,train,554,27,1263.5,2,71.0,0,0,5,-0.37,1.4822604656219482,0
4555,4,train,555,27,1277.0,2,72.0,0,1,5,-0.37,1.5436699390411377,0
4556,4,train,556,28,1292.0,2,73.0,0,1,5,-0.38,1.4134674072265625,0
4557,4,train,557,30,1309.0,2,74.0,0,0,5,-0.4,1.1727323532104492,0
4558,4,train,558,30,1324.0,2,75.0,0,0,5,-0.4,1.6609586477279663,0
4559,4,train,559,31,1340.5,2,76.0,0,0,5,-0.41000000000000003,1.500391960144043,0
4560,4,train,560,31,1356.0,2,77.0,0,0,5,-0.41000000000000003,1.2436784505844116,0
4561,4,train,561,31,1371.5,2,78.0,0,1,5,-0.41000000000000003,1.464792013168335,0
4562,4,train,562,32,1388.5,2,79.0,0,0,5,-0.42000000000000004,1.633368730545044,0
4563,4,train,563,33,1406.0,2,80.0,0,0,5,-0.43000000000000005,1.2850044965744019,0
4564,4,train,564,34,1424.0,2,81.0,0,0,5,-0.44000000000000006,1.3151519298553467,0
4565,4,train,565,34,1441.0,2,82.0,0,0,5,-0.44000000000000006,1.271246314048767,0
4566,4,train,566,35,1459.5,2,83.0,0,1,5,-0.44999999999999996,1.6176718473434448,0
4567,4,train,567,36,1478.5,2,84.0,0,0,5,-0.45999999999999996,1.1811068058013916,0
4568,4,train,568,38,1499.5,2,85.0,0,2,5,-0.48,1.4387378692626953,0
4569,4,train,569,36,1337.5,2,86.0,0,1,6,-0.45999999999999996,1.093642234802246,0
4570,4,train,570,34,1285.0,2,87.0,0,0,6,-0.44000000000000006,1.4609906673431396,0
4571,4,train,571,34,1302.0,2,88.0,0,0,6,-0.44000000000000006,1.313246488571167,0
4572,4,train,572,34,1319.0,2,89.0,0,0,6,-0.44000000000000006,1.4695894718170166,0
4573,4,train,573,35,1337.5,2,90.0,0,0,6,-0.44999999999999996,1.3587443828582764,0
4574,4,train,574,35,1355.0,2,91.0,0,0,6,-0.44999999999999996,1.56062912940979,0
4575,4,train,575,35,1372.5,2,92.0,0,1,6,-0.44999999999999996,1.8155791759490967,0
4576,4,train,576,35,1390.0,2,93.0,0,0,6,-0.44999999999999996,1.3578864336013794,0
4577,4,train,577,35,1407.5,2,94.0,0,0,6,-0.44999999999999996,0.993738055229187,0
4578,4,train,578,37,1428.0,2,95.0,0,1,6,-0.47,1.683274507522583,0
4579,4,train,579,37,1446.5,2,96.0,0,0,6,-0.47,1.6267696619033813,0
4580,4,train,580,37,1465.0,2,97.0,0,1,6,-0.47,1.5314342975616455,0
4581,4,train,581,37,1483.5,2,98.0,0,1,6,-0.47,1.6945526599884033,0
4582,4,train,582,37,1502.0,2,99.0,0,0,6,-0.47,0.984272837638855,0
4583,4,train,583,37,1520.5,2,100.0,0,2,6,-0.47,1.7393577098846436,0
4584,4,train,584,37,1539.0,2,101.0,0,1,6,-0.47,1.6157138347625732,0
4585,4,train,585,37,1557.5,2,102.0,0,0,6,-0.47,1.424695611000061,0
4586,4,train,586,37,1576.0,2,103.0,0,0,6,-0.47,1.520022988319397,0
4587,4,train,587,37,1594.5,2,104.0,0,0,6,-0.47,1.2062170505523682,0
4588,4,train,588,39,1616.0,2,105.0,0,0,6,-0.49,1.7237720489501953,0
4589,4,train,589,39,1635.5,2,106.0,0,0,6,-0.49,1.478352427482605,0
4590,4,train,590,39,1655.0,2,107.0,0,0,6,-0.49,1.494542121887207,0
4591,4,train,591,39,1674.5,2,108.0,0,0,6,-0.49,1.722692847251892,0
4592,4,train,592,39,1694.0,2,109.0,0,0,6,-0.49,1.467003345489502,0
4593,4,train,593,39,1713.5,2,110.0,0,0,6,-0.49,1.273227334022522,0
4594,4,train,594,39,1733.0,2,111.0,0,0,6,-0.49,1.6727173328399658,0
4595,4,train,595,39,1752.5,3,113.5,0,0,6,-0.54,1.7928658723831177,0
4596,4,train,596,39,1772.0,4,116.5,0,0,6,-0.5900000000000001,1.3889014720916748,0
4597,4,train,597,39,1791.5,4,118.5,0,0,6,-0.5900000000000001,1.3830935955047607,0
4598,4,train,598,40,1812.5,3,118.0,0,1,6,-0.55,1.5396469831466675,0
4599,4,train,599,41,1834.0,3,119.5,0,0,6,-0.5599999999999999,1.5856153964996338,0
4600,4,train,600,41,1854.5,3,121.0,0,0,6,-0.5599999999999999,1.434859275817871,0
4601,4,train,601,41,1875.0,5,125.5,0,0,6,-0.6599999999999999,1.831209659576416,0
4602,4,train,602,41,1895.5,4,126.0,0,1,6,-0.61,1.2153395414352417,0
4603,4,train,603,41,1916.0,5,129.5,0,0,6,-0.6599999999999999,1.3103079795837402,0
4604,4,train,604,41,1936.5,5,132.0,0,0,6,-0.6599999999999999,1.4887235164642334,0
4605,4,train,605,42,1958.5,6,136.0,0,1,6,-0.72,1.5130178928375244,0
4606,4,train,606,42,1979.5,6,139.0,0,0,6,-0.72,1.2278459072113037,0
4607,4,train,607,43,2002.0,6,142.0,0,0,6,-0.73,1.4278148412704468,0
4608,4,train,608,43,2023.5,6,145.0,0,1,6,-0.73,1.7715208530426025,0
4609,4,train,609,44,2046.5,6,148.0,0,2,6,-0.74,1.408705711364746,0
4610,4,train,610,44,2068.5,6,151.0,0,0,6,-0.74,1.1418938636779785,0
4611,4,train,611,44,2090.5,6,154.0,0,1,6,-0.74,1.0722005367279053,0
4612,4,train,612,44,2112.5,6,157.0,0,0,6,-0.74,1.6941642761230469,0
4613,4,train,613,44,2134.5,6,160.0,0,0,6,-0.74,1.3760690689086914,0
4614,4,train,614,44,2156.5,6,163.0,0,1,6,-0.74,1.5218100547790527,0
4615,4,train,615,44,2178.5,6,166.0,0,0,6,-0.74,1.4193394184112549,0
4616,4,train,616,45,2202.0,6,169.0,0,0,6,-0.75,1.1579318046569824,0
4617,4,train,617,45,2224.5,6,172.0,0,0,6,-0.75,1.7010130882263184,0
4618,4,train,618,47,2250.0,6,175.0,0,0,6,-0.77,0.8866060972213745,0
4619,4,train,619,47,2273.5,6,178.0,0,1,6,-0.77,1.4017369747161865,0
4620,4,train,620,47,2297.0,6,181.0,0,2,6,-0.77,1.0368157625198364,0
4621,4,train,621,47,2320.5,6,184.0,0,0,6,-0.77,1.270658254623413,0
4622,4,train,622,47,2344.0,6,187.0,0,1,6,-0.77,1.2842936515808105,0
4623,4,train,623,47,2367.5,6,190.0,0,0,6,-0.77,1.331921100616455,0
4624,4,train,624,47,2391.0,6,193.0,0,2,6,-0.77,1.3168615102767944,0
4625,4,train,625,47,2414.5,6,196.0,0,1,6,-0.77,0.9777383804321289,0
4626,4,train,626,47,2438.0,6,199.0,0,1,6,-0.77,1.179829716682434,0
4627,4,train,627,48,2463.0,6,202.0,0,2,6,-0.78,1.0997570753097534,0
4628,4,train,628,48,2487.0,6,205.0,1,0,6,-0.78,1.7819335460662842,0
4629,4,train,629,48,2511.0,6,208.0,0,2,6,-0.78,1.6381887197494507,0
4630,4,train,630,48,2535.0,6,211.0,1,2,6,-0.78,1.000192403793335,0
4631,4,train,631,49,2560.5,6,214.0,0,1,6,-0.79,1.2638081312179565,0
4632,4,train,632,49,2585.0,6,217.0,0,1,6,-0.79,0.9146881103515625,0
4633,4,train,633,50,2611.0,6,220.0,0,1,6,-0.8,1.6223127841949463,0
4634,4,train,634,50,2636.0,6,223.0,0,1,6,-0.8,1.5930147171020508,0
4635,4,train,635,50,2661.0,6,226.0,0,1,6,-0.8,1.619523048400879,0
4636,4,train,636,52,2689.0,6,229.0,0,2,6,-0.8200000000000001,0.9811710715293884,0
4637,4,train,637,53,2716.5,6,232.0,0,1,6,-0.8300000000000001,1.294058918952942,0
4638,4,train,638,53,2743.0,6,235.0,0,2,6,-0.8300000000000001,0.9992935061454773,0
4639,4,train,639,53,2769.5,6,238.0,0,0,6,-0.8300000000000001,1.656680941581726,0
4640,4,train,640,53,2796.0,6,241.0,0,2,6,-0.8300000000000001,1.6134910583496094,0
4641,4,train,641,53,2822.5,6,244.0,0,0,6,-0.8300000000000001,1.3631088733673096,0
4642,4,train,642,53,2849.0,6,247.0,0,0,6,-0.8300000000000001,0.559748113155365,0
4643,4,train,643,53,2875.5,6,250.0,0,3,6,-0.8300000000000001,1.6065186262130737,0
4644,4,train,644,53,2902.0,6,253.0,0,1,6,-0.8300000000000001,1.673938512802124,0
4645,4,train,645,54,2930.0,6,256.0,0,0,6,-0.8400000000000001,1.8331624269485474,0
4646,4,train,646,55,2958.5,6,259.0,0,3,6,-0.8500000000000001,1.3996429443359375,0
4647,4,train,647,55,2986.0,6,262.0,0,2,6,-0.8500000000000001,1.4774096012115479,0
4648,4,train,648,56,3015.0,6,265.0,0,2,6,-0.8600000000000001,1.6186182498931885,0
4649,4,train,649,56,3043.0,6,268.0,1,2,6,-0.8600000000000001,1.140236258506775,0
4650,4,train,650,56,3071.0,6,271.0,0,0,6,-0.8600000000000001,1.5068771839141846,0
4651,4,train,651,56,3099.0,6,274.0,0,2,6,-0.8600000000000001,1.8080055713653564,0
4652,4,train,652,56,3127.0,6,277.0,0,2,6,-0.8600000000000001,1.6310914754867554,0
4653,4,train,653,56,3155.0,6,280.0,0,0,6,-0.8600000000000001,0.5095081329345703,0
4654,4,train,654,56,3183.0,6,283.0,0,0,6,-0.8600000000000001,1.2781016826629639,0
4655,4,train,655,56,3211.0,6,286.0,0,0,6,-0.8600000000000001,1.6944526433944702,0
4656,4,train,656,56,3239.0,6,289.0,0,2,6,-0.8600000000000001,1.458150863647461,0
4657,4,train,657,57,3268.5,7,293.5,0,1,6,-0.9199999999999999,1.114077091217041,0
4658,4,train,658,58,3298.5,7,297.0,0,0,6,-0.9299999999999999,1.283636450767517,0
4659,4,train,659,58,3327.5,7,300.5,0,1,7,-0.9299999999999999,1.5242059230804443,0
4660,4,train,660,58,3356.5,7,304.0,0,2,7,-0.9299999999999999,1.389015555381775,0
4661,4,train,661,58,3385.5,7,307.5,0,0,7,-0.9299999999999999,1.4451968669891357,0
4662,4,train,662,58,3414.5,7,311.0,0,0,7,-0.9299999999999999,1.3900036811828613,0
4663,4,train,663,58,3443.5,7,314.5,0,0,7,-0.9299999999999999,1.3292100429534912,0
4664,4,train,664,59,3474.0,7,318.0,0,0,7,-0.94,1.462095022201538,0
4665,4,train,665,59,3503.5,7,321.5,1,1,7,-0.94,1.4136594533920288,0
4666,4,train,666,59,3533.0,7,325.0,1,0,7,-0.94,1.6891428232192993,0
4667,4,train,667,60,3564.0,7,328.5,0,0,7,-0.95,1.492295742034912,0
4668,4,train,668,60,3594.0,7,332.0,0,0,7,-0.95,0.9895336031913757,0
4669,4,train,669,60,3624.0,7,335.5,0,2,7,-0.95,1.565500020980835,0
4670,4,train,670,60,3654.0,8,340.5,0,0,7,-1.0,1.3563706874847412,0
4671,4,train,671,58,3354.0,8,344.5,0,0,8,-0.98,1.6288776397705078,0
4672,4,train,672,57,3058.5,8,348.5,0,1,8,-0.97,1.224778175354004,0
4673,4,train,673,56,2770.5,8,352.5,0,0,8,-0.9600000000000001,1.0615384578704834,0
4674,4,train,674,54,2557.5,8,356.5,0,0,8,-0.9400000000000001,1.0565097332000732,0
4675,4,train,675,54,2584.5,9,362.0,0,0,8,-0.99,1.5577340126037598,0
4676,4,train,676,52,2426.5,10,368.0,0,0,8,-1.02,1.4784038066864014,0
4677,4,train,677,51,2337.5,10,373.0,0,0,8,-1.01,1.3417494297027588,0
4678,4,train,678,51,2363.0,10,378.0,0,0,8,-1.01,1.8352521657943726,0
4679,4,train,679,49,2338.5,10,383.0,0,0,8,-0.99,1.352702021598816,0
4680,4,train,680,49,2363.0,10,388.0,0,0,8,-0.99,1.7182642221450806,0
4681,4,train,681,51,2390.5,10,393.0,0,1,8,-1.01,1.3125253915786743,0
4682,4,train,682,51,2416.0,10,398.0,0,0,8,-1.01,1.236560583114624,0
4683,4,train,683,51,2441.5,10,403.0,0,0,8,-1.01,1.6321399211883545,0
4684,4,train,684,52,2468.5,11,409.5,0,0,8,-1.07,1.5149104595184326,0
4685,4,train,685,52,2494.5,10,413.0,0,0,9,-1.02,1.3693395853042603,1
4686,4,train,686,52,2520.5,10,418.0,0,1,9,-1.02,1.567641019821167,0
4687,4,train,687,52,2546.5,10,423.0,0,0,9,-1.02,0.7055262923240662,0
4688,4,train,688,53,2574.0,10,428.0,0,0,9,-1.03,1.0245323181152344,0
4689,4,train,689,53,2600.5,11,434.5,0,0,9,-1.08,1.361100196838379,0
4690,4,train,690,53,2627.0,11,440.0,0,1,9,-1.08,1.4404449462890625,0
4691,4,train,691,47,2137.0,8,261.0,0,1,0,-0.87,1.4882519245147705,0
4692,4,train,692,44,1829.0,8,265.0,0,0,0,-0.8400000000000001,1.691758632659912,0
4693,4,train,693,43,1557.0,8,269.0,0,0,0,-0.8300000000000001,0.9807705879211426,0
4694,4,train,694,41,1430.5,8,273.0,0,0,0,-0.81,1.7205955982208252,0
4695,4,train,695,48,1343.5,8,277.0,0,0,0,-0.88,1.3220326900482178,0
4696,4,train,696,44,1130.5,8,281.0,0,0,0,-0.8400000000000001,1.3474526405334473,0
4697,4,train,697,45,1035.0,9,286.5,0,1,0,-0.9,1.6076772212982178,0
4698,4,train,698,47,984.0,10,292.5,0,0,0,-0.97,1.4760749340057373,0
4699,4,train,699,43,857.0,9,291.0,0,0,0,-0.88,1.1770620346069336,0
4700,4,train,700,43,878.5,7,256.0,1,0,0,-0.78,1.0803965330123901,0
4701,4,train,701,45,778.0,5,148.0,0,1,0,-0.7,1.1588231325149536,0
4702,4,train,702,45,800.5,3,131.5,0,0,0,-0.6,1.3748302459716797,0
4703,4,train,703,46,745.5,3,133.0,0,0,0,-0.61,1.1596906185150146,0
4704,4,train,704,48,771.5,3,134.5,0,0,0,-0.63,1.421580195426941,0
4705,4,train,705,51,742.0,3,136.0,0,0,0,-0.66,1.21317720413208,0
4706,4,train,706,52,760.0,3,137.5,0,0,0,-0.67,1.6970040798187256,0
4707,4,train,707,58,780.0,3,139.0,0,0,0,-0.73,1.7875396013259888,0
4708,4,train,708,57,802.0,3,140.5,0,0,0,-0.72,1.620831847190857,0
4709,4,train,709,60,828.0,3,142.0,0,0,0,-0.75,1.17547607421875,0
4710,4,train,710,59,855.0,2,29.5,0,0,0,-0.69,1.0302329063415527,0
4711,4,train,711,63,890.5,2,30.5,0,0,0,-0.73,1.2419850826263428,0
4712,4,train,712,63,922.0,2,31.5,0,0,0,-0.73,1.6408605575561523,0
4713,4,train,713,67,959.5,2,32.5,0,0,0,-0.77,1.0088868141174316,0
4714,4,train,714,67,993.0,2,33.5,0,0,0,-0.77,1.7585067749023438,0
4715,4,train,715,70,1031.0,2,34.5,0,0,0,-0.7999999999999999,1.655301570892334,0
4716,4,train,716,71,1067.5,2,35.5,0,0,0,-0.8099999999999999,0.9974421262741089,0
4717,4,train,717,75,1109.0,2,36.5,0,0,0,-0.85,1.5143671035766602,0
4718,4,train,718,75,1146.5,2,37.5,0,0,0,-0.85,1.296683430671692,0
4719,4,train,719,77,1187.0,2,38.5,0,0,0,-0.87,1.5867502689361572,0
4720,4,train,720,77,1225.5,2,39.5,0,0,0,-0.87,0.8986393809318542,0
4721,4,train,721,80,1268.5,2,40.5,0,0,0,-0.9,1.3664524555206299,0
4722,4,train,722,81,1310.0,2,41.5,0,0,0,-0.91,1.516128659248352,0
4723,4,train,723,81,1350.5,2,42.5,0,0,0,-0.91,1.8250178098678589,0
4724,4,train,724,82,1392.5,2,43.5,0,0,0,-0.9199999999999999,1.0669852495193481,0
4725,4,train,725,82,1433.5,2,44.5,0,2,0,-0.9199999999999999,1.1203463077545166,0
4726,4,train,726,82,1474.5,2,45.5,0,0,0,-0.9199999999999999,1.1574115753173828,0
4727,4,train,727,83,1517.0,2,46.5,1,0,0,-0.9299999999999999,1.6148678064346313,0
4728,4,train,728,85,1561.5,2,47.5,0,1,0,-0.95,1.4978042840957642,0
4729,4,train,729,85,1604.0,2,48.5,0,0,0,-0.95,1.100267767906189,0
4730,4,train,730,82,1589.5,2,49.5,0,0,0,-0.9199999999999999,1.771204948425293,0
4731,4,train,731,80,1594.5,2,50.5,0,0,0,-0.9,1.4051340818405151,0
4732,4,train,732,78,1600.5,2,51.5,0,0,0,-0.88,1.263245940208435,0
4733,4,train,733,78,1624.5,2,52.5,0,0,0,-0.88,1.3410706520080566,0
4734,4,train,734,77,1646.5,2,53.5,0,0,0,-0.87,1.1409989595413208,0
4735,4,train,735,75,1652.0,2,54.5,0,1,0,-0.85,1.8331875801086426,0
4736,4,train,736,74,1659.0,2,55.5,0,0,0,-0.84,1.2708690166473389,0
4737,4,train,737,73,1680.5,2,56.5,0,0,0,-0.83,1.4465771913528442,0
4738,4,train,738,69,1632.0,2,57.5,0,1,0,-0.7899999999999999,1.1408460140228271,0
4739,4,train,739,66,1607.0,2,58.5,0,2,0,-0.76,1.4355995655059814,0
4740,4,train,740,62,1567.0,2,59.5,0,0,0,-0.72,0.7505132555961609,0
4741,4,train,741,58,1421.0,2,60.5,0,0,1,-0.6799999999999999,0.6855312585830688,0
4742,4,train,742,54,1374.5,2,61.5,0,0,1,-0.64,1.6144139766693115,0
4743,4,train,743,52,1333.5,2,62.5,0,0,1,-0.62,0.9121302366256714,0
4744,4,train,744,50,1309.5,2,63.5,0,0,1,-0.6,1.2776658535003662,0
4745,4,train,745,50,1321.5,2,64.5,0,0,1,-0.6,1.457823395729065,0
4746,4,train,746,46,1289.5,2,65.5,1,0,1,-0.56,1.3698378801345825,0
4747,4,train,747,46,1276.5,2,66.5,0,0,1,-0.56,1.568709135055542,0
4748,4,train,748,45,1288.0,2,67.5,0,0,1,-0.55,1.3494794368743896,0
4749,4,train,749,42,1269.0,2,68.5,0,0,1,-0.52,1.4878751039505005,0
4750,4,train,750,41,1271.0,2,69.5,0,1,1,-0.51,1.6637518405914307,0
4751,4,train,751,40,1273.0,2,70.5,0,0,1,-0.5,1.565856695175171,0
4752,4,train,752,36,1233.0,2,71.5,0,0,1,-0.45999999999999996,1.290115237236023,0
4753,4,train,753,36,1238.5,2,72.5,0,0,1,-0.45999999999999996,1.000028371810913,0
4754,4,train,754,35,1254.5,2,73.5,1,0,1,-0.44999999999999996,1.5436837673187256,0
4755,4,train,755,35,1272.0,2,74.5,0,0,1,-0.44999999999999996,1.4853180646896362,0
4756,4,train,756,36,1291.0,2,75.5,0,2,1,-0.45999999999999996,1.6363048553466797,0
4757,4,train,757,36,1309.0,2,76.5,0,0,1,-0.45999999999999996,1.4389197826385498,0
4758,4,train,758,36,1327.0,2,77.5,0,0,1,-0.45999999999999996,1.0431236028671265,0
4759,4,train,759,36,1345.0,2,78.5,0,2,1,-0.45999999999999996,1.190048336982727,0
4760,4,train,760,36,1363.0,2,79.5,0,2,1,-0.45999999999999996,1.3851357698440552,0
4761,4,train,761,36,1381.0,2,80.5,2,0,1,-0.45999999999999996,1.4559106826782227,0
4762,4,train,762,36,1399.0,2,81.5,0,0,1,-0.45999999999999996,2.0036439895629883,0
4763,4,train,763,36,1417.0,3,84.0,0,0,1,-0.51,1.3567155599594116,0
4764,4,train,764,37,1436.5,3,85.5,0,0,1,-0.52,1.1137821674346924,0
4765,4,train,765,38,1456.5,3,87.0,0,0,1,-0.53,1.4007880687713623,0
4766,4,train,766,38,1475.5,3,88.5,0,0,1,-0.53,1.3597475290298462,0
4767,4,train,767,39,1496.0,3,90.0,0,0,1,-0.54,1.4581050872802734,0
4768,4,train,768,39,1515.5,3,91.5,0,0,1,-0.54,1.5143896341323853,0
4769,4,train,769,39,1535.0,3,93.0,0,0,1,-0.54,1.1839871406555176,0
4770,4,train,770,39,1554.5,3,94.5,0,0,1,-0.54,1.213050365447998,0
4771,4,train,771,39,1574.0,3,96.0,0,0,1,-0.54,0.6149461269378662,0
4772,4,train,772,40,1595.0,3,97.5,0,0,1,-0.55,0.9717671275138855,0
4773,4,train,773,41,1616.5,3,99.0,0,0,1,-0.5599999999999999,1.4455373287200928,0
4774,4,train,774,42,1638.5,3,100.5,0,0,1,-0.57,1.2822870016098022,0
4775,4,train,775,42,1659.5,3,102.0,0,0,1,-0.57,1.6307646036148071,0
4776,4,train,776,43,1682.0,4,105.0,1,0,1,-0.63,1.1045591831207275,0
4777,4,train,777,43,1703.5,4,107.0,0,0,1,-0.63,1.7533742189407349,0
4778,4,train,778,43,1725.0,5,110.5,0,0,1,-0.6799999999999999,1.464895248413086,0
4779,4,train,779,44,1748.0,5,113.0,0,0,1,-0.69,1.1699092388153076,0
4780,4,train,780,44,1770.0,5,115.5,1,0,1,-0.69,1.7890625,0
4781,4,train,781,45,1793.5,5,118.0,0,0,1,-0.7,1.449258804321289,0
4782,4,train,782,45,1816.0,5,120.5,0,0,1,-0.7,1.2086083889007568,0
4783,4,train,783,46,1840.0,5,123.0,0,0,1,-0.71,1.2947252988815308,0
4784,4,train,784,46,1863.0,5,125.5,0,0,1,-0.71,1.6259719133377075,0
4785,4,train,785,46,1886.0,6,129.5,0,0,1,-0.76,1.1516633033752441,0
4786,4,train,786,47,1910.5,6,132.5,0,0,1,-0.77,1.6669870615005493,0
4787,4,train,787,47,1934.0,6,135.5,0,0,1,-0.77,1.338169813156128,0
4788,4,train,788,47,1957.5,6,138.5,1,0,1,-0.77,1.4304242134094238,0
4789,4,train,789,47,1981.0,6,141.5,0,0,1,-0.77,0.9521926641464233,0
4790,4,train,790,47,2004.5,6,144.5,0,0,1,-0.77,1.3597123622894287,0
4791,4,train,791,47,2028.0,6,147.5,0,0,1,-0.77,1.118417739868164,0
4792,4,train,792,47,2051.5,6,150.5,0,0,1,-0.77,1.4116886854171753,0
4793,4,train,793,48,2076.5,6,153.5,0,0,1,-0.78,1.325713038444519,0
4794,4,train,794,48,2100.5,6,156.5,0,0,1,-0.78,1.2872817516326904,0
4795,4,train,795,47,2103.5,6,159.5,0,0,1,-0.77,1.1491825580596924,0
4796,4,train,796,48,2128.5,6,162.5,0,0,1,-0.78,1.1520495414733887,0
4797,4,train,797,48,2152.5,6,165.5,0,0,1,-0.78,1.5678071975708008,0
4798,4,train,798,48,2176.5,6,168.5,0,0,1,-0.78,1.2662488222122192,0
4799,4,train,799,48,2200.5,6,171.5,0,0,1,-0.78,1.4442037343978882,0
4800,4,train,800,48,2224.5,6,174.5,0,0,1,-0.78,1.0644493103027344,0
4801,4,train,801,48,2248.5,6,177.5,0,1,1,-0.78,1.2553656101226807,0
4802,4,train,802,48,2272.5,6,180.5,0,0,1,-0.78,1.3134455680847168,0
4803,4,train,803,48,2296.5,6,183.5,0,0,1,-0.78,1.390578269958496,0
4804,4,train,804,48,2320.5,6,186.5,0,0,1,-0.78,1.7658920288085938,0
4805,4,train,805,49,2346.0,6,189.5,0,0,1,-0.79,1.4537057876586914,0
4806,4,train,806,51,2373.5,6,192.5,0,0,1,-0.81,1.0687751770019531,0
4807,4,train,807,51,2399.0,6,195.5,0,0,1,-0.81,1.2716819047927856,0
4808,4,train,808,51,2424.5,6,198.5,0,0,1,-0.81,1.560408353805542,0
4809,4,train,809,51,2450.0,6,201.5,0,0,1,-0.81,1.3883559703826904,0
4810,4,train,810,52,2477.0,6,204.5,0,1,1,-0.8200000000000001,1.519486665725708,0
4811,4,train,811,53,2504.5,6,207.5,0,0,1,-0.8300000000000001,1.137526273727417,0
4812,4,train,812,53,2531.0,6,210.5,0,0,1,-0.8300000000000001,1.24973726272583,0
4813,4,train,813,53,2557.5,6,213.5,0,1,1,-0.8300000000000001,1.6160218715667725,0
4814,4,train,814,53,2584.0,6,216.5,0,0,1,-0.8300000000000001,1.2102617025375366,0
4815,4,train,815,54,2612.0,6,219.5,1,0,1,-0.8400000000000001,1.1140713691711426,0
4816,4,train,816,55,2640.5,6,222.5,0,1,1,-0.8500000000000001,1.9023897647857666,0
4817,4,train,817,55,2668.0,6,225.5,0,0,1,-0.8500000000000001,1.2020330429077148,0
4818,4,train,818,55,2695.5,6,228.5,0,0,1,-0.8500000000000001,1.1315454244613647,0
4819,4,train,819,55,2723.0,6,231.5,0,1,1,-0.8500000000000001,1.3009705543518066,0
4820,4,train,820,55,2750.5,6,234.5,0,0,1,-0.8500000000000001,1.3981670141220093,0
4821,4,train,821,55,2778.0,6,237.5,0,0,1,-0.8500000000000001,1.5153865814208984,0
4822,4,train,822,55,2805.5,6,240.5,0,1,1,-0.8500000000000001,1.56796133518219,0
4823,4,train,823,55,2833.0,6,243.5,0,0,1,-0.8500000000000001,1.5536704063415527,0
4824,4,train,824,55,2860.5,6,246.5,0,0,1,-0.8500000000000001,1.8632636070251465,0
4825,4,train,825,56,2889.5,6,249.5,0,2,1,-0.8600000000000001,1.4705458879470825,0
4826,4,train,826,56,2917.5,6,252.5,0,0,1,-0.8600000000000001,1.4258650541305542,0
4827,4,train,827,56,2945.5,6,255.5,0,1,1,-0.8600000000000001,1.4393346309661865,0
4828,4,train,828,56,2973.5,6,258.5,0,2,1,-0.8600000000000001,1.1731858253479004,0
4829,4,train,829,56,3001.5,6,261.5,1,1,1,-0.8600000000000001,0.8335088491439819,0
4830,4,train,830,56,3029.5,6,264.5,0,1,1,-0.8600000000000001,1.807393193244934,0
4831,4,train,831,56,3057.5,6,267.5,0,3,2,-0.8600000000000001,1.2285635471343994,0
4832,4,train,832,56,3085.5,6,270.5,0,1,2,-0.8600000000000001,1.0047831535339355,0
4833,4,train,833,56,3113.5,6,273.5,0,1,2,-0.8600000000000001,1.1322554349899292,0
4834,4,train,834,56,3141.5,6,276.5,0,1,2,-0.8600000000000001,1.2348380088806152,0
4835,4,train,835,57,3171.0,6,279.5,0,1,2,-0.8699999999999999,1.3646433353424072,0
4836,4,train,836,58,3201.0,6,282.5,0,1,2,-0.8799999999999999,1.3196150064468384,0
4837,4,train,837,58,3230.0,6,285.5,0,1,2,-0.8799999999999999,1.1772043704986572,0
4838,4,train,838,58,3259.0,6,288.5,0,0,2,-0.8799999999999999,1.7727279663085938,0
4839,4,train,839,61,3292.5,6,291.5,0,2,2,-0.9099999999999999,1.0314518213272095,0
4840,4,train,840,62,3324.5,6,294.5,0,2,2,-0.9199999999999999,1.493342399597168,0
4841,4,train,841,63,3357.0,6,297.5,0,0,2,-0.9299999999999999,1.6830240488052368,0
4842,4,train,842,65,3391.5,6,300.5,0,1,2,-0.95,1.229215383529663,0
4843,4,train,843,63,3120.5,6,303.5,0,2,3,-0.9299999999999999,1.1669070720672607,0
4844,4,train,844,61,2882.5,6,306.5,0,2,3,-0.9099999999999999,1.4423187971115112,0
4845,4,train,845,60,2703.0,6,309.5,0,0,3,-0.8999999999999999,1.670820951461792,0
4846,4,train,846,58,2589.0,6,312.5,0,2,3,-0.8799999999999999,1.2809197902679443,0
4847,4,train,847,58,2618.0,6,315.5,0,0,3,-0.8799999999999999,0.8902987241744995,0
4848,4,train,848,56,2569.0,6,318.5,0,2,3,-0.8600000000000001,0.7985378503799438,0
4849,4,train,849,57,2560.5,6,321.5,0,2,3,-0.8699999999999999,1.1498026847839355,0
4850,4,train,850,56,2582.0,6,324.5,0,0,3,-0.8600000000000001,1.0021345615386963,0
4851,4,train,851,56,2610.0,6,327.5,0,2,3,-0.8600000000000001,1.7211520671844482,0
4852,4,train,852,56,2638.0,7,332.0,0,1,3,-0.91,1.0071158409118652,0
4853,4,train,853,56,2666.0,7,335.5,0,1,3,-0.91,1.1406999826431274,0
4854,4,train,854,56,2694.0,6,336.5,0,2,3,-0.8600000000000001,1.5225534439086914,0
4855,4,train,855,56,2722.0,6,339.5,0,1,3,-0.8600000000000001,1.2112081050872803,0
4856,4,train,856,56,2750.0,6,342.5,0,1,3,-0.8600000000000001,0.587660551071167,0
4857,4,train,857,56,2778.0,6,345.5,0,2,3,-0.8600000000000001,1.7145493030548096,0
4858,4,train,858,56,2806.0,6,348.5,0,1,3,-0.8600000000000001,0.9628967046737671,0
4859,4,train,859,57,2835.5,6,351.5,0,1,3,-0.8699999999999999,1.3990378379821777,0
4860,4,train,860,57,2864.0,6,354.5,0,0,3,-0.8699999999999999,1.4820027351379395,0
4861,4,train,861,57,2892.5,6,357.5,0,2,3,-0.8699999999999999,1.5276272296905518,0
4862,4,train,862,58,2922.5,6,360.5,0,1,3,-0.8799999999999999,1.3801867961883545,0
4863,4,train,863,60,2954.5,6,363.5,0,1,3,-0.8999999999999999,1.1529325246810913,0
4864,4,train,864,61,2986.0,8,369.5,0,0,3,-1.01,1.6375494003295898,0
4865,4,train,865,61,3016.5,8,373.5,0,1,3,-1.01,1.4543092250823975,0
4866,4,train,866,61,3047.0,8,377.5,0,0,3,-1.01,1.478895902633667,0
4867,4,train,867,61,3077.5,9,383.0,0,3,3,-1.06,1.0639944076538086,0
4868,4,train,868,61,3108.0,9,387.5,0,0,3,-1.06,1.603198528289795,0
4869,4,train,869,61,3138.5,9,392.0,0,0,3,-1.06,1.16841721534729,0
4870,4,train,870,61,3169.0,9,396.5,0,2,3,-1.06,1.6024632453918457,0
4871,4,train,871,61,3199.5,9,401.0,0,0,3,-1.06,1.5852348804473877,0
4872,4,train,872,61,3230.0,9,405.5,0,0,3,-1.06,1.1480638980865479,0
4873,4,train,873,62,3262.0,9,410.0,1,2,3,-1.07,1.5983078479766846,0
4874,4,train,874,65,3297.5,9,414.5,0,0,3,-1.1,0.8560139536857605,0
4875,4,train,875,65,3330.0,9,419.0,0,0,3,-1.1,1.5287305116653442,0
4876,4,train,876,65,3362.5,9,423.5,0,1,3,-1.1,1.389870047569275,0
4877,4,train,877,66,3396.5,9,428.0,0,0,3,-1.11,0.7988793253898621,0
4878,4,train,878,66,3429.5,9,432.5,0,0,3,-1.11,1.1754668951034546,0
4879,4,train,879,66,3462.5,11,440.0,0,1,3,-1.21,0.8904696702957153,0
4880,4,train,880,66,3495.5,10,443.5,0,0,3,-1.1600000000000001,1.7873589992523193,0
4881,4,train,881,66,3528.5,10,448.5,0,1,4,-1.1600000000000001,1.2743114233016968,1
4882,4,train,882,66,3561.5,10,453.5,0,1,4,-1.1600000000000001,1.7612560987472534,0
4883,4,train,883,67,3596.0,11,460.0,1,0,4,-1.2200000000000002,1.2360115051269531,0
4884,4,train,884,68,3631.0,11,465.5,0,1,4,-1.23,1.8261140584945679,0
4885,4,train,885,69,3666.5,11,471.0,0,2,4,-1.24,1.0974770784378052,0
4886,4,train,886,69,3701.0,11,476.5,0,0,4,-1.24,1.2302687168121338,0
4887,4,train,887,69,3735.5,11,482.0,0,0,4,-1.24,1.5119028091430664,0
4888,4,train,888,69,3770.0,11,487.5,0,1,4,-1.24,1.5946698188781738,0
4889,4,train,889,69,3804.5,11,493.0,0,1,4,-1.24,1.3053885698318481,0
4890,4,train,890,70,3840.5,11,498.5,0,0,4,-1.25,1.7886962890625,0
4891,4,train,891,70,3875.5,13,507.0,0,0,4,-1.35,1.2108895778656006,0
4892,4,train,892,71,3912.0,13,513.5,0,0,4,-1.3599999999999999,1.3200275897979736,0
4893,4,train,893,68,3520.5,9,279.0,0,0,5,-1.1300000000000001,0.9477859735488892,0
4894,4,train,894,64,3156.5,9,283.5,0,0,5,-1.09,1.1672334671020508,0
4895,4,train,895,60,2833.5,9,288.0,0,2,5,-1.05,0.7100127935409546,0
4896,4,train,896,57,2619.0,9,292.5,0,1,5,-1.02,1.3850862979888916,0
4897,4,train,897,56,2570.0,9,297.0,0,0,5,-1.01,1.5059834718704224,0
4898,4,train,898,52,2312.0,9,301.5,0,0,5,-0.97,1.4979791641235352,0
4899,4,train,899,48,2089.5,9,306.0,0,0,5,-0.9299999999999999,1.6700444221496582,0
4900,4,train,900,47,2013.0,9,310.5,0,0,5,-0.9199999999999999,1.5313091278076172,0
4901,4,train,901,45,1926.5,8,293.5,0,0,5,-0.8500000000000001,1.19490647315979,0
4902,4,train,902,43,1780.5,6,256.5,0,0,5,-0.73,1.5006892681121826,0
4903,4,train,903,41,1736.5,6,259.5,0,0,5,-0.71,1.2604084014892578,0
4904,4,train,904,40,1688.5,5,242.5,0,0,5,-0.65,0.8385013341903687,0
4905,4,train,905,37,1632.5,5,245.0,0,0,5,-0.62,1.3269848823547363,0
4906,4,train,906,36,1627.0,5,247.5,0,0,5,-0.61,1.0977582931518555,0
4907,4,train,907,32,1577.5,5,250.0,0,1,5,-0.5700000000000001,1.4506378173828125,0
4908,4,train,908,30,1578.0,5,252.5,1,0,5,-0.55,1.6512792110443115,0
4909,4,train,909,29,1589.0,5,255.0,0,0,5,-0.54,1.654928207397461,0
4910,4,train,910,30,1605.0,5,257.5,0,0,5,-0.55,1.0884180068969727,0
4911,4,train,911,31,1621.5,5,260.0,0,0,5,-0.56,1.7680617570877075,0
4912,4,train,912,32,1638.5,2,24.0,0,0,5,-0.42000000000000004,1.2996304035186768,0
4913,4,train,913,33,1656.0,2,25.0,0,0,5,-0.43000000000000005,0.9537744522094727,0
4914,4,train,914,35,1675.5,2,26.0,0,0,5,-0.44999999999999996,1.2162595987319946,0
4915,4,train,915,35,1693.0,2,27.0,0,3,5,-0.44999999999999996,1.4104981422424316,0
4916,4,train,916,35,1710.5,2,28.0,0,0,5,-0.44999999999999996,1.3599488735198975,0
4917,4,train,917,35,1728.0,2,29.0,0,0,5,-0.44999999999999996,1.447779893875122,0
4918,4,train,918,35,1745.5,2,30.0,0,0,5,-0.44999999999999996,1.0133932828903198,0
4919,4,train,919,35,1763.0,2,31.0,0,0,5,-0.44999999999999996,1.5269404649734497,0
4920,4,train,920,38,1785.0,2,32.0,0,0,5,-0.48,1.6088852882385254,0
4921,4,train,921,38,1804.0,2,33.0,0,0,5,-0.48,1.4572577476501465,0
4922,4,train,922,38,1823.0,2,34.0,0,0,5,-0.48,1.5097373723983765,0
4923,4,train,923,38,1842.0,2,35.0,0,1,5,-0.48,1.3975683450698853,0
4924,4,train,924,39,1862.5,2,36.0,0,0,5,-0.49,1.4128320217132568,0
4925,4,train,925,39,1882.0,2,37.0,0,1,5,-0.49,1.1399667263031006,0
4926,4,train,926,39,1901.5,2,38.0,0,0,5,-0.49,1.3566172122955322,0
4927,4,train,927,39,1921.0,2,39.0,0,0,5,-0.49,1.8582066297531128,0
4928,4,train,928,40,1942.0,2,40.0,0,1,5,-0.5,1.1731661558151245,0
4929,4,train,929,40,1962.0,2,41.0,0,1,5,-0.5,1.0826236009597778,0
4930,4,train,930,41,1983.5,2,42.0,0,0,5,-0.51,1.7457334995269775,0
4931,4,train,931,42,2005.5,2,43.0,0,1,5,-0.52,1.4187250137329102,0
4932,4,train,932,42,2026.5,2,44.0,0,2,5,-0.52,0.9301201701164246,0
4933,4,train,933,44,2050.5,2,45.0,0,0,5,-0.54,0.9879835844039917,0
4934,4,train,934,45,2074.0,2,46.0,0,1,5,-0.55,1.5986223220825195,0
4935,4,train,935,45,2096.5,2,47.0,0,1,5,-0.55,1.2704133987426758,0
4936,4,train,936,45,2119.0,2,48.0,0,1,5,-0.55,1.3268321752548218,0
4937,4,train,937,45,2141.5,2,49.0,0,1,5,-0.55,1.2298448085784912,0
4938,4,train,938,45,2164.0,2,50.0,0,0,5,-0.55,1.6904939413070679,0
4939,4,train,939,45,2186.5,2,51.0,0,0,5,-0.55,1.6516404151916504,0
4940,4,train,940,45,2209.0,2,52.0,0,1,5,-0.55,1.1992095708847046,0
4941,4,train,941,45,2231.5,2,53.0,0,0,5,-0.55,1.0940369367599487,0
4942,4,train,942,45,2254.0,2,54.0,0,0,5,-0.55,1.3679908514022827,0
4943,4,train,943,44,2044.5,2,55.0,0,0,6,-0.54,1.2318443059921265,0
4944,4,train,944,42,1930.0,2,56.0,0,0,6,-0.52,1.640784740447998,0
4945,4,train,945,40,1916.5,2,57.0,0,0,6,-0.5,1.3084080219268799,0
4946,4,train,946,40,1936.5,2,58.0,0,0,6,-0.5,1.3752728700637817,0
4947,4,train,947,40,1956.5,2,59.0,0,0,6,-0.5,1.5120043754577637,0
4948,4,train,948,40,1976.5,2,60.0,1,0,6,-0.5,1.4738070964813232,0
4949,4,train,949,42,1999.5,2,61.0,0,0,6,-0.52,1.47191321849823,0
4950,4,train,950,43,2022.0,2,62.0,0,0,6,-0.53,1.297370195388794,0
4951,4,train,951,43,2035.0,2,63.0,0,0,6,-0.53,0.9817281365394592,0
4952,4,train,952,43,2056.5,2,64.0,0,0,6,-0.53,0.9265412092208862,0
4953,4,train,953,44,2079.5,2,65.0,0,0,6,-0.54,1.5587595701217651,0
4954,4,train,954,44,2101.5,2,66.0,0,0,6,-0.54,1.6238945722579956,0
4955,4,train,955,44,2123.5,2,67.0,0,0,6,-0.54,1.7584912776947021,0
4956,4,train,956,44,2145.5,2,68.0,0,0,6,-0.54,1.8398759365081787,0
4957,4,train,957,44,2167.5,2,69.0,0,0,6,-0.54,1.4101670980453491,0
4958,4,train,958,44,2189.5,2,70.0,0,0,6,-0.54,1.5266830921173096,0
4959,4,train,959,44,2211.5,2,71.0,0,0,6,-0.54,1.3877410888671875,0
4960,4,train,960,44,2233.5,2,72.0,0,0,6,-0.54,1.5635406970977783,0
4961,4,train,961,44,2255.5,2,73.0,0,0,6,-0.54,1.2555742263793945,0
4962,4,train,962,44,2277.5,2,74.0,0,0,6,-0.54,1.7714608907699585,0
4963,4,train,963,45,2301.0,2,75.0,0,0,6,-0.55,1.6039633750915527,0
4964,4,train,964,45,2323.5,2,76.0,0,0,6,-0.55,1.3256144523620605,0
4965,4,train,965,45,2346.0,2,77.0,1,0,6,-0.55,1.3998076915740967,0
4966,4,train,966,45,2368.5,2,78.0,1,0,6,-0.55,1.2975034713745117,0
4967,4,train,967,45,2391.0,4,82.0,0,0,6,-0.65,1.649865984916687,0
4968,4,train,968,45,2413.5,4,84.0,0,0,6,-0.65,1.8360891342163086,0
4969,4,train,969,45,2436.0,4,86.0,0,0,6,-0.65,1.1051952838897705,0
4970,4,train,970,45,2458.5,4,88.0,0,0,6,-0.65,1.3725464344024658,0
4971,4,train,971,45,2481.0,4,90.0,0,0,6,-0.65,1.6530797481536865,0
4972,4,train,972,45,2503.5,4,92.0,0,0,6,-0.65,1.455925703048706,0
4973,4,train,973,46,2527.5,5,95.5,0,2,6,-0.71,0.6449800133705139,0
4974,4,train,974,46,2550.5,5,98.0,0,0,6,-0.71,1.8131086826324463,0
4975,4,train,975,46,2573.5,5,100.5,0,0,6,-0.71,1.3726327419281006,0
4976,4,train,976,46,2596.5,5,103.0,0,1,6,-0.71,1.4732943773269653,0
4977,4,train,977,47,2621.0,5,105.5,0,0,6,-0.72,1.569336175918579,0
4978,4,train,978,49,2647.5,5,108.0,1,0,6,-0.74,1.0414798259735107,0
4979,4,train,979,49,2672.0,5,110.5,0,2,6,-0.74,1.3094007968902588,0
4980,4,train,980,50,2698.0,6,114.5,0,0,6,-0.8,1.2743515968322754,0
4981,4,train,981,50,2723.0,6,117.5,0,0,6,-0.8,1.0632209777832031,0
4982,4,train,982,50,2748.0,6,120.5,0,2,6,-0.8,1.671894907951355,0
4983,4,train,983,51,2774.5,6,123.5,0,1,6,-0.81,1.065270185470581,0
4984,4,train,984,52,2801.5,6,126.5,0,0,6,-0.8200000000000001,1.390455722808838,0
4985,4,train,985,52,2827.5,6,129.5,0,3,6,-0.8200000000000001,1.942535400390625,0
4986,4,train,986,52,2853.5,6,132.5,0,0,6,-0.8200000000000001,1.0240139961242676,0
4987,4,train,987,52,2879.5,6,135.5,0,0,6,-0.8200000000000001,1.481773018836975,0
4988,4,train,988,52,2905.5,6,138.5,0,3,6,-0.8200000000000001,1.075629711151123,0
4989,4,train,989,52,2931.5,6,141.5,0,0,6,-0.8200000000000001,0.6950079202651978,0
4990,4,train,990,52,2957.5,6,144.5,0,0,6,-0.8200000000000001,1.590099573135376,0
4991,4,train,991,52,2983.5,6,147.5,1,2,6,-0.8200000000000001,1.0606814622879028,0
4992,4,train,992,54,3012.5,6,150.5,0,1,6,-0.8400000000000001,1.666975736618042,0
4993,4,train,993,55,3041.0,6,153.5,0,0,6,-0.8500000000000001,1.4467008113861084,0
4994,4,train,994,55,3068.5,6,156.5,0,2,6,-0.8500000000000001,1.502549409866333,0
4995,4,train,995,55,3096.0,6,159.5,0,1,6,-0.8500000000000001,1.0539790391921997,0
4996,4,train,996,55,3123.5,6,162.5,0,1,6,-0.8500000000000001,1.0398309230804443,0
4997,4,train,997,55,3151.0,6,165.5,0,1,6,-0.8500000000000001,1.5329339504241943,0
4998,4,train,998,55,3178.5,6,168.5,0,1,6,-0.8500000000000001,1.1660716533660889,0
4999,4,train,999,55,3206.0,6,171.5,0,1,6,-0.8500000000000001,1.299356460571289,0
5000,5,train,0,0,0.0,0,0.0,0,0,0,-0.0,1.824009895324707,0
5001,5,train,1,0,0.0,0,0.0,0,0,0,-0.0,1.6797137260437012,0
5002,5,train,2,0,0.0,0,0.0,0,0,0,-0.0,1.3193676471710205,0
5003,5,train,3,0,0.0,0,0.0,0,0,0,-0.0,1.7047207355499268,0
5004,5,train,4,0,0.0,0,0.0,0,0,0,-0.0,1.500925064086914,0
5005,5,train,5,0,0.0,0,0.0,0,0,0,-0.0,1.3133337497711182,0
5006,5,train,6,0,0.0,0,0.0,0,0,0,-0.0,1.3845466375350952,0
5007,5,train,7,0,0.0,0,0.0,0,0,0,-0.0,1.101694107055664,0
5008,5,train,8,0,0.0,0,0.0,0,0,0,-0.0,1.6871271133422852,0
5009,5,train,9,0,0.0,0,0.0,0,0,0,-0.0,1.2360098361968994,0
5010,5,train,10,0,0.0,0,0.0,0,0,0,-0.0,1.0270178318023682,0
5011,5,train,11,0,0.0,0,0.0,0,0,0,-0.0,1.0410077571868896,0
5012,5,train,12,0,0.0,0,0.0,0,0,0,-0.0,1.6434577703475952,0
5013,5,train,13,0,0.0,0,0.0,0,0,0,-0.0,0.9657832384109497,0
5014,5,train,14,0,0.0,0,0.0,0,0,0,-0.0,1.5675606727600098,0
5015,5,train,15,0,0.0,0,0.0,0,0,0,-0.0,1.5068845748901367,0
5016,5,train,16,0,0.0,0,0.0,0,0,0,-0.0,1.3354424238204956,0
5017,5,train,17,0,0.0,0,0.0,0,0,0,-0.0,0.9090744853019714,0
5018,5,train,18,0,0.0,0,0.0,0,0,0,-0.0,1.4505743980407715,0
5019,5,train,19,0,0.0,0,0.0,0,0,0,-0.0,1.6903542280197144,0
5020,5,train,20,0,0.0,0,0.0,0,0,0,-0.0,1.1574811935424805,0
5021,5,train,21,0,0.0,0,0.0,0,0,0,-0.0,1.6162463426589966,0
5022,5,train,22,0,0.0,0,0.0,0,0,0,-0.0,1.3944212198257446,0
5023,5,train,23,0,0.0,0,0.0,0,0,0,-0.0,1.0686590671539307,0
5024,5,train,24,0,0.0,0,0.0,0,0,0,-0.0,1.4047868251800537,0
5025,5,train,25,0,0.0,0,0.0,0,0,0,-0.0,1.3627753257751465,0
5026,5,train,26,0,0.0,0,0.0,0,0,0,-0.0,1.1390552520751953,0
5027,5,train,27,0,0.0,0,0.0,0,0,0,-0.0,1.3840776681900024,0
5028,5,train,28,0,0.0,0,0.0,0,0,0,-0.0,1.4360387325286865,0
5029,5,train,29,0,0.0,0,0.0,0,0,0,-0.0,0.7368429899215698,0
5030,5,train,30,0,0.0,0,0.0,0,0,0,-0.0,1.5623915195465088,0
5031,5,train,31,0,0.0,0,0.0,0,0,0,-0.0,1.612234354019165,0
5032,5,train,32,0,0.0,0,0.0,0,0,0,-0.0,1.5545978546142578,0
5033,5,train,33,0,0.0,0,0.0,0,0,0,-0.0,1.7108583450317383,0
5034,5,train,34,0,0.0,0,0.0,0,0,0,-0.0,1.6040189266204834,0
5035,5,train,35,0,0.0,0,0.0,0,0,0,-0.0,1.2489593029022217,0
5036,5,train,36,0,0.0,0,0.0,0,0,0,-0.0,1.2362033128738403,0
5037,5,train,37,0,0.0,0,0.0,0,0,0,-0.0,1.2060811519622803,0
5038,5,train,38,0,0.0,0,0.0,0,0,0,-0.0,1.6198698282241821,0
5039,5,train,39,0,0.0,0,0.0,0,0,0,-0.0,1.5192980766296387,0
5040,5,train,40,0,0.0,0,0.0,0,0,0,-0.0,1.1798851490020752,0
5041,5,train,41,0,0.0,0,0.0,0,0,0,-0.0,1.7463200092315674,0
5042,5,train,42,0,0.0,0,0.0,0,0,0,-0.0,1.1418485641479492,0
5043,5,train,43,0,0.0,0,0.0,0,0,0,-0.0,0.8794912099838257,0
5044,5,train,44,0,0.0,0,0.0,0,0,0,-0.0,1.598496437072754,0
5045,5,train,45,0,0.0,0,0.0,0,0,0,-0.0,1.2772958278656006,0
5046,5,train,46,0,0.0,0,0.0,0,0,0,-0.0,1.3737318515777588,0
5047,5,train,47,0,0.0,0,0.0,0,0,0,-0.0,1.5896039009094238,0
5048,5,train,48,0,0.0,0,0.0,0,0,0,-0.0,1.627591609954834,0
5049,5,train,49,0,0.0,0,0.0,0,0,1,-0.0,1.4701486825942993,0
5050,5,train,50,0,0.0,0,0.0,0,0,1,-0.0,1.0075088739395142,0
5051,5,train,51,0,0.0,0,0.0,0,0,1,-0.0,0.929665744304657,0
5052,5,train,52,0,0.0,0,0.0,0,0,1,-0.0,1.741567850112915,0
5053,5,train,53,0,0.0,0,0.0,0,0,1,-0.0,1.7304338216781616,0
5054,5,train,54,0,0.0,0,0.0,0,0,1,-0.0,1.321469783782959,0
5055,5,train,55,0,0.0,0,0.0,0,0,1,-0.0,1.3552955389022827,0
5056,5,train,56,0,0.0,0,0.0,0,0,1,-0.0,1.5601511001586914,0
5057,5,train,57,0,0.0,0,0.0,0,0,1,-0.0,1.6758027076721191,0
5058,5,train,58,0,0.0,0,0.0,0,0,1,-0.0,1.4498562812805176,0
5059,5,train,59,0,0.0,0,0.0,0,0,1,-0.0,1.1863818168640137,0
5060,5,train,60,0,0.0,0,0.0,0,0,1,-0.0,1.4026907682418823,0
5061,5,train,61,0,0.0,0,0.0,0,0,1,-0.0,1.5918500423431396,0
5062,5,train,62,0,0.0,0,0.0,0,0,1,-0.0,1.694957971572876,0
5063,5,train,63,0,0.0,0,0.0,0,0,1,-0.0,1.2955434322357178,0
5064,5,train,64,0,0.0,1,1.5,0,0,1,-0.05,1.1791670322418213,0
5065,5,train,65,0,0.0,1,2.0,0,0,1,-0.05,1.269016981124878,0
5066,5,train,66,0,0.0,1,2.5,0,0,1,-0.05,0.9972568154335022,0
5067,5,train,67,0,0.0,1,3.0,0,0,1,-0.05,1.4700186252593994,0
5068,5,train,68,0,0.0,1,3.5,0,0,1,-0.05,1.9430537223815918,0
5069,5,train,69,0,0.0,1,4.0,0,0,1,-0.05,1.5411781072616577,0
5070,5,train,70,0,0.0,1,4.5,0,0,1,-0.05,1.5786278247833252,0
5071,5,train,71,0,0.0,1,5.0,0,0,1,-0.05,1.2610116004943848,0
5072,5,train,72,0,0.0,1,5.5,0,0,1,-0.05,1.3160078525543213,0
5073,5,train,73,0,0.0,3,9.0,0,0,1,-0.15,1.3021032810211182,0
5074,5,train,74,0,0.0,3,10.5,0,0,1,-0.15,1.5172842741012573,0
5075,5,train,75,0,0.0,4,13.5,0,0,1,-0.2,1.5580785274505615,0
5076,5,train,76,1,1.5,4,15.5,0,0,1,-0.21000000000000002,1.3511666059494019,0
5077,5,train,77,1,2.0,4,17.5,0,0,1,-0.21000000000000002,1.0786490440368652,0
5078,5,train,78,8,13.0,4,19.5,0,0,1,-0.28,0.6400619149208069,0
5079,5,train,79,8,17.0,4,21.5,0,0,1,-0.28,1.0645309686660767,0
5080,5,train,80,8,21.0,4,23.5,0,0,1,-0.28,1.315739393234253,0
5081,5,train,81,8,25.0,4,25.5,0,0,1,-0.28,1.1416378021240234,0
5082,5,train,82,8,29.0,4,27.5,0,0,1,-0.28,1.0128028392791748,0
5083,5,train,83,8,33.0,4,29.5,0,0,1,-0.28,1.868874192237854,0
5084,5,train,84,8,37.0,4,31.5,0,0,1,-0.28,1.6403725147247314,0
5085,5,train,85,8,41.0,4,33.5,0,0,1,-0.28,1.4804279804229736,0
5086,5,train,86,8,45.0,5,37.0,0,0,1,-0.33,1.4395489692687988,0
5087,5,train,87,9,50.5,5,39.5,0,0,1,-0.33999999999999997,1.5380501747131348,0
5088,5,train,88,9,55.0,5,42.0,0,0,1,-0.33999999999999997,1.4498255252838135,0
5089,5,train,89,9,59.5,5,44.5,0,0,1,-0.33999999999999997,1.1636862754821777,0
5090,5,train,90,9,64.0,5,47.0,0,0,1,-0.33999999999999997,1.2558060884475708,0
5091,5,train,91,9,68.5,5,49.5,0,0,1,-0.33999999999999997,1.218613862991333,0
5092,5,train,92,9,73.0,6,53.5,0,0,1,-0.39,1.123519778251648,0
5093,5,train,93,9,77.5,6,56.5,0,0,1,-0.39,1.559051275253296,0
5094,5,train,94,9,82.0,7,61.0,0,0,1,-0.43999999999999995,1.129916787147522,0
5095,5,train,95,9,86.5,7,64.5,0,0,1,-0.43999999999999995,1.6609947681427002,0
5096,5,train,96,9,91.0,8,69.5,0,0,1,-0.49,1.0896286964416504,0
5097,5,train,97,9,95.5,7,71.5,0,0,1,-0.43999999999999995,1.5753488540649414,0
5098,5,train,98,9,100.0,7,75.0,0,0,1,-0.43999999999999995,1.0526418685913086,0
5099,5,train,99,9,104.5,7,78.5,0,0,1,-0.43999999999999995,1.06630277633667,0
5100,5,train,100,10,110.5,8,83.5,0,0,1,-0.5,1.2424943447113037,0
5101,5,train,101,10,115.5,8,87.5,0,0,1,-0.5,1.3885453939437866,0
5102,5,train,102,10,120.5,8,91.5,0,0,1,-0.5,1.4505293369293213,0
5103,5,train,103,10,125.5,8,95.5,0,0,1,-0.5,1.4145288467407227,0
5104,5,train,104,10,130.5,8,99.5,0,0,1,-0.5,1.4712399244308472,0
5105,5,train,105,10,135.5,8,103.5,0,0,1,-0.5,1.472114086151123,0
5106,5,train,106,10,140.5,8,107.5,0,0,1,-0.5,1.1163445711135864,0
5107,5,train,107,11,147.0,8,111.5,0,0,1,-0.51,1.662015438079834,0
5108,5,train,108,11,152.5,8,115.5,0,0,1,-0.51,1.451981544494629,0
5109,5,train,109,11,158.0,8,119.5,0,0,1,-0.51,1.4901297092437744,0
5110,5,train,110,11,163.5,8,123.5,0,0,1,-0.51,1.4661515951156616,0
5111,5,train,111,12,170.5,8,127.5,0,0,1,-0.52,1.5478297472000122,0
5112,5,train,112,12,176.5,8,131.5,0,0,1,-0.52,1.608904480934143,0
5113,5,train,113,12,182.5,8,135.5,0,0,1,-0.52,0.89411461353302,0
5114,5,train,114,13,190.0,8,139.5,0,0,1,-0.53,1.392205834388733,0
5115,5,train,115,13,196.5,8,143.5,0,0,1,-0.53,1.5927330255508423,0
5116,5,train,116,13,203.0,8,147.5,0,0,1,-0.53,1.8015055656433105,0
5117,5,train,117,13,209.5,8,151.5,0,0,1,-0.53,1.1829471588134766,0
5118,5,train,118,13,216.0,8,155.5,0,0,1,-0.53,1.7452235221862793,0
5119,5,train,119,13,222.5,8,159.5,0,0,1,-0.53,1.397546410560608,0
5120,5,train,120,13,229.0,8,163.5,0,0,1,-0.53,1.3789801597595215,0
5121,5,train,121,13,235.5,8,167.5,0,0,1,-0.53,1.6692063808441162,0
5122,5,train,122,13,242.0,8,171.5,0,0,1,-0.53,1.3553916215896606,0
5123,5,train,123,14,250.0,8,175.5,0,0,1,-0.54,1.3535213470458984,0
5124,5,train,124,14,257.0,8,179.5,0,0,1,-0.54,1.320157766342163,0
5125,5,train,125,14,264.0,8,183.5,0,0,1,-0.54,1.4823877811431885,0
5126,5,train,126,14,271.0,8,187.5,0,0,1,-0.54,1.2631773948669434,0
5127,5,train,127,14,278.0,8,191.5,0,0,1,-0.54,1.2301775217056274,0
5128,5,train,128,14,285.0,8,195.5,0,0,1,-0.54,1.2728830575942993,0
5129,5,train,129,14,292.0,8,199.5,0,0,1,-0.54,1.2612252235412598,0
5130,5,train,130,14,299.0,8,203.5,0,0,1,-0.54,0.9810652732849121,0
5131,5,train,131,14,306.0,8,207.5,0,0,1,-0.54,1.212996482849121,0
5132,5,train,132,15,314.5,8,211.5,0,0,1,-0.55,1.5297261476516724,0
5133,5,train,133,15,322.0,8,215.5,0,0,1,-0.55,1.4021053314208984,0
5134,5,train,134,15,329.5,8,219.5,0,0,1,-0.55,1.7487201690673828,0
5135,5,train,135,15,337.0,8,223.5,0,0,1,-0.55,1.4369633197784424,0
5136,5,train,136,15,344.5,8,227.5,0,0,1,-0.55,0.9587792754173279,0
5137,5,train,137,15,352.0,8,231.5,0,0,1,-0.55,1.5576105117797852,0
5138,5,train,138,15,359.5,8,235.5,0,0,1,-0.55,1.2106072902679443,0
5139,5,train,139,15,367.0,8,239.5,0,0,2,-0.55,1.463454246520996,0
5140,5,train,140,15,374.5,8,243.5,0,0,2,-0.55,1.2348580360412598,0
5141,5,train,141,15,382.0,8,247.5,0,0,2,-0.55,1.5856070518493652,0
5142,5,train,142,15,389.5,8,251.5,0,0,2,-0.55,1.109997272491455,0
5143,5,train,143,15,397.0,8,255.5,0,0,2,-0.55,1.5631928443908691,0
5144,5,train,144,15,404.5,8,259.5,0,0,2,-0.55,1.2724783420562744,0
5145,5,train,145,16,413.5,8,263.5,0,0,2,-0.56,0.9363033175468445,0
5146,5,train,146,16,421.5,8,267.5,0,0,2,-0.56,1.6521029472351074,0
5147,5,train,147,16,429.5,8,271.5,0,0,2,-0.56,1.5472134351730347,0
5148,5,train,148,16,437.5,8,275.5,0,1,2,-0.56,0.9570337533950806,0
5149,5,train,149,17,447.0,8,279.5,0,0,2,-0.5700000000000001,1.4238909482955933,0
5150,5,train,150,18,457.0,8,283.5,0,0,2,-0.5800000000000001,1.1856975555419922,0
5151,5,train,151,17,391.5,8,287.5,0,1,3,-0.5700000000000001,1.5185234546661377,0
5152,5,train,152,17,400.0,8,291.5,0,0,3,-0.5700000000000001,1.5012532472610474,0
5153,5,train,153,17,408.5,8,295.5,0,0,3,-0.5700000000000001,1.5996596813201904,0
5154,5,train,154,17,417.0,8,299.5,0,0,3,-0.5700000000000001,1.6323466300964355,0
5155,5,train,155,18,427.0,8,303.5,0,0,3,-0.5800000000000001,1.6586029529571533,0
5156,5,train,156,18,436.0,8,307.5,0,0,3,-0.5800000000000001,1.188899278640747,0
5157,5,train,157,18,445.0,8,311.5,0,0,3,-0.5800000000000001,1.2764134407043457,0
5158,5,train,158,18,454.0,8,315.5,0,1,3,-0.5800000000000001,0.9707093238830566,0
5159,5,train,159,18,463.0,8,319.5,0,0,3,-0.5800000000000001,1.429792046546936,0
5160,5,train,160,20,475.0,8,323.5,0,0,3,-0.6000000000000001,1.8435759544372559,0
5161,5,train,161,21,486.5,8,327.5,0,0,3,-0.61,1.3072681427001953,0
5162,5,train,162,22,498.5,8,331.5,0,0,3,-0.62,1.533406138420105,0
5163,5,train,163,22,509.5,8,335.5,0,0,3,-0.62,1.2196189165115356,0
5164,5,train,164,27,528.0,8,339.5,0,0,3,-0.67,1.2026063203811646,0
5165,5,train,165,27,541.5,8,343.5,0,1,3,-0.67,0.7589860558509827,0
5166,5,train,166,28,556.5,8,347.5,0,0,3,-0.68,1.3624391555786133,0
5167,5,train,167,28,570.5,8,351.5,0,0,3,-0.68,1.3221104145050049,0
5168,5,train,168,28,584.5,8,355.5,0,0,3,-0.68,0.9068339467048645,0
5169,5,train,169,31,603.0,8,359.5,0,0,3,-0.71,1.8472561836242676,0
5170,5,train,170,31,618.5,8,363.5,0,2,3,-0.71,0.9334004521369934,0
5171,5,train,171,31,634.0,8,367.5,0,0,3,-0.71,1.3335179090499878,0
5172,5,train,172,32,651.0,8,371.5,0,0,3,-0.72,1.321242332458496,0
5173,5,train,173,33,668.5,8,375.5,0,0,3,-0.73,1.4864380359649658,0
5174,5,train,174,35,688.0,8,379.5,0,0,3,-0.75,1.0543010234832764,0
5175,5,train,175,36,707.0,8,383.5,0,0,3,-0.76,1.2603256702423096,0
5176,5,train,176,36,725.0,8,387.5,0,1,3,-0.76,1.5288656949996948,0
5177,5,train,177,36,743.0,8,391.5,0,0,3,-0.76,1.770516037940979,0
5178,5,train,178,36,761.0,8,395.5,0,0,3,-0.76,1.5437133312225342,0
5179,5,train,179,38,782.0,8,399.5,0,0,3,-0.78,1.4402780532836914,0
5180,5,train,180,37,799.0,8,403.5,0,1,3,-0.77,1.4725620746612549,0
5181,5,train,181,37,817.5,8,407.5,0,0,3,-0.77,1.5828375816345215,0
5182,5,train,182,38,837.5,8,411.5,0,0,3,-0.78,1.4070477485656738,0
5183,5,train,183,38,856.5,8,415.5,0,0,3,-0.78,0.7332972288131714,0
5184,5,train,184,39,877.0,8,419.5,0,0,3,-0.79,1.2524226903915405,0
5185,5,train,185,39,896.5,8,423.5,0,0,3,-0.79,1.478240966796875,0
5186,5,train,186,41,919.0,8,427.5,0,0,3,-0.81,1.3409779071807861,0
5187,5,train,187,42,941.0,8,431.5,0,0,3,-0.8200000000000001,1.6233723163604736,0
5188,5,train,188,42,962.0,8,435.5,0,1,3,-0.8200000000000001,0.8135894536972046,0
5189,5,train,189,43,984.5,8,439.5,0,0,3,-0.8300000000000001,1.1368043422698975,0
5190,5,train,190,44,1007.5,8,443.5,0,0,3,-0.8400000000000001,1.068842887878418,0
5191,5,train,191,45,1031.0,8,447.5,0,2,3,-0.8500000000000001,0.8576579093933105,0
5192,5,train,192,45,1053.5,8,451.5,0,0,3,-0.8500000000000001,1.3611236810684204,0
5193,5,train,193,45,1076.0,8,455.5,0,0,3,-0.8500000000000001,1.4622955322265625,0
5194,5,train,194,46,1100.0,8,459.5,0,0,3,-0.8600000000000001,1.1569446325302124,0
5195,5,train,195,48,1126.0,8,463.5,0,0,3,-0.88,1.1616120338439941,0
5196,5,train,196,49,1151.5,8,467.5,0,0,3,-0.89,1.2501657009124756,0
5197,5,train,197,50,1177.5,8,471.5,0,1,3,-0.9,1.7133204936981201,0
5198,5,train,198,49,1179.5,8,475.5,0,0,3,-0.89,1.6495295763015747,0
5199,5,train,199,48,1183.0,8,479.5,0,0,3,-0.88,1.3422622680664062,0
5200,5,train,200,47,1188.5,8,483.5,0,0,3,-0.87,1.5672194957733154,0
5201,5,train,201,49,1215.0,8,487.5,0,2,3,-0.89,1.4493958950042725,0
5202,5,train,202,49,1239.5,9,493.0,0,0,3,-0.94,1.463809609413147,0
5203,5,train,203,50,1265.5,8,495.5,0,0,3,-0.9,1.367533564567566,0
5204,5,train,204,50,1290.5,8,499.5,0,0,3,-0.9,1.2713702917099,0
5205,5,train,205,51,1317.0,8,503.5,0,0,3,-0.91,0.8466548919677734,0
5206,5,train,206,52,1344.0,8,507.5,0,0,3,-0.92,1.5416462421417236,0
5207,5,train,207,53,1371.5,8,511.5,0,0,3,-0.93,1.301512598991394,0
5208,5,train,208,53,1398.0,8,515.5,0,0,3,-0.93,1.2665338516235352,0
5209,5,train,209,53,1424.5,8,519.5,0,0,3,-0.93,1.6872403621673584,0
5210,5,train,210,53,1451.0,8,523.5,0,0,3,-0.93,1.3987675905227661,0
5211,5,train,211,53,1477.5,8,527.5,0,1,4,-0.93,1.2976011037826538,0
5212,5,train,212,53,1498.5,8,531.5,0,0,4,-0.93,1.593846082687378,0
5213,5,train,213,52,1518.5,8,535.5,0,0,4,-0.92,1.0331835746765137,0
5214,5,train,214,52,1540.0,8,539.5,0,0,4,-0.92,1.4134035110473633,0
5215,5,train,215,54,1569.0,8,543.5,0,0,4,-0.9400000000000001,1.1392319202423096,0
5216,5,train,216,54,1596.0,8,547.5,0,0,4,-0.9400000000000001,0.9554369449615479,0
5217,5,train,217,55,1624.5,8,551.5,0,0,4,-0.9500000000000001,1.5801737308502197,0
5218,5,train,218,56,1652.0,8,555.5,0,0,4,-0.9600000000000001,1.2130496501922607,0
5219,5,train,219,56,1679.0,8,559.5,0,0,4,-0.9600000000000001,1.740950584411621,0
5220,5,train,220,56,1706.5,8,563.5,0,0,4,-0.9600000000000001,1.5753378868103027,0
5221,5,train,221,57,1735.5,8,567.5,0,0,4,-0.97,1.636008858680725,0
5222,5,train,222,57,1764.0,8,571.5,0,0,4,-0.97,1.583484411239624,0
5223,5,train,223,52,1451.5,8,575.5,0,0,5,-0.92,1.0577664375305176,0
5224,5,train,224,48,1255.5,8,579.5,0,0,5,-0.88,1.5417518615722656,0
5225,5,train,225,46,1142.0,8,583.5,0,0,5,-0.8600000000000001,1.2360012531280518,0
5226,5,train,226,44,1072.0,8,587.5,0,0,5,-0.8400000000000001,1.007357120513916,0
5227,5,train,227,46,1078.5,8,591.5,0,0,5,-0.8600000000000001,1.0626267194747925,0
5228,5,train,228,44,1046.5,8,595.5,0,0,5,-0.8400000000000001,0.9290331602096558,0
5229,5,train,229,41,1008.5,8,599.5,0,0,5,-0.81,1.1761581897735596,0
5230,5,train,230,38,979.5,8,603.5,0,0,5,-0.78,1.1929781436920166,0
5231,5,train,231,37,993.0,6,460.0,0,2,5,-0.6699999999999999,1.6024330854415894,0
5232,5,train,232,35,977.0,5,382.0,0,0,5,-0.6,1.5762581825256348,0
5233,5,train,233,35,981.0,3,227.5,0,0,5,-0.5,1.2214241027832031,0
5234,5,train,234,34,993.5,3,229.0,0,0,5,-0.49,1.2766859531402588,0
5235,5,train,235,35,1012.0,3,230.5,0,0,5,-0.5,1.0107728242874146,0
5236,5,train,236,35,1028.0,3,232.0,0,0,5,-0.5,1.173456072807312,0
5237,5,train,237,35,1044.5,3,233.5,0,0,5,-0.5,1.217301368713379,0
5238,5,train,238,35,1061.5,3,235.0,0,0,5,-0.5,1.4147911071777344,0
5239,5,train,239,34,1077.0,3,236.5,0,0,5,-0.49,1.3664493560791016,0
5240,5,train,240,34,1094.0,3,238.0,0,0,5,-0.49,1.0563757419586182,0
5241,5,train,241,34,1111.0,2,163.5,0,0,5,-0.44000000000000006,1.7133567333221436,0
5242,5,train,242,34,1128.0,2,164.5,0,1,5,-0.44000000000000006,1.2050001621246338,0
5243,5,train,243,34,1145.0,2,165.5,0,0,5,-0.44000000000000006,1.309227466583252,0
5244,5,train,244,34,1162.0,2,166.5,0,0,5,-0.44000000000000006,1.3386266231536865,0
5245,5,train,245,34,1179.0,2,167.5,0,0,5,-0.44000000000000006,1.1760656833648682,0
5246,5,train,246,35,1197.5,2,168.5,0,0,5,-0.44999999999999996,1.707034945487976,0
5247,5,train,247,35,1215.0,2,169.5,0,0,5,-0.44999999999999996,1.3479182720184326,0
5248,5,train,248,35,1232.5,2,170.5,0,0,5,-0.44999999999999996,1.2079859972000122,0
5249,5,train,249,35,1250.0,2,171.5,0,0,5,-0.44999999999999996,1.4638841152191162,0
5250,5,train,250,35,1267.5,2,172.5,0,0,5,-0.44999999999999996,1.2833118438720703,0
5251,5,train,251,35,1285.0,2,173.5,0,0,5,-0.44999999999999996,1.4856969118118286,0
5252,5,train,252,36,1304.0,2,174.5,0,1,5,-0.45999999999999996,1.4065499305725098,0
5253,5,train,253,36,1322.0,2,175.5,0,0,5,-0.45999999999999996,1.2212870121002197,0
5254,5,train,254,36,1340.0,2,176.5,0,0,5,-0.45999999999999996,1.7782046794891357,0
5255,5,train,255,37,1359.5,2,177.5,0,0,5,-0.47,1.0430254936218262,0
5256,5,train,256,38,1379.5,2,178.5,0,1,5,-0.48,1.3329439163208008,0
5257,5,train,257,39,1400.0,2,179.5,0,0,5,-0.49,1.3688890933990479,0
5258,5,train,258,39,1419.5,2,180.5,0,0,5,-0.49,1.0690884590148926,0
5259,5,train,259,39,1439.0,2,181.5,0,0,5,-0.49,1.6524851322174072,0
5260,5,train,260,39,1458.5,2,182.5,0,0,5,-0.49,1.3656163215637207,0
5261,5,train,261,39,1478.0,2,183.5,0,0,5,-0.49,1.0106873512268066,0
5262,5,train,262,39,1497.5,3,186.0,0,0,5,-0.54,0.9404996633529663,0
5263,5,train,263,39,1517.0,3,187.5,0,0,5,-0.54,1.2075753211975098,0
5264,5,train,264,40,1538.0,2,186.5,0,0,5,-0.5,1.1555770635604858,0
5265,5,train,265,40,1558.0,2,187.5,0,0,5,-0.5,1.541783094406128,0
5266,5,train,266,41,1579.5,2,188.5,0,0,5,-0.51,1.1792340278625488,0
5267,5,train,267,41,1600.0,2,189.5,0,0,5,-0.51,1.766737937927246,0
5268,5,train,268,41,1620.5,2,190.5,0,0,5,-0.51,1.2835785150527954,0
5269,5,train,269,41,1641.0,2,191.5,0,0,5,-0.51,1.09110426902771,0
5270,5,train,270,41,1661.5,2,192.5,0,0,5,-0.51,1.4925947189331055,0
5271,5,train,271,41,1682.0,2,193.5,0,1,5,-0.51,1.3269314765930176,0
5272,5,train,272,41,1702.5,3,196.0,0,0,5,-0.5599999999999999,0.9375379681587219,0
5273,5,train,273,39,1525.0,3,197.5,0,0,6,-0.54,1.8924919366836548,0
5274,5,train,274,38,1459.5,3,199.0,0,0,6,-0.53,1.1727354526519775,0
5275,5,train,275,39,1480.0,3,200.5,0,0,6,-0.54,1.1771513223648071,0
5276,5,train,276,39,1499.5,3,202.0,0,0,6,-0.54,1.130208969116211,0
5277,5,train,277,39,1519.0,3,203.5,0,0,6,-0.54,0.7774396538734436,0
5278,5,train,278,39,1538.5,4,206.5,0,0,6,-0.5900000000000001,1.5975987911224365,0
5279,5,train,279,39,1558.0,4,208.5,0,0,6,-0.5900000000000001,1.5201038122177124,0
5280,5,train,280,39,1577.5,5,212.0,0,0,6,-0.64,1.3612136840820312,0
5281,5,train,281,39,1597.0,4,212.5,0,0,6,-0.5900000000000001,1.6318473815917969,0
5282,5,train,282,39,1616.5,4,214.5,0,0,6,-0.5900000000000001,1.1743311882019043,0
5283,5,train,283,39,1636.0,4,216.5,0,0,6,-0.5900000000000001,1.0400540828704834,0
5284,5,train,284,41,1658.5,6,221.5,0,0,6,-0.71,0.8368854522705078,0
5285,5,train,285,41,1679.0,5,222.5,0,0,6,-0.6599999999999999,1.2004600763320923,0
5286,5,train,286,41,1699.5,5,225.0,0,0,6,-0.6599999999999999,1.4395278692245483,0
5287,5,train,287,42,1721.5,6,229.0,0,1,6,-0.72,1.4461135864257812,0
5288,5,train,288,43,1744.0,6,231.5,0,0,6,-0.73,1.1296191215515137,0
5289,5,train,289,43,1765.5,6,234.5,0,0,6,-0.73,0.8902424573898315,0
5290,5,train,290,43,1787.0,6,237.5,0,0,6,-0.73,1.3709074258804321,0
5291,5,train,291,44,1810.0,6,240.5,0,0,6,-0.74,1.42219877243042,0
5292,5,train,292,44,1832.0,7,245.0,0,0,6,-0.79,1.745471715927124,0
5293,5,train,293,44,1854.0,7,248.5,0,0,6,-0.79,1.4784845113754272,0
5294,5,train,294,44,1876.0,8,253.5,0,0,6,-0.8400000000000001,1.349029541015625,0
5295,5,train,295,46,1901.0,8,257.5,0,0,6,-0.8600000000000001,1.6337838172912598,0
5296,5,train,296,46,1924.0,8,261.5,0,0,7,-0.8600000000000001,1.3656911849975586,1
5297,5,train,297,46,1947.0,8,265.5,0,0,7,-0.8600000000000001,0.7094526886940002,0
5298,5,train,298,47,1971.5,8,269.5,0,0,7,-0.87,1.5351327657699585,0
5299,5,train,299,47,1995.0,8,273.5,0,0,7,-0.87,1.0031801462173462,0
5300,5,train,300,47,2018.5,8,277.5,0,0,7,-0.87,1.3753305673599243,0
5301,5,train,301,48,2043.5,8,281.5,0,0,7,-0.88,1.3121631145477295,0
5302,5,train,302,48,2067.5,8,285.5,0,1,7,-0.88,1.5944504737854004,0
5303,5,train,303,48,2091.5,9,291.0,0,3,7,-0.9299999999999999,1.1093300580978394,0
5304,5,train,304,48,2115.5,10,297.0,0,0,7,-0.98,1.2984659671783447,0
5305,5,train,305,49,2141.0,12,305.0,0,0,7,-1.0899999999999999,1.2135413885116577,0
5306,5,train,306,51,2168.5,12,310.5,0,2,7,-1.1099999999999999,0.9841282367706299,0
5307,5,train,307,51,2194.0,12,316.5,0,0,7,-1.1099999999999999,1.445258378982544,0
5308,5,train,308,50,1987.0,12,322.5,0,1,8,-1.1,1.1442456245422363,0
5309,5,train,309,48,1869.0,14,331.5,0,1,8,-1.18,0.963163435459137,0
5310,5,train,310,46,1752.5,14,338.5,0,0,8,-1.16,1.3867517709732056,0
5311,5,train,311,44,1688.5,14,345.5,0,1,8,-1.14,1.2921793460845947,0
5312,5,train,312,44,1710.5,14,352.5,0,1,8,-1.14,1.450622797012329,0
5313,5,train,313,42,1713.5,14,359.5,0,0,8,-1.1199999999999999,1.1100387573242188,0
5314,5,train,314,43,1736.0,14,366.5,0,1,8,-1.13,1.5673019886016846,0
5315,5,train,315,44,1759.0,14,373.5,0,1,8,-1.14,0.9280728697776794,0
5316,5,train,316,45,1782.5,14,380.5,0,0,8,-1.15,1.2562236785888672,0
5317,5,train,317,45,1805.0,14,387.5,0,1,8,-1.15,1.570601224899292,0
5318,5,train,318,47,1830.5,14,394.5,0,0,8,-1.17,1.3460369110107422,0
5319,5,train,319,47,1854.0,14,401.5,0,0,9,-1.17,1.4551053047180176,1
5320,5,train,320,47,1877.5,14,408.5,0,0,9,-1.17,1.5402014255523682,0
5321,5,train,321,47,1901.0,14,415.5,0,0,9,-1.17,1.3466628789901733,0
5322,5,train,322,47,1924.5,14,422.5,0,0,9,-1.17,1.4770944118499756,0
5323,5,train,323,47,1948.0,14,429.5,0,0,9,-1.17,1.0428507328033447,0
5324,5,train,324,47,1971.5,14,436.5,0,5,9,-1.17,1.1767277717590332,0
5325,5,train,325,41,1486.0,10,399.0,0,0,0,-0.9099999999999999,1.455983281135559,0
5326,5,train,326,39,1211.5,10,404.0,0,1,0,-0.89,1.1236610412597656,0
5327,5,train,327,35,971.0,10,409.0,0,2,0,-0.85,0.8739091157913208,0
5328,5,train,328,31,760.0,9,387.5,0,0,0,-0.76,1.2680261135101318,0
5329,5,train,329,37,784.5,9,392.0,0,1,0,-0.8200000000000001,1.5278549194335938,0
5330,5,train,330,34,613.0,8,366.0,0,0,0,-0.74,1.60750412940979,0
5331,5,train,331,33,476.0,8,370.0,0,0,0,-0.73,1.0859583616256714,0
5332,5,train,332,38,500.0,8,374.0,0,2,0,-0.78,1.4915668964385986,0
5333,5,train,333,34,396.0,6,229.0,0,0,0,-0.64,1.2826650142669678,0
5334,5,train,334,35,414.5,6,232.0,0,2,0,-0.6499999999999999,1.8853387832641602,0
5335,5,train,335,36,353.5,6,235.0,0,0,0,-0.6599999999999999,1.6868926286697388,0
5336,5,train,336,36,371.5,6,238.0,0,1,0,-0.6599999999999999,0.9822584986686707,0
5337,5,train,337,36,354.5,6,241.0,0,2,0,-0.6599999999999999,1.295047640800476,0
5338,5,train,338,35,369.5,6,244.0,0,1,0,-0.6499999999999999,1.2979464530944824,0
5339,5,train,339,38,379.0,6,247.0,0,1,0,-0.6799999999999999,1.3746894598007202,0
5340,5,train,340,38,398.0,6,250.0,0,2,0,-0.6799999999999999,1.6896553039550781,0
5341,5,train,341,41,418.0,6,253.0,0,0,0,-0.71,1.7973459959030151,0
5342,5,train,342,41,438.5,6,256.0,0,2,0,-0.71,1.7410359382629395,0
5343,5,train,343,46,466.5,5,232.0,0,2,0,-0.71,1.3348828554153442,0
5344,5,train,344,46,489.5,4,98.5,0,1,0,-0.66,1.4363120794296265,0
5345,5,train,345,50,518.5,4,100.5,0,1,0,-0.7,1.0464320182800293,0
5346,5,train,346,50,543.5,4,102.5,0,0,0,-0.7,1.0800526142120361,0
5347,5,train,347,54,574.5,4,104.5,0,1,0,-0.74,1.4688422679901123,0
5348,5,train,348,54,601.5,4,106.5,0,0,0,-0.74,1.5524625778198242,0
5349,5,train,349,58,634.5,4,108.5,0,1,0,-0.78,1.2150747776031494,0
5350,5,train,350,59,665.0,4,110.5,0,0,0,-0.79,1.4466919898986816,0
5351,5,train,351,61,697.5,4,112.5,0,3,0,-0.81,0.7798995971679688,0
5352,5,train,352,61,728.0,4,114.5,0,0,0,-0.81,0.9078273773193359,0
5353,5,train,353,61,758.5,4,116.5,0,0,0,-0.81,1.392085075378418,0
5354,5,train,354,61,789.0,4,118.5,0,0,0,-0.81,1.410290241241455,0
5355,5,train,355,62,821.0,4,120.5,0,1,0,-0.8200000000000001,1.7972819805145264,0
5356,5,train,356,63,853.5,4,122.5,0,0,0,-0.8300000000000001,1.2006680965423584,0
5357,5,train,357,63,885.0,4,124.5,0,1,0,-0.8300000000000001,1.0655879974365234,0
5358,5,train,358,63,916.5,4,126.5,0,0,0,-0.8300000000000001,1.3557665348052979,0
5359,5,train,359,64,949.5,4,128.5,0,0,0,-0.8400000000000001,1.6198534965515137,0
5360,5,train,360,64,981.5,4,130.5,0,1,0,-0.8400000000000001,1.561267614364624,0
5361,5,train,361,64,1013.5,4,132.5,0,1,0,-0.8400000000000001,1.4830474853515625,0
5362,5,train,362,64,1045.5,4,134.5,0,0,0,-0.8400000000000001,1.637292742729187,0
5363,5,train,363,65,1079.0,4,136.5,0,2,0,-0.8500000000000001,1.1078381538391113,0
5364,5,train,364,65,1111.5,4,138.5,0,0,0,-0.8500000000000001,1.2941864728927612,0
5365,5,train,365,66,1145.5,4,140.5,0,0,0,-0.8600000000000001,1.2825675010681152,0
5366,5,train,366,67,1180.0,4,142.5,0,0,0,-0.8700000000000001,0.7233486175537109,0
5367,5,train,367,68,1215.0,4,144.5,0,1,0,-0.8800000000000001,1.3740513324737549,0
5368,5,train,368,68,1249.0,4,146.5,0,0,0,-0.8800000000000001,1.1846299171447754,0
5369,5,train,369,69,1284.5,4,148.5,0,0,0,-0.8899999999999999,1.247113823890686,0
5370,5,train,370,69,1319.0,4,150.5,0,0,0,-0.8899999999999999,1.1163322925567627,0
5371,5,train,371,70,1355.0,4,152.5,0,0,0,-0.8999999999999999,1.5025726556777954,0
5372,5,train,372,72,1393.0,4,154.5,0,1,0,-0.9199999999999999,1.2559964656829834,0
5373,5,train,373,73,1430.5,4,156.5,0,0,0,-0.9299999999999999,1.3089845180511475,0
5374,5,train,374,74,1468.5,4,158.5,0,0,0,-0.94,1.3670320510864258,0
5375,5,train,375,72,1418.5,4,160.5,0,2,1,-0.9199999999999999,1.448434829711914,0
5376,5,train,376,73,1456.0,4,162.5,0,0,1,-0.9299999999999999,1.5626236200332642,0
5377,5,train,377,73,1492.5,4,164.5,0,0,1,-0.9299999999999999,1.1111557483673096,0
5378,5,train,378,74,1530.5,4,166.5,0,0,1,-0.94,0.7585870027542114,0
5379,5,train,379,74,1567.0,4,168.5,0,0,1,-0.94,1.3310887813568115,0
5380,5,train,380,74,1604.0,4,170.5,0,0,1,-0.94,1.7139465808868408,0
5381,5,train,381,74,1641.0,4,172.5,0,0,1,-0.94,1.1824018955230713,0
5382,5,train,382,75,1679.5,4,174.5,0,0,1,-0.95,1.1035404205322266,0
5383,5,train,383,73,1633.0,4,176.5,0,0,1,-0.9299999999999999,1.1491336822509766,0
5384,5,train,384,68,1527.5,4,178.5,0,0,1,-0.8800000000000001,0.8082263469696045,0
5385,5,train,385,65,1454.0,4,180.5,0,1,1,-0.8500000000000001,1.4696074724197388,0
5386,5,train,386,61,1380.5,4,182.5,0,1,1,-0.81,0.48374029994010925,0
5387,5,train,387,59,1358.0,4,184.5,0,0,1,-0.79,1.6589195728302002,0
5388,5,train,388,58,1337.0,4,186.5,0,1,1,-0.78,1.4250460863113403,0
5389,5,train,389,55,1263.5,4,188.5,0,0,1,-0.75,1.6707799434661865,0
5390,5,train,390,54,1240.5,4,190.5,0,0,1,-0.74,1.1550483703613281,0
5391,5,train,391,51,1167.0,4,192.5,0,0,1,-0.71,0.9574739933013916,0
5392,5,train,392,50,1144.0,4,194.5,0,0,1,-0.7,1.4565470218658447,0
5393,5,train,393,48,1118.0,4,196.5,0,0,1,-0.6799999999999999,1.096874475479126,0
5394,5,train,394,44,1042.0,4,198.5,0,0,1,-0.64,1.3570057153701782,0
5395,5,train,395,43,1016.5,4,200.5,0,0,1,-0.63,1.3039915561676025,0
5396,5,train,396,40,986.0,4,202.5,0,0,1,-0.6000000000000001,0.8968026638031006,0
5397,5,train,397,36,935.5,4,204.5,0,0,1,-0.56,1.7354376316070557,0
5398,5,train,398,34,922.0,4,206.5,0,0,1,-0.54,1.1043479442596436,0
5399,5,train,399,34,932.0,4,208.5,0,0,1,-0.54,0.9499338865280151,0
5400,5,train,400,33,927.5,4,210.5,0,2,1,-0.53,1.6573848724365234,0
5401,5,train,401,34,945.0,4,212.5,0,0,1,-0.54,0.9350326657295227,0
5402,5,train,402,34,962.0,4,214.5,0,0,1,-0.54,1.3021023273468018,0
5403,5,train,403,34,979.0,4,216.5,0,0,1,-0.54,1.113773226737976,0
5404,5,train,404,34,996.0,4,218.5,0,0,1,-0.54,1.1788005828857422,0
5405,5,train,405,34,1013.0,5,222.0,0,0,1,-0.5900000000000001,0.9602029323577881,0
5406,5,train,406,34,1030.0,5,224.5,0,0,1,-0.5900000000000001,1.6226212978363037,0
5407,5,train,407,34,1047.0,5,227.0,0,0,1,-0.5900000000000001,1.038156509399414,0
5408,5,train,408,34,1064.0,5,229.5,0,0,1,-0.5900000000000001,1.5762826204299927,0
5409,5,train,409,34,1081.0,5,232.0,0,0,1,-0.5900000000000001,1.5179591178894043,0
5410,5,train,410,34,1098.0,6,236.0,0,0,1,-0.64,1.63727605342865,0
5411,5,train,411,36,1118.0,6,239.0,0,0,1,-0.6599999999999999,1.1617947816848755,0
5412,5,train,412,36,1136.0,6,242.0,0,0,1,-0.6599999999999999,1.3402239084243774,0
5413,5,train,413,36,1154.0,6,245.0,0,0,1,-0.6599999999999999,1.7063924074172974,0
5414,5,train,414,36,1172.0,6,248.0,0,0,1,-0.6599999999999999,0.8984155654907227,0
5415,5,train,415,36,1190.0,6,251.0,0,0,1,-0.6599999999999999,1.2013590335845947,0
5416,5,train,416,36,1208.0,6,254.0,0,0,1,-0.6599999999999999,1.1805657148361206,0
5417,5,train,417,36,1226.0,6,257.0,0,0,1,-0.6599999999999999,1.346254587173462,0
5418,5,train,418,36,1244.0,6,260.0,0,0,1,-0.6599999999999999,1.5338823795318604,0
5419,5,train,419,36,1262.0,6,263.0,0,0,1,-0.6599999999999999,1.5047651529312134,0
5420,5,train,420,36,1280.0,6,266.0,0,0,1,-0.6599999999999999,1.3710602521896362,0
5421,5,train,421,37,1299.5,6,269.0,0,0,1,-0.6699999999999999,1.4950273036956787,0
5422,5,train,422,37,1318.0,6,272.0,0,0,1,-0.6699999999999999,1.5607521533966064,0
5423,5,train,423,37,1336.5,6,275.0,0,0,1,-0.6699999999999999,1.3270902633666992,0
5424,5,train,424,37,1355.0,6,278.0,0,0,1,-0.6699999999999999,1.3893332481384277,0
5425,5,train,425,37,1373.5,6,281.0,0,0,1,-0.6699999999999999,1.5979136228561401,0
5426,5,train,426,39,1395.0,6,284.0,0,0,1,-0.69,1.2205145359039307,0
5427,5,train,427,40,1416.0,6,287.0,0,0,1,-0.7,1.5568959712982178,0
5428,5,train,428,41,1437.5,6,290.0,0,0,1,-0.71,1.6804543733596802,0
5429,5,train,429,42,1459.5,6,293.0,0,0,1,-0.72,1.6892869472503662,0
5430,5,train,430,42,1480.5,6,296.0,0,0,1,-0.72,1.4108716249465942,0
5431,5,train,431,42,1501.5,6,299.0,0,0,1,-0.72,1.5344300270080566,0
5432,5,train,432,42,1522.5,6,302.0,0,0,1,-0.72,1.3800251483917236,0
5433,5,train,433,42,1543.5,6,305.0,0,0,1,-0.72,1.1658110618591309,0
5434,5,train,434,42,1564.5,6,308.0,0,0,1,-0.72,1.2053821086883545,0
5435,5,train,435,42,1585.5,6,311.0,0,0,1,-0.72,0.8619062304496765,0
5436,5,train,436,42,1606.5,6,314.0,0,0,1,-0.72,1.6404211521148682,0
5437,5,train,437,42,1627.5,6,317.0,0,0,1,-0.72,1.1991095542907715,0
5438,5,train,438,42,1648.5,6,320.0,0,0,1,-0.72,1.415811538696289,0
5439,5,train,439,43,1671.0,6,323.0,0,0,1,-0.73,1.7196904420852661,0
5440,5,train,440,44,1694.0,6,326.0,0,0,1,-0.74,1.1316591501235962,0
5441,5,train,441,45,1717.5,6,329.0,0,0,1,-0.75,1.4317618608474731,0
5442,5,train,442,45,1740.0,6,332.0,0,0,1,-0.75,1.6884138584136963,0
5443,5,train,443,45,1762.5,6,335.0,0,0,1,-0.75,1.4517552852630615,0
5444,5,train,444,45,1785.0,6,338.0,0,0,1,-0.75,0.8075829744338989,0
5445,5,train,445,45,1807.5,6,341.0,0,0,1,-0.75,0.7750722169876099,0
5446,5,train,446,45,1830.0,6,344.0,0,0,1,-0.75,1.5710163116455078,0
5447,5,train,447,45,1852.5,6,347.0,0,0,1,-0.75,1.3794562816619873,0
5448,5,train,448,46,1876.5,6,350.0,0,0,1,-0.76,1.304726481437683,0
5449,5,train,449,46,1899.5,6,353.0,0,0,1,-0.76,0.8311496376991272,0
5450,5,train,450,47,1924.0,6,356.0,0,0,1,-0.77,1.7044620513916016,0
5451,5,train,451,47,1947.5,6,359.0,0,0,1,-0.77,1.5141974687576294,0
5452,5,train,452,47,1971.0,6,362.0,0,0,1,-0.77,1.2625656127929688,0
5453,5,train,453,47,1994.5,6,365.0,0,0,1,-0.77,0.9671459197998047,0
5454,5,train,454,47,2018.0,6,368.0,0,0,1,-0.77,1.4095797538757324,0
5455,5,train,455,47,2041.5,6,371.0,0,1,1,-0.77,1.1597509384155273,0
5456,5,train,456,47,2065.0,6,374.0,0,0,1,-0.77,0.9970340728759766,0
5457,5,train,457,48,2090.0,6,377.0,0,0,1,-0.78,1.3173376321792603,0
5458,5,train,458,48,2114.0,6,380.0,0,0,1,-0.78,0.849999189376831,0
5459,5,train,459,48,2138.0,6,383.0,0,0,1,-0.78,1.3697352409362793,0
5460,5,train,460,48,2162.0,6,386.0,0,0,1,-0.78,1.489650845527649,0
5461,5,train,461,48,2186.0,6,389.0,0,0,1,-0.78,1.391380786895752,0
5462,5,train,462,48,2210.0,6,392.0,0,0,1,-0.78,0.9732491970062256,0
5463,5,train,463,48,2234.0,6,395.0,0,0,1,-0.78,1.4509602785110474,0
5464,5,train,464,48,2258.0,6,398.0,0,3,1,-0.78,1.4411811828613281,0
5465,5,train,465,48,2282.0,6,401.0,0,0,2,-0.78,1.6534101963043213,0
5466,5,train,466,48,2306.0,6,404.0,0,0,2,-0.78,1.0681740045547485,0
5467,5,train,467,50,2333.0,6,407.0,0,2,2,-0.8,1.2741451263427734,0
5468,5,train,468,50,2358.0,6,410.0,0,0,2,-0.8,1.0713577270507812,0
5469,5,train,469,50,2383.0,6,413.0,0,0,2,-0.8,1.2304404973983765,0
5470,5,train,470,50,2408.0,6,416.0,0,2,2,-0.8,0.8598580956459045,0
5471,5,train,471,51,2434.5,7,420.5,0,0,2,-0.86,1.5010676383972168,0
5472,5,train,472,51,2460.0,7,424.0,0,2,2,-0.86,1.2593244314193726,0
5473,5,train,473,52,2487.0,7,427.5,0,3,2,-0.87,1.3970986604690552,0
5474,5,train,474,53,2514.5,7,431.0,0,0,2,-0.88,1.4322128295898438,0
5475,5,train,475,53,2541.0,7,434.5,0,1,2,-0.88,1.2487573623657227,0
5476,5,train,476,54,2569.0,7,438.0,1,3,2,-0.89,1.4147627353668213,0
5477,5,train,477,53,2358.5,7,441.5,0,0,3,-0.88,1.7043344974517822,0
5478,5,train,478,51,2198.5,8,446.5,0,1,3,-0.91,1.3786081075668335,0
5479,5,train,479,49,2113.5,8,450.5,0,3,3,-0.89,1.1580491065979004,0
5480,5,train,480,48,2109.5,8,454.5,0,0,3,-0.88,1.3393584489822388,0
5481,5,train,481,48,2107.0,8,458.5,0,1,3,-0.88,1.2923526763916016,0
5482,5,train,482,48,2131.0,8,462.5,0,3,3,-0.88,1.191236138343811,0
5483,5,train,483,48,2155.0,9,468.0,0,0,3,-0.9299999999999999,1.0897654294967651,0
5484,5,train,484,48,2179.0,10,474.0,0,0,3,-0.98,1.6865018606185913,0
5485,5,train,485,48,2203.0,10,479.0,0,4,3,-0.98,1.5221588611602783,0
5486,5,train,486,48,2227.0,9,481.0,1,0,3,-0.9299999999999999,1.4845688343048096,0
5487,5,train,487,49,2252.5,9,485.5,0,1,3,-0.94,1.2831333875656128,0
5488,5,train,488,50,2278.5,10,491.5,0,2,3,-1.0,1.081658959388733,0
5489,5,train,489,50,2303.5,11,498.0,0,0,4,-1.05,1.478351354598999,1
5490,5,train,490,51,2330.0,13,506.5,0,0,4,-1.1600000000000001,1.3616089820861816,0
5491,5,train,491,51,2355.5,13,513.0,0,3,4,-1.1600000000000001,1.3864792585372925,0
5492,5,train,492,51,2381.0,13,519.5,0,0,4,-1.1600000000000001,0.8975635170936584,0
5493,5,train,493,51,2406.5,13,526.0,0,0,4,-1.1600000000000001,1.2949097156524658,0
5494,5,train,494,51,2432.0,13,532.5,0,1,4,-1.1600000000000001,1.2855875492095947,0
5495,5,train,495,53,2460.5,13,539.0,0,1,4,-1.1800000000000002,1.4689559936523438,0
5496,5,train,496,54,2488.5,13,545.5,0,1,4,-1.19,1.6315758228302002,0
5497,5,train,497,56,2518.5,14,553.5,0,1,4,-1.26,1.6927891969680786,0
5498,5,train,498,59,2551.0,14,560.5,0,2,4,-1.29,1.3840482234954834,0
5499,5,train,499,60,2582.0,14,567.5,0,0,4,-1.2999999999999998,1.3616507053375244,0
5500,5,train,500,60,2612.0,14,574.5,0,2,4,-1.2999999999999998,1.0473135709762573,0
5501,5,train,501,57,2265.5,12,485.0,0,1,5,-1.17,1.0910437107086182,0
5502,5,train,502,55,1974.5,12,491.0,0,0,5,-1.15,1.5127050876617432,0
5503,5,train,503,52,1719.5,12,497.0,0,2,5,-1.12,1.5349119901657104,0
5504,5,train,504,48,1492.5,12,503.0,0,0,5,-1.08,1.4859538078308105,0
5505,5,train,505,50,1519.5,12,509.0,0,0,5,-1.1,1.3730742931365967,0
5506,5,train,506,46,1328.5,12,515.0,0,2,5,-1.06,1.3933382034301758,0
5507,5,train,507,42,1176.0,9,306.0,0,0,5,-0.87,1.491541862487793,0
5508,5,train,508,44,1160.5,9,310.5,0,0,5,-0.89,1.7658658027648926,0
5509,5,train,509,41,1083.5,8,294.5,0,1,5,-0.81,1.1243901252746582,0
5510,5,train,510,41,1048.0,8,298.5,0,1,5,-0.81,1.2881183624267578,0
5511,5,train,511,40,999.5,7,290.5,0,0,5,-0.75,0.8948027491569519,0
5512,5,train,512,39,1010.5,6,275.5,1,0,5,-0.69,1.2793750762939453,0
5513,5,train,513,38,983.0,6,278.5,0,2,5,-0.6799999999999999,1.1493359804153442,0
5514,5,train,514,37,994.0,6,281.5,0,1,5,-0.6699999999999999,1.4458112716674805,0
5515,5,train,515,38,995.0,6,284.5,0,1,5,-0.6799999999999999,1.4897119998931885,0
5516,5,train,516,37,999.5,4,62.5,0,1,5,-0.5700000000000001,1.4146308898925781,0
5517,5,train,517,39,1021.0,4,64.5,0,0,5,-0.5900000000000001,1.4262268543243408,0
5518,5,train,518,38,1035.0,4,66.5,0,2,5,-0.5800000000000001,1.4505231380462646,0
5519,5,train,519,41,1058.5,4,68.5,0,1,5,-0.61,0.9199913144111633,0
5520,5,train,520,42,1080.5,4,70.5,0,0,5,-0.62,1.485788345336914,0
5521,5,train,521,44,1104.5,4,72.5,0,1,5,-0.64,1.2299017906188965,0
5522,5,train,522,44,1126.5,4,74.5,0,2,5,-0.64,1.5439958572387695,0
5523,5,train,523,46,1151.5,4,76.5,0,1,5,-0.66,0.9069707989692688,0
5524,5,train,524,46,1174.5,4,78.5,0,1,5,-0.66,1.368037462234497,0
5525,5,train,525,47,1199.0,4,80.5,0,0,5,-0.6699999999999999,1.303412675857544,0
5526,5,train,526,47,1222.5,2,43.0,0,0,5,-0.57,0.8466728925704956,0
5527,5,train,527,50,1250.5,2,44.0,0,0,5,-0.6,1.3029563426971436,0
5528,5,train,528,51,1277.0,2,45.0,0,0,5,-0.61,0.8646998405456543,0
5529,5,train,529,53,1305.5,2,46.0,0,0,5,-0.63,1.3026671409606934,0
5530,5,train,530,53,1332.0,2,47.0,0,1,5,-0.63,1.2133761644363403,0
5531,5,train,531,54,1360.0,2,48.0,0,1,5,-0.64,1.304037094116211,0
5532,5,train,532,54,1387.0,2,49.0,0,0,5,-0.64,1.2508535385131836,0
5533,5,train,533,54,1414.0,2,50.0,0,0,5,-0.64,1.3945019245147705,0
5534,5,train,534,54,1441.0,2,51.0,0,1,5,-0.64,0.9208011627197266,0
5535,5,train,535,54,1468.0,2,52.0,0,0,5,-0.64,1.6716723442077637,0
5536,5,train,536,54,1495.0,2,53.0,0,0,5,-0.64,1.6011321544647217,0
5537,5,train,537,55,1523.5,2,54.0,0,1,5,-0.65,1.5491623878479004,0
5538,5,train,538,55,1551.0,2,55.0,0,1,5,-0.65,1.1610009670257568,0
5539,5,train,539,57,1581.5,2,56.0,0,0,5,-0.6699999999999999,1.518977165222168,0
5540,5,train,540,57,1610.0,2,57.0,0,0,5,-0.6699999999999999,1.282137155532837,0
5541,5,train,541,57,1638.5,2,58.0,0,0,5,-0.6699999999999999,1.4155211448669434,0
5542,5,train,542,57,1667.0,2,59.0,0,1,5,-0.6699999999999999,1.073396921157837,0
5543,5,train,543,57,1695.5,2,60.0,0,0,5,-0.6699999999999999,0.7584606409072876,0
5544,5,train,544,57,1724.0,2,61.0,0,0,5,-0.6699999999999999,1.4103280305862427,0
5545,5,train,545,57,1752.5,2,62.0,0,0,5,-0.6699999999999999,1.3139441013336182,0
5546,5,train,546,57,1781.0,2,63.0,0,0,5,-0.6699999999999999,1.3511638641357422,0
5547,5,train,547,58,1811.0,2,64.0,0,0,5,-0.6799999999999999,1.363640546798706,0
5548,5,train,548,58,1839.5,2,65.0,0,0,5,-0.6799999999999999,1.073275089263916,0
5549,5,train,549,59,1870.0,2,66.0,0,0,5,-0.69,1.0112781524658203,0
5550,5,train,550,59,1899.5,2,67.0,0,0,5,-0.69,1.4411427974700928,0
5551,5,train,551,57,1770.0,2,68.0,0,0,6,-0.6699999999999999,1.547210693359375,0
5552,5,train,552,55,1741.5,2,69.0,0,0,6,-0.65,0.9466612339019775,0
5553,5,train,553,56,1770.5,2,70.0,0,0,6,-0.66,1.6461784839630127,0
5554,5,train,554,56,1798.5,2,71.0,0,0,6,-0.66,1.2879371643066406,0
5555,5,train,555,56,1826.5,2,72.0,0,0,6,-0.66,0.8769992589950562,0
5556,5,train,556,56,1854.5,2,73.0,0,0,6,-0.66,1.6746217012405396,0
5557,5,train,557,59,1887.0,2,74.0,0,0,6,-0.69,1.5528415441513062,0
5558,5,train,558,60,1918.0,2,75.0,0,0,6,-0.7,1.3652557134628296,0
5559,5,train,559,61,1949.5,2,76.0,0,0,6,-0.71,1.4187257289886475,0
5560,5,train,560,61,1980.0,2,77.0,0,1,6,-0.71,1.4600592851638794,0
5561,5,train,561,61,2010.5,2,78.0,0,1,6,-0.71,0.7215380668640137,0
5562,5,train,562,61,2041.0,2,79.0,0,1,6,-0.71,1.5108323097229004,0
5563,5,train,563,62,2073.0,2,80.0,0,0,6,-0.72,1.3766618967056274,0
5564,5,train,564,63,2105.5,2,81.0,0,0,6,-0.73,1.1494717597961426,0
5565,5,train,565,63,2137.0,2,82.0,0,0,6,-0.73,1.561179280281067,0
5566,5,train,566,64,2170.0,2,83.0,0,1,6,-0.74,1.4819793701171875,0
5567,5,train,567,66,2205.0,2,84.0,0,0,6,-0.76,1.2608094215393066,0
5568,5,train,568,68,2241.0,2,85.0,0,2,6,-0.78,1.2857756614685059,0
5569,5,train,569,65,2200.5,2,86.0,0,1,6,-0.75,1.2943497896194458,0
5570,5,train,570,63,2168.0,2,87.0,0,0,6,-0.73,1.8436408042907715,0
5571,5,train,571,61,2136.5,2,88.0,0,1,6,-0.71,1.1088056564331055,0
5572,5,train,572,59,2105.0,2,89.0,0,0,6,-0.69,1.0100562572479248,0
5573,5,train,573,59,2134.5,2,90.0,0,0,6,-0.69,0.7907513380050659,0
5574,5,train,574,58,2103.5,2,91.0,0,0,6,-0.6799999999999999,1.2607731819152832,0
5575,5,train,575,56,2071.5,2,92.0,0,0,6,-0.66,1.2172484397888184,0
5576,5,train,576,55,2069.5,2,93.0,0,0,6,-0.65,1.210188627243042,0
5577,5,train,577,56,2069.5,2,94.0,0,0,6,-0.66,1.0995399951934814,0
5578,5,train,578,54,2037.5,2,95.0,0,0,6,-0.64,1.2023091316223145,0
5579,5,train,579,53,2035.0,2,96.0,0,0,6,-0.63,1.5251816511154175,0
5580,5,train,580,52,2031.5,2,97.0,0,0,6,-0.62,1.5539218187332153,0
5581,5,train,581,50,2000.5,2,98.0,0,1,6,-0.6,1.224733591079712,0
5582,5,train,582,49,1996.5,2,99.0,0,0,6,-0.59,1.0624761581420898,0
5583,5,train,583,48,2002.5,2,100.0,0,1,6,-0.58,0.9850071668624878,0
5584,5,train,584,46,1991.0,2,101.0,0,1,6,-0.56,1.3062398433685303,0
5585,5,train,585,47,2015.5,3,103.5,0,0,6,-0.62,1.3236944675445557,0
5586,5,train,586,46,2010.0,3,105.0,0,0,6,-0.61,1.2525041103363037,0
5587,5,train,587,45,2007.5,4,108.0,0,1,6,-0.65,1.4093139171600342,0
5588,5,train,588,46,2031.5,5,111.5,0,0,6,-0.71,1.3695164918899536,0
5589,5,train,589,45,2038.0,5,114.0,0,0,6,-0.7,1.3019392490386963,0
5590,5,train,590,44,2056.5,5,116.5,0,1,6,-0.69,1.387196660041809,0
5591,5,train,591,44,2078.5,5,119.0,0,1,6,-0.69,1.1716091632843018,0
5592,5,train,592,44,2100.5,5,121.5,0,0,6,-0.69,1.3568315505981445,0
5593,5,train,593,44,2122.5,5,124.0,0,1,6,-0.69,1.2890475988388062,0
5594,5,train,594,44,2144.5,5,126.5,0,1,6,-0.69,1.3084299564361572,0
5595,5,train,595,45,2168.0,5,129.0,0,0,6,-0.7,1.2419753074645996,0
5596,5,train,596,45,2190.5,6,133.0,0,1,6,-0.75,0.7359566688537598,0
5597,5,train,597,46,2214.5,6,136.0,0,1,6,-0.76,1.6275120973587036,0
5598,5,train,598,47,2239.0,6,139.0,0,0,6,-0.77,1.0965595245361328,0
5599,5,train,599,48,2264.0,7,143.5,0,0,6,-0.83,1.8846646547317505,0
5600,5,train,600,48,2288.0,7,147.0,0,0,6,-0.83,0.8021327257156372,0
5601,5,train,601,48,2312.0,7,150.5,0,0,6,-0.83,1.6025149822235107,0
5602,5,train,602,48,2336.0,7,154.0,0,0,6,-0.83,1.1354484558105469,0
5603,5,train,603,48,2360.0,7,157.5,0,0,6,-0.83,1.6121877431869507,0
5604,5,train,604,48,2384.0,7,161.0,0,0,6,-0.83,0.8232499361038208,0
5605,5,train,605,48,2408.0,7,164.5,0,0,6,-0.83,1.6727839708328247,0
5606,5,train,606,48,2432.0,7,168.0,0,0,6,-0.83,1.344759225845337,0
5607,5,train,607,49,2457.5,7,171.5,0,1,6,-0.84,1.39593505859375,0
5608,5,train,608,50,2483.5,7,175.0,0,0,6,-0.85,1.1407113075256348,0
5609,5,train,609,51,2510.0,7,178.5,0,1,6,-0.86,1.2129249572753906,0
5610,5,train,610,51,2535.5,7,182.0,1,0,6,-0.86,1.5573866367340088,0
5611,5,train,611,51,2561.0,7,185.5,0,1,6,-0.86,1.480492353439331,0
5612,5,train,612,51,2586.5,8,190.5,0,1,6,-0.91,0.8330422639846802,0
5613,5,train,613,51,2612.0,8,194.5,0,0,7,-0.91,1.265174388885498,1
5614,5,train,614,51,2637.5,8,198.5,0,1,7,-0.91,0.9942816495895386,0
5615,5,train,615,51,2663.0,8,202.5,0,1,7,-0.91,1.5890262126922607,0
5616,5,train,616,51,2688.5,8,206.5,0,0,7,-0.91,1.5181227922439575,0
5617,5,train,617,53,2717.0,8,210.5,0,1,7,-0.93,1.2297947406768799,0
5618,5,train,618,53,2743.5,8,214.5,0,1,7,-0.93,1.5826404094696045,0
5619,5,train,619,53,2770.0,8,218.5,0,0,7,-0.93,1.5553128719329834,0
5620,5,train,620,54,2798.0,8,222.5,1,1,7,-0.9400000000000001,0.5311833620071411,0
5621,5,train,621,55,2826.5,8,226.5,0,1,7,-0.9500000000000001,1.2874401807785034,0
5622,5,train,622,55,2854.0,8,230.5,0,0,7,-0.9500000000000001,1.1678433418273926,0
5623,5,train,623,55,2881.5,8,234.5,0,0,7,-0.9500000000000001,0.9179582595825195,0
5624,5,train,624,55,2909.0,8,238.5,0,0,7,-0.9500000000000001,1.548193097114563,0
5625,5,train,625,53,2634.5,8,242.5,0,2,8,-0.93,0.9438493251800537,0
5626,5,train,626,52,2364.5,8,246.5,0,0,8,-0.92,0.96467125415802,0
5627,5,train,627,52,2129.0,8,250.5,0,0,8,-0.92,1.3574219942092896,0
5628,5,train,628,51,1952.0,8,254.5,0,2,8,-0.91,1.541377067565918,0
5629,5,train,629,51,1977.5,8,258.5,0,0,8,-0.91,1.5102885961532593,0
5630,5,train,630,50,1870.0,8,262.5,0,0,8,-0.9,0.9067304730415344,0
5631,5,train,631,50,1827.5,8,266.5,0,0,8,-0.9,1.8634305000305176,0
5632,5,train,632,50,1852.5,8,270.5,0,0,8,-0.9,1.4480394124984741,0
5633,5,train,633,51,1879.0,8,274.5,0,0,8,-0.91,1.4948132038116455,0
5634,5,train,634,52,1906.0,8,278.5,0,0,8,-0.92,1.4494540691375732,0
5635,5,train,635,54,1935.0,8,282.5,0,0,8,-0.9400000000000001,1.4466561079025269,0
5636,5,train,636,54,1962.0,8,286.5,0,0,8,-0.9400000000000001,1.3601056337356567,0
5637,5,train,637,54,1989.0,8,290.5,0,1,8,-0.9400000000000001,1.2853262424468994,0
5638,5,train,638,56,2019.0,8,294.5,0,0,8,-0.9600000000000001,1.3231269121170044,0
5639,5,train,639,56,2047.0,8,298.5,0,0,8,-0.9600000000000001,0.9241805076599121,0
5640,5,train,640,56,2075.0,8,302.5,0,0,8,-0.9600000000000001,1.748084545135498,0
5641,5,train,641,56,2103.0,8,306.5,0,0,8,-0.9600000000000001,1.5368521213531494,0
5642,5,train,642,56,2131.0,8,310.5,0,2,8,-0.9600000000000001,1.6541175842285156,0
5643,5,train,643,56,2159.0,8,314.5,0,1,8,-0.9600000000000001,1.1806141138076782,0
5644,5,train,644,57,2188.5,8,318.5,0,0,8,-0.97,1.4815502166748047,0
5645,5,train,645,56,2209.5,8,322.5,0,0,8,-0.9600000000000001,1.277318000793457,0
5646,5,train,646,56,2237.5,8,326.5,0,1,8,-0.9600000000000001,1.445281744003296,0
5647,5,train,647,58,2268.5,8,330.5,0,0,9,-0.98,1.548190712928772,1
5648,5,train,648,58,2297.5,8,334.5,0,0,9,-0.98,1.5445070266723633,0
5649,5,train,649,59,2328.0,8,338.5,0,2,9,-0.99,1.337782859802246,0
5650,5,train,650,59,2357.5,8,342.5,0,0,9,-0.99,1.5825084447860718,0
5651,5,train,651,59,2387.0,8,346.5,0,0,9,-0.99,0.9714962244033813,0
5652,5,train,652,59,2416.5,8,350.5,0,1,9,-0.99,0.9730145931243896,0
5653,5,train,653,54,1995.5,3,198.5,0,0,0,-0.6900000000000001,1.3716325759887695,0
5654,5,train,654,50,1710.5,3,200.0,0,1,0,-0.65,1.6041326522827148,0
5655,5,train,655,47,1462.0,3,201.5,1,0,0,-0.62,1.5604795217514038,0
5656,5,train,656,43,1248.0,3,203.0,0,1,0,-0.58,1.7427897453308105,0
5657,5,train,657,46,1274.0,2,174.0,0,0,0,-0.56,1.5342400074005127,0
5658,5,train,658,42,1097.0,2,175.0,0,2,0,-0.52,1.5009403228759766,0
5659,5,train,659,39,949.5,2,176.0,0,0,0,-0.49,1.0217052698135376,0
5660,5,train,660,43,975.0,2,177.0,1,0,0,-0.53,1.3590837717056274,0
5661,5,train,661,39,868.5,1,88.0,0,2,0,-0.44,1.2481166124343872,0
5662,5,train,662,39,888.0,2,90.0,0,0,0,-0.49,1.655695915222168,0
5663,5,train,663,37,812.5,1,89.0,0,0,0,-0.42,1.7159167528152466,0
5664,5,train,664,36,798.0,1,89.5,0,1,0,-0.41,1.1857147216796875,0
5665,5,train,665,37,804.0,1,90.0,0,1,0,-0.42,1.76828932762146,0
5666,5,train,666,36,811.5,1,90.5,0,0,0,-0.41,1.2906482219696045,0
5667,5,train,667,38,822.5,0,0.0,0,1,0,-0.38,1.458392858505249,0
5668,5,train,668,37,839.5,1,1.5,0,0,0,-0.42,0.6837264895439148,0
5669,5,train,669,40,862.5,1,2.0,0,0,0,-0.45,0.9098737239837646,0
5670,5,train,670,40,882.5,2,4.0,0,2,0,-0.5,1.4034051895141602,0
5671,5,train,671,43,907.0,1,2.0,0,0,0,-0.48,1.7262133359909058,0
5672,5,train,672,43,928.5,1,2.5,0,2,0,-0.48,1.046957015991211,0
5673,5,train,673,45,953.0,0,0.0,1,2,0,-0.45,0.9954593777656555,0
5674,5,train,674,45,975.5,0,0.0,0,0,0,-0.45,1.4960503578186035,0
5675,5,train,675,48,1002.5,0,0.0,0,0,0,-0.48,1.3809316158294678,0
5676,5,train,676,48,1026.5,0,0.0,0,1,0,-0.48,1.1316733360290527,0
5677,5,train,677,49,1052.0,0,0.0,0,1,0,-0.49,0.8879618048667908,0
5678,5,train,678,49,1076.5,1,1.5,0,1,0,-0.54,1.2782361507415771,0
5679,5,train,679,51,1104.0,1,2.0,0,0,0,-0.56,1.141126036643982,0
5680,5,train,680,51,1129.5,1,2.5,0,2,0,-0.56,1.6095952987670898,0
5681,5,train,681,51,1155.0,1,3.0,0,0,0,-0.56,1.1276895999908447,0
5682,5,train,682,52,1182.0,1,3.5,0,0,0,-0.5700000000000001,1.2521476745605469,0
5683,5,train,683,52,1208.0,1,4.0,0,1,0,-0.5700000000000001,1.5691221952438354,0
5684,5,train,684,52,1234.0,0,0.0,0,0,0,-0.52,0.6449195742607117,0
5685,5,train,685,52,1260.0,0,0.0,0,0,0,-0.52,0.7907170653343201,0
5686,5,train,686,52,1286.0,0,0.0,0,1,0,-0.52,1.2273058891296387,0
5687,5,train,687,53,1313.5,1,1.5,0,0,0,-0.5800000000000001,1.0142652988433838,0
5688,5,train,688,53,1340.0,0,0.0,0,1,0,-0.53,0.7626035213470459,0
5689,5,train,689,53,1366.5,0,0.0,0,1,0,-0.53,1.4026565551757812,0
5690,5,train,690,53,1393.0,0,0.0,0,0,0,-0.53,1.3009707927703857,0
5691,5,train,691,53,1419.5,1,1.5,0,1,0,-0.5800000000000001,1.5097103118896484,0
5692,5,train,692,54,1447.5,2,3.5,0,1,0,-0.64,0.8894206881523132,0
5693,5,train,693,54,1474.5,2,4.5,0,0,0,-0.64,1.374353289604187,0
5694,5,train,694,55,1503.0,2,5.5,0,0,0,-0.65,1.5804152488708496,0
5695,5,train,695,55,1530.5,3,8.0,0,2,0,-0.7000000000000001,1.1802175045013428,0
5696,5,train,696,56,1559.5,3,9.5,0,0,0,-0.7100000000000001,1.3978712558746338,0
5697,5,train,697,56,1587.5,4,12.5,0,0,0,-0.76,1.3653689622879028,0
5698,5,train,698,56,1615.5,4,14.5,0,1,0,-0.76,1.42434561252594,0
5699,5,train,699,57,1645.0,4,16.5,0,0,0,-0.77,1.3329367637634277,0
5700,5,train,700,57,1673.5,4,18.5,0,1,0,-0.77,1.4782484769821167,0
5701,5,train,701,58,1703.5,4,20.5,0,1,0,-0.78,1.0176140069961548,0
5702,5,train,702,58,1732.5,2,13.5,0,0,0,-0.6799999999999999,1.5438854694366455,0
5703,5,train,703,58,1661.5,3,16.0,0,0,1,-0.73,1.5292044878005981,0
5704,5,train,704,58,1690.5,2,15.5,0,1,1,-0.6799999999999999,1.6201117038726807,0
5705,5,train,705,58,1719.5,2,16.5,0,0,1,-0.6799999999999999,1.4613182544708252,0
5706,5,train,706,58,1748.5,2,17.5,0,0,1,-0.6799999999999999,1.5606136322021484,0
5707,5,train,707,59,1779.0,3,20.0,0,0,1,-0.74,1.5442297458648682,0
5708,5,train,708,59,1808.5,3,21.5,0,0,1,-0.74,1.3825316429138184,0
5709,5,train,709,59,1838.0,3,23.0,1,0,1,-0.74,1.0333932638168335,0
5710,5,train,710,59,1867.5,3,24.5,0,1,1,-0.74,1.5833678245544434,0
5711,5,train,711,62,1901.5,3,26.0,0,0,1,-0.77,1.3766858577728271,0
5712,5,train,712,62,1932.5,3,27.5,0,0,1,-0.77,1.6090102195739746,0
5713,5,train,713,62,1963.5,4,30.5,0,0,1,-0.8200000000000001,1.0864651203155518,0
5714,5,train,714,63,1996.0,3,30.5,0,2,1,-0.78,0.8663121461868286,0
5715,5,train,715,63,2027.5,3,32.0,0,0,1,-0.78,1.3369495868682861,0
5716,5,train,716,64,2060.5,3,33.5,0,1,1,-0.79,1.0915316343307495,0
5717,5,train,717,64,2092.5,3,35.0,0,0,1,-0.79,0.7911281585693359,0
5718,5,train,718,65,2126.0,3,36.5,0,0,1,-0.8,1.4437116384506226,0
5719,5,train,719,62,2061.0,3,38.0,0,0,1,-0.77,1.0812220573425293,0
5720,5,train,720,60,2029.0,3,39.5,0,1,1,-0.75,0.9170246124267578,0
5721,5,train,721,59,1999.5,3,41.0,0,1,1,-0.74,1.3092471361160278,0
5722,5,train,722,59,1972.0,3,42.5,0,0,1,-0.74,1.6332604885101318,0
5723,5,train,723,59,2001.5,3,44.0,0,1,1,-0.74,1.3391730785369873,0
5724,5,train,724,58,1972.5,3,45.5,0,1,1,-0.73,0.6764023303985596,0
5725,5,train,725,56,1942.5,3,47.0,0,1,1,-0.7100000000000001,1.1155705451965332,0
5726,5,train,726,54,1912.5,3,48.5,0,1,1,-0.6900000000000001,1.2452006340026855,0
5727,5,train,727,55,1941.0,3,50.0,0,0,1,-0.7000000000000001,1.7137577533721924,0
5728,5,train,728,53,1910.5,3,51.5,0,1,1,-0.68,1.2582621574401855,0
5729,5,train,729,51,1880.0,3,53.0,1,0,1,-0.66,1.563556432723999,0
5730,5,train,730,51,1905.5,3,54.5,0,0,1,-0.66,1.1720757484436035,0
5731,5,train,731,50,1876.5,4,57.5,0,0,1,-0.7,0.9995633363723755,0
5732,5,train,732,49,1873.5,4,59.5,0,0,1,-0.69,0.9993106126785278,0
5733,5,train,733,48,1878.0,4,61.5,0,0,1,-0.6799999999999999,1.1583129167556763,0
5734,5,train,734,47,1868.0,4,63.5,0,1,1,-0.6699999999999999,0.8851377964019775,0
5735,5,train,735,46,1876.0,4,65.5,1,1,1,-0.66,1.2046658992767334,0
5736,5,train,736,46,1899.0,4,67.5,1,0,1,-0.66,1.5079905986785889,0
5737,5,train,737,45,1915.5,4,69.5,0,0,1,-0.65,1.236480951309204,0
5738,5,train,738,45,1938.0,4,71.5,0,1,1,-0.65,1.4351109266281128,0
5739,5,train,739,45,1960.5,4,73.5,0,0,1,-0.65,1.2447845935821533,0
5740,5,train,740,45,1983.0,4,75.5,0,0,1,-0.65,0.9560467004776001,0
5741,5,train,741,46,2007.0,4,77.5,0,1,1,-0.66,1.4553132057189941,0
5742,5,train,742,46,2030.0,5,81.0,0,0,1,-0.71,1.1140538454055786,0
5743,5,train,743,46,2053.0,5,83.5,0,0,1,-0.71,1.163346290588379,0
5744,5,train,744,46,2076.0,5,86.0,0,2,1,-0.71,1.142875075340271,0
5745,5,train,745,47,2100.5,5,88.5,0,0,1,-0.72,1.1548330783843994,0
5746,5,train,746,47,2124.0,5,91.0,0,1,1,-0.72,1.3296685218811035,0
5747,5,train,747,47,2147.5,5,93.5,0,1,1,-0.72,1.4329239130020142,0
5748,5,train,748,47,2171.0,5,96.0,0,0,1,-0.72,1.0220725536346436,0
5749,5,train,749,47,2194.5,5,98.5,0,0,1,-0.72,0.8838144540786743,0
5750,5,train,750,47,2218.0,5,101.0,0,1,1,-0.72,1.3509600162506104,0
5751,5,train,751,48,2243.0,5,103.5,1,0,1,-0.73,1.0164520740509033,0
5752,5,train,752,48,2267.0,5,106.0,0,1,1,-0.73,1.619643211364746,0
5753,5,train,753,48,2291.0,5,108.5,0,0,1,-0.73,1.3766248226165771,0
5754,5,train,754,49,2316.5,6,112.5,0,1,1,-0.79,1.27274489402771,0
5755,5,train,755,49,2341.0,6,115.5,0,0,1,-0.79,1.4684730768203735,0
5756,5,train,756,49,2365.5,6,118.5,0,1,1,-0.79,1.1658124923706055,0
5757,5,train,757,49,2390.0,6,121.5,1,1,1,-0.79,1.482911229133606,0
5758,5,train,758,49,2414.5,6,124.5,0,0,1,-0.79,1.7783763408660889,0
5759,5,train,759,49,2439.0,6,127.5,1,1,1,-0.79,1.3674861192703247,0
5760,5,train,760,49,2463.5,6,130.5,0,1,1,-0.79,1.2801144123077393,0
5761,5,train,761,49,2488.0,6,133.5,0,1,1,-0.79,1.5418354272842407,0
5762,5,train,762,49,2512.5,6,136.5,0,0,1,-0.79,1.253788948059082,0
5763,5,train,763,49,2537.0,6,139.5,0,1,1,-0.79,1.0661506652832031,0
5764,5,train,764,49,2561.5,6,142.5,0,1,1,-0.79,1.5807275772094727,0
5765,5,train,765,50,2587.5,6,145.5,0,0,1,-0.8,0.8928359746932983,0
5766,5,train,766,50,2612.5,6,148.5,0,1,1,-0.8,0.9179502725601196,0
5767,5,train,767,50,2637.5,6,151.5,0,1,1,-0.8,0.7891594767570496,0
5768,5,train,768,50,2662.5,6,154.5,0,0,1,-0.8,1.5186100006103516,0
5769,5,train,769,50,2687.5,6,157.5,0,0,1,-0.8,1.5017166137695312,0
5770,5,train,770,50,2712.5,6,160.5,0,1,1,-0.8,1.429211974143982,0
5771,5,train,771,51,2739.0,6,163.5,0,1,1,-0.81,1.1251554489135742,0
5772,5,train,772,51,2764.5,6,166.5,0,0,1,-0.81,0.8207473158836365,0
5773,5,train,773,51,2790.0,6,169.5,0,1,1,-0.81,1.061143159866333,0
5774,5,train,774,51,2815.5,6,172.5,0,0,1,-0.81,1.0589625835418701,0
5775,5,train,775,51,2841.0,6,175.5,0,0,1,-0.81,1.2118377685546875,0
5776,5,train,776,53,2869.5,6,178.5,0,0,1,-0.8300000000000001,1.305875539779663,0
5777,5,train,777,53,2896.0,6,181.5,0,0,1,-0.8300000000000001,0.8117401003837585,0
5778,5,train,778,53,2922.5,6,184.5,0,1,1,-0.8300000000000001,1.069700002670288,0
5779,5,train,779,53,2949.0,6,187.5,0,0,1,-0.8300000000000001,1.3513373136520386,0
5780,5,train,780,56,2980.0,6,190.5,0,0,1,-0.8600000000000001,1.375120997428894,0
5781,5,train,781,58,3011.0,6,193.5,0,2,1,-0.8799999999999999,1.549035668373108,0
5782,5,train,782,58,3040.0,6,196.5,0,0,1,-0.8799999999999999,1.6089341640472412,0
5783,5,train,783,58,3069.0,6,199.5,0,0,1,-0.8799999999999999,1.1144194602966309,0
5784,5,train,784,59,3099.5,6,202.5,0,0,1,-0.8899999999999999,0.8302539587020874,0
5785,5,train,785,59,3129.0,7,207.0,0,2,1,-0.94,0.6933737993240356,0
5786,5,train,786,59,3158.5,7,210.5,0,0,1,-0.94,1.0536106824874878,0
5787,5,train,787,59,3188.0,7,214.0,0,0,1,-0.94,1.3555430173873901,0
5788,5,train,788,59,3217.5,7,217.5,0,0,1,-0.94,0.7093583941459656,0
5789,5,train,789,59,3247.0,7,221.0,0,0,2,-0.94,1.8209631443023682,1
5790,5,train,790,59,3276.5,7,224.5,0,0,2,-0.94,1.213191270828247,0
5791,5,train,791,59,3306.0,7,228.0,0,1,2,-0.94,0.9639018774032593,0
5792,5,train,792,59,3335.5,7,231.5,0,2,2,-0.94,1.6664930582046509,0
5793,5,train,793,60,3366.5,7,235.0,1,0,2,-0.95,1.2232576608657837,0
5794,5,train,794,60,3396.5,7,238.5,1,0,2,-0.95,1.3790878057479858,0
5795,5,train,795,60,3426.5,7,242.0,0,2,2,-0.95,1.2301256656646729,0
5796,5,train,796,60,3456.5,7,245.5,0,0,2,-0.95,1.0901620388031006,0
5797,5,train,797,63,3491.0,7,249.0,0,0,2,-0.98,1.0915614366531372,0
5798,5,train,798,63,3522.5,7,252.5,0,0,2,-0.98,1.314945936203003,0
5799,5,train,799,63,3554.0,7,256.0,0,2,2,-0.98,1.0513904094696045,0
5800,5,train,800,63,3585.5,7,259.5,0,0,2,-0.98,1.5484752655029297,0
5801,5,train,801,61,3310.0,7,263.0,0,0,3,-0.96,0.8768143653869629,0
5802,5,train,802,59,3038.0,7,266.5,0,1,3,-0.94,1.109022617340088,0
5803,5,train,803,57,2828.5,7,270.0,0,0,3,-0.9199999999999999,1.5795443058013916,0
5804,5,train,804,56,2686.5,7,273.5,0,0,3,-0.91,1.6271873712539673,0
5805,5,train,805,56,2714.5,7,277.0,0,2,3,-0.91,1.2449368238449097,0
5806,5,train,806,56,2639.5,7,280.5,0,0,3,-0.91,1.3871769905090332,0
5807,5,train,807,54,2637.5,7,284.0,0,0,3,-0.89,1.0747923851013184,0
5808,5,train,808,54,2664.5,7,287.5,0,1,3,-0.89,1.5910110473632812,0
5809,5,train,809,54,2691.5,7,291.0,0,0,3,-0.89,1.1669293642044067,0
5810,5,train,810,55,2720.0,7,294.5,0,0,3,-0.9,1.4577851295471191,0
5811,5,train,811,56,2749.0,7,298.0,0,2,3,-0.91,1.4610918760299683,0
5812,5,train,812,56,2777.0,7,301.5,0,0,3,-0.91,1.3355591297149658,0
5813,5,train,813,57,2806.5,7,305.0,0,0,3,-0.9199999999999999,1.2159669399261475,0
5814,5,train,814,57,2835.0,7,308.5,0,1,4,-0.9199999999999999,1.715368628501892,1
5815,5,train,815,58,2865.0,7,312.0,0,1,4,-0.9299999999999999,1.1819674968719482,0
5816,5,train,816,58,2894.0,7,315.5,0,0,4,-0.9299999999999999,1.3156450986862183,0
5817,5,train,817,58,2923.0,7,319.0,0,1,4,-0.9299999999999999,1.5390321016311646,0
5818,5,train,818,59,2953.5,7,322.5,0,0,4,-0.94,1.2707899808883667,0
5819,5,train,819,60,2984.5,7,326.0,0,0,4,-0.95,1.0471479892730713,0
5820,5,train,820,62,3017.5,7,329.5,0,1,4,-0.97,1.0549925565719604,0
5821,5,train,821,64,3051.5,7,333.0,0,0,4,-0.99,1.3514840602874756,0
5822,5,train,822,64,3083.5,7,336.5,0,0,4,-0.99,1.4982274770736694,0
5823,5,train,823,65,3117.0,7,340.0,1,1,4,-1.0,1.667823076248169,0
5824,5,train,824,65,3149.5,7,343.5,0,0,4,-1.0,1.4503865242004395,0
5825,5,train,825,65,3182.0,7,347.0,0,0,4,-1.0,1.277194619178772,0
5826,5,train,826,61,2806.5,3,198.5,0,3,5,-0.76,0.9680970907211304,0
5827,5,train,827,60,2457.5,3,200.0,0,0,5,-0.75,1.3197784423828125,0
5828,5,train,828,56,2125.5,3,201.5,0,0,5,-0.7100000000000001,0.8513946533203125,0
5829,5,train,829,53,1838.5,3,203.0,0,1,5,-0.68,1.468476414680481,0
5830,5,train,830,54,1866.5,3,204.5,0,2,5,-0.6900000000000001,1.1404063701629639,0
5831,5,train,831,51,1609.5,3,206.0,0,0,5,-0.66,0.8812808990478516,0
5832,5,train,832,48,1380.5,3,207.5,0,2,5,-0.63,1.1028516292572021,0
5833,5,train,833,46,1282.0,3,209.0,0,0,5,-0.61,1.3746752738952637,0
5834,5,train,834,44,1204.0,3,210.5,0,0,5,-0.59,0.7532173991203308,0
5835,5,train,835,40,1039.0,3,212.0,0,1,5,-0.55,1.224613904953003,0
5836,5,train,836,38,972.5,1,66.0,0,1,5,-0.43,1.5862542390823364,0
5837,5,train,837,36,923.5,1,66.5,0,0,5,-0.41,1.1247529983520508,0
5838,5,train,838,32,826.5,1,67.0,0,1,5,-0.37,0.9920694828033447,0
5839,5,train,839,32,834.5,1,67.5,0,1,5,-0.37,1.0737276077270508,0
5840,5,train,840,31,802.0,1,68.0,0,0,5,-0.36,1.4072487354278564,0
5841,5,train,841,29,778.5,1,68.5,0,1,5,-0.33999999999999997,1.5418379306793213,0
5842,5,train,842,30,794.5,1,69.0,0,1,5,-0.35,1.2745180130004883,0
5843,5,train,843,29,785.0,1,69.5,0,0,5,-0.33999999999999997,1.1379058361053467,0
5844,5,train,844,30,784.0,1,70.0,0,1,5,-0.35,1.063039779663086,0
5845,5,train,845,30,799.0,1,70.5,0,1,5,-0.35,1.6086851358413696,0
5846,5,train,846,29,799.0,1,71.0,0,0,5,-0.33999999999999997,0.8752334117889404,0
5847,5,train,847,28,808.0,1,71.5,0,1,5,-0.33,1.1754016876220703,0
5848,5,train,848,28,822.0,1,72.0,0,1,5,-0.33,1.5694186687469482,0
5849,5,train,849,30,839.0,1,72.5,0,0,5,-0.35,1.0680499076843262,0
5850,5,train,850,30,854.0,1,73.0,0,1,5,-0.35,1.3327045440673828,0
5851,5,train,851,31,870.5,1,73.5,0,1,5,-0.36,1.3542757034301758,0
5852,5,train,852,32,887.5,1,74.0,0,0,5,-0.37,1.1689635515213013,0
5853,5,train,853,32,903.5,1,74.5,0,1,5,-0.37,1.4853534698486328,0
5854,5,train,854,32,919.5,1,75.0,0,0,5,-0.37,1.3105716705322266,0
5855,5,train,855,32,935.5,1,75.5,0,0,5,-0.37,1.1090269088745117,0
5856,5,train,856,32,951.5,1,76.0,1,0,5,-0.37,0.6588147878646851,0
5857,5,train,857,32,967.5,1,76.5,0,0,5,-0.37,0.9974464178085327,0
5858,5,train,858,32,983.5,1,77.0,0,1,5,-0.37,1.1532313823699951,0
5859,5,train,859,32,999.5,2,79.0,0,0,5,-0.42000000000000004,1.4890347719192505,0
5860,5,train,860,32,1015.5,2,80.0,0,0,5,-0.42000000000000004,0.7233141660690308,0
5861,5,train,861,32,1031.5,2,81.0,0,0,5,-0.42000000000000004,1.5893181562423706,0
5862,5,train,862,33,1049.0,2,82.0,0,0,5,-0.43000000000000005,1.1630871295928955,0
5863,5,train,863,33,1065.5,2,83.0,0,1,5,-0.43000000000000005,1.2924621105194092,0
5864,5,train,864,33,1082.0,2,84.0,0,0,5,-0.43000000000000005,1.7407175302505493,0
5865,5,train,865,33,1098.5,2,85.0,0,0,5,-0.43000000000000005,1.6604305505752563,0
5866,5,train,866,33,1115.0,1,81.0,0,0,5,-0.38,1.464010238647461,0
5867,5,train,867,33,1131.5,1,81.5,0,0,5,-0.38,0.9356534481048584,0
5868,5,train,868,34,1149.5,1,82.0,0,0,5,-0.39,1.3186242580413818,0
5869,5,train,869,34,1166.5,1,82.5,0,0,5,-0.39,1.081190586090088,0
5870,5,train,870,34,1183.5,1,83.0,0,0,5,-0.39,1.0337316989898682,0
5871,5,train,871,36,1203.5,1,83.5,0,0,5,-0.41,1.1378133296966553,0
5872,5,train,872,36,1221.5,1,84.0,0,0,5,-0.41,1.5129516124725342,0
5873,5,train,873,36,1239.5,1,84.5,0,0,5,-0.41,1.3880431652069092,0
5874,5,train,874,36,1257.5,1,85.0,0,0,5,-0.41,0.8997170925140381,0
5875,5,train,875,36,1275.5,1,85.5,0,0,5,-0.41,0.8857578039169312,0
5876,5,train,876,34,1125.5,1,86.0,0,0,6,-0.39,0.8786766529083252,0
5877,5,train,877,32,1083.0,1,86.5,0,0,6,-0.37,1.4338304996490479,0
5878,5,train,878,32,1099.0,1,87.0,0,0,6,-0.37,1.6930779218673706,0
5879,5,train,879,32,1115.0,1,87.5,0,0,6,-0.37,1.3794538974761963,0
5880,5,train,880,32,1131.0,1,88.0,0,0,6,-0.37,0.9211950302124023,0
5881,5,train,881,33,1148.5,1,88.5,0,2,6,-0.38,1.1822772026062012,0
5882,5,train,882,33,1165.0,1,89.0,0,0,6,-0.38,1.4418401718139648,0
5883,5,train,883,33,1181.5,1,89.5,0,0,6,-0.38,0.9063551425933838,0
5884,5,train,884,33,1198.0,2,91.5,0,2,6,-0.43000000000000005,1.2469875812530518,0
5885,5,train,885,33,1214.5,2,92.5,0,1,6,-0.43000000000000005,1.266950249671936,0
5886,5,train,886,33,1231.0,2,93.5,0,0,6,-0.43000000000000005,1.3959367275238037,0
5887,5,train,887,33,1247.5,3,96.0,0,1,6,-0.48,1.2968825101852417,0
5888,5,train,888,33,1264.0,3,97.5,0,0,6,-0.48,1.3680698871612549,0
5889,5,train,889,34,1282.0,2,96.5,0,3,6,-0.44000000000000006,1.3477258682250977,0
5890,5,train,890,35,1300.5,3,99.0,0,0,6,-0.5,1.4792128801345825,0
5891,5,train,891,35,1318.0,3,100.5,0,1,6,-0.5,1.8671807050704956,0
5892,5,train,892,36,1337.0,4,103.5,0,0,6,-0.56,1.165238857269287,0
5893,5,train,893,36,1355.0,3,103.5,0,0,6,-0.51,1.1294288635253906,0
5894,5,train,894,36,1373.0,3,105.0,0,0,6,-0.51,1.3015575408935547,0
5895,5,train,895,36,1391.0,3,106.5,0,0,6,-0.51,1.655019760131836,0
5896,5,train,896,36,1409.0,3,108.0,0,1,6,-0.51,1.2740364074707031,0
5897,5,train,897,36,1427.0,4,111.0,0,0,6,-0.56,1.774454951286316,0
5898,5,train,898,36,1445.0,5,114.5,0,0,6,-0.61,1.1025961637496948,0
5899,5,train,899,36,1463.0,4,115.0,0,0,6,-0.56,1.2872369289398193,0
5900,5,train,900,38,1484.0,5,118.5,0,0,6,-0.63,0.9962373971939087,0
5901,5,train,901,38,1503.0,5,121.0,0,0,6,-0.63,1.2135716676712036,0
5902,5,train,902,38,1522.0,5,123.5,0,0,6,-0.63,1.4405584335327148,0
5903,5,train,903,38,1541.0,6,127.5,0,0,6,-0.6799999999999999,1.1078280210494995,0
5904,5,train,904,38,1560.0,7,132.0,0,0,6,-0.73,1.4209065437316895,0
5905,5,train,905,38,1579.0,7,135.5,0,0,6,-0.73,1.3380653858184814,0
5906,5,train,906,38,1598.0,7,139.0,0,2,6,-0.73,1.1288586854934692,0
5907,5,train,907,38,1617.0,7,142.5,0,0,6,-0.73,1.5867235660552979,0
5908,5,train,908,38,1636.0,7,146.0,0,0,6,-0.73,1.1921014785766602,0
5909,5,train,909,40,1658.0,7,149.5,0,1,6,-0.75,1.2185556888580322,0
5910,5,train,910,40,1678.0,7,153.0,0,0,6,-0.75,1.4914381504058838,0
5911,5,train,911,41,1699.5,7,156.5,0,0,6,-0.76,1.3692457675933838,0
5912,5,train,912,42,1721.5,7,160.0,0,1,6,-0.77,0.7564154267311096,0
5913,5,train,913,44,1745.5,7,163.5,0,0,6,-0.79,1.2134062051773071,0
5914,5,train,914,45,1769.0,7,167.0,0,0,6,-0.8,1.7102477550506592,0
5915,5,train,915,45,1791.5,7,170.5,1,1,6,-0.8,1.6876330375671387,0
5916,5,train,916,45,1814.0,7,174.0,0,2,6,-0.8,0.8000063896179199,0
5917,5,train,917,45,1836.5,7,177.5,0,0,6,-0.8,1.2056286334991455,0
5918,5,train,918,45,1859.0,7,181.0,0,2,6,-0.8,0.7486714124679565,0
5919,5,train,919,45,1881.5,7,184.5,0,2,6,-0.8,1.3162646293640137,0
5920,5,train,920,45,1904.0,7,188.0,0,0,6,-0.8,1.3917088508605957,0
5921,5,train,921,46,1928.0,7,191.5,0,1,6,-0.81,1.6191837787628174,0
5922,5,train,922,47,1952.5,7,195.0,0,1,6,-0.82,1.5724973678588867,0
5923,5,train,923,47,1976.0,7,198.5,0,0,6,-0.82,1.4609308242797852,0
5924,5,train,924,47,1999.5,7,202.0,0,1,6,-0.82,1.1989383697509766,0
5925,5,train,925,47,2023.0,7,205.5,0,1,6,-0.82,0.8819723725318909,0
5926,5,train,926,47,2046.5,7,209.0,0,1,6,-0.82,0.9879825711250305,0
5927,5,train,927,47,2070.0,7,212.5,1,1,6,-0.82,1.30364990234375,0
5928,5,train,928,47,2093.5,7,216.0,0,2,6,-0.82,1.1817095279693604,0
5929,5,train,929,48,2118.5,7,219.5,0,1,7,-0.83,1.2368755340576172,1
5930,5,train,930,48,2142.5,7,223.0,0,1,7,-0.83,1.1517548561096191,0
5931,5,train,931,49,2168.0,7,226.5,0,1,7,-0.84,1.198647141456604,0
5932,5,train,932,50,2194.0,7,230.0,0,1,7,-0.85,1.29423189163208,0
5933,5,train,933,50,2219.0,8,235.0,0,1,7,-0.9,1.2245994806289673,0
5934,5,train,934,50,2244.0,8,239.0,0,1,7,-0.9,1.0780551433563232,0
5935,5,train,935,50,2269.0,8,243.0,0,1,7,-0.9,1.3409535884857178,0
5936,5,train,936,50,2294.0,8,247.0,0,2,7,-0.9,1.2165336608886719,0
5937,5,train,937,50,2319.0,8,251.0,0,0,7,-0.9,1.2648283243179321,0
5938,5,train,938,50,2344.0,8,255.0,0,2,7,-0.9,0.8150266408920288,0
5939,5,train,939,50,2369.0,8,259.0,0,1,7,-0.9,1.5201375484466553,0
5940,5,train,940,50,2394.0,8,263.0,0,1,7,-0.9,1.0834242105484009,0
5941,5,train,941,48,2157.0,7,261.5,0,2,8,-0.83,1.3384228944778442,0
5942,5,train,942,48,1956.5,7,265.0,0,1,8,-0.83,1.8117094039916992,0
5943,5,train,943,48,1824.5,7,268.5,0,1,8,-0.83,0.9046615362167358,0
5944,5,train,944,46,1748.0,8,273.5,0,2,8,-0.8600000000000001,0.9974124431610107,0
5945,5,train,945,46,1771.0,8,277.5,0,1,8,-0.8600000000000001,1.3597699403762817,0
5946,5,train,946,45,1739.5,8,281.5,0,2,8,-0.8500000000000001,1.2504358291625977,0
5947,5,train,947,44,1741.5,8,285.5,1,1,8,-0.8400000000000001,1.0217478275299072,0
5948,5,train,948,44,1763.5,8,289.5,0,1,8,-0.8400000000000001,0.9005732536315918,0
5949,5,train,949,49,1793.0,8,293.5,0,0,8,-0.89,1.2432749271392822,0
5950,5,train,950,50,1819.0,8,297.5,0,2,8,-0.9,1.5358214378356934,0
5951,5,train,951,50,1844.0,8,301.5,1,0,8,-0.9,1.9007203578948975,0
5952,5,train,952,50,1869.0,8,305.5,0,1,8,-0.9,1.2658644914627075,0
5953,5,train,953,52,1897.0,8,309.5,0,1,8,-0.92,1.3973455429077148,0
5954,5,train,954,52,1923.0,8,313.5,0,0,8,-0.92,1.4054080247879028,0
5955,5,train,955,52,1949.0,8,317.5,0,0,9,-0.92,1.5637946128845215,1
5956,5,train,956,52,1975.0,8,321.5,0,1,9,-0.92,1.5608899593353271,0
5957,5,train,957,52,2001.0,8,325.5,0,1,9,-0.92,1.174309492111206,0
5958,5,train,958,52,2027.0,8,329.5,0,2,9,-0.92,1.4303276538848877,0
5959,5,train,959,52,2053.0,8,333.5,0,0,9,-0.92,1.3131664991378784,0
5960,5,train,960,52,2079.0,9,339.0,0,0,9,-0.97,1.30564284324646,0
5961,5,train,961,46,1765.0,6,203.0,0,3,0,-0.76,1.190593957901001,0
5962,5,train,962,44,1507.0,6,206.0,0,0,0,-0.74,1.558121919631958,0
5963,5,train,963,41,1288.5,6,209.0,0,1,0,-0.71,1.3231536149978638,0
5964,5,train,964,39,1147.5,6,212.0,0,1,0,-0.69,1.3295481204986572,0
5965,5,train,965,42,1086.5,6,215.0,0,1,0,-0.72,1.177549123764038,0
5966,5,train,966,39,979.0,6,218.0,0,0,0,-0.69,1.062311053276062,0
5967,5,train,967,37,891.0,6,221.0,0,2,0,-0.6699999999999999,1.2386877536773682,0
5968,5,train,968,40,884.5,6,224.0,0,0,0,-0.7,1.1583656072616577,0
5969,5,train,969,37,808.0,5,192.5,0,1,0,-0.62,1.5516959428787231,0
5970,5,train,970,39,829.5,4,153.5,0,0,0,-0.5900000000000001,1.445556402206421,0
5971,5,train,971,39,788.5,3,120.5,0,1,0,-0.54,1.2377071380615234,0
5972,5,train,972,39,802.5,2,76.5,0,1,0,-0.49,1.356999158859253,0
5973,5,train,973,40,806.5,2,77.5,2,1,0,-0.5,1.5545769929885864,0
5974,5,train,974,40,826.5,2,78.5,0,0,0,-0.5,1.1146409511566162,0
5975,5,train,975,43,844.5,2,79.5,1,0,0,-0.53,1.3472357988357544,0
5976,5,train,976,44,867.5,2,80.5,0,0,0,-0.54,1.72666335105896,0
5977,5,train,977,48,895.5,2,81.5,0,0,0,-0.58,1.1387301683425903,0
5978,5,train,978,49,921.0,2,82.5,1,0,0,-0.59,1.049301266670227,0
5979,5,train,979,53,951.5,2,83.5,0,1,0,-0.63,0.9067712426185608,0
5980,5,train,980,53,978.0,2,84.5,0,0,0,-0.63,1.141012191772461,0
5981,5,train,981,60,1015.0,2,85.5,0,0,0,-0.7,1.3713935613632202,0
5982,5,train,982,60,1045.0,2,86.5,0,2,0,-0.7,1.5845658779144287,0
5983,5,train,983,64,1081.0,2,87.5,0,0,0,-0.74,1.3967671394348145,0
5984,5,train,984,64,1113.0,2,88.5,0,0,0,-0.74,0.9389681220054626,0
5985,5,train,985,66,1148.0,2,89.5,0,0,0,-0.76,1.788851261138916,0
5986,5,train,986,66,1181.0,2,90.5,0,0,0,-0.76,0.5827275514602661,0
5987,5,train,987,68,1217.0,2,91.5,0,0,0,-0.78,1.4283125400543213,0
5988,5,train,988,68,1250.5,2,92.5,0,0,0,-0.78,1.7073382139205933,0
5989,5,train,989,68,1284.5,2,93.5,0,0,0,-0.78,1.3985106945037842,0
5990,5,train,990,69,1320.0,2,94.5,0,1,0,-0.7899999999999999,1.296438455581665,0
5991,5,train,991,69,1354.5,2,95.5,0,0,0,-0.7899999999999999,1.6309360265731812,0
5992,5,train,992,69,1389.0,2,96.5,0,1,0,-0.7899999999999999,1.6105165481567383,0
5993,5,train,993,70,1425.0,2,97.5,0,1,0,-0.7999999999999999,1.1262832880020142,0
5994,5,train,994,70,1460.0,2,98.5,0,0,0,-0.7999999999999999,1.2280583381652832,0
5995,5,train,995,71,1496.5,2,99.5,0,0,0,-0.8099999999999999,1.2780210971832275,0
5996,5,train,996,71,1532.0,2,100.5,0,0,0,-0.8099999999999999,1.580165982246399,0
5997,5,train,997,72,1569.0,2,101.5,0,0,0,-0.82,1.090387225151062,0
5998,5,train,998,72,1605.0,2,102.5,0,0,0,-0.82,1.374709129333496,0
5999,5,train,999,72,1641.0,2,103.5,0,0,0,-0.82,1.194536805152893,0
6000,6,train,0,0,0.0,0,0.0,0,0,0,-0.0,1.0502948760986328,0
6001,6,train,1,0,0.0,0,0.0,0,0,0,-0.0,1.0775583982467651,0
6002,6,train,2,0,0.0,0,0.0,0,0,0,-0.0,0.91344153881073,0
6003,6,train,3,0,0.0,0,0.0,0,0,0,-0.0,0.7514020204544067,0
6004,6,train,4,0,0.0,0,0.0,0,0,0,-0.0,1.8213598728179932,0
6005,6,train,5,0,0.0,0,0.0,0,0,0,-0.0,1.4695839881896973,0
6006,6,train,6,0,0.0,0,0.0,0,0,0,-0.0,1.5303560495376587,0
6007,6,train,7,0,0.0,0,0.0,0,0,0,-0.0,1.6266272068023682,0
6008,6,train,8,0,0.0,0,0.0,0,0,0,-0.0,1.0410157442092896,0
6009,6,train,9,0,0.0,0,0.0,0,0,0,-0.0,1.3969812393188477,0
6010,6,train,10,0,0.0,0,0.0,0,0,0,-0.0,0.9458087682723999,0
6011,6,train,11,0,0.0,0,0.0,0,0,0,-0.0,1.423926591873169,0
6012,6,train,12,0,0.0,0,0.0,0,0,0,-0.0,1.475767970085144,0
6013,6,train,13,0,0.0,0,0.0,0,0,0,-0.0,1.12552011013031,0
6014,6,train,14,0,0.0,0,0.0,0,0,0,-0.0,1.335185170173645,0
6015,6,train,15,0,0.0,0,0.0,0,0,0,-0.0,0.8718395233154297,0
6016,6,train,16,0,0.0,0,0.0,0,0,0,-0.0,1.1056466102600098,0
6017,6,train,17,0,0.0,0,0.0,0,0,0,-0.0,1.406815767288208,0
6018,6,train,18,0,0.0,0,0.0,0,0,0,-0.0,1.2751964330673218,0
6019,6,train,19,0,0.0,0,0.0,0,0,0,-0.0,1.1191164255142212,0
6020,6,train,20,0,0.0,0,0.0,0,0,0,-0.0,1.238006591796875,0
6021,6,train,21,0,0.0,0,0.0,0,0,0,-0.0,1.1221171617507935,0
6022,6,train,22,0,0.0,0,0.0,0,0,0,-0.0,1.332712173461914,0
6023,6,train,23,0,0.0,0,0.0,0,0,0,-0.0,1.4931732416152954,0
6024,6,train,24,0,0.0,0,0.0,0,0,0,-0.0,1.0039583444595337,0
6025,6,train,25,0,0.0,0,0.0,0,0,0,-0.0,1.1657342910766602,0
6026,6,train,26,0,0.0,0,0.0,0,0,0,-0.0,1.4691345691680908,0
6027,6,train,27,0,0.0,0,0.0,0,0,0,-0.0,1.4147084951400757,0
6028,6,train,28,0,0.0,0,0.0,0,0,0,-0.0,1.4518665075302124,0
6029,6,train,29,0,0.0,0,0.0,0,0,0,-0.0,0.9208270311355591,0
6030,6,train,30,0,0.0,0,0.0,0,0,0,-0.0,1.3306487798690796,0
6031,6,train,31,0,0.0,0,0.0,0,0,0,-0.0,1.3482272624969482,0
6032,6,train,32,0,0.0,0,0.0,0,0,0,-0.0,1.0671172142028809,0
6033,6,train,33,0,0.0,0,0.0,0,0,0,-0.0,1.4177396297454834,0
6034,6,train,34,0,0.0,0,0.0,0,0,0,-0.0,1.224176049232483,0
6035,6,train,35,0,0.0,0,0.0,0,0,0,-0.0,1.1631128787994385,0
6036,6,train,36,0,0.0,0,0.0,0,0,0,-0.0,1.5280799865722656,0
6037,6,train,37,0,0.0,0,0.0,0,0,0,-0.0,1.2472604513168335,0
6038,6,train,38,0,0.0,0,0.0,0,0,0,-0.0,0.5695475339889526,0
6039,6,train,39,0,0.0,0,0.0,0,0,0,-0.0,1.5330995321273804,0
6040,6,train,40,0,0.0,0,0.0,0,0,0,-0.0,1.3886468410491943,0
6041,6,train,41,0,0.0,0,0.0,0,0,0,-0.0,1.4389739036560059,0
6042,6,train,42,0,0.0,0,0.0,0,0,0,-0.0,1.4756883382797241,0
6043,6,train,43,0,0.0,0,0.0,0,0,0,-0.0,0.9050850868225098,0
6044,6,train,44,0,0.0,0,0.0,0,0,0,-0.0,1.5000797510147095,0
6045,6,train,45,0,0.0,0,0.0,0,0,0,-0.0,1.2589125633239746,0
6046,6,train,46,0,0.0,0,0.0,0,0,0,-0.0,1.289642333984375,0
6047,6,train,47,0,0.0,0,0.0,0,0,0,-0.0,1.1563141345977783,0
6048,6,train,48,0,0.0,0,0.0,0,0,0,-0.0,1.7570505142211914,0
6049,6,train,49,0,0.0,0,0.0,0,0,1,-0.0,1.7802433967590332,0
6050,6,train,50,0,0.0,0,0.0,0,0,1,-0.0,1.2228343486785889,0
6051,6,train,51,0,0.0,0,0.0,0,0,1,-0.0,1.6511495113372803,0
6052,6,train,52,0,0.0,0,0.0,0,0,1,-0.0,1.4969295263290405,0
6053,6,train,53,0,0.0,0,0.0,0,0,1,-0.0,1.6684367656707764,0
6054,6,train,54,0,0.0,0,0.0,0,0,1,-0.0,1.1745845079421997,0
6055,6,train,55,0,0.0,0,0.0,0,0,1,-0.0,1.189293622970581,0
6056,6,train,56,0,0.0,0,0.0,0,0,1,-0.0,1.117302656173706,0
6057,6,train,57,0,0.0,0,0.0,0,0,1,-0.0,1.2962429523468018,0
6058,6,train,58,0,0.0,0,0.0,0,0,1,-0.0,1.2160046100616455,0
6059,6,train,59,0,0.0,0,0.0,0,0,1,-0.0,1.2712814807891846,0
6060,6,train,60,0,0.0,0,0.0,0,0,1,-0.0,1.0186353921890259,0
6061,6,train,61,0,0.0,0,0.0,0,0,1,-0.0,0.9315558671951294,0
6062,6,train,62,0,0.0,0,0.0,0,0,1,-0.0,0.8997268080711365,0
6063,6,train,63,0,0.0,0,0.0,0,0,1,-0.0,1.2587817907333374,0
6064,6,train,64,0,0.0,0,0.0,0,0,1,-0.0,1.4641566276550293,0
6065,6,train,65,0,0.0,0,0.0,0,0,1,-0.0,1.12685227394104,0
6066,6,train,66,0,0.0,0,0.0,0,0,1,-0.0,1.2217063903808594,0
6067,6,train,67,0,0.0,0,0.0,0,0,1,-0.0,1.505080223083496,0
6068,6,train,68,0,0.0,0,0.0,0,0,1,-0.0,1.656907558441162,0
6069,6,train,69,0,0.0,0,0.0,0,0,1,-0.0,1.5313622951507568,0
6070,6,train,70,0,0.0,1,1.5,0,0,1,-0.05,1.177872896194458,0
6071,6,train,71,0,0.0,1,2.0,0,0,1,-0.05,1.2946059703826904,0
6072,6,train,72,0,0.0,1,2.5,0,0,1,-0.05,1.0245314836502075,0
6073,6,train,73,0,0.0,1,3.0,0,0,1,-0.05,1.384086012840271,0
6074,6,train,74,0,0.0,2,5.0,0,0,1,-0.1,1.4241468906402588,0
6075,6,train,75,0,0.0,2,6.0,0,0,1,-0.1,1.537888526916504,0
6076,6,train,76,0,0.0,2,7.0,0,0,1,-0.1,1.2747728824615479,0
6077,6,train,77,0,0.0,2,8.0,0,0,1,-0.1,1.2183094024658203,0
6078,6,train,78,5,7.5,2,9.0,0,0,1,-0.15000000000000002,1.799053430557251,0
6079,6,train,79,5,10.0,2,10.0,0,0,1,-0.15000000000000002,0.9219304919242859,0
6080,6,train,80,5,12.5,3,12.5,0,0,1,-0.2,1.6479249000549316,0
6081,6,train,81,5,15.0,3,14.0,0,0,1,-0.2,1.3084758520126343,0
6082,6,train,82,5,17.5,3,15.5,0,0,1,-0.2,1.0493704080581665,0
6083,6,train,83,5,20.0,3,17.0,0,0,1,-0.2,1.4290101528167725,0
6084,6,train,84,5,22.5,3,18.5,0,0,1,-0.2,1.4983664751052856,0
6085,6,train,85,5,25.0,4,21.5,0,0,1,-0.25,1.4222185611724854,0
6086,6,train,86,6,29.0,4,23.5,0,0,1,-0.26,1.00782310962677,0
6087,6,train,87,6,32.0,4,25.5,0,0,1,-0.26,1.4088350534439087,0
6088,6,train,88,6,35.0,4,27.5,0,0,1,-0.26,1.384312629699707,0
6089,6,train,89,7,39.5,5,31.0,0,0,1,-0.32,0.9530209302902222,0
6090,6,train,90,7,43.0,5,33.5,0,0,1,-0.32,1.381389856338501,0
6091,6,train,91,7,46.5,5,36.0,0,0,1,-0.32,1.2448638677597046,0
6092,6,train,92,7,50.0,5,38.5,0,0,1,-0.32,1.1546419858932495,0
6093,6,train,93,7,53.5,6,42.5,0,0,1,-0.37,1.1392086744308472,0
6094,6,train,94,7,57.0,6,45.5,0,0,1,-0.37,1.364610195159912,0
6095,6,train,95,7,60.5,6,48.5,0,0,1,-0.37,1.6492502689361572,0
6096,6,train,96,7,64.0,6,51.5,0,0,1,-0.37,0.9731146097183228,0
6097,6,train,97,9,70.5,6,54.5,0,0,1,-0.39,1.3312300443649292,0
6098,6,train,98,9,75.0,6,57.5,0,0,1,-0.39,1.6358153820037842,0
6099,6,train,99,9,79.5,6,60.5,0,0,1,-0.39,1.1500658988952637,0
6100,6,train,100,10,85.5,6,63.5,0,0,1,-0.4,1.4158449172973633,0
6101,6,train,101,10,90.5,6,66.5,0,0,1,-0.4,1.002620816230774,0
6102,6,train,102,11,97.0,6,69.5,0,0,1,-0.41,1.5762088298797607,0
6103,6,train,103,11,102.5,6,72.5,0,0,1,-0.41,1.1756768226623535,0
6104,6,train,104,11,108.0,6,75.5,0,0,1,-0.41,1.2519633769989014,0
6105,6,train,105,11,113.5,6,78.5,0,0,1,-0.41,1.2647416591644287,0
6106,6,train,106,11,119.0,8,84.5,0,0,1,-0.51,0.8496043682098389,0
6107,6,train,107,11,124.5,8,88.5,0,0,1,-0.51,1.2139557600021362,0
6108,6,train,108,11,130.0,8,92.5,0,0,1,-0.51,1.4434189796447754,0
6109,6,train,109,11,135.5,8,96.5,0,0,1,-0.51,1.2935798168182373,0
6110,6,train,110,11,141.0,8,100.5,0,0,1,-0.51,1.4622145891189575,0
6111,6,train,111,12,148.0,8,104.5,0,0,1,-0.52,1.631536602973938,0
6112,6,train,112,12,154.0,8,108.5,0,0,1,-0.52,0.7206170558929443,0
6113,6,train,113,12,160.0,8,112.5,0,0,1,-0.52,0.8934928774833679,0
6114,6,train,114,14,169.0,8,116.5,0,0,1,-0.54,1.1827895641326904,0
6115,6,train,115,14,176.0,8,120.5,0,0,1,-0.54,1.2888392210006714,0
6116,6,train,116,14,183.0,8,124.5,0,0,1,-0.54,1.4567985534667969,0
6117,6,train,117,14,190.0,8,128.5,0,0,1,-0.54,1.689727544784546,0
6118,6,train,118,14,197.0,8,132.5,0,0,1,-0.54,1.3699150085449219,0
6119,6,train,119,14,204.0,8,136.5,0,0,1,-0.54,1.1300362348556519,0
6120,6,train,120,14,211.0,8,140.5,0,0,1,-0.54,0.8614054322242737,0
6121,6,train,121,14,218.0,8,144.5,0,0,1,-0.54,0.9949016571044922,0
6122,6,train,122,14,225.0,8,148.5,0,0,1,-0.54,1.2431063652038574,0
6123,6,train,123,15,233.5,8,152.5,0,0,1,-0.55,1.0593419075012207,0
6124,6,train,124,15,241.0,8,156.5,0,0,1,-0.55,0.9823446869850159,0
6125,6,train,125,15,248.5,8,160.5,0,0,1,-0.55,1.3027751445770264,0
6126,6,train,126,15,256.0,8,164.5,0,0,1,-0.55,1.4383950233459473,0
6127,6,train,127,15,263.5,8,168.5,0,0,1,-0.55,1.3991167545318604,0
6128,6,train,128,15,271.0,8,172.5,0,0,1,-0.55,1.6251225471496582,0
6129,6,train,129,15,278.5,8,176.5,0,0,1,-0.55,1.31784188747406,0
6130,6,train,130,16,287.5,8,180.5,0,0,1,-0.56,1.1170082092285156,0
6131,6,train,131,15,293.5,8,184.5,0,0,1,-0.55,1.440272569656372,0
6132,6,train,132,15,301.0,8,188.5,0,0,1,-0.55,1.363997459411621,0
6133,6,train,133,16,310.0,8,192.5,0,0,1,-0.56,1.509584665298462,0
6134,6,train,134,16,318.0,8,196.5,0,0,1,-0.56,1.361973762512207,0
6135,6,train,135,16,326.0,8,200.5,0,0,1,-0.56,1.2049144506454468,0
6136,6,train,136,17,335.5,8,204.5,0,0,1,-0.5700000000000001,1.3209280967712402,0
6137,6,train,137,17,344.0,8,208.5,0,0,1,-0.5700000000000001,0.9126759767532349,0
6138,6,train,138,17,352.5,8,212.5,0,0,1,-0.5700000000000001,1.4081776142120361,0
6139,6,train,139,17,361.0,8,216.5,0,0,2,-0.5700000000000001,1.6354933977127075,0
6140,6,train,140,17,369.5,8,220.5,0,0,2,-0.5700000000000001,1.2183781862258911,0
6141,6,train,141,17,378.0,8,224.5,0,0,2,-0.5700000000000001,1.418593406677246,0
6142,6,train,142,18,388.0,8,228.5,0,0,2,-0.5800000000000001,1.4269989728927612,0
6143,6,train,143,18,397.0,8,232.5,0,0,2,-0.5800000000000001,1.3967652320861816,0
6144,6,train,144,18,406.0,8,236.5,0,0,2,-0.5800000000000001,1.4505057334899902,0
6145,6,train,145,18,415.0,8,240.5,0,0,2,-0.5800000000000001,1.3159239292144775,0
6146,6,train,146,18,424.0,8,244.5,0,0,2,-0.5800000000000001,1.4096055030822754,0
6147,6,train,147,18,433.0,8,248.5,0,0,2,-0.5800000000000001,1.012015461921692,0
6148,6,train,148,18,442.0,8,252.5,0,1,2,-0.5800000000000001,1.5183281898498535,0
6149,6,train,149,18,451.0,8,256.5,0,0,2,-0.5800000000000001,1.2323076725006104,0
6150,6,train,150,19,461.5,8,260.5,0,0,2,-0.5900000000000001,1.298234224319458,0
6151,6,train,151,19,407.5,8,264.5,0,1,3,-0.5900000000000001,1.4500432014465332,0
6152,6,train,152,19,416.0,8,268.5,0,0,3,-0.5900000000000001,0.8333120942115784,0
6153,6,train,153,19,425.5,8,272.5,0,0,3,-0.5900000000000001,0.9767080545425415,0
6154,6,train,154,19,435.0,8,276.5,0,0,3,-0.5900000000000001,0.9820981025695801,0
6155,6,train,155,19,444.5,8,280.5,0,0,3,-0.5900000000000001,1.7469730377197266,0
6156,6,train,156,19,454.0,8,284.5,0,0,3,-0.5900000000000001,1.6468420028686523,0
6157,6,train,157,19,463.5,8,288.5,0,0,3,-0.5900000000000001,1.3542488813400269,0
6158,6,train,158,19,473.0,8,292.5,0,0,3,-0.5900000000000001,1.3613648414611816,0
6159,6,train,159,20,484.0,8,296.5,0,2,3,-0.6000000000000001,1.1087881326675415,0
6160,6,train,160,20,494.0,8,300.5,0,0,3,-0.6000000000000001,1.5174806118011475,0
6161,6,train,161,20,504.0,8,304.5,0,0,3,-0.6000000000000001,1.197218418121338,0
6162,6,train,162,22,517.0,8,308.5,0,0,3,-0.62,1.1338320970535278,0
6163,6,train,163,23,529.5,8,312.5,0,0,3,-0.63,1.6061344146728516,0
6164,6,train,164,28,548.5,8,316.5,0,0,3,-0.68,1.3681039810180664,0
6165,6,train,165,28,562.5,8,320.5,0,1,3,-0.68,1.2339195013046265,0
6166,6,train,166,28,576.5,8,324.5,0,1,3,-0.68,1.2196998596191406,0
6167,6,train,167,28,590.5,8,328.5,0,0,3,-0.68,1.2287254333496094,0
6168,6,train,168,29,606.0,8,332.5,0,0,3,-0.69,1.3815021514892578,0
6169,6,train,169,32,625.0,8,336.5,0,1,3,-0.72,1.4781477451324463,0
6170,6,train,170,32,641.0,8,340.5,0,1,3,-0.72,1.3419269323349,0
6171,6,train,171,31,654.0,8,344.5,0,0,3,-0.71,1.047133207321167,0
6172,6,train,172,32,671.0,8,348.5,0,0,3,-0.72,1.2298872470855713,0
6173,6,train,173,33,688.5,8,352.5,0,0,3,-0.73,1.3367588520050049,0
6174,6,train,174,31,689.5,8,356.5,0,0,3,-0.71,1.4118402004241943,0
6175,6,train,175,33,708.0,8,360.5,0,0,3,-0.73,1.5724519491195679,0
6176,6,train,176,33,724.5,8,364.5,0,0,3,-0.73,0.8929924964904785,0
6177,6,train,177,33,741.0,8,368.5,0,0,3,-0.73,1.3444980382919312,0
6178,6,train,178,33,757.5,8,372.5,0,0,3,-0.73,1.2537963390350342,0
6179,6,train,179,35,777.0,8,376.5,0,1,3,-0.75,1.1538405418395996,0
6180,6,train,180,35,794.5,8,380.5,0,1,3,-0.75,1.3166265487670898,0
6181,6,train,181,35,812.0,8,384.5,0,0,3,-0.75,1.278642177581787,0
6182,6,train,182,36,831.0,8,388.5,0,0,3,-0.76,1.1121840476989746,0
6183,6,train,183,37,850.5,8,392.5,0,0,3,-0.77,0.8469322919845581,0
6184,6,train,184,37,869.0,8,396.5,0,0,3,-0.77,1.0090829133987427,0
6185,6,train,185,38,889.0,8,400.5,0,0,3,-0.78,1.352486491203308,0
6186,6,train,186,38,908.0,8,404.5,0,0,3,-0.78,1.1516984701156616,0
6187,6,train,187,41,931.5,8,408.5,0,0,3,-0.81,1.4545462131500244,0
6188,6,train,188,41,952.0,8,412.5,0,0,3,-0.81,1.0895230770111084,0
6189,6,train,189,41,972.5,8,416.5,0,0,3,-0.81,1.3752679824829102,0
6190,6,train,190,42,994.5,8,420.5,0,0,3,-0.8200000000000001,0.9507277011871338,0
6191,6,train,191,43,1017.0,8,424.5,0,2,3,-0.8300000000000001,1.3765616416931152,0
6192,6,train,192,44,1040.0,8,428.5,0,0,3,-0.8400000000000001,0.9989950060844421,0
6193,6,train,193,44,1062.0,8,432.5,0,0,3,-0.8400000000000001,1.2314503192901611,0
6194,6,train,194,44,1084.0,8,436.5,0,0,3,-0.8400000000000001,1.330538034439087,0
6195,6,train,195,46,1109.0,8,440.5,0,0,3,-0.8600000000000001,1.5024147033691406,0
6196,6,train,196,46,1132.0,8,444.5,0,0,3,-0.8600000000000001,0.9332072734832764,0
6197,6,train,197,46,1155.0,8,448.5,0,0,3,-0.8600000000000001,1.0283780097961426,0
6198,6,train,198,46,1178.0,8,452.5,0,0,3,-0.8600000000000001,1.5454387664794922,0
6199,6,train,199,46,1201.0,8,456.5,0,0,3,-0.8600000000000001,0.9759668111801147,0
6200,6,train,200,46,1224.0,8,460.5,0,0,3,-0.8600000000000001,1.1871507167816162,0
6201,6,train,201,49,1251.5,8,464.5,0,2,4,-0.89,1.4883241653442383,1
6202,6,train,202,49,1276.0,8,468.5,0,0,4,-0.89,0.8680703043937683,0
6203,6,train,203,49,1300.5,8,472.5,0,0,4,-0.89,1.4725881814956665,0
6204,6,train,204,49,1325.0,8,476.5,0,0,4,-0.89,1.3645693063735962,0
6205,6,train,205,50,1351.0,8,480.5,0,0,4,-0.9,1.2533602714538574,0
6206,6,train,206,51,1377.5,8,484.5,0,0,4,-0.91,1.1041259765625,0
6207,6,train,207,51,1403.0,8,488.5,0,0,4,-0.91,1.190877914428711,0
6208,6,train,208,51,1428.5,8,492.5,0,0,4,-0.91,0.9266699552536011,0
6209,6,train,209,51,1454.0,8,496.5,0,0,4,-0.91,1.1271940469741821,0
6210,6,train,210,51,1479.5,8,500.5,0,0,4,-0.91,1.29010808467865,0
6211,6,train,211,51,1505.0,8,504.5,0,2,4,-0.91,0.9162027835845947,0
6212,6,train,212,52,1532.0,8,508.5,0,0,4,-0.92,1.7971272468566895,0
6213,6,train,213,46,1250.5,8,512.5,0,0,5,-0.8600000000000001,1.2952945232391357,0
6214,6,train,214,43,1061.5,8,516.5,0,0,5,-0.8300000000000001,1.0842941999435425,0
6215,6,train,215,39,937.0,8,520.5,0,0,5,-0.79,1.2830402851104736,0
6216,6,train,216,36,855.5,8,524.5,0,0,5,-0.76,1.1958507299423218,0
6217,6,train,217,37,858.0,8,528.5,0,0,5,-0.77,1.5574581623077393,0
6218,6,train,218,35,824.0,8,532.5,0,0,5,-0.75,1.191162109375,0
6219,6,train,219,31,792.0,8,536.5,0,0,5,-0.71,1.3996658325195312,0
6220,6,train,220,29,771.5,8,540.5,0,0,5,-0.69,1.3952256441116333,0
6221,6,train,221,29,786.0,7,475.0,0,0,5,-0.6399999999999999,1.3271358013153076,0
6222,6,train,222,27,776.5,6,406.0,0,0,5,-0.5700000000000001,1.5162650346755981,0
6223,6,train,223,28,791.5,3,195.0,0,0,5,-0.43000000000000005,0.8572921752929688,0
6224,6,train,224,28,805.5,3,196.5,0,0,5,-0.43000000000000005,1.3707573413848877,0
6225,6,train,225,28,819.5,3,198.0,0,0,5,-0.43000000000000005,1.2275516986846924,0
6226,6,train,226,31,838.0,3,199.5,0,0,5,-0.45999999999999996,1.653104543685913,0
6227,6,train,227,32,855.0,3,201.0,0,0,5,-0.47,1.0296417474746704,0
6228,6,train,228,32,871.0,3,202.5,0,0,5,-0.47,1.2450106143951416,0
6229,6,train,229,32,887.0,3,204.0,0,0,5,-0.47,0.7276002168655396,0
6230,6,train,230,32,903.0,3,205.5,0,0,5,-0.47,1.0981290340423584,0
6231,6,train,231,32,919.0,3,207.0,0,1,5,-0.47,1.0772218704223633,0
6232,6,train,232,32,935.0,2,144.0,0,0,5,-0.42000000000000004,1.3405287265777588,0
6233,6,train,233,32,951.0,2,145.0,0,0,5,-0.42000000000000004,0.4770066738128662,0
6234,6,train,234,32,967.0,2,146.0,0,0,5,-0.42000000000000004,1.8579599857330322,0
6235,6,train,235,33,984.5,2,147.0,0,0,5,-0.43000000000000005,1.406109094619751,0
6236,6,train,236,33,1001.0,2,148.0,0,0,5,-0.43000000000000005,0.7010031938552856,0
6237,6,train,237,33,1017.5,2,149.0,0,0,5,-0.43000000000000005,1.3894531726837158,0
6238,6,train,238,33,1034.0,2,150.0,0,0,5,-0.43000000000000005,1.3785490989685059,0
6239,6,train,239,33,1050.5,2,151.0,0,1,5,-0.43000000000000005,1.3242168426513672,0
6240,6,train,240,33,1067.0,2,152.0,0,0,5,-0.43000000000000005,0.6638713479042053,0
6241,6,train,241,33,1083.5,2,153.0,0,0,5,-0.43000000000000005,1.5634641647338867,0
6242,6,train,242,33,1100.0,2,154.0,0,0,5,-0.43000000000000005,1.5488896369934082,0
6243,6,train,243,34,1118.0,2,155.0,0,0,5,-0.44000000000000006,1.4505183696746826,0
6244,6,train,244,34,1135.0,2,156.0,0,0,5,-0.44000000000000006,1.059901475906372,0
6245,6,train,245,34,1152.0,2,157.0,0,0,5,-0.44000000000000006,1.1842560768127441,0
6246,6,train,246,36,1172.0,2,158.0,0,0,5,-0.45999999999999996,0.9018057584762573,0
6247,6,train,247,36,1190.0,2,159.0,0,0,5,-0.45999999999999996,1.4038877487182617,0
6248,6,train,248,36,1208.0,2,160.0,0,0,5,-0.45999999999999996,1.1208224296569824,0
6249,6,train,249,36,1226.0,2,161.0,0,0,5,-0.45999999999999996,1.4565496444702148,0
6250,6,train,250,36,1244.0,2,162.0,0,0,5,-0.45999999999999996,1.606665849685669,0
6251,6,train,251,36,1262.0,2,163.0,0,1,5,-0.45999999999999996,1.46431303024292,0
6252,6,train,252,36,1280.0,2,164.0,0,1,5,-0.45999999999999996,1.132927656173706,0
6253,6,train,253,36,1298.0,2,165.0,0,0,5,-0.45999999999999996,1.4571582078933716,0
6254,6,train,254,36,1316.0,2,166.0,0,0,5,-0.45999999999999996,1.458898663520813,0
6255,6,train,255,38,1337.0,2,167.0,0,0,5,-0.48,1.3861750364303589,0
6256,6,train,256,38,1356.0,2,168.0,0,2,5,-0.48,1.527053713798523,0
6257,6,train,257,38,1375.0,2,169.0,0,0,5,-0.48,1.0894222259521484,0
6258,6,train,258,38,1394.0,2,170.0,0,0,5,-0.48,1.6835403442382812,0
6259,6,train,259,38,1413.0,2,171.0,0,0,5,-0.48,1.0008418560028076,0
6260,6,train,260,38,1432.0,2,172.0,0,0,5,-0.48,1.4879894256591797,0
6261,6,train,261,38,1451.0,2,173.0,0,0,5,-0.48,1.4163861274719238,0
6262,6,train,262,38,1470.0,2,174.0,0,0,5,-0.48,1.0578906536102295,0
6263,6,train,263,36,1301.0,2,175.0,0,0,6,-0.45999999999999996,1.3396689891815186,0
6264,6,train,264,34,1247.0,2,176.0,0,0,6,-0.44000000000000006,1.203301191329956,0
6265,6,train,265,34,1264.0,2,177.0,0,0,6,-0.44000000000000006,1.1382534503936768,0
6266,6,train,266,35,1282.5,2,178.0,0,0,6,-0.44999999999999996,1.658431887626648,0
6267,6,train,267,35,1300.0,2,179.0,0,0,6,-0.44999999999999996,0.6927461624145508,0
6268,6,train,268,35,1317.5,2,180.0,0,0,6,-0.44999999999999996,1.4590322971343994,0
6269,6,train,269,35,1335.0,2,181.0,0,0,6,-0.44999999999999996,1.1750929355621338,0
6270,6,train,270,35,1352.5,2,182.0,0,0,6,-0.44999999999999996,1.2300190925598145,0
6271,6,train,271,35,1370.0,2,183.0,0,0,6,-0.44999999999999996,1.432655930519104,0
6272,6,train,272,36,1389.0,2,184.0,0,0,6,-0.45999999999999996,1.5321040153503418,0
6273,6,train,273,36,1407.0,2,185.0,0,0,6,-0.45999999999999996,1.515178918838501,0
6274,6,train,274,36,1425.0,2,186.0,0,0,6,-0.45999999999999996,1.3563942909240723,0
6275,6,train,275,37,1444.5,2,187.0,0,0,6,-0.47,1.4407516717910767,0
6276,6,train,276,37,1463.0,2,188.0,0,0,6,-0.47,1.532081127166748,0
6277,6,train,277,37,1481.5,2,189.0,0,0,6,-0.47,1.0262115001678467,0
6278,6,train,278,37,1500.0,2,190.0,0,0,6,-0.47,1.351973295211792,0
6279,6,train,279,37,1518.5,2,191.0,0,0,6,-0.47,1.2525672912597656,0
6280,6,train,280,37,1537.0,2,192.0,0,0,6,-0.47,1.5851104259490967,0
6281,6,train,281,37,1555.5,4,196.0,0,0,6,-0.5700000000000001,1.2602903842926025,0
6282,6,train,282,37,1574.0,5,199.5,0,0,6,-0.62,1.0447893142700195,0
6283,6,train,283,37,1592.5,5,202.0,0,0,6,-0.62,1.3211491107940674,0
6284,6,train,284,37,1611.0,5,204.5,0,0,6,-0.62,1.4672760963439941,0
6285,6,train,285,37,1629.5,5,207.0,0,0,6,-0.62,0.7077594995498657,0
6286,6,train,286,38,1649.5,5,209.5,0,0,6,-0.63,1.3974692821502686,0
6287,6,train,287,40,1671.5,5,212.0,0,0,6,-0.65,1.601618766784668,0
6288,6,train,288,41,1693.0,5,214.5,0,0,6,-0.6599999999999999,1.7555418014526367,0
6289,6,train,289,41,1713.5,6,218.5,0,0,6,-0.71,1.5888493061065674,0
6290,6,train,290,43,1737.0,5,219.5,0,0,6,-0.6799999999999999,0.6442535519599915,0
6291,6,train,291,43,1758.5,5,222.0,0,0,6,-0.6799999999999999,1.1912143230438232,0
6292,6,train,292,45,1783.0,5,224.5,0,1,6,-0.7,1.545912265777588,0
6293,6,train,293,45,1805.5,6,228.5,0,2,6,-0.75,0.9297658205032349,0
6294,6,train,294,45,1828.0,6,231.5,0,0,6,-0.75,1.244411826133728,0
6295,6,train,295,46,1852.0,6,234.5,0,0,6,-0.76,1.2522594928741455,0
6296,6,train,296,46,1875.0,7,239.0,0,3,6,-0.81,1.4310057163238525,0
6297,6,train,297,46,1898.0,6,240.5,0,0,6,-0.76,1.7783782482147217,0
6298,6,train,298,46,1921.0,6,243.5,0,0,6,-0.76,1.3913214206695557,0
6299,6,train,299,46,1944.0,7,248.0,0,2,6,-0.81,1.4779218435287476,0
6300,6,train,300,46,1967.0,12,259.0,0,0,6,-1.06,1.282669186592102,0
6301,6,train,301,46,1990.0,8,257.0,0,0,7,-0.8600000000000001,1.2021844387054443,1
6302,6,train,302,46,2013.0,8,261.0,0,2,7,-0.8600000000000001,1.1429219245910645,0
6303,6,train,303,46,2036.0,8,265.0,0,1,7,-0.8600000000000001,0.8306894302368164,0
6304,6,train,304,47,2060.5,13,276.5,0,0,7,-1.12,1.1252541542053223,0
6305,6,train,305,47,2084.0,13,283.0,0,1,7,-1.12,1.2304449081420898,0
6306,6,train,306,49,2110.5,13,289.5,0,0,7,-1.1400000000000001,1.2430319786071777,0
6307,6,train,307,50,2136.5,13,296.0,0,2,7,-1.15,1.087690830230713,0
6308,6,train,308,50,2161.5,13,302.5,0,1,7,-1.15,1.242628574371338,0
6309,6,train,309,50,2186.5,13,309.0,0,0,7,-1.15,0.8792209029197693,0
6310,6,train,310,50,2211.5,13,315.5,0,1,7,-1.15,1.3046143054962158,0
6311,6,train,311,50,2236.5,13,322.0,0,1,7,-1.15,1.3062303066253662,0
6312,6,train,312,50,2261.5,13,328.5,0,0,7,-1.15,1.4893438816070557,0
6313,6,train,313,48,2058.0,13,335.0,0,0,8,-1.13,1.353845477104187,0
6314,6,train,314,47,1927.0,13,341.5,0,1,8,-1.12,1.3493399620056152,0
6315,6,train,315,45,1803.5,13,348.0,0,0,8,-1.1,1.6618833541870117,0
6316,6,train,316,45,1781.5,13,354.5,0,1,8,-1.1,0.9713050723075867,0
6317,6,train,317,44,1757.0,13,361.0,0,3,8,-1.09,1.183207392692566,0
6318,6,train,318,42,1745.5,13,367.5,0,0,8,-1.07,1.2584048509597778,0
6319,6,train,319,42,1766.5,13,374.0,0,1,8,-1.07,1.113911509513855,0
6320,6,train,320,42,1787.5,13,380.5,0,0,8,-1.07,1.3167297840118408,0
6321,6,train,321,42,1808.5,14,388.5,0,0,8,-1.1199999999999999,1.6126489639282227,0
6322,6,train,322,42,1829.5,14,395.5,0,1,8,-1.1199999999999999,1.462731957435608,0
6323,6,train,323,42,1850.5,14,402.5,0,0,8,-1.1199999999999999,1.242406964302063,0
6324,6,train,324,43,1873.0,14,409.5,0,5,9,-1.13,1.320718765258789,1
6325,6,train,325,44,1896.0,14,416.5,0,1,9,-1.14,1.1738262176513672,0
6326,6,train,326,45,1919.5,14,423.5,0,1,9,-1.15,1.0075569152832031,0
6327,6,train,327,45,1942.0,14,430.5,0,2,9,-1.15,1.739375114440918,0
6328,6,train,328,46,1966.0,14,437.5,0,0,9,-1.16,1.2485191822052002,0
6329,6,train,329,46,1989.0,14,444.5,0,1,9,-1.16,1.1939786672592163,0
6330,6,train,330,41,1491.5,10,400.0,0,2,0,-0.9099999999999999,1.0024430751800537,0
6331,6,train,331,40,1210.5,10,405.0,0,0,0,-0.9,0.9276050925254822,0
6332,6,train,332,36,965.5,10,410.0,0,0,0,-0.86,1.352158784866333,0
6333,6,train,333,32,757.0,10,415.0,0,3,0,-0.8200000000000001,1.1854557991027832,0
6334,6,train,334,38,782.0,10,420.0,0,1,0,-0.88,1.0579755306243896,0
6335,6,train,335,35,611.5,10,425.0,0,0,0,-0.85,1.122763991355896,0
6336,6,train,336,33,479.5,9,407.0,0,0,0,-0.78,0.8781178593635559,0
6337,6,train,337,38,503.5,9,411.5,0,0,0,-0.8300000000000001,1.3683912754058838,0
6338,6,train,338,34,413.0,7,379.0,0,1,0,-0.69,1.0649977922439575,0
6339,6,train,339,35,431.5,5,333.0,0,0,0,-0.6,1.7811434268951416,0
6340,6,train,340,35,377.0,5,335.5,0,0,0,-0.6,1.1082725524902344,0
6341,6,train,341,35,394.5,4,307.0,0,2,0,-0.55,1.1887420415878296,0
6342,6,train,342,37,383.5,4,309.0,0,0,0,-0.5700000000000001,1.4847702980041504,0
6343,6,train,343,37,402.0,4,311.0,0,0,0,-0.5700000000000001,1.2003819942474365,0
6344,6,train,344,41,412.0,3,186.0,0,0,0,-0.5599999999999999,1.5533690452575684,0
6345,6,train,345,39,428.5,3,187.5,0,1,0,-0.54,1.0355517864227295,0
6346,6,train,346,43,454.0,3,189.0,0,2,0,-0.58,1.1354622840881348,0
6347,6,train,347,43,475.5,3,190.5,0,0,0,-0.58,0.8935189843177795,0
6348,6,train,348,47,503.0,2,61.0,0,0,0,-0.57,1.3686121702194214,0
6349,6,train,349,47,526.5,2,62.0,0,0,0,-0.57,1.3961091041564941,0
6350,6,train,350,52,557.5,2,63.0,0,0,0,-0.62,0.680375337600708,0
6351,6,train,351,53,585.0,2,64.0,0,0,0,-0.63,1.3163214921951294,0
6352,6,train,352,56,616.0,2,65.0,0,0,0,-0.66,1.364914894104004,0
6353,6,train,353,58,647.0,2,66.0,0,2,0,-0.6799999999999999,1.1490511894226074,0
6354,6,train,354,60,679.0,2,67.0,0,0,0,-0.7,1.5152549743652344,0
6355,6,train,355,60,709.0,2,68.0,0,0,0,-0.7,1.414784550666809,0
6356,6,train,356,63,743.5,2,69.0,0,0,0,-0.73,0.9972506165504456,0
6357,6,train,357,64,776.5,2,70.0,0,1,0,-0.74,0.9407678842544556,0
6358,6,train,358,65,810.0,2,71.0,0,0,0,-0.75,1.3618178367614746,0
6359,6,train,359,65,842.5,2,72.0,0,0,0,-0.75,0.9338062405586243,0
6360,6,train,360,66,876.5,2,73.0,0,1,0,-0.76,1.4632216691970825,0
6361,6,train,361,66,909.5,2,74.0,0,0,0,-0.76,1.286766767501831,0
6362,6,train,362,66,942.5,2,75.0,0,1,0,-0.76,1.541185736656189,0
6363,6,train,363,66,975.5,2,76.0,0,0,0,-0.76,1.3339707851409912,0
6364,6,train,364,68,1011.5,2,77.0,0,0,0,-0.78,1.4850718975067139,0
6365,6,train,365,68,1045.5,2,78.0,0,1,0,-0.78,1.0920898914337158,0
6366,6,train,366,70,1082.5,2,79.0,0,0,0,-0.7999999999999999,1.6023576259613037,0
6367,6,train,367,70,1117.5,2,80.0,0,0,0,-0.7999999999999999,1.279273271560669,0
6368,6,train,368,70,1152.5,2,81.0,0,0,0,-0.7999999999999999,1.2501170635223389,0
6369,6,train,369,70,1187.5,2,82.0,0,0,0,-0.7999999999999999,0.946342945098877,0
6370,6,train,370,71,1224.0,2,83.0,0,0,0,-0.8099999999999999,1.2041678428649902,0
6371,6,train,371,71,1259.0,2,84.0,0,0,0,-0.8099999999999999,1.4655094146728516,0
6372,6,train,372,71,1294.5,2,85.0,0,0,0,-0.8099999999999999,1.3108290433883667,0
6373,6,train,373,72,1331.5,2,86.0,0,0,0,-0.82,1.3505717515945435,0
6374,6,train,374,73,1369.0,2,87.0,0,1,0,-0.83,1.316307544708252,0
6375,6,train,375,73,1405.5,2,88.0,0,0,0,-0.83,1.374205231666565,0
6376,6,train,376,74,1443.5,2,89.0,0,0,0,-0.84,1.5348151922225952,0
6377,6,train,377,71,1411.5,2,90.0,0,0,0,-0.8099999999999999,1.168670415878296,0
6378,6,train,378,69,1403.0,2,91.0,0,0,0,-0.7899999999999999,1.440454363822937,0
6379,6,train,379,67,1395.5,2,92.0,0,1,0,-0.77,1.6057093143463135,0
6380,6,train,380,63,1301.5,2,93.0,0,0,1,-0.73,1.5373564958572388,0
6381,6,train,381,63,1333.0,2,94.0,0,0,1,-0.73,1.438111662864685,0
6382,6,train,382,59,1248.5,2,95.0,0,0,1,-0.69,0.9181584119796753,0
6383,6,train,383,56,1190.5,2,96.0,0,0,1,-0.66,0.9226754307746887,0
6384,6,train,384,54,1135.5,2,97.0,0,2,1,-0.64,1.3416669368743896,0
6385,6,train,385,52,1116.5,2,98.0,0,0,1,-0.62,1.5628248453140259,0
6386,6,train,386,50,1103.5,2,99.0,0,0,1,-0.6,1.3476645946502686,0
6387,6,train,387,46,1045.0,2,100.0,0,0,1,-0.56,1.1945147514343262,0
6388,6,train,388,44,1023.0,2,101.0,0,0,1,-0.54,1.4971256256103516,0
6389,6,train,389,42,969.0,2,102.0,0,0,1,-0.52,1.4440340995788574,0
6390,6,train,390,41,968.0,2,103.0,0,2,1,-0.51,1.1233855485916138,0
6391,6,train,391,39,944.5,2,104.0,0,0,1,-0.49,1.705336570739746,0
6392,6,train,392,37,907.0,2,105.0,0,0,1,-0.47,0.9932844638824463,0
6393,6,train,393,38,917.0,2,106.0,0,1,1,-0.48,1.3457057476043701,0
6394,6,train,394,36,894.0,2,107.0,0,0,1,-0.45999999999999996,1.6145398616790771,0
6395,6,train,395,34,879.0,2,108.0,0,0,1,-0.44000000000000006,1.0074493885040283,0
6396,6,train,396,34,896.0,2,109.0,0,0,1,-0.44000000000000006,1.2384741306304932,0
6397,6,train,397,32,891.5,2,110.0,0,1,1,-0.42000000000000004,1.3922679424285889,0
6398,6,train,398,32,907.5,2,111.0,0,0,1,-0.42000000000000004,1.567110538482666,0
6399,6,train,399,32,916.0,2,112.0,0,0,1,-0.42000000000000004,1.6008222103118896,0
6400,6,train,400,32,932.0,2,113.0,0,0,1,-0.42000000000000004,1.4421250820159912,0
6401,6,train,401,33,949.5,2,114.0,0,0,1,-0.43000000000000005,0.9542614817619324,0
6402,6,train,402,34,967.5,2,115.0,0,0,1,-0.44000000000000006,1.0628769397735596,0
6403,6,train,403,34,984.5,2,116.0,0,0,1,-0.44000000000000006,1.3130435943603516,0
6404,6,train,404,34,1001.5,2,117.0,0,0,1,-0.44000000000000006,1.2905669212341309,0
6405,6,train,405,34,1018.5,2,118.0,0,0,1,-0.44000000000000006,1.185989499092102,0
6406,6,train,406,34,1035.5,2,119.0,0,0,1,-0.44000000000000006,1.2352063655853271,0
6407,6,train,407,34,1052.5,2,120.0,0,0,1,-0.44000000000000006,1.015264630317688,0
6408,6,train,408,34,1069.5,2,121.0,0,0,1,-0.44000000000000006,1.124876618385315,0
6409,6,train,409,34,1086.5,2,122.0,0,0,1,-0.44000000000000006,1.0818763971328735,0
6410,6,train,410,35,1105.0,2,123.0,0,0,1,-0.44999999999999996,1.216895580291748,0
6411,6,train,411,35,1122.5,2,124.0,0,0,1,-0.44999999999999996,1.0229214429855347,0
6412,6,train,412,36,1141.5,2,125.0,0,0,1,-0.45999999999999996,1.5856678485870361,0
6413,6,train,413,36,1159.5,2,126.0,0,1,1,-0.45999999999999996,1.148201823234558,0
6414,6,train,414,36,1177.5,2,127.0,0,0,1,-0.45999999999999996,1.3683456182479858,0
6415,6,train,415,36,1195.5,2,128.0,0,0,1,-0.45999999999999996,0.994564950466156,0
6416,6,train,416,36,1213.5,2,129.0,0,0,1,-0.45999999999999996,1.1945044994354248,0
6417,6,train,417,36,1231.5,2,130.0,0,0,1,-0.45999999999999996,1.3170104026794434,0
6418,6,train,418,36,1249.5,2,131.0,0,0,1,-0.45999999999999996,1.4384829998016357,0
6419,6,train,419,36,1267.5,2,132.0,0,0,1,-0.45999999999999996,1.2695205211639404,0
6420,6,train,420,36,1285.5,2,133.0,0,0,1,-0.45999999999999996,1.0684056282043457,0
6421,6,train,421,36,1303.5,3,135.5,0,0,1,-0.51,1.3076202869415283,0
6422,6,train,422,37,1323.0,4,138.5,1,0,1,-0.5700000000000001,1.0826117992401123,0
6423,6,train,423,37,1341.5,5,142.0,0,0,1,-0.62,1.6620492935180664,0
6424,6,train,424,37,1360.0,5,144.5,0,0,1,-0.62,1.5300285816192627,0
6425,6,train,425,37,1378.5,5,147.0,0,0,1,-0.62,1.6851032972335815,0
6426,6,train,426,37,1397.0,5,149.5,0,0,1,-0.62,1.4386390447616577,0
6427,6,train,427,37,1415.5,5,152.0,0,0,1,-0.62,1.3155696392059326,0
6428,6,train,428,38,1435.5,5,154.5,0,0,1,-0.63,1.2805132865905762,0
6429,6,train,429,38,1454.5,5,157.0,0,0,1,-0.63,1.2847940921783447,0
6430,6,train,430,38,1473.5,5,159.5,0,0,1,-0.63,1.4035253524780273,0
6431,6,train,431,39,1494.0,5,162.0,0,0,1,-0.64,1.199479103088379,0
6432,6,train,432,39,1513.5,5,164.5,0,0,1,-0.64,1.1930344104766846,0
6433,6,train,433,39,1533.0,5,167.0,0,0,1,-0.64,1.2159805297851562,0
6434,6,train,434,39,1552.5,5,169.5,0,0,1,-0.64,1.3372776508331299,0
6435,6,train,435,42,1576.5,5,172.0,0,0,1,-0.6699999999999999,1.3104788064956665,0
6436,6,train,436,42,1597.5,6,176.0,0,0,1,-0.72,1.2734873294830322,0
6437,6,train,437,42,1618.5,6,179.0,0,0,1,-0.72,1.2447339296340942,0
6438,6,train,438,43,1641.0,6,182.0,0,0,1,-0.73,1.47102952003479,0
6439,6,train,439,44,1664.0,6,185.0,0,0,1,-0.74,1.2565891742706299,0
6440,6,train,440,44,1686.0,6,188.0,0,0,1,-0.74,1.5381393432617188,0
6441,6,train,441,44,1708.0,6,191.0,0,0,1,-0.74,1.3074703216552734,0
6442,6,train,442,45,1731.5,6,194.0,0,0,1,-0.75,1.0554757118225098,0
6443,6,train,443,45,1754.0,6,197.0,0,0,1,-0.75,1.1346371173858643,0
6444,6,train,444,45,1776.5,6,200.0,0,0,1,-0.75,1.6786779165267944,0
6445,6,train,445,45,1799.0,6,203.0,0,0,1,-0.75,1.2903947830200195,0
6446,6,train,446,45,1821.5,6,206.0,0,0,1,-0.75,1.0646216869354248,0
6447,6,train,447,45,1844.0,6,209.0,0,0,1,-0.75,1.3868744373321533,0
6448,6,train,448,46,1868.0,6,212.0,0,1,1,-0.76,1.3899610042572021,0
6449,6,train,449,46,1891.0,6,215.0,0,0,1,-0.76,1.0629379749298096,0
6450,6,train,450,47,1915.5,6,218.0,0,0,1,-0.77,1.377231478691101,0
6451,6,train,451,47,1939.0,6,221.0,0,0,1,-0.77,1.843768835067749,0
6452,6,train,452,47,1962.5,6,224.0,0,0,1,-0.77,1.335334062576294,0
6453,6,train,453,47,1986.0,6,227.0,0,0,1,-0.77,0.9435535073280334,0
6454,6,train,454,47,2009.5,6,230.0,0,1,1,-0.77,1.2695825099945068,0
6455,6,train,455,47,2033.0,6,233.0,0,0,1,-0.77,1.5115140676498413,0
6456,6,train,456,47,2056.5,6,236.0,0,0,1,-0.77,1.310652732849121,0
6457,6,train,457,48,2081.5,6,239.0,0,2,1,-0.78,1.373946189880371,0
6458,6,train,458,48,2105.5,7,243.5,0,0,1,-0.83,1.4304001331329346,0
6459,6,train,459,48,2129.5,7,247.0,0,0,1,-0.83,1.39169442653656,0
6460,6,train,460,49,2155.0,7,250.5,0,2,1,-0.84,0.9411463737487793,0
6461,6,train,461,49,2179.5,7,254.0,0,0,2,-0.84,1.2933640480041504,1
6462,6,train,462,50,2205.5,7,257.5,0,2,2,-0.85,0.684201717376709,0
6463,6,train,463,50,2230.5,7,261.0,0,2,2,-0.85,1.4761075973510742,0
6464,6,train,464,50,2255.5,7,264.5,0,0,2,-0.85,1.83333420753479,0
6465,6,train,465,50,2280.5,7,268.0,0,2,2,-0.85,1.3116611242294312,0
6466,6,train,466,50,2305.5,7,271.5,0,1,2,-0.85,1.5549663305282593,0
6467,6,train,467,50,2330.5,7,275.0,0,0,2,-0.85,1.4938455820083618,0
6468,6,train,468,50,2355.5,7,278.5,0,1,2,-0.85,1.0712056159973145,0
6469,6,train,469,50,2380.5,7,282.0,0,1,2,-0.85,1.1094441413879395,0
6470,6,train,470,51,2407.0,8,287.0,0,0,2,-0.91,1.0404821634292603,0
6471,6,train,471,51,2432.5,8,291.0,0,2,2,-0.91,1.418253779411316,0
6472,6,train,472,52,2459.5,8,295.0,0,1,2,-0.92,1.608480453491211,0
6473,6,train,473,50,2226.5,9,300.5,0,0,3,-0.95,1.274456262588501,0
6474,6,train,474,49,2066.0,9,305.0,0,1,3,-0.94,1.0304572582244873,0
6475,6,train,475,47,1970.0,9,309.5,0,1,3,-0.9199999999999999,1.2068122625350952,0
6476,6,train,476,45,1946.0,9,314.0,0,2,3,-0.9,1.4379702806472778,0
6477,6,train,477,46,1970.0,9,318.5,0,3,3,-0.91,1.1192986965179443,0
6478,6,train,478,46,1993.0,9,323.0,0,1,3,-0.91,1.2222669124603271,0
6479,6,train,479,47,2017.5,9,327.5,0,0,3,-0.9199999999999999,1.1388378143310547,0
6480,6,train,480,48,2042.5,9,332.0,0,2,3,-0.9299999999999999,1.2691385746002197,0
6481,6,train,481,48,2066.5,9,336.5,0,0,3,-0.9299999999999999,1.699982762336731,0
6482,6,train,482,48,2090.5,10,342.5,0,1,3,-0.98,1.050034999847412,0
6483,6,train,483,48,2114.5,9,345.5,0,1,3,-0.9299999999999999,1.4339243173599243,0
6484,6,train,484,48,2138.5,9,350.0,0,0,4,-0.9299999999999999,1.6334582567214966,1
6485,6,train,485,50,2165.5,9,354.5,0,1,4,-0.95,1.691500186920166,0
6486,6,train,486,50,2190.5,10,360.5,1,1,4,-1.0,1.2148805856704712,0
6487,6,train,487,51,2217.0,11,367.0,0,1,4,-1.06,1.066020131111145,0
6488,6,train,488,51,2242.5,11,372.5,0,2,4,-1.06,0.9658741354942322,0
6489,6,train,489,52,2269.5,12,379.5,0,2,4,-1.12,1.1987721920013428,0
6490,6,train,490,55,2300.0,12,385.5,0,0,4,-1.15,1.1443244218826294,0
6491,6,train,491,55,2327.5,12,391.5,0,1,4,-1.15,0.9563676118850708,0
6492,6,train,492,55,2355.0,12,397.5,0,2,4,-1.15,1.3897390365600586,0
6493,6,train,493,55,2382.5,13,405.0,0,0,4,-1.2000000000000002,1.4902901649475098,0
6494,6,train,494,55,2410.0,14,413.0,0,0,4,-1.25,1.0100430250167847,0
6495,6,train,495,59,2443.5,14,420.0,0,3,4,-1.29,1.2102878093719482,0
6496,6,train,496,55,2128.5,11,318.5,0,0,5,-1.1,1.3549649715423584,0
6497,6,train,497,51,1843.5,11,324.0,0,0,5,-1.06,1.3735506534576416,0
6498,6,train,498,50,1612.5,10,290.0,0,2,5,-1.0,1.2273478507995605,0
6499,6,train,499,46,1410.5,10,295.0,0,1,5,-0.96,1.090864658355713,0
6500,6,train,500,46,1433.5,10,300.0,0,0,5,-0.96,1.265601396560669,0
6501,6,train,501,44,1272.5,10,305.0,0,1,5,-0.94,1.3722314834594727,0
6502,6,train,502,40,1135.0,10,310.0,0,0,5,-0.9,1.1658191680908203,0
6503,6,train,503,39,1113.0,9,297.0,0,0,5,-0.8400000000000001,1.2025084495544434,0
6504,6,train,504,36,1055.0,8,291.0,0,3,5,-0.76,1.3169443607330322,0
6505,6,train,505,32,982.0,7,277.5,0,0,5,-0.6699999999999999,1.101128101348877,0
6506,6,train,506,32,976.0,5,262.0,0,1,5,-0.5700000000000001,0.9638468027114868,0
6507,6,train,507,31,958.5,4,238.5,0,2,5,-0.51,1.50937020778656,0
6508,6,train,508,29,942.5,4,240.5,0,1,5,-0.49,0.9766903519630432,0
6509,6,train,509,28,951.5,4,242.5,0,0,5,-0.48000000000000004,1.7200770378112793,0
6510,6,train,510,27,959.5,4,244.5,0,2,5,-0.47000000000000003,0.8470466136932373,0
6511,6,train,511,27,973.0,4,246.5,0,1,5,-0.47000000000000003,1.238278865814209,0
6512,6,train,512,27,986.5,4,248.5,0,1,5,-0.47000000000000003,0.9751501083374023,0
6513,6,train,513,27,1000.0,4,250.5,0,0,5,-0.47000000000000003,1.3885078430175781,0
6514,6,train,514,27,1013.5,4,252.5,0,2,5,-0.47000000000000003,1.6030809879302979,0
6515,6,train,515,27,1027.0,3,136.0,0,1,5,-0.42000000000000004,1.3306267261505127,0
6516,6,train,516,29,1043.5,3,137.5,0,0,5,-0.43999999999999995,1.4938180446624756,0
6517,6,train,517,30,1059.5,2,28.5,0,1,5,-0.4,1.2607555389404297,0
6518,6,train,518,30,1074.5,2,29.5,0,0,5,-0.4,1.2949683666229248,0
6519,6,train,519,30,1089.5,2,30.5,1,0,5,-0.4,1.0296680927276611,0
6520,6,train,520,31,1106.0,2,31.5,0,1,5,-0.41000000000000003,1.3726606369018555,0
6521,6,train,521,31,1121.5,2,32.5,0,0,5,-0.41000000000000003,1.217332363128662,0
6522,6,train,522,31,1137.0,2,33.5,0,0,5,-0.41000000000000003,1.1449066400527954,0
6523,6,train,523,31,1152.5,2,34.5,0,1,5,-0.41000000000000003,1.5484626293182373,0
6524,6,train,524,31,1168.0,2,35.5,0,0,5,-0.41000000000000003,1.358010172843933,0
6525,6,train,525,32,1185.0,2,36.5,0,0,5,-0.42000000000000004,1.1092171669006348,0
6526,6,train,526,32,1201.0,2,37.5,0,0,5,-0.42000000000000004,1.3892191648483276,0
6527,6,train,527,32,1217.0,2,38.5,0,0,5,-0.42000000000000004,1.305127739906311,0
6528,6,train,528,33,1234.5,2,39.5,0,0,5,-0.43000000000000005,0.9924715757369995,0
6529,6,train,529,34,1252.5,2,40.5,0,0,5,-0.44000000000000006,0.8945131301879883,0
6530,6,train,530,34,1269.5,2,41.5,0,0,5,-0.44000000000000006,1.419323444366455,0
6531,6,train,531,34,1286.5,2,42.5,0,1,5,-0.44000000000000006,1.0294663906097412,0
6532,6,train,532,34,1303.5,2,43.5,0,0,5,-0.44000000000000006,1.1858676671981812,0
6533,6,train,533,34,1320.5,2,44.5,0,0,5,-0.44000000000000006,1.6039466857910156,0
6534,6,train,534,34,1337.5,2,45.5,0,0,5,-0.44000000000000006,1.5702431201934814,0
6535,6,train,535,34,1354.5,2,46.5,0,1,5,-0.44000000000000006,1.3069946765899658,0
6536,6,train,536,34,1371.5,2,47.5,0,1,5,-0.44000000000000006,1.428846001625061,0
6537,6,train,537,34,1388.5,2,48.5,0,0,5,-0.44000000000000006,1.28233003616333,0
6538,6,train,538,35,1407.0,2,49.5,0,0,5,-0.44999999999999996,1.475881814956665,0
6539,6,train,539,35,1424.5,2,50.5,0,0,5,-0.44999999999999996,1.2818000316619873,0
6540,6,train,540,35,1442.0,2,51.5,0,1,5,-0.44999999999999996,0.9633574485778809,0
6541,6,train,541,35,1459.5,2,52.5,0,0,5,-0.44999999999999996,1.0283886194229126,0
6542,6,train,542,35,1477.0,2,53.5,0,0,5,-0.44999999999999996,0.9648206233978271,0
6543,6,train,543,35,1494.5,2,54.5,0,0,5,-0.44999999999999996,1.155176043510437,0
6544,6,train,544,35,1512.0,2,55.5,0,0,5,-0.44999999999999996,1.4921998977661133,0
6545,6,train,545,36,1531.0,2,56.5,0,0,5,-0.45999999999999996,0.8367737531661987,0
6546,6,train,546,33,1392.0,2,57.5,0,0,6,-0.43000000000000005,0.5656337738037109,0
6547,6,train,547,31,1370.0,2,58.5,0,0,6,-0.41000000000000003,1.2025251388549805,0
6548,6,train,548,32,1387.0,2,59.5,0,0,6,-0.42000000000000004,1.0403708219528198,0
6549,6,train,549,33,1404.5,2,60.5,0,0,6,-0.43000000000000005,1.3645942211151123,0
6550,6,train,550,33,1421.0,2,61.5,0,0,6,-0.43000000000000005,1.0336179733276367,0
6551,6,train,551,34,1439.0,2,62.5,0,0,6,-0.44000000000000006,1.2812974452972412,0
6552,6,train,552,34,1456.0,2,63.5,0,0,6,-0.44000000000000006,1.1927508115768433,0
6553,6,train,553,34,1473.0,2,64.5,0,2,6,-0.44000000000000006,1.512142300605774,0
6554,6,train,554,34,1490.0,2,65.5,0,1,6,-0.44000000000000006,1.5769683122634888,0
6555,6,train,555,34,1507.0,2,66.5,0,0,6,-0.44000000000000006,1.2760066986083984,0
6556,6,train,556,34,1524.0,2,67.5,1,2,6,-0.44000000000000006,1.3630766868591309,0
6557,6,train,557,36,1544.0,2,68.5,0,0,6,-0.45999999999999996,1.5164462327957153,0
6558,6,train,558,37,1563.5,2,69.5,0,1,6,-0.47,1.2830915451049805,0
6559,6,train,559,36,1580.0,2,70.5,0,2,6,-0.45999999999999996,1.4218162298202515,0
6560,6,train,560,36,1598.0,2,71.5,0,0,6,-0.45999999999999996,1.0005124807357788,0
6561,6,train,561,36,1616.0,2,72.5,0,0,6,-0.45999999999999996,1.0258629322052002,0
6562,6,train,562,36,1634.0,2,73.5,0,0,6,-0.45999999999999996,1.185612678527832,0
6563,6,train,563,36,1652.0,2,74.5,0,0,6,-0.45999999999999996,1.2180683612823486,0
6564,6,train,564,38,1673.0,2,75.5,0,0,6,-0.48,1.3617956638336182,0
6565,6,train,565,38,1692.0,2,76.5,0,0,6,-0.48,1.385937213897705,0
6566,6,train,566,40,1714.0,2,77.5,0,0,6,-0.5,1.6741855144500732,0
6567,6,train,567,42,1737.0,2,78.5,0,0,6,-0.52,1.3939080238342285,0
6568,6,train,568,42,1758.0,2,79.5,0,0,6,-0.52,1.007595181465149,0
6569,6,train,569,42,1779.0,2,80.5,0,0,6,-0.52,1.555619478225708,0
6570,6,train,570,42,1800.0,2,81.5,0,0,6,-0.52,1.2734482288360596,0
6571,6,train,571,42,1821.0,2,82.5,0,0,6,-0.52,0.8341552019119263,0
6572,6,train,572,43,1843.5,2,83.5,0,0,6,-0.53,1.5677522420883179,0
6573,6,train,573,43,1865.0,2,84.5,0,0,6,-0.53,1.5620657205581665,0
6574,6,train,574,43,1886.5,3,87.0,0,0,6,-0.58,1.2956615686416626,0
6575,6,train,575,43,1908.0,3,88.5,0,0,6,-0.58,1.1981086730957031,0
6576,6,train,576,44,1931.0,2,87.5,0,1,6,-0.54,1.1297061443328857,0
6577,6,train,577,45,1954.5,2,88.5,0,0,6,-0.55,1.1334419250488281,0
6578,6,train,578,46,1978.5,2,89.5,0,0,6,-0.56,1.4116357564926147,0
6579,6,train,579,46,2001.5,4,93.5,0,0,6,-0.66,1.2026185989379883,0
6580,6,train,580,46,2024.5,4,95.5,0,0,6,-0.66,0.9452677965164185,0
6581,6,train,581,46,2047.5,4,97.5,0,0,6,-0.66,1.2482550144195557,0
6582,6,train,582,46,2070.5,5,101.0,0,0,6,-0.71,1.0363636016845703,0
6583,6,train,583,46,2093.5,5,103.5,0,0,6,-0.71,1.2737104892730713,0
6584,6,train,584,46,2116.5,6,107.5,0,0,6,-0.76,1.4938350915908813,0
6585,6,train,585,46,2139.5,6,110.5,0,0,6,-0.76,1.4663907289505005,0
6586,6,train,586,46,2162.5,6,113.5,0,3,6,-0.76,0.8679669499397278,0
6587,6,train,587,46,2185.5,6,116.5,0,0,6,-0.76,0.983525276184082,0
6588,6,train,588,47,2210.0,6,119.5,0,1,6,-0.77,1.8485183715820312,0
6589,6,train,589,48,2235.0,6,122.5,0,3,6,-0.78,1.4582908153533936,0
6590,6,train,590,48,2259.0,6,125.5,0,0,6,-0.78,1.259230136871338,0
6591,6,train,591,48,2283.0,6,128.5,0,2,6,-0.78,1.118028163909912,0
6592,6,train,592,48,2307.0,6,131.5,0,2,6,-0.78,1.160517692565918,0
6593,6,train,593,48,2331.0,6,134.5,0,0,6,-0.78,1.6078593730926514,0
6594,6,train,594,48,2355.0,6,137.5,0,1,6,-0.78,1.4350039958953857,0
6595,6,train,595,48,2379.0,6,140.5,0,2,6,-0.78,1.0029268264770508,0
6596,6,train,596,48,2403.0,6,143.5,0,1,6,-0.78,1.3964097499847412,0
6597,6,train,597,48,2427.0,6,146.5,0,1,6,-0.78,0.978908896446228,0
6598,6,train,598,48,2451.0,6,149.5,0,0,6,-0.78,0.9913012385368347,0
6599,6,train,599,48,2475.0,6,152.5,0,1,6,-0.78,0.7272424697875977,0
6600,6,train,600,48,2499.0,6,155.5,0,1,6,-0.78,1.313199758529663,0
6601,6,train,601,48,2523.0,6,158.5,0,0,6,-0.78,1.4278888702392578,0
6602,6,train,602,49,2548.5,6,161.5,0,0,6,-0.79,1.0660274028778076,0
6603,6,train,603,49,2573.0,6,164.5,0,1,6,-0.79,1.4675571918487549,0
6604,6,train,604,49,2597.5,6,167.5,0,0,6,-0.79,1.4004595279693604,0
6605,6,train,605,50,2623.5,6,170.5,0,1,6,-0.8,0.903801441192627,0
6606,6,train,606,50,2648.5,6,173.5,0,3,6,-0.8,1.4968334436416626,0
6607,6,train,607,51,2675.0,6,176.5,0,0,6,-0.81,1.0499382019042969,0
6608,6,train,608,51,2700.5,6,179.5,0,1,6,-0.81,0.9470223188400269,0
6609,6,train,609,52,2727.5,6,182.5,0,1,6,-0.8200000000000001,1.1962387561798096,0
6610,6,train,610,52,2753.5,6,185.5,0,1,6,-0.8200000000000001,1.3080675601959229,0
6611,6,train,611,53,2781.0,6,188.5,0,2,6,-0.8300000000000001,1.3331888914108276,0
6612,6,train,612,53,2807.5,6,191.5,0,1,6,-0.8300000000000001,1.3491406440734863,0
6613,6,train,613,53,2834.0,6,194.5,0,1,6,-0.8300000000000001,1.4422428607940674,0
6614,6,train,614,54,2862.0,6,197.5,0,1,6,-0.8400000000000001,0.980797290802002,0
6615,6,train,615,54,2889.0,6,200.5,0,2,6,-0.8400000000000001,0.8322808742523193,0
6616,6,train,616,54,2916.0,6,203.5,0,1,6,-0.8400000000000001,0.8623694777488708,0
6617,6,train,617,55,2944.5,6,206.5,0,1,6,-0.8500000000000001,1.0867599248886108,0
6618,6,train,618,56,2973.5,6,209.5,0,3,6,-0.8600000000000001,1.273215413093567,0
6619,6,train,619,56,3001.5,6,212.5,0,0,6,-0.8600000000000001,1.3476296663284302,0
6620,6,train,620,56,3029.5,6,215.5,0,1,6,-0.8600000000000001,1.1596306562423706,0
6621,6,train,621,56,3057.5,6,218.5,0,2,6,-0.8600000000000001,1.0804184675216675,0
6622,6,train,622,56,3085.5,6,221.5,0,0,6,-0.8600000000000001,1.2171885967254639,0
6623,6,train,623,56,3113.5,6,224.5,0,1,6,-0.8600000000000001,1.152599573135376,0
6624,6,train,624,56,3141.5,6,227.5,0,2,6,-0.8600000000000001,1.3927271366119385,0
6625,6,train,625,56,3169.5,6,230.5,0,1,6,-0.8600000000000001,1.293884038925171,0
6626,6,train,626,56,3197.5,6,233.5,0,0,6,-0.8600000000000001,1.5071994066238403,0
6627,6,train,627,56,3225.5,6,236.5,0,2,6,-0.8600000000000001,1.2726540565490723,0
6628,6,train,628,56,3253.5,6,239.5,0,0,6,-0.8600000000000001,1.592883586883545,0
6629,6,train,629,56,3281.5,6,242.5,0,0,6,-0.8600000000000001,1.358727216720581,0
6630,6,train,630,56,3309.5,6,245.5,0,0,6,-0.8600000000000001,1.363936424255371,0
6631,6,train,631,57,3339.0,6,248.5,0,0,6,-0.8699999999999999,1.2425956726074219,0
6632,6,train,632,57,3367.5,6,251.5,0,0,7,-0.8699999999999999,1.3119128942489624,1
6633,6,train,633,57,3396.0,6,254.5,0,0,7,-0.8699999999999999,1.0639801025390625,0
6634,6,train,634,58,3426.0,6,257.5,0,0,7,-0.8799999999999999,1.089324951171875,0
6635,6,train,635,59,3456.5,6,260.5,0,0,7,-0.8899999999999999,1.0068914890289307,0
6636,6,train,636,59,3486.0,6,263.5,0,1,7,-0.8899999999999999,1.2005395889282227,0
6637,6,train,637,60,3517.0,6,266.5,0,1,7,-0.8999999999999999,1.5687243938446045,0
6638,6,train,638,60,3547.0,6,269.5,0,1,7,-0.8999999999999999,1.135106086730957,0
6639,6,train,639,62,3580.0,6,272.5,0,0,7,-0.9199999999999999,1.4112622737884521,0
6640,6,train,640,62,3611.0,6,275.5,0,0,7,-0.9199999999999999,1.3912736177444458,0
6641,6,train,641,63,3643.5,6,278.5,0,0,7,-0.9299999999999999,1.2178055047988892,0
6642,6,train,642,63,3675.0,6,281.5,0,0,7,-0.9299999999999999,1.21101713180542,0
6643,6,train,643,63,3706.5,6,284.5,0,0,7,-0.9299999999999999,1.3264796733856201,0
6644,6,train,644,61,3422.0,6,287.5,0,0,8,-0.9099999999999999,0.8297051191329956,0
6645,6,train,645,61,3143.5,6,290.5,0,1,8,-0.9099999999999999,1.1609792709350586,0
6646,6,train,646,60,2879.0,6,293.5,0,1,8,-0.8999999999999999,1.2292251586914062,0
6647,6,train,647,59,2801.5,6,296.5,0,0,8,-0.8899999999999999,1.4488818645477295,0
6648,6,train,648,58,2688.5,6,299.5,0,0,8,-0.8799999999999999,0.7490702271461487,0
6649,6,train,649,56,2530.5,6,302.5,0,0,8,-0.8600000000000001,1.3772642612457275,0
6650,6,train,650,55,2518.0,6,305.5,1,1,8,-0.8500000000000001,1.5905485153198242,0
6651,6,train,651,55,2467.5,6,308.5,0,0,8,-0.8500000000000001,1.0984776020050049,0
6652,6,train,652,53,2437.5,6,311.5,0,0,8,-0.8300000000000001,0.5041103363037109,0
6653,6,train,653,54,2465.5,6,314.5,0,0,8,-0.8400000000000001,0.7615439891815186,0
6654,6,train,654,54,2485.0,6,317.5,0,0,8,-0.8400000000000001,1.3111573457717896,0
6655,6,train,655,54,2512.0,6,320.5,0,0,8,-0.8400000000000001,1.0456860065460205,0
6656,6,train,656,54,2539.0,6,323.5,0,0,8,-0.8400000000000001,1.0899827480316162,0
6657,6,train,657,54,2566.0,6,326.5,0,0,8,-0.8400000000000001,1.1316018104553223,0
6658,6,train,658,55,2594.5,6,329.5,0,0,8,-0.8500000000000001,1.3948619365692139,0
6659,6,train,659,55,2622.0,6,332.5,0,0,8,-0.8500000000000001,1.227681279182434,0
6660,6,train,660,55,2649.5,6,335.5,0,2,8,-0.8500000000000001,1.4229069948196411,0
6661,6,train,661,55,2677.0,6,338.5,0,0,8,-0.8500000000000001,1.1061604022979736,0
6662,6,train,662,56,2706.0,6,341.5,0,0,8,-0.8600000000000001,1.0168612003326416,0
6663,6,train,663,57,2735.5,6,344.5,0,0,8,-0.8699999999999999,1.475488305091858,0
6664,6,train,664,57,2764.0,6,347.5,0,0,8,-0.8699999999999999,1.070243239402771,0
6665,6,train,665,57,2792.5,6,350.5,0,2,8,-0.8699999999999999,1.385457158088684,0
6666,6,train,666,57,2821.0,6,353.5,0,0,8,-0.8699999999999999,0.9794760942459106,0
6667,6,train,667,59,2852.5,7,358.0,0,0,8,-0.94,0.6607310175895691,0
6668,6,train,668,59,2882.0,7,361.5,0,0,8,-0.94,1.1636462211608887,0
6669,6,train,669,59,2911.5,6,362.5,0,0,8,-0.8899999999999999,1.1289160251617432,0
6670,6,train,670,59,2941.0,7,367.0,0,1,8,-0.94,1.2541859149932861,0
6671,6,train,671,59,2970.5,7,370.5,0,0,8,-0.94,0.9733783006668091,0
6672,6,train,672,61,3003.0,8,375.5,0,2,8,-1.01,1.4993164539337158,0
6673,6,train,673,61,3033.5,8,379.5,0,0,9,-1.01,1.5081474781036377,1
6674,6,train,674,62,3065.5,8,383.5,0,0,9,-1.02,1.3455531597137451,0
6675,6,train,675,62,3096.5,8,387.5,0,0,9,-1.02,1.4218366146087646,0
6676,6,train,676,62,3127.5,8,391.5,0,0,9,-1.02,1.3463175296783447,0
6677,6,train,677,63,3160.0,8,395.5,0,0,9,-1.03,0.7371004819869995,0
6678,6,train,678,63,3191.5,8,399.5,0,0,9,-1.03,1.0098087787628174,0
6679,6,train,679,57,2692.0,5,203.0,0,0,0,-0.82,1.310389757156372,0
6680,6,train,680,53,2356.0,5,205.5,0,2,0,-0.78,1.165525197982788,0
6681,6,train,681,50,2060.5,5,208.0,0,0,0,-0.75,1.425572156906128,0
6682,6,train,682,46,1795.5,5,210.5,0,0,0,-0.71,1.3097496032714844,0
6683,6,train,683,49,1823.0,5,213.0,0,0,0,-0.74,1.1577167510986328,0
6684,6,train,684,46,1603.5,5,215.5,1,0,0,-0.71,1.2503116130828857,0
6685,6,train,685,42,1405.5,5,218.0,0,0,0,-0.6699999999999999,1.3998063802719116,0
6686,6,train,686,45,1382.5,4,204.0,0,1,0,-0.65,1.3791370391845703,0
6687,6,train,687,43,1285.5,5,207.5,0,0,0,-0.6799999999999999,1.3592796325683594,0
6688,6,train,688,41,1236.5,5,210.0,0,0,0,-0.6599999999999999,0.7382973432540894,0
6689,6,train,689,40,1162.0,2,9.5,0,0,0,-0.5,1.4162452220916748,0
6690,6,train,690,39,1158.5,2,10.5,0,1,0,-0.49,0.9630247950553894,0
6691,6,train,691,37,1096.5,1,4.0,0,0,0,-0.42,1.557653784751892,0
6692,6,train,692,36,1101.0,1,4.5,0,0,0,-0.41,0.88179612159729,0
6693,6,train,693,36,1098.0,2,6.5,0,0,0,-0.45999999999999996,1.2825957536697388,0
6694,6,train,694,34,1091.0,2,7.5,0,0,0,-0.44000000000000006,1.4329606294631958,0
6695,6,train,695,36,1111.0,2,8.5,0,0,0,-0.45999999999999996,0.9190298318862915,0
6696,6,train,696,37,1126.0,2,9.5,0,0,0,-0.47,1.5211431980133057,0
6697,6,train,697,39,1147.5,2,10.5,1,0,0,-0.49,1.209758996963501,0
6698,6,train,698,38,1164.5,3,13.0,0,1,0,-0.53,1.20928156375885,0
6699,6,train,699,40,1186.5,3,14.5,0,0,0,-0.55,1.311862826347351,0
6700,6,train,700,41,1208.0,3,16.0,1,0,0,-0.5599999999999999,1.1161131858825684,0
6701,6,train,701,44,1233.0,3,17.5,0,1,0,-0.59,0.7393358945846558,0
6702,6,train,702,45,1256.5,3,19.0,0,0,0,-0.6,1.536635160446167,0
6703,6,train,703,49,1285.0,3,20.5,0,0,0,-0.64,1.3477451801300049,0
6704,6,train,704,50,1311.0,3,22.0,0,0,0,-0.65,1.1557198762893677,0
6705,6,train,705,53,1340.5,3,23.5,0,0,0,-0.68,1.1744816303253174,0
6706,6,train,706,53,1367.0,3,25.0,0,0,0,-0.68,1.3528733253479004,0
6707,6,train,707,54,1395.0,3,26.5,0,1,0,-0.6900000000000001,1.2877006530761719,0
6708,6,train,708,54,1422.0,3,28.0,0,0,0,-0.6900000000000001,1.53072988986969,0
6709,6,train,709,55,1450.5,4,31.0,0,0,0,-0.75,1.3828673362731934,0
6710,6,train,710,55,1478.0,4,33.0,0,1,0,-0.75,1.3322303295135498,0
6711,6,train,711,57,1508.5,4,35.0,0,0,0,-0.77,0.8925780653953552,0
6712,6,train,712,57,1537.0,4,37.0,0,0,0,-0.77,1.394636631011963,0
6713,6,train,713,59,1568.5,4,39.0,0,0,0,-0.79,1.1143642663955688,0
6714,6,train,714,59,1598.0,4,41.0,0,0,0,-0.79,1.3838376998901367,0
6715,6,train,715,61,1630.5,4,43.0,0,0,0,-0.81,0.7377225160598755,0
6716,6,train,716,61,1661.0,4,45.0,0,0,0,-0.81,1.616318702697754,0
6717,6,train,717,61,1691.5,4,47.0,0,0,0,-0.81,1.315067172050476,0
6718,6,train,718,61,1722.0,3,43.0,0,0,0,-0.76,1.291013479232788,0
6719,6,train,719,61,1752.5,3,44.5,0,0,0,-0.76,0.9002025723457336,0
6720,6,train,720,61,1783.0,3,46.0,0,0,0,-0.76,1.3704979419708252,0
6721,6,train,721,61,1813.5,3,47.5,1,0,0,-0.76,1.1256976127624512,0
6722,6,train,722,62,1845.5,3,49.0,0,0,0,-0.77,1.4250924587249756,0
6723,6,train,723,63,1878.0,3,50.5,0,0,0,-0.78,0.9462911486625671,0
6724,6,train,724,63,1848.0,3,52.0,0,0,0,-0.78,1.4580223560333252,0
6725,6,train,725,61,1837.5,3,53.5,0,2,0,-0.76,1.2662253379821777,0
6726,6,train,726,59,1828.0,3,55.0,0,0,0,-0.74,1.3787274360656738,0
6727,6,train,727,57,1818.5,3,56.5,0,0,0,-0.72,1.1084184646606445,0
6728,6,train,728,57,1847.0,3,58.0,0,0,0,-0.72,1.4471969604492188,0
6729,6,train,729,53,1599.5,3,59.5,0,1,1,-0.68,1.4888499975204468,0
6730,6,train,730,49,1461.5,3,61.0,0,0,1,-0.64,0.9518997669219971,0
6731,6,train,731,45,1433.5,3,62.5,0,0,1,-0.6,0.6429086327552795,0
6732,6,train,732,45,1456.0,3,64.0,0,0,1,-0.6,1.3533484935760498,0
6733,6,train,733,43,1441.5,3,65.5,0,1,1,-0.58,1.2546775341033936,0
6734,6,train,734,42,1428.5,3,67.0,0,0,1,-0.57,1.378680944442749,0
6735,6,train,735,43,1451.0,3,68.5,0,0,1,-0.58,1.1805193424224854,0
6736,6,train,736,41,1436.5,3,70.0,0,0,1,-0.5599999999999999,1.3459669351577759,0
6737,6,train,737,39,1426.0,3,71.5,0,0,1,-0.54,1.049599051475525,0
6738,6,train,738,39,1445.5,3,73.0,0,1,1,-0.54,1.1864302158355713,0
6739,6,train,739,38,1447.5,3,74.5,0,1,1,-0.53,1.5362378358840942,0
6740,6,train,740,37,1449.5,3,76.0,0,0,1,-0.52,1.5434836149215698,0
6741,6,train,741,37,1468.0,3,77.5,0,1,1,-0.52,1.0600717067718506,0
6742,6,train,742,36,1469.5,3,79.0,0,1,1,-0.51,1.3130223751068115,0
6743,6,train,743,35,1476.5,3,80.5,0,0,1,-0.5,1.6714613437652588,0
6744,6,train,744,35,1494.0,3,82.0,0,1,1,-0.5,1.532080888748169,0
6745,6,train,745,36,1513.0,3,83.5,0,1,1,-0.51,1.151053547859192,0
6746,6,train,746,36,1531.0,3,85.0,0,0,1,-0.51,1.203782558441162,0
6747,6,train,747,36,1549.0,3,86.5,0,0,1,-0.51,1.0178345441818237,0
6748,6,train,748,36,1567.0,3,88.0,0,1,1,-0.51,1.0874507427215576,0
6749,6,train,749,36,1585.0,3,89.5,0,0,1,-0.51,1.4805786609649658,0
6750,6,train,750,36,1603.0,3,91.0,0,0,1,-0.51,1.538879632949829,0
6751,6,train,751,37,1622.5,3,92.5,0,1,1,-0.52,1.330631136894226,0
6752,6,train,752,37,1641.0,3,94.0,1,0,1,-0.52,1.3328187465667725,0
6753,6,train,753,37,1659.5,3,95.5,0,0,1,-0.52,0.9019678831100464,0
6754,6,train,754,37,1678.0,3,97.0,0,1,1,-0.52,0.7679665088653564,0
6755,6,train,755,38,1698.0,4,100.0,0,0,1,-0.5800000000000001,1.549340009689331,0
6756,6,train,756,38,1717.0,4,102.0,0,0,1,-0.5800000000000001,1.5876562595367432,0
6757,6,train,757,38,1736.0,5,105.5,0,0,1,-0.63,0.8606903553009033,0
6758,6,train,758,38,1755.0,5,108.0,0,0,1,-0.63,1.3067479133605957,0
6759,6,train,759,38,1774.0,5,110.5,0,1,1,-0.63,1.126746416091919,0
6760,6,train,760,38,1793.0,5,113.0,0,0,1,-0.63,1.641326904296875,0
6761,6,train,761,38,1812.0,5,115.5,0,0,1,-0.63,1.1226845979690552,0
6762,6,train,762,38,1831.0,5,118.0,0,0,1,-0.63,1.2080490589141846,0
6763,6,train,763,39,1851.5,5,120.5,0,0,1,-0.64,1.084308385848999,0
6764,6,train,764,40,1872.5,5,123.0,0,0,1,-0.65,1.345399022102356,0
6765,6,train,765,41,1894.0,5,125.5,0,0,1,-0.6599999999999999,1.5711244344711304,0
6766,6,train,766,41,1914.5,5,128.0,0,0,1,-0.6599999999999999,1.3222061395645142,0
6767,6,train,767,41,1935.0,5,130.5,0,0,1,-0.6599999999999999,1.7919458150863647,0
6768,6,train,768,41,1955.5,5,133.0,1,0,1,-0.6599999999999999,1.6813921928405762,0
6769,6,train,769,41,1976.0,5,135.5,0,1,1,-0.6599999999999999,1.4343791007995605,0
6770,6,train,770,42,1998.0,5,138.0,0,0,1,-0.6699999999999999,1.320435643196106,0
6771,6,train,771,42,2019.0,5,140.5,0,1,1,-0.6699999999999999,1.3361200094223022,0
6772,6,train,772,43,2041.5,5,143.0,0,1,1,-0.6799999999999999,0.7146182656288147,0
6773,6,train,773,44,2064.5,5,145.5,0,0,1,-0.69,1.4634497165679932,0
6774,6,train,774,45,2088.0,5,148.0,0,1,1,-0.7,1.6326813697814941,0
6775,6,train,775,45,2110.5,5,150.5,0,1,1,-0.7,0.7809567451477051,0
6776,6,train,776,46,2134.5,5,153.0,0,0,1,-0.71,0.6889046430587769,0
6777,6,train,777,46,2157.5,5,155.5,0,1,1,-0.71,1.3720030784606934,0
6778,6,train,778,46,2180.5,5,158.0,1,1,1,-0.71,1.317626714706421,0
6779,6,train,779,46,2203.5,6,162.0,0,0,1,-0.76,1.2880076169967651,0
6780,6,train,780,46,2226.5,6,165.0,0,0,1,-0.76,1.1720690727233887,0
6781,6,train,781,46,2249.5,6,168.0,0,2,1,-0.76,1.101417064666748,0
6782,6,train,782,46,2272.5,6,171.0,0,0,1,-0.76,1.1391538381576538,0
6783,6,train,783,47,2297.0,6,174.0,0,1,1,-0.77,1.2561206817626953,0
6784,6,train,784,47,2320.5,6,177.0,0,1,1,-0.77,1.3995158672332764,0
6785,6,train,785,48,2345.5,6,180.0,0,0,1,-0.78,0.8373701572418213,0
6786,6,train,786,48,2369.5,6,183.0,0,1,1,-0.78,0.8462933897972107,0
6787,6,train,787,48,2393.5,6,186.0,1,1,1,-0.78,1.1984357833862305,0
6788,6,train,788,48,2417.5,6,189.0,0,0,1,-0.78,1.2166078090667725,0
6789,6,train,789,48,2441.5,6,192.0,0,0,1,-0.78,1.1576945781707764,0
6790,6,train,790,48,2465.5,6,195.0,0,2,1,-0.78,1.1769139766693115,0
6791,6,train,791,48,2489.5,6,198.0,0,0,1,-0.78,1.5708212852478027,0
6792,6,train,792,48,2513.5,6,201.0,0,0,1,-0.78,1.4022819995880127,0
6793,6,train,793,48,2537.5,6,204.0,0,2,1,-0.78,1.3655624389648438,0
6794,6,train,794,50,2564.5,6,207.0,1,0,1,-0.8,1.6125128269195557,0
6795,6,train,795,50,2589.5,6,210.0,1,0,1,-0.8,0.9602898955345154,0
6796,6,train,796,50,2614.5,6,213.0,0,1,1,-0.8,1.026505708694458,0
6797,6,train,797,50,2639.5,6,216.0,0,0,1,-0.8,1.2596557140350342,0
6798,6,train,798,50,2664.5,6,219.0,0,1,1,-0.8,1.2071685791015625,0
6799,6,train,799,50,2689.5,6,222.0,0,1,1,-0.8,1.5846564769744873,0
6800,6,train,800,51,2716.0,6,225.0,0,0,1,-0.81,1.4951577186584473,0
6801,6,train,801,51,2741.5,6,228.0,0,0,1,-0.81,1.622274398803711,0
6802,6,train,802,51,2767.0,6,231.0,0,2,1,-0.81,1.2049953937530518,0
6803,6,train,803,51,2792.5,6,234.0,0,0,1,-0.81,1.3076286315917969,0
6804,6,train,804,52,2819.5,6,237.0,0,2,1,-0.8200000000000001,1.195730209350586,0
6805,6,train,805,53,2847.0,6,240.0,0,2,1,-0.8300000000000001,1.4663535356521606,0
6806,6,train,806,53,2873.5,6,243.0,0,0,1,-0.8300000000000001,1.4695342779159546,0
6807,6,train,807,53,2900.0,6,246.0,0,3,1,-0.8300000000000001,1.8026819229125977,0
6808,6,train,808,53,2926.5,6,249.0,0,2,1,-0.8300000000000001,1.4216368198394775,0
6809,6,train,809,53,2953.0,6,252.0,0,0,1,-0.8300000000000001,1.4521291255950928,0
6810,6,train,810,53,2979.5,6,255.0,0,1,1,-0.8300000000000001,1.0533876419067383,0
6811,6,train,811,54,3007.5,6,258.0,1,1,1,-0.8400000000000001,1.1708027124404907,0
6812,6,train,812,54,3034.5,6,261.0,0,0,1,-0.8400000000000001,1.5076920986175537,0
6813,6,train,813,54,3061.5,6,264.0,0,3,1,-0.8400000000000001,0.8258556127548218,0
6814,6,train,814,55,3090.0,6,267.0,0,0,1,-0.8500000000000001,1.0258865356445312,0
6815,6,train,815,55,3117.5,6,270.0,0,1,2,-0.8500000000000001,1.4730987548828125,1
6816,6,train,816,55,3145.0,6,273.0,0,1,2,-0.8500000000000001,1.4000520706176758,0
6817,6,train,817,55,3172.5,6,276.0,0,0,2,-0.8500000000000001,1.3203201293945312,0
6818,6,train,818,55,3200.0,6,279.0,0,1,2,-0.8500000000000001,1.4818739891052246,0
6819,6,train,819,56,3229.0,6,282.0,0,4,2,-0.8600000000000001,1.0784761905670166,0
6820,6,train,820,57,3258.5,6,285.0,0,0,2,-0.8699999999999999,1.5211093425750732,0
6821,6,train,821,57,3287.0,6,288.0,0,0,2,-0.8699999999999999,1.3654389381408691,0
6822,6,train,822,57,3315.5,6,291.0,0,2,2,-0.8699999999999999,1.649183750152588,0
6823,6,train,823,58,3345.5,6,294.0,0,1,2,-0.8799999999999999,1.2711607217788696,0
6824,6,train,824,58,3374.5,6,297.0,0,0,2,-0.8799999999999999,1.0732269287109375,0
6825,6,train,825,58,3403.5,6,300.0,0,2,2,-0.8799999999999999,1.0353063344955444,0
6826,6,train,826,59,3434.0,6,303.0,0,1,2,-0.8899999999999999,1.0839136838912964,0
6827,6,train,827,57,3123.0,6,306.0,0,0,3,-0.8699999999999999,1.3937828540802002,0
6828,6,train,828,57,2826.0,6,309.0,0,1,3,-0.8699999999999999,1.0717558860778809,0
6829,6,train,829,55,2589.0,6,312.0,1,0,3,-0.8500000000000001,1.0400733947753906,0
6830,6,train,830,54,2429.0,6,315.0,0,0,3,-0.8400000000000001,1.6136841773986816,0
6831,6,train,831,54,2456.0,6,318.0,0,1,3,-0.8400000000000001,0.7310683727264404,0
6832,6,train,832,52,2354.5,6,321.0,0,0,3,-0.8200000000000001,1.1563364267349243,0
6833,6,train,833,50,2315.5,6,324.0,1,1,3,-0.8,1.4253768920898438,0
6834,6,train,834,50,2340.5,6,327.0,0,0,3,-0.8,1.0974609851837158,0
6835,6,train,835,51,2367.0,6,330.0,0,1,3,-0.81,1.0117160081863403,0
6836,6,train,836,51,2392.5,6,333.0,0,2,3,-0.81,1.4298620223999023,0
6837,6,train,837,51,2418.0,6,336.0,0,0,3,-0.81,1.430842399597168,0
6838,6,train,838,51,2443.5,6,339.0,0,0,3,-0.81,0.7342001795768738,0
6839,6,train,839,52,2470.5,6,342.0,0,1,4,-0.8200000000000001,1.1250090599060059,1
6840,6,train,840,52,2496.5,6,345.0,0,1,4,-0.8200000000000001,1.5740082263946533,0
6841,6,train,841,52,2522.5,6,348.0,0,0,4,-0.8200000000000001,1.2074708938598633,0
6842,6,train,842,53,2550.0,6,351.0,0,1,4,-0.8300000000000001,1.2569891214370728,0
6843,6,train,843,54,2578.0,6,354.0,0,0,4,-0.8400000000000001,0.9864946007728577,0
6844,6,train,844,58,2611.0,6,357.0,0,0,4,-0.8799999999999999,1.216890573501587,0
6845,6,train,845,58,2640.0,6,360.0,0,2,4,-0.8799999999999999,1.4849648475646973,0
6846,6,train,846,59,2670.5,6,363.0,0,1,4,-0.8899999999999999,1.295588731765747,0
6847,6,train,847,59,2700.0,6,366.0,0,0,4,-0.8899999999999999,1.5305123329162598,0
6848,6,train,848,60,2731.0,6,369.0,0,1,4,-0.8999999999999999,1.250571846961975,0
6849,6,train,849,60,2761.0,6,372.0,0,0,4,-0.8999999999999999,1.055384635925293,0
6850,6,train,850,61,2792.5,6,375.0,0,1,4,-0.9099999999999999,1.3612117767333984,0
6851,6,train,851,58,2418.0,4,280.0,0,0,5,-0.78,1.2961009740829468,0
6852,6,train,852,54,2091.0,4,282.0,0,1,5,-0.74,1.0614244937896729,0
6853,6,train,853,51,1794.0,3,245.5,0,0,5,-0.66,1.615100622177124,0
6854,6,train,854,49,1541.5,3,247.0,0,0,5,-0.64,1.0413191318511963,0
6855,6,train,855,49,1566.0,3,248.5,0,2,5,-0.64,0.7602047920227051,0
6856,6,train,856,46,1341.5,3,250.0,0,1,5,-0.61,1.080723524093628,0
6857,6,train,857,43,1143.0,3,251.5,0,1,5,-0.58,0.5694448351860046,0
6858,6,train,858,41,1063.5,3,253.0,0,2,5,-0.5599999999999999,1.209955096244812,0
6859,6,train,859,41,1008.5,2,166.5,0,0,5,-0.51,1.0869405269622803,0
6860,6,train,860,37,883.5,2,167.5,0,0,5,-0.47,1.4817299842834473,0
6861,6,train,861,37,840.5,2,168.5,0,1,5,-0.47,1.0861881971359253,0
6862,6,train,862,35,818.5,2,169.5,0,1,5,-0.44999999999999996,1.5015747547149658,0
6863,6,train,863,33,773.0,1,84.0,0,0,5,-0.38,1.3182487487792969,0
6864,6,train,864,32,757.5,1,84.5,0,0,5,-0.37,1.4460647106170654,0
6865,6,train,865,31,769.0,1,85.0,0,0,5,-0.36,1.3682485818862915,0
6866,6,train,866,29,769.0,1,85.5,0,1,5,-0.33999999999999997,0.9652222990989685,0
6867,6,train,867,29,783.5,1,86.0,0,0,5,-0.33999999999999997,0.9998009204864502,0
6868,6,train,868,28,793.0,1,86.5,0,0,5,-0.33,1.37116277217865,0
6869,6,train,869,28,807.0,0,0.0,0,0,5,-0.28,1.6353647708892822,0
6870,6,train,870,28,821.0,0,0.0,1,0,5,-0.28,1.2843925952911377,0
6871,6,train,871,28,835.0,0,0.0,0,0,5,-0.28,1.2814366817474365,0
6872,6,train,872,28,849.0,0,0.0,0,0,5,-0.28,1.1547377109527588,0
6873,6,train,873,29,864.5,0,0.0,0,0,5,-0.29,1.1812776327133179,0
6874,6,train,874,29,879.0,0,0.0,0,0,5,-0.29,1.3827972412109375,0
6875,6,train,875,29,893.5,0,0.0,0,0,5,-0.29,1.6770575046539307,0
6876,6,train,876,29,908.0,1,1.5,0,0,5,-0.33999999999999997,1.3775795698165894,0
6877,6,train,877,29,922.5,1,2.0,0,0,5,-0.33999999999999997,1.4378318786621094,0
6878,6,train,878,29,937.0,1,2.5,1,1,5,-0.33999999999999997,0.9478102922439575,0
6879,6,train,879,29,951.5,1,3.0,0,1,5,-0.33999999999999997,1.2794897556304932,0
6880,6,train,880,30,967.5,2,5.0,0,0,5,-0.4,1.4797171354293823,0
6881,6,train,881,30,982.5,2,3.5,0,2,5,-0.4,1.1797535419464111,0
6882,6,train,882,30,997.5,2,4.5,0,0,5,-0.4,1.2323654890060425,0
6883,6,train,883,30,1012.5,2,5.5,0,0,5,-0.4,1.5504952669143677,0
6884,6,train,884,31,1029.0,1,3.5,0,1,5,-0.36,1.230899691581726,0
6885,6,train,885,31,1044.5,1,4.0,0,0,5,-0.36,1.2612252235412598,0
6886,6,train,886,31,1060.0,1,4.5,0,0,5,-0.36,1.2058253288269043,0
6887,6,train,887,31,1075.5,1,5.0,0,0,5,-0.36,1.4092437028884888,0
6888,6,train,888,31,1091.0,1,5.5,0,1,5,-0.36,1.0432512760162354,0
6889,6,train,889,31,1106.5,1,6.0,0,0,5,-0.36,0.9692860245704651,0
6890,6,train,890,31,1122.0,2,8.0,0,0,5,-0.41000000000000003,1.3494352102279663,0
6891,6,train,891,31,1137.5,4,12.0,0,0,5,-0.51,1.598970651626587,0
6892,6,train,892,31,1153.0,4,14.0,0,0,5,-0.51,1.1633292436599731,0
6893,6,train,893,32,1170.0,3,13.0,0,0,5,-0.47,1.4873454570770264,0
6894,6,train,894,33,1187.5,3,14.5,0,0,5,-0.48,1.4861209392547607,0
6895,6,train,895,33,1204.0,3,16.0,1,0,5,-0.48,1.0707354545593262,0
6896,6,train,896,33,1220.5,3,17.5,0,0,5,-0.48,1.6342804431915283,0
6897,6,train,897,33,1237.0,1,10.0,0,0,5,-0.38,1.3976837396621704,0
6898,6,train,898,33,1253.5,1,10.5,0,0,5,-0.38,1.2696691751480103,0
6899,6,train,899,33,1270.0,2,12.5,0,0,5,-0.43000000000000005,1.4418118000030518,0
6900,6,train,900,33,1286.5,2,13.5,0,0,5,-0.43000000000000005,1.295630693435669,0
6901,6,train,901,31,1101.0,2,14.5,0,1,6,-0.41000000000000003,1.3577085733413696,0
6902,6,train,902,31,1030.0,2,15.5,0,0,6,-0.41000000000000003,1.5634515285491943,0
6903,6,train,903,31,1045.5,2,16.5,0,0,6,-0.41000000000000003,1.1700383424758911,0
6904,6,train,904,31,1061.0,2,17.5,1,0,6,-0.41000000000000003,0.883887529373169,0
6905,6,train,905,31,1076.5,2,18.5,0,0,6,-0.41000000000000003,0.9294367432594299,0
6906,6,train,906,31,1092.0,2,19.5,0,0,6,-0.41000000000000003,1.0773892402648926,0
6907,6,train,907,31,1107.5,2,20.5,0,1,6,-0.41000000000000003,1.2231407165527344,0
6908,6,train,908,32,1124.5,2,21.5,0,0,6,-0.42000000000000004,1.2829458713531494,0
6909,6,train,909,32,1140.5,2,22.5,0,0,6,-0.42000000000000004,0.9956313371658325,0
6910,6,train,910,32,1156.5,2,23.5,0,0,6,-0.42000000000000004,1.6150329113006592,0
6911,6,train,911,33,1174.0,2,24.5,0,0,6,-0.43000000000000005,0.6362335681915283,0
6912,6,train,912,35,1193.5,2,25.5,0,1,6,-0.44999999999999996,1.1913421154022217,0
6913,6,train,913,37,1214.0,2,26.5,0,0,6,-0.47,1.5444130897521973,0
6914,6,train,914,38,1234.0,2,27.5,0,1,6,-0.48,1.4065349102020264,0
6915,6,train,915,38,1253.0,2,28.5,0,1,6,-0.48,1.3496330976486206,0
6916,6,train,916,38,1272.0,2,29.5,0,1,6,-0.48,1.157456398010254,0
6917,6,train,917,38,1291.0,2,30.5,0,0,6,-0.48,0.9687899351119995,0
6918,6,train,918,38,1310.0,2,31.5,0,1,6,-0.48,1.0856831073760986,0
6919,6,train,919,38,1329.0,2,32.5,0,0,6,-0.48,1.1932085752487183,0
6920,6,train,920,40,1351.0,2,33.5,0,0,6,-0.5,0.9585954546928406,0
6921,6,train,921,40,1371.0,2,34.5,0,0,6,-0.5,0.7786216735839844,0
6922,6,train,922,41,1392.5,2,35.5,0,0,6,-0.51,0.4644704759120941,0
6923,6,train,923,41,1413.0,2,36.5,0,0,6,-0.51,1.5906094312667847,0
6924,6,train,924,41,1433.5,2,37.5,0,0,6,-0.51,1.2946445941925049,0
6925,6,train,925,41,1454.0,2,38.5,0,0,6,-0.51,1.6538360118865967,0
6926,6,train,926,41,1474.5,2,39.5,1,0,6,-0.51,1.1502087116241455,0
6927,6,train,927,41,1495.0,2,40.5,1,0,6,-0.51,1.400337815284729,0
6928,6,train,928,41,1515.5,2,41.5,0,0,6,-0.51,1.6612217426300049,0
6929,6,train,929,42,1537.5,3,44.0,0,0,6,-0.57,1.4344518184661865,0
6930,6,train,930,42,1558.5,3,45.5,0,0,6,-0.57,1.3230098485946655,0
6931,6,train,931,42,1579.5,3,47.0,0,3,6,-0.57,1.160053014755249,0
6932,6,train,932,43,1602.0,3,48.5,0,0,6,-0.58,1.269808292388916,0
6933,6,train,933,43,1623.5,3,50.0,0,0,6,-0.58,1.327039122581482,0
6934,6,train,934,44,1646.5,3,51.5,0,2,6,-0.59,1.4794507026672363,0
6935,6,train,935,44,1668.5,3,53.0,0,0,6,-0.59,1.136722207069397,0
6936,6,train,936,44,1690.5,3,54.5,0,0,6,-0.59,1.3888990879058838,0
6937,6,train,937,44,1712.5,3,56.0,0,1,6,-0.59,0.6689161658287048,0
6938,6,train,938,44,1734.5,3,57.5,0,0,6,-0.59,1.0264114141464233,0
6939,6,train,939,44,1756.5,3,59.0,0,0,6,-0.59,0.9868764877319336,0
6940,6,train,940,44,1778.5,3,60.5,0,1,6,-0.59,1.2689359188079834,0
6941,6,train,941,44,1800.5,3,62.0,0,1,6,-0.59,1.36505126953125,0
6942,6,train,942,44,1822.5,3,63.5,0,0,6,-0.59,1.4266283512115479,0
6943,6,train,943,45,1846.0,3,65.0,0,0,6,-0.6,1.5040841102600098,0
6944,6,train,944,45,1868.5,3,66.5,0,1,6,-0.6,1.5271273851394653,0
6945,6,train,945,45,1891.0,3,68.0,0,0,6,-0.6,0.756367564201355,0
6946,6,train,946,45,1913.5,3,69.5,0,1,6,-0.6,1.072920799255371,0
6947,6,train,947,45,1936.0,4,72.5,0,2,6,-0.65,1.2976481914520264,0
6948,6,train,948,46,1960.0,4,74.5,0,1,6,-0.66,1.441296935081482,0
6949,6,train,949,48,1986.0,4,76.5,0,0,6,-0.6799999999999999,0.9207131862640381,0
6950,6,train,950,48,2010.0,4,78.5,0,2,6,-0.6799999999999999,1.5963523387908936,0
6951,6,train,951,48,2034.0,5,82.0,0,1,6,-0.73,1.7101917266845703,0
6952,6,train,952,49,2059.5,4,82.5,0,0,6,-0.69,1.7486823797225952,0
6953,6,train,953,50,2085.5,4,84.5,0,2,6,-0.7,1.4741430282592773,0
6954,6,train,954,50,2110.5,4,86.5,0,0,6,-0.7,1.4618372917175293,0
6955,6,train,955,50,2135.5,5,90.0,0,1,6,-0.75,1.0544402599334717,0
6956,6,train,956,50,2160.5,5,92.5,0,2,6,-0.75,1.2191057205200195,0
6957,6,train,957,50,2185.5,5,95.0,0,0,6,-0.75,1.4964314699172974,0
6958,6,train,958,50,2210.5,5,97.5,0,0,6,-0.75,1.1746811866760254,0
6959,6,train,959,50,2235.5,5,100.0,0,3,6,-0.75,1.0199449062347412,0
6960,6,train,960,50,2260.5,5,102.5,0,0,6,-0.75,1.280212640762329,0
6961,6,train,961,50,2285.5,5,105.0,0,1,6,-0.75,1.091617465019226,0
6962,6,train,962,51,2312.0,5,107.5,0,3,6,-0.76,0.9273586869239807,0
6963,6,train,963,51,2337.5,6,111.5,0,0,6,-0.81,0.938451886177063,0
6964,6,train,964,51,2363.0,6,114.5,0,0,6,-0.81,1.5889345407485962,0
6965,6,train,965,51,2388.5,6,117.5,0,4,6,-0.81,1.4990971088409424,0
6966,6,train,966,51,2414.0,6,120.5,0,0,6,-0.81,1.0227092504501343,0
6967,6,train,967,51,2439.5,6,123.5,1,0,6,-0.81,1.3301348686218262,0
6968,6,train,968,52,2466.5,6,126.5,0,4,6,-0.8200000000000001,0.8443074226379395,0
6969,6,train,969,52,2492.5,6,129.5,0,0,6,-0.8200000000000001,0.9616023898124695,0
6970,6,train,970,52,2518.5,6,132.5,0,0,6,-0.8200000000000001,1.5048401355743408,0
6971,6,train,971,52,2544.5,7,137.0,0,4,6,-0.87,0.8993641138076782,0
6972,6,train,972,53,2572.0,7,140.5,1,0,7,-0.88,0.9927634000778198,1
6973,6,train,973,54,2600.0,7,144.0,0,0,7,-0.89,1.1806398630142212,0
6974,6,train,974,54,2627.0,7,147.5,0,3,7,-0.89,1.3589439392089844,0
6975,6,train,975,54,2654.0,7,151.0,1,0,7,-0.89,1.2984645366668701,0
6976,6,train,976,54,2681.0,7,154.5,0,1,7,-0.89,1.5115238428115845,0
6977,6,train,977,54,2708.0,7,158.0,0,2,7,-0.89,1.567792534828186,0
6978,6,train,978,54,2735.0,7,161.5,0,2,7,-0.89,1.3180909156799316,0
6979,6,train,979,55,2763.5,7,165.0,0,0,7,-0.9,0.6205485463142395,0
6980,6,train,980,56,2792.5,7,168.5,0,1,7,-0.91,0.49484679102897644,0
6981,6,train,981,58,2823.5,7,172.0,1,1,7,-0.9299999999999999,0.8455106019973755,0
6982,6,train,982,60,2855.5,7,175.5,0,1,7,-0.95,1.2332284450531006,0
6983,6,train,983,60,2885.5,7,179.0,0,2,7,-0.95,0.9755781292915344,0
6984,6,train,984,58,2620.5,7,182.5,0,0,8,-0.9299999999999999,1.4802844524383545,0
6985,6,train,985,57,2408.0,7,186.0,0,1,8,-0.9199999999999999,1.1965277194976807,0
6986,6,train,986,55,2257.5,7,189.5,0,2,8,-0.9,1.4473357200622559,0
6987,6,train,987,53,2173.5,7,193.0,0,1,8,-0.88,1.3774919509887695,0
6988,6,train,988,53,2200.0,7,196.5,0,0,8,-0.88,1.0470384359359741,0
6989,6,train,989,51,2185.0,7,200.0,1,0,8,-0.86,1.5007262229919434,0
6990,6,train,990,51,2210.5,7,203.5,0,0,8,-0.86,1.3101582527160645,0
6991,6,train,991,51,2236.0,7,207.0,0,1,8,-0.86,1.309158444404602,0
6992,6,train,992,52,2263.0,7,210.5,0,1,8,-0.87,1.2507375478744507,0
6993,6,train,993,52,2289.0,7,214.0,0,0,8,-0.87,1.3728132247924805,0
6994,6,train,994,54,2318.0,7,217.5,0,0,8,-0.89,1.3540959358215332,0
6995,6,train,995,54,2345.0,7,221.0,0,0,8,-0.89,1.016218662261963,0
6996,6,train,996,54,2372.0,7,224.5,0,0,9,-0.89,1.3209340572357178,1
6997,6,train,997,54,2399.0,7,228.0,0,0,9,-0.89,0.8806649446487427,0
6998,6,train,998,55,2427.5,7,231.5,0,0,9,-0.9,1.3983335494995117,0
6999,6,train,999,56,2456.5,7,235.0,0,0,9,-0.91,0.9897984266281128,0
7000,7,train,0,0,0.0,0,0.0,0,0,0,-0.0,1.3714416027069092,0
7001,7,train,1,0,0.0,0,0.0,0,0,0,-0.0,1.5531935691833496,0
7002,7,train,2,0,0.0,0,0.0,0,0,0,-0.0,1.1759514808654785,0
7003,7,train,3,0,0.0,0,0.0,0,0,0,-0.0,1.2206217050552368,0
7004,7,train,4,0,0.0,0,0.0,0,0,0,-0.0,1.569925308227539,0
7005,7,train,5,0,0.0,0,0.0,0,0,0,-0.0,1.457184076309204,0
7006,7,train,6,0,0.0,0,0.0,0,0,0,-0.0,1.0564970970153809,0
7007,7,train,7,0,0.0,0,0.0,0,0,0,-0.0,1.606045126914978,0
7008,7,train,8,0,0.0,0,0.0,0,0,0,-0.0,1.480949878692627,0
7009,7,train,9,0,0.0,0,0.0,0,0,0,-0.0,1.26424241065979,0
7010,7,train,10,0,0.0,0,0.0,0,0,0,-0.0,1.203577995300293,0
7011,7,train,11,0,0.0,0,0.0,0,0,0,-0.0,1.3811304569244385,0
7012,7,train,12,0,0.0,0,0.0,0,0,0,-0.0,1.2319121360778809,0
7013,7,train,13,0,0.0,0,0.0,0,0,0,-0.0,0.9956737756729126,0
7014,7,train,14,0,0.0,0,0.0,0,0,0,-0.0,1.107116937637329,0
7015,7,train,15,0,0.0,0,0.0,0,0,0,-0.0,0.8672736883163452,0
7016,7,train,16,0,0.0,0,0.0,0,0,0,-0.0,1.4056601524353027,0
7017,7,train,17,0,0.0,0,0.0,0,0,0,-0.0,1.5752968788146973,0
7018,7,train,18,0,0.0,0,0.0,0,0,0,-0.0,0.7963427901268005,0
7019,7,train,19,0,0.0,0,0.0,0,0,0,-0.0,0.9645764827728271,0
7020,7,train,20,0,0.0,0,0.0,0,0,0,-0.0,1.1689047813415527,0
7021,7,train,21,0,0.0,0,0.0,0,0,0,-0.0,1.3002482652664185,0
7022,7,train,22,0,0.0,0,0.0,0,0,0,-0.0,1.120506763458252,0
7023,7,train,23,0,0.0,0,0.0,0,0,0,-0.0,1.1289724111557007,0
7024,7,train,24,0,0.0,0,0.0,0,0,0,-0.0,1.177649974822998,0
7025,7,train,25,0,0.0,0,0.0,0,0,0,-0.0,1.3883605003356934,0
7026,7,train,26,0,0.0,0,0.0,0,0,0,-0.0,1.2584402561187744,0
7027,7,train,27,0,0.0,0,0.0,0,0,0,-0.0,1.4533189535140991,0
7028,7,train,28,0,0.0,0,0.0,0,0,0,-0.0,1.2070095539093018,0
7029,7,train,29,0,0.0,0,0.0,0,0,0,-0.0,1.2814891338348389,0
7030,7,train,30,0,0.0,0,0.0,0,0,0,-0.0,1.659545660018921,0
7031,7,train,31,0,0.0,0,0.0,0,0,0,-0.0,1.2431588172912598,0
7032,7,train,32,0,0.0,0,0.0,0,0,0,-0.0,1.0953665971755981,0
7033,7,train,33,0,0.0,0,0.0,0,0,0,-0.0,1.0645724534988403,0
7034,7,train,34,0,0.0,0,0.0,0,0,0,-0.0,1.5493874549865723,0
7035,7,train,35,0,0.0,0,0.0,0,0,0,-0.0,0.9663411974906921,0
7036,7,train,36,0,0.0,0,0.0,0,0,0,-0.0,0.7739218473434448,0
7037,7,train,37,0,0.0,0,0.0,0,0,0,-0.0,1.4584884643554688,0
7038,7,train,38,0,0.0,0,0.0,0,0,0,-0.0,1.348350167274475,0
7039,7,train,39,0,0.0,0,0.0,0,0,0,-0.0,1.4052486419677734,0
7040,7,train,40,0,0.0,0,0.0,0,0,0,-0.0,0.8605582118034363,0
7041,7,train,41,0,0.0,0,0.0,0,0,0,-0.0,1.4824453592300415,0
7042,7,train,42,0,0.0,0,0.0,0,0,0,-0.0,1.4738054275512695,0
7043,7,train,43,0,0.0,0,0.0,0,0,0,-0.0,0.8827294111251831,0
7044,7,train,44,0,0.0,0,0.0,0,0,0,-0.0,1.1075599193572998,0
7045,7,train,45,0,0.0,0,0.0,0,0,0,-0.0,1.0089863538742065,0
7046,7,train,46,0,0.0,0,0.0,0,0,0,-0.0,1.2982512712478638,0
7047,7,train,47,0,0.0,0,0.0,0,0,0,-0.0,1.5723847150802612,0
7048,7,train,48,0,0.0,0,0.0,0,0,0,-0.0,0.7852634191513062,0
7049,7,train,49,0,0.0,0,0.0,0,0,1,-0.0,1.1523419618606567,0
7050,7,train,50,0,0.0,0,0.0,0,0,1,-0.0,1.3820103406906128,0
7051,7,train,51,0,0.0,0,0.0,0,0,1,-0.0,1.0992810726165771,0
7052,7,train,52,0,0.0,0,0.0,0,0,1,-0.0,1.5456886291503906,0
7053,7,train,53,0,0.0,0,0.0,0,0,1,-0.0,1.2806260585784912,0
7054,7,train,54,0,0.0,0,0.0,0,0,1,-0.0,1.280726432800293,0
7055,7,train,55,0,0.0,0,0.0,0,0,1,-0.0,1.4644782543182373,0
7056,7,train,56,0,0.0,0,0.0,0,0,1,-0.0,0.7246636152267456,0
7057,7,train,57,0,0.0,1,1.5,0,0,1,-0.05,0.741909921169281,0
7058,7,train,58,0,0.0,0,0.0,0,0,1,-0.0,1.4142709970474243,0
7059,7,train,59,0,0.0,0,0.0,0,0,1,-0.0,1.0405867099761963,0
7060,7,train,60,0,0.0,0,0.0,0,0,1,-0.0,1.2756956815719604,0
7061,7,train,61,0,0.0,0,0.0,0,0,1,-0.0,1.4483599662780762,0
7062,7,train,62,0,0.0,0,0.0,0,0,1,-0.0,1.601933240890503,0
7063,7,train,63,0,0.0,0,0.0,0,0,1,-0.0,1.6000711917877197,0
7064,7,train,64,0,0.0,0,0.0,0,0,1,-0.0,1.5373915433883667,0
7065,7,train,65,0,0.0,0,0.0,0,0,1,-0.0,1.485175371170044,0
7066,7,train,66,0,0.0,1,1.5,0,0,1,-0.05,1.358789324760437,0
7067,7,train,67,0,0.0,1,2.0,0,0,1,-0.05,1.3445930480957031,0
7068,7,train,68,0,0.0,1,2.5,0,0,1,-0.05,1.3047420978546143,0
7069,7,train,69,0,0.0,2,4.5,0,0,1,-0.1,1.2328768968582153,0
7070,7,train,70,0,0.0,2,5.5,0,0,1,-0.1,0.9039738178253174,0
7071,7,train,71,0,0.0,3,8.0,0,0,1,-0.15,0.9575287103652954,0
7072,7,train,72,0,0.0,3,9.5,0,0,1,-0.15,1.1236276626586914,0
7073,7,train,73,0,0.0,3,11.0,0,0,1,-0.15,1.1782060861587524,0
7074,7,train,74,0,0.0,3,12.5,0,0,1,-0.15,0.8972450494766235,0
7075,7,train,75,0,0.0,3,14.0,0,0,1,-0.15,1.348141074180603,0
7076,7,train,76,2,3.0,3,15.5,0,0,1,-0.16999999999999998,1.1389824151992798,0
7077,7,train,77,2,4.0,3,17.0,0,0,1,-0.16999999999999998,1.2800012826919556,0
7078,7,train,78,6,11.0,3,18.5,0,0,1,-0.21,1.3840075731277466,0
7079,7,train,79,6,14.0,3,20.0,0,0,1,-0.21,1.4882973432540894,0
7080,7,train,80,6,17.0,3,21.5,0,0,1,-0.21,1.3268604278564453,0
7081,7,train,81,6,20.0,3,23.0,0,0,1,-0.21,1.3099132776260376,0
7082,7,train,82,6,23.0,4,26.0,0,0,1,-0.26,1.0111794471740723,0
7083,7,train,83,6,26.0,4,28.0,0,0,1,-0.26,1.578218936920166,0
7084,7,train,84,6,29.0,4,30.0,0,0,1,-0.26,1.5412094593048096,0
7085,7,train,85,6,32.0,4,32.0,0,0,1,-0.26,0.7587110996246338,0
7086,7,train,86,7,36.5,4,34.0,0,0,1,-0.27,1.2230143547058105,0
7087,7,train,87,7,40.0,5,37.5,0,0,1,-0.32,1.7996721267700195,0
7088,7,train,88,7,43.5,5,40.0,0,0,1,-0.32,1.6299853324890137,0
7089,7,train,89,9,50.0,5,42.5,0,0,1,-0.33999999999999997,1.3430598974227905,0
7090,7,train,90,9,54.5,5,45.0,0,0,1,-0.33999999999999997,1.0812984704971313,0
7091,7,train,91,9,59.0,6,49.0,0,0,1,-0.39,0.8839676380157471,0
7092,7,train,92,9,63.5,6,52.0,0,0,1,-0.39,1.25810968875885,0
7093,7,train,93,9,68.0,6,55.0,0,0,1,-0.39,1.2714232206344604,0
7094,7,train,94,9,72.5,6,58.0,0,0,1,-0.39,1.4758902788162231,0
7095,7,train,95,9,77.0,6,61.0,0,0,1,-0.39,1.2918367385864258,0
7096,7,train,96,9,81.5,5,60.0,0,0,1,-0.33999999999999997,1.3966606855392456,0
7097,7,train,97,10,87.5,5,62.5,0,0,1,-0.35,1.2567174434661865,0
7098,7,train,98,10,92.5,5,65.0,0,0,1,-0.35,1.266646146774292,0
7099,7,train,99,10,97.5,7,70.5,0,0,1,-0.44999999999999996,0.6127432584762573,0
7100,7,train,100,10,102.5,7,74.0,0,0,1,-0.44999999999999996,1.3775428533554077,0
7101,7,train,101,10,107.5,7,77.5,0,0,1,-0.44999999999999996,1.5788788795471191,0
7102,7,train,102,11,114.0,7,81.0,0,0,1,-0.45999999999999996,0.9010087251663208,0
7103,7,train,103,12,121.0,7,84.5,0,0,1,-0.47,1.544079303741455,0
7104,7,train,104,12,127.0,7,88.0,0,0,1,-0.47,1.1655912399291992,0
7105,7,train,105,12,133.0,7,91.5,0,0,1,-0.47,0.9553142786026001,0
7106,7,train,106,12,139.0,7,95.0,0,0,1,-0.47,1.5130647420883179,0
7107,7,train,107,12,145.0,7,98.5,0,0,1,-0.47,1.5324909687042236,0
7108,7,train,108,12,151.0,7,102.0,0,0,1,-0.47,1.0637116432189941,0
7109,7,train,109,12,157.0,8,107.0,0,0,1,-0.52,1.4695466756820679,0
7110,7,train,110,12,163.0,8,111.0,0,0,1,-0.52,1.2697985172271729,0
7111,7,train,111,12,169.0,8,115.0,0,0,1,-0.52,1.5187230110168457,0
7112,7,train,112,12,175.0,8,119.0,0,0,1,-0.52,1.154036045074463,0
7113,7,train,113,13,182.5,8,123.0,0,0,1,-0.53,1.3114111423492432,0
7114,7,train,114,13,189.0,8,127.0,0,0,1,-0.53,0.8565056324005127,0
7115,7,train,115,13,195.5,8,131.0,0,0,1,-0.53,1.6007424592971802,0
7116,7,train,116,13,202.0,8,135.0,0,0,1,-0.53,1.0474724769592285,0
7117,7,train,117,13,208.5,8,139.0,0,0,1,-0.53,1.2187665700912476,0
7118,7,train,118,13,215.0,8,143.0,0,0,1,-0.53,1.4965299367904663,0
7119,7,train,119,13,221.5,8,147.0,0,0,1,-0.53,1.325440764427185,0
7120,7,train,120,14,229.5,8,151.0,0,0,1,-0.54,0.8111419677734375,0
7121,7,train,121,14,236.5,8,155.0,0,0,1,-0.54,1.058572769165039,0
7122,7,train,122,14,243.5,8,159.0,0,0,1,-0.54,1.380411148071289,0
7123,7,train,123,14,250.5,8,163.0,0,0,1,-0.54,1.1823420524597168,0
7124,7,train,124,15,259.0,8,167.0,0,0,1,-0.55,1.4832526445388794,0
7125,7,train,125,15,266.5,8,171.0,0,0,1,-0.55,0.6870275735855103,0
7126,7,train,126,15,274.0,8,175.0,0,0,1,-0.55,1.226366400718689,0
7127,7,train,127,15,281.5,8,179.0,0,0,1,-0.55,1.2119452953338623,0
7128,7,train,128,15,289.0,8,183.0,0,0,1,-0.55,1.3594038486480713,0
7129,7,train,129,15,296.5,8,187.0,0,0,1,-0.55,1.0888967514038086,0
7130,7,train,130,15,304.0,8,191.0,0,0,1,-0.55,1.2862725257873535,0
7131,7,train,131,16,313.0,8,195.0,0,0,1,-0.56,1.191142201423645,0
7132,7,train,132,16,321.0,8,199.0,0,0,1,-0.56,1.313542366027832,0
7133,7,train,133,16,329.0,8,203.0,0,0,1,-0.56,1.5087065696716309,0
7134,7,train,134,17,338.5,8,207.0,0,0,1,-0.5700000000000001,1.170324444770813,0
7135,7,train,135,17,347.0,8,211.0,0,0,1,-0.5700000000000001,1.2209343910217285,0
7136,7,train,136,17,355.5,8,215.0,0,0,1,-0.5700000000000001,1.5548357963562012,0
7137,7,train,137,17,364.0,8,219.0,0,0,1,-0.5700000000000001,1.1962430477142334,0
7138,7,train,138,17,372.5,8,223.0,0,0,1,-0.5700000000000001,1.3418395519256592,0
7139,7,train,139,17,381.0,8,227.0,0,0,2,-0.5700000000000001,1.0651496648788452,0
7140,7,train,140,17,389.5,8,231.0,0,0,2,-0.5700000000000001,1.3286473751068115,0
7141,7,train,141,17,398.0,8,235.0,0,0,2,-0.5700000000000001,1.346381664276123,0
7142,7,train,142,17,406.5,8,239.0,0,0,2,-0.5700000000000001,1.1504719257354736,0
7143,7,train,143,17,415.0,8,243.0,0,0,2,-0.5700000000000001,1.6959192752838135,0
7144,7,train,144,17,423.5,8,247.0,0,0,2,-0.5700000000000001,0.9390155076980591,0
7145,7,train,145,17,432.0,8,251.0,0,0,2,-0.5700000000000001,1.1970508098602295,0
7146,7,train,146,18,442.0,8,255.0,0,0,2,-0.5800000000000001,1.663893461227417,0
7147,7,train,147,18,451.0,8,259.0,0,0,2,-0.5800000000000001,1.3182786703109741,0
7148,7,train,148,18,460.0,8,263.0,0,1,2,-0.5800000000000001,1.6147185564041138,0
7149,7,train,149,18,469.0,8,267.0,0,0,2,-0.5800000000000001,1.4575903415679932,0
7150,7,train,150,19,479.5,8,271.0,0,0,2,-0.5900000000000001,1.1372628211975098,0
7151,7,train,151,20,420.5,8,275.0,0,0,3,-0.6000000000000001,1.4396710395812988,0
7152,7,train,152,20,430.5,8,279.0,0,0,3,-0.6000000000000001,1.5940377712249756,0
7153,7,train,153,22,443.5,8,283.0,0,0,3,-0.62,1.1198819875717163,0
7154,7,train,154,22,454.5,8,287.0,0,0,3,-0.62,1.1168742179870605,0
7155,7,train,155,22,465.5,8,291.0,0,0,3,-0.62,0.8425359725952148,0
7156,7,train,156,22,476.5,8,295.0,0,0,3,-0.62,1.4121395349502563,0
7157,7,train,157,22,487.5,8,299.0,0,0,3,-0.62,1.3170124292373657,0
7158,7,train,158,22,498.5,8,303.0,0,0,3,-0.62,1.0379455089569092,0
7159,7,train,159,22,509.5,8,307.0,0,2,3,-0.62,1.1721251010894775,0
7160,7,train,160,22,520.5,8,311.0,0,0,3,-0.62,1.2085809707641602,0
7161,7,train,161,23,533.0,8,315.0,0,0,3,-0.63,0.987928569316864,0
7162,7,train,162,23,544.5,8,319.0,0,0,3,-0.63,1.2504582405090332,0
7163,7,train,163,24,557.5,8,323.0,0,0,3,-0.64,1.412200689315796,0
7164,7,train,164,28,575.5,8,327.0,0,0,3,-0.68,1.399482011795044,0
7165,7,train,165,28,589.5,8,331.0,0,2,3,-0.68,1.5201119184494019,0
7166,7,train,166,28,603.5,8,335.0,0,1,3,-0.68,1.496767282485962,0
7167,7,train,167,28,617.5,8,339.0,0,0,3,-0.68,1.0019011497497559,0
7168,7,train,168,28,631.5,8,343.0,0,0,3,-0.68,1.6271722316741943,0
7169,7,train,169,29,647.0,8,347.0,0,0,3,-0.69,1.0311992168426514,0
7170,7,train,170,31,664.5,8,351.0,0,2,3,-0.71,1.403153419494629,0
7171,7,train,171,32,681.5,8,355.0,0,0,3,-0.72,0.7598211765289307,0
7172,7,train,172,32,697.5,8,359.0,0,0,3,-0.72,1.317016839981079,0
7173,7,train,173,35,718.0,8,363.0,0,0,3,-0.75,1.42425537109375,0
7174,7,train,174,36,737.0,8,367.0,0,0,3,-0.76,1.4240453243255615,0
7175,7,train,175,36,755.0,8,371.0,0,0,3,-0.76,1.2489545345306396,0
7176,7,train,176,36,773.0,8,375.0,0,0,3,-0.76,1.3285267353057861,0
7177,7,train,177,36,791.0,8,379.0,0,0,3,-0.76,1.5877597332000732,0
7178,7,train,178,36,809.0,8,383.0,0,0,3,-0.76,1.0398987531661987,0
7179,7,train,179,36,827.0,8,387.0,0,0,3,-0.76,1.3121131658554077,0
7180,7,train,180,37,846.5,8,391.0,0,1,3,-0.77,1.205934762954712,0
7181,7,train,181,38,866.5,8,395.0,0,0,3,-0.78,1.2235302925109863,0
7182,7,train,182,39,887.0,8,399.0,0,0,3,-0.79,0.9646128416061401,0
7183,7,train,183,39,906.5,8,403.0,0,0,3,-0.79,1.26955246925354,0
7184,7,train,184,40,927.5,8,407.0,0,0,3,-0.8,1.550982117652893,0
7185,7,train,185,41,949.0,8,411.0,0,0,3,-0.81,1.008484125137329,0
7186,7,train,186,42,971.0,8,415.0,0,0,4,-0.8200000000000001,1.2807267904281616,1
7187,7,train,187,42,992.0,8,419.0,0,0,4,-0.8200000000000001,1.2017191648483276,0
7188,7,train,188,42,1013.0,8,423.0,0,0,4,-0.8200000000000001,0.9908936023712158,0
7189,7,train,189,42,1034.0,8,427.0,0,0,4,-0.8200000000000001,1.2037029266357422,0
7190,7,train,190,43,1056.5,8,431.0,0,0,4,-0.8300000000000001,1.4313958883285522,0
7191,7,train,191,43,1078.0,8,435.0,0,0,4,-0.8300000000000001,1.2034980058670044,0
7192,7,train,192,44,1101.0,8,439.0,0,0,4,-0.8400000000000001,1.456554651260376,0
7193,7,train,193,46,1126.0,8,443.0,0,0,4,-0.8600000000000001,1.2613247632980347,0
7194,7,train,194,46,1149.0,8,447.0,0,0,4,-0.8600000000000001,1.5841560363769531,0
7195,7,train,195,47,1173.5,8,451.0,0,0,4,-0.87,1.2822527885437012,0
7196,7,train,196,48,1198.5,8,455.0,0,0,4,-0.88,1.2613211870193481,0
7197,7,train,197,48,1222.5,8,459.0,0,1,4,-0.88,1.2432348728179932,0
7198,7,train,198,42,973.5,8,463.0,0,0,5,-0.8200000000000001,1.3750168085098267,0
7199,7,train,199,38,811.5,8,467.0,0,0,5,-0.78,1.1505012512207031,0
7200,7,train,200,34,690.0,8,471.0,0,0,5,-0.74,1.4046611785888672,0
7201,7,train,201,31,604.0,8,475.0,0,0,5,-0.71,0.9922329187393188,0
7202,7,train,202,31,603.5,7,411.0,0,0,5,-0.6599999999999999,1.2613215446472168,0
7203,7,train,203,29,574.5,7,414.5,0,1,5,-0.6399999999999999,1.6166658401489258,0
7204,7,train,204,26,563.5,7,418.0,0,0,5,-0.61,1.5196363925933838,0
7205,7,train,205,25,568.5,7,421.5,0,0,5,-0.6,1.4115368127822876,0
7206,7,train,206,24,573.0,6,370.0,0,0,5,-0.54,1.0582389831542969,0
7207,7,train,207,24,585.0,5,303.5,0,1,5,-0.49,1.5194664001464844,0
7208,7,train,208,24,597.0,3,177.5,0,0,5,-0.39,1.0994502305984497,0
7209,7,train,209,24,609.0,3,179.0,0,0,5,-0.39,1.1182079315185547,0
7210,7,train,210,25,622.5,3,180.5,0,0,5,-0.4,1.1781930923461914,0
7211,7,train,211,25,635.0,3,182.0,0,1,5,-0.4,1.6005362272262573,0
7212,7,train,212,25,647.5,3,183.5,0,1,5,-0.4,0.764775812625885,0
7213,7,train,213,25,660.0,3,185.0,0,0,5,-0.4,1.2772622108459473,0
7214,7,train,214,25,672.5,3,186.5,0,0,5,-0.4,1.255979299545288,0
7215,7,train,215,26,686.5,3,188.0,0,0,5,-0.41000000000000003,1.411229133605957,0
7216,7,train,216,26,699.5,2,134.5,0,0,5,-0.36,1.197135329246521,0
7217,7,train,217,26,712.5,2,135.5,0,0,5,-0.36,1.2312886714935303,0
7218,7,train,218,26,725.5,2,136.5,0,0,5,-0.36,1.2773061990737915,0
7219,7,train,219,27,740.0,2,137.5,0,0,5,-0.37,1.4963905811309814,0
7220,7,train,220,27,753.5,2,138.5,0,0,5,-0.37,0.9449836015701294,0
7221,7,train,221,27,767.0,2,139.5,0,0,5,-0.37,0.663407564163208,0
7222,7,train,222,27,780.5,2,140.5,0,0,5,-0.37,1.5737602710723877,0
7223,7,train,223,27,794.0,2,141.5,0,0,5,-0.37,0.9367270469665527,0
7224,7,train,224,29,810.5,2,142.5,0,0,5,-0.39,1.0799885988235474,0
7225,7,train,225,31,828.0,2,143.5,0,0,5,-0.41000000000000003,1.0978091955184937,0
7226,7,train,226,31,843.5,2,144.5,0,0,5,-0.41000000000000003,0.9071045517921448,0
7227,7,train,227,32,860.5,2,145.5,0,0,5,-0.42000000000000004,1.108717679977417,0
7228,7,train,228,32,876.5,2,146.5,0,0,5,-0.42000000000000004,1.0022104978561401,0
7229,7,train,229,32,892.5,2,147.5,0,2,5,-0.42000000000000004,0.99944007396698,0
7230,7,train,230,32,908.5,2,148.5,0,0,5,-0.42000000000000004,0.8596574068069458,0
7231,7,train,231,32,924.5,2,149.5,0,0,5,-0.42000000000000004,1.3839061260223389,0
7232,7,train,232,32,940.5,2,150.5,0,0,5,-0.42000000000000004,1.08984375,0
7233,7,train,233,32,956.5,2,151.5,0,0,5,-0.42000000000000004,1.4898029565811157,0
7234,7,train,234,32,972.5,2,152.5,0,0,5,-0.42000000000000004,1.2240726947784424,0
7235,7,train,235,34,991.5,2,153.5,0,0,5,-0.44000000000000006,1.1702625751495361,0
7236,7,train,236,34,1008.5,2,154.5,0,0,5,-0.44000000000000006,1.1406482458114624,0
7237,7,train,237,34,1025.5,2,155.5,0,0,5,-0.44000000000000006,1.3815715312957764,0
7238,7,train,238,34,1042.5,2,156.5,0,0,5,-0.44000000000000006,1.3288688659667969,0
7239,7,train,239,34,1059.5,2,157.5,0,0,5,-0.44000000000000006,1.6542420387268066,0
7240,7,train,240,34,1076.5,2,158.5,0,1,5,-0.44000000000000006,1.4917625188827515,0
7241,7,train,241,34,1093.5,2,159.5,0,0,5,-0.44000000000000006,1.1189231872558594,0
7242,7,train,242,36,1113.5,2,160.5,0,0,5,-0.45999999999999996,1.1460387706756592,0
7243,7,train,243,36,1131.5,2,161.5,0,0,5,-0.45999999999999996,0.9739087820053101,0
7244,7,train,244,37,1151.0,2,162.5,0,0,5,-0.47,1.6411471366882324,0
7245,7,train,245,38,1171.0,2,163.5,0,0,5,-0.48,1.1966489553451538,0
7246,7,train,246,38,1190.0,2,164.5,0,0,5,-0.48,0.7813707590103149,0
7247,7,train,247,38,1209.0,2,165.5,0,0,5,-0.48,1.427959680557251,0
7248,7,train,248,36,1064.5,2,166.5,0,0,6,-0.45999999999999996,1.080601453781128,0
7249,7,train,249,34,1016.0,2,167.5,0,0,6,-0.44000000000000006,1.1066440343856812,0
7250,7,train,250,34,1033.0,2,168.5,0,0,6,-0.44000000000000006,0.6631737947463989,0
7251,7,train,251,34,1050.0,2,169.5,0,0,6,-0.44000000000000006,1.3856068849563599,0
7252,7,train,252,34,1067.0,2,170.5,0,0,6,-0.44000000000000006,0.9276455044746399,0
7253,7,train,253,34,1084.0,2,171.5,0,0,6,-0.44000000000000006,1.4046721458435059,0
7254,7,train,254,35,1102.5,2,172.5,0,0,6,-0.44999999999999996,1.4646106958389282,0
7255,7,train,255,35,1120.0,3,175.0,0,0,6,-0.5,0.8309950232505798,0
7256,7,train,256,35,1137.5,3,176.5,0,1,6,-0.5,1.1549993753433228,0
7257,7,train,257,35,1155.0,3,178.0,0,0,6,-0.5,1.0025370121002197,0
7258,7,train,258,35,1172.5,3,179.5,0,0,6,-0.5,1.3928768634796143,0
7259,7,train,259,35,1190.0,4,182.5,0,1,6,-0.55,1.4390392303466797,0
7260,7,train,260,35,1207.5,4,184.5,0,0,6,-0.55,1.5322251319885254,0
7261,7,train,261,35,1225.0,4,186.5,0,0,6,-0.55,0.9469268321990967,0
7262,7,train,262,36,1244.0,4,188.5,0,0,6,-0.56,1.3596374988555908,0
7263,7,train,263,36,1262.0,4,190.5,0,0,6,-0.56,1.3727390766143799,0
7264,7,train,264,36,1280.0,4,192.5,0,0,6,-0.56,1.0460143089294434,0
7265,7,train,265,37,1299.5,4,194.5,0,0,6,-0.5700000000000001,1.2523822784423828,0
7266,7,train,266,37,1318.0,4,196.5,0,0,6,-0.5700000000000001,1.4215693473815918,0
7267,7,train,267,37,1336.5,4,198.5,0,0,6,-0.5700000000000001,0.9582092761993408,0
7268,7,train,268,37,1355.0,4,200.5,0,0,6,-0.5700000000000001,1.1092725992202759,0
7269,7,train,269,37,1373.5,4,202.5,0,0,6,-0.5700000000000001,1.3659249544143677,0
7270,7,train,270,37,1392.0,4,204.5,0,0,6,-0.5700000000000001,0.6836708784103394,0
7271,7,train,271,38,1412.0,4,206.5,0,0,6,-0.5800000000000001,1.1511731147766113,0
7272,7,train,272,38,1431.0,5,210.0,0,1,6,-0.63,1.331491231918335,0
7273,7,train,273,39,1451.5,5,212.5,0,0,6,-0.64,1.2329235076904297,0
7274,7,train,274,39,1471.0,5,215.0,0,0,6,-0.64,1.3220480680465698,0
7275,7,train,275,39,1490.5,6,219.0,0,0,6,-0.69,1.4793325662612915,0
7276,7,train,276,39,1510.0,6,222.0,0,0,6,-0.69,1.1521787643432617,0
7277,7,train,277,39,1529.5,6,225.0,0,1,6,-0.69,0.8119779825210571,0
7278,7,train,278,39,1549.0,6,228.0,0,3,6,-0.69,1.0567033290863037,0
7279,7,train,279,39,1568.5,7,232.5,0,0,6,-0.74,1.369401454925537,0
7280,7,train,280,39,1588.0,6,234.0,0,0,6,-0.69,0.9910601377487183,0
7281,7,train,281,40,1609.0,6,237.0,0,4,6,-0.7,0.7053359746932983,0
7282,7,train,282,40,1629.0,9,244.5,0,0,6,-0.8500000000000001,1.293479561805725,0
7283,7,train,283,40,1649.0,8,247.0,0,0,7,-0.8,1.1046221256256104,1
7284,7,train,284,41,1670.5,10,254.0,0,2,7,-0.9099999999999999,0.956510066986084,0
7285,7,train,285,41,1691.0,10,258.5,0,0,7,-0.9099999999999999,1.2795649766921997,0
7286,7,train,286,41,1711.5,12,266.5,0,0,7,-1.01,1.2849992513656616,0
7287,7,train,287,42,1733.5,12,272.5,0,1,7,-1.02,1.576990008354187,0
7288,7,train,288,43,1756.0,13,280.0,0,0,7,-1.08,1.1671441793441772,0
7289,7,train,289,44,1779.0,13,286.5,0,0,7,-1.09,1.2740164995193481,0
7290,7,train,290,45,1802.5,13,293.0,0,0,7,-1.1,1.390312910079956,0
7291,7,train,291,46,1826.5,13,299.5,0,1,7,-1.11,1.3219658136367798,0
7292,7,train,292,46,1849.5,13,306.0,0,2,7,-1.11,1.2035313844680786,0
7293,7,train,293,47,1874.0,13,312.5,0,1,7,-1.12,1.4202101230621338,0
7294,7,train,294,47,1897.5,13,319.0,0,0,7,-1.12,1.6009403467178345,0
7295,7,train,295,46,1702.5,13,325.5,0,0,8,-1.11,1.2299065589904785,0
7296,7,train,296,45,1597.5,13,332.0,0,1,8,-1.1,0.8388530611991882,0
7297,7,train,297,43,1493.0,13,338.5,0,0,8,-1.08,1.4613368511199951,0
7298,7,train,298,41,1436.5,13,345.0,0,1,8,-1.06,1.1564505100250244,0
7299,7,train,299,41,1457.0,13,351.5,0,1,8,-1.06,1.5755308866500854,0
7300,7,train,300,41,1469.5,13,358.0,0,0,8,-1.06,1.120910406112671,0
7301,7,train,301,41,1490.0,13,364.5,0,1,8,-1.06,0.7858799695968628,0
7302,7,train,302,41,1510.5,13,371.0,0,2,8,-1.06,1.1633802652359009,0
7303,7,train,303,41,1531.0,13,377.5,0,1,8,-1.06,1.3722352981567383,0
7304,7,train,304,43,1554.5,13,384.0,0,1,8,-1.08,0.9339170455932617,0
7305,7,train,305,43,1576.0,13,390.5,0,1,8,-1.08,1.228819727897644,0
7306,7,train,306,44,1599.0,14,398.5,0,1,9,-1.14,1.2494773864746094,1
7307,7,train,307,44,1621.0,14,405.5,0,1,9,-1.14,1.497698187828064,0
7308,7,train,308,45,1644.5,14,412.5,0,1,9,-1.15,0.7151190042495728,0
7309,7,train,309,46,1668.5,14,419.5,0,1,9,-1.16,0.9259629249572754,0
7310,7,train,310,46,1691.5,14,426.5,0,0,9,-1.16,1.3141052722930908,0
7311,7,train,311,47,1716.0,14,433.5,0,2,9,-1.17,1.6095771789550781,0
7312,7,train,312,41,1275.5,10,383.0,0,0,0,-0.9099999999999999,0.724258303642273,0
7313,7,train,313,40,1032.0,10,388.0,0,0,0,-0.9,0.9336033463478088,0
7314,7,train,314,36,829.0,10,393.0,0,1,0,-0.86,1.213279128074646,0
7315,7,train,315,33,705.0,10,398.0,0,0,0,-0.8300000000000001,1.196099877357483,0
7316,7,train,316,38,678.5,10,403.0,0,1,0,-0.88,1.326526403427124,0
7317,7,train,317,34,549.0,10,408.0,0,0,0,-0.8400000000000001,1.2532092332839966,0
7318,7,train,318,33,483.5,9,395.5,0,0,0,-0.78,1.2500128746032715,0
7319,7,train,319,36,467.0,9,400.0,0,0,0,-0.81,1.3820624351501465,0
7320,7,train,320,32,399.5,8,387.0,0,0,0,-0.72,1.2381091117858887,0
7321,7,train,321,34,418.5,6,337.5,0,0,0,-0.64,0.9067413806915283,0
7322,7,train,322,35,386.0,6,340.5,0,0,0,-0.6499999999999999,1.2965729236602783,0
7323,7,train,323,37,406.5,4,284.5,0,0,0,-0.5700000000000001,1.287644386291504,0
7324,7,train,324,39,398.0,4,286.5,0,4,0,-0.5900000000000001,1.4955323934555054,0
7325,7,train,325,39,417.5,4,288.5,0,0,0,-0.5900000000000001,1.2741692066192627,0
7326,7,train,326,41,427.5,4,290.5,0,2,0,-0.61,1.1754626035690308,0
7327,7,train,327,41,448.0,3,171.0,0,0,0,-0.5599999999999999,1.6408624649047852,0
7328,7,train,328,44,470.5,3,172.5,0,0,0,-0.59,1.1425522565841675,0
7329,7,train,329,44,492.5,3,174.0,0,0,0,-0.59,1.5028200149536133,0
7330,7,train,330,49,522.0,3,175.5,0,1,0,-0.64,1.3149967193603516,0
7331,7,train,331,49,546.5,2,51.0,0,0,0,-0.59,0.987023651599884,0
7332,7,train,332,53,577.0,2,52.0,0,0,0,-0.63,1.316481113433838,0
7333,7,train,333,53,603.5,2,53.0,0,3,0,-0.63,1.4875417947769165,0
7334,7,train,334,56,634.5,2,54.0,0,0,0,-0.66,1.5973713397979736,0
7335,7,train,335,56,662.5,2,55.0,0,1,0,-0.66,1.0335851907730103,0
7336,7,train,336,58,693.5,2,56.0,0,1,0,-0.6799999999999999,1.211922526359558,0
7337,7,train,337,58,722.5,2,57.0,0,0,0,-0.6799999999999999,1.578226089477539,0
7338,7,train,338,59,753.0,2,58.0,0,0,0,-0.69,1.1262547969818115,0
7339,7,train,339,60,784.0,2,59.0,0,0,0,-0.7,1.2419817447662354,0
7340,7,train,340,60,814.0,2,60.0,0,0,0,-0.7,1.4897136688232422,0
7341,7,train,341,61,845.5,2,61.0,0,0,0,-0.71,1.2755694389343262,0
7342,7,train,342,62,877.5,2,62.0,0,0,0,-0.72,1.1130692958831787,0
7343,7,train,343,62,908.5,2,63.0,0,1,0,-0.72,1.043835163116455,0
7344,7,train,344,62,939.5,2,64.0,0,0,0,-0.72,1.4828087091445923,0
7345,7,train,345,62,970.5,2,65.0,0,0,0,-0.72,0.8860026597976685,0
7346,7,train,346,62,1001.5,2,66.0,0,1,0,-0.72,0.6419290900230408,0
7347,7,train,347,62,1032.5,2,67.0,0,1,0,-0.72,1.094244360923767,0
7348,7,train,348,62,1063.5,2,68.0,0,0,0,-0.72,1.1810505390167236,0
7349,7,train,349,64,1097.5,2,69.0,0,0,0,-0.74,1.2201658487319946,0
7350,7,train,350,65,1131.0,2,70.0,0,0,0,-0.75,1.448578953742981,0
7351,7,train,351,65,1163.5,2,71.0,0,0,0,-0.75,1.4961307048797607,0
7352,7,train,352,65,1196.0,2,72.0,0,0,0,-0.75,1.0476781129837036,0
7353,7,train,353,66,1230.0,2,73.0,0,1,0,-0.76,1.2861418724060059,0
7354,7,train,354,67,1264.5,2,74.0,0,0,0,-0.77,1.0558545589447021,0
7355,7,train,355,67,1298.0,2,75.0,0,0,0,-0.77,1.5788859128952026,0
7356,7,train,356,67,1331.5,2,76.0,0,0,0,-0.77,1.1637392044067383,0
7357,7,train,357,68,1366.5,2,77.0,0,1,0,-0.78,1.8105823993682861,0
7358,7,train,358,68,1337.5,2,78.0,0,0,0,-0.78,1.2474100589752197,0
7359,7,train,359,67,1330.0,2,79.0,0,0,0,-0.77,1.2949557304382324,0
7360,7,train,360,65,1322.5,2,80.0,0,2,0,-0.75,1.539898157119751,0
7361,7,train,361,65,1336.5,2,81.0,0,0,0,-0.75,1.3044188022613525,0
7362,7,train,362,63,1229.5,2,82.0,0,0,1,-0.73,1.0396292209625244,0
7363,7,train,363,60,1182.5,2,83.0,0,0,1,-0.7,1.3542590141296387,0
7364,7,train,364,58,1173.5,2,84.0,0,1,1,-0.6799999999999999,0.7674431204795837,0
7365,7,train,365,58,1185.0,2,85.0,0,0,1,-0.6799999999999999,0.9486753940582275,0
7366,7,train,366,57,1194.5,2,86.0,0,0,1,-0.6699999999999999,1.6617779731750488,0
7367,7,train,367,54,1124.5,2,87.0,0,0,1,-0.64,0.9945065975189209,0
7368,7,train,368,50,1061.5,2,88.0,0,0,1,-0.6,1.4161157608032227,0
7369,7,train,369,48,1019.0,2,89.0,0,0,1,-0.58,1.194339394569397,0
7370,7,train,370,45,978.5,2,90.0,0,0,1,-0.55,1.4805450439453125,0
7371,7,train,371,45,982.5,2,91.0,0,0,1,-0.55,1.3058993816375732,0
7372,7,train,372,42,938.0,2,92.0,0,0,1,-0.52,1.3958688974380493,0
7373,7,train,373,41,912.5,2,93.0,0,0,1,-0.51,0.93351811170578,0
7374,7,train,374,39,897.5,2,94.0,0,0,1,-0.49,1.08756422996521,0
7375,7,train,375,37,889.5,2,95.0,0,5,1,-0.47,0.7615466117858887,0
7376,7,train,376,35,869.5,2,96.0,0,0,1,-0.44999999999999996,1.3197357654571533,0
7377,7,train,377,34,883.5,2,97.0,0,0,1,-0.44000000000000006,1.4260354042053223,0
7378,7,train,378,33,877.0,2,98.0,0,0,1,-0.43000000000000005,0.9207969903945923,0
7379,7,train,379,33,872.0,2,99.0,0,0,1,-0.43000000000000005,1.5857901573181152,0
7380,7,train,380,33,888.5,2,100.0,0,0,1,-0.43000000000000005,1.2710131406784058,0
7381,7,train,381,31,872.5,3,102.5,0,0,1,-0.45999999999999996,1.3544485569000244,0
7382,7,train,382,30,870.5,3,104.0,0,0,1,-0.44999999999999996,1.1671476364135742,0
7383,7,train,383,30,885.5,3,105.5,0,0,1,-0.44999999999999996,0.9120081067085266,0
7384,7,train,384,29,884.0,3,107.0,0,0,1,-0.43999999999999995,0.92690110206604,0
7385,7,train,385,29,898.5,3,108.5,0,0,1,-0.43999999999999995,1.2267578840255737,0
7386,7,train,386,29,913.0,3,110.0,0,0,1,-0.43999999999999995,1.1923694610595703,0
7387,7,train,387,29,927.5,3,111.5,0,0,1,-0.43999999999999995,0.8559356927871704,0
7388,7,train,388,29,942.0,3,113.0,0,0,1,-0.43999999999999995,1.2913005352020264,0
7389,7,train,389,30,958.0,5,117.5,0,0,1,-0.55,1.1202248334884644,0
7390,7,train,390,30,973.0,5,120.0,0,0,1,-0.55,1.4099717140197754,0
7391,7,train,391,33,992.5,5,122.5,0,0,1,-0.5800000000000001,1.3724839687347412,0
7392,7,train,392,34,1010.5,5,125.0,0,0,1,-0.5900000000000001,1.2159416675567627,0
7393,7,train,393,34,1027.5,5,127.5,0,0,1,-0.5900000000000001,1.5733156204223633,0
7394,7,train,394,35,1046.0,5,130.0,0,0,1,-0.6,0.9018577337265015,0
7395,7,train,395,35,1063.5,5,132.5,0,0,1,-0.6,0.5361289978027344,0
7396,7,train,396,35,1081.0,5,135.0,0,0,1,-0.6,0.9644651412963867,0
7397,7,train,397,35,1098.5,5,137.5,0,0,1,-0.6,1.2690508365631104,0
7398,7,train,398,35,1116.0,5,140.0,0,0,1,-0.6,1.3405158519744873,0
7399,7,train,399,36,1135.0,5,142.5,0,0,1,-0.61,1.4272594451904297,0
7400,7,train,400,36,1153.0,5,145.0,0,0,1,-0.61,1.4879623651504517,0
7401,7,train,401,36,1171.0,5,147.5,0,0,1,-0.61,1.1866381168365479,0
7402,7,train,402,36,1189.0,5,150.0,0,0,1,-0.61,1.586820363998413,0
7403,7,train,403,37,1208.5,5,152.5,0,0,1,-0.62,1.5529377460479736,0
7404,7,train,404,37,1227.0,5,155.0,0,0,1,-0.62,1.4702351093292236,0
7405,7,train,405,37,1245.5,5,157.5,0,0,1,-0.62,1.3337585926055908,0
7406,7,train,406,37,1264.0,5,160.0,0,0,1,-0.62,1.637457013130188,0
7407,7,train,407,37,1282.5,6,164.0,0,0,1,-0.6699999999999999,1.560874581336975,0
7408,7,train,408,37,1301.0,6,167.0,0,0,1,-0.6699999999999999,1.455143690109253,0
7409,7,train,409,38,1321.0,6,170.0,0,0,1,-0.6799999999999999,1.5088160037994385,0
7410,7,train,410,39,1341.5,6,173.0,0,0,1,-0.69,0.951052188873291,0
7411,7,train,411,39,1361.0,6,176.0,0,0,1,-0.69,1.4407321214675903,0
7412,7,train,412,39,1376.0,6,179.0,0,0,1,-0.69,1.2101629972457886,0
7413,7,train,413,39,1395.5,6,182.0,0,0,1,-0.69,1.1185455322265625,0
7414,7,train,414,39,1415.0,6,185.0,0,0,1,-0.69,1.371535062789917,0
7415,7,train,415,39,1434.5,6,188.0,0,0,1,-0.69,1.312619924545288,0
7416,7,train,416,39,1454.0,6,191.0,0,0,1,-0.69,1.223788857460022,0
7417,7,train,417,39,1473.5,6,194.0,0,0,1,-0.69,1.275741457939148,0
7418,7,train,418,39,1493.0,6,197.0,0,0,1,-0.69,1.257696270942688,0
7419,7,train,419,40,1514.0,6,200.0,0,0,1,-0.7,0.8021114468574524,0
7420,7,train,420,40,1534.0,6,203.0,0,0,1,-0.7,1.5557160377502441,0
7421,7,train,421,41,1555.5,6,206.0,0,0,1,-0.71,0.9812806844711304,0
7422,7,train,422,41,1576.0,6,209.0,0,0,1,-0.71,1.060434103012085,0
7423,7,train,423,41,1596.5,6,212.0,0,0,1,-0.71,1.40684175491333,0
7424,7,train,424,41,1617.0,6,215.0,0,0,1,-0.71,1.369292974472046,0
7425,7,train,425,41,1637.5,6,218.0,0,0,1,-0.71,1.2944942712783813,0
7426,7,train,426,42,1659.5,6,221.0,0,0,1,-0.72,1.3607507944107056,0
7427,7,train,427,44,1683.5,6,224.0,0,0,1,-0.74,1.5106443166732788,0
7428,7,train,428,44,1705.5,6,227.0,0,0,1,-0.74,1.3898324966430664,0
7429,7,train,429,44,1727.5,6,230.0,0,0,1,-0.74,1.4803049564361572,0
7430,7,train,430,45,1751.0,6,233.0,0,1,1,-0.75,1.0697946548461914,0
7431,7,train,431,45,1773.5,6,236.0,0,0,1,-0.75,0.7498047351837158,0
7432,7,train,432,45,1796.0,6,239.0,0,0,1,-0.75,1.3623530864715576,0
7433,7,train,433,45,1818.5,6,242.0,0,0,1,-0.75,1.4629418849945068,0
7434,7,train,434,45,1841.0,6,245.0,0,0,1,-0.75,1.1941680908203125,0
7435,7,train,435,46,1865.0,6,248.0,0,0,1,-0.76,1.0237176418304443,0
7436,7,train,436,46,1888.0,6,251.0,0,0,1,-0.76,1.5356519222259521,0
7437,7,train,437,46,1911.0,6,254.0,0,0,1,-0.76,1.0438129901885986,0
7438,7,train,438,46,1934.0,6,257.0,0,1,1,-0.76,1.4325001239776611,0
7439,7,train,439,48,1960.0,6,260.0,0,1,1,-0.78,1.315152645111084,0
7440,7,train,440,48,1984.0,6,263.0,0,0,1,-0.78,1.437464952468872,0
7441,7,train,441,48,2008.0,6,266.0,0,0,1,-0.78,1.1614161729812622,0
7442,7,train,442,48,2032.0,6,269.0,0,0,1,-0.78,0.8808717727661133,0
7443,7,train,443,48,2056.0,6,272.0,0,0,1,-0.78,1.374286413192749,0
7444,7,train,444,48,2080.0,6,275.0,0,0,1,-0.78,1.5196043252944946,0
7445,7,train,445,48,2104.0,6,278.0,0,0,1,-0.78,1.3453558683395386,0
7446,7,train,446,48,2128.0,6,281.0,1,0,1,-0.78,1.1915925741195679,0
7447,7,train,447,49,2153.5,6,284.0,0,1,1,-0.79,1.0436547994613647,0
7448,7,train,448,50,2179.5,6,287.0,0,0,1,-0.8,1.193432331085205,0
7449,7,train,449,50,2204.5,6,290.0,0,0,1,-0.8,1.07736337184906,0
7450,7,train,450,51,2231.0,6,293.0,0,1,1,-0.81,1.335768461227417,0
7451,7,train,451,51,2256.5,6,296.0,0,0,1,-0.81,1.29826021194458,0
7452,7,train,452,51,2282.0,6,299.0,0,0,2,-0.81,1.1606485843658447,0
7453,7,train,453,51,2307.5,6,302.0,0,1,2,-0.81,1.2621057033538818,0
7454,7,train,454,51,2333.0,6,305.0,0,0,2,-0.81,1.274404525756836,0
7455,7,train,455,51,2358.5,6,308.0,0,0,2,-0.81,1.5561350584030151,0
7456,7,train,456,51,2384.0,6,311.0,1,3,2,-0.81,1.4695193767547607,0
7457,7,train,457,51,2409.5,6,314.0,0,1,2,-0.81,0.935039222240448,0
7458,7,train,458,51,2435.0,6,317.0,1,0,2,-0.81,0.8595858812332153,0
7459,7,train,459,51,2460.5,6,320.0,0,3,2,-0.81,1.1200220584869385,0
7460,7,train,460,51,2486.0,6,323.0,0,1,2,-0.81,1.5168430805206299,0
7461,7,train,461,51,2511.5,6,326.0,0,0,2,-0.81,1.0543413162231445,0
7462,7,train,462,51,2537.0,8,332.0,0,0,2,-0.91,1.0501172542572021,0
7463,7,train,463,52,2564.0,8,336.0,0,2,2,-0.92,1.27500319480896,0
7464,7,train,464,51,2349.5,8,340.0,0,2,3,-0.91,1.6354312896728516,0
7465,7,train,465,49,2206.5,8,344.0,0,1,3,-0.89,1.266316533088684,0
7466,7,train,466,48,2121.0,8,348.0,0,1,3,-0.88,0.8431187868118286,0
7467,7,train,467,46,2105.5,8,352.0,0,0,3,-0.8600000000000001,1.2046561241149902,0
7468,7,train,468,47,2130.0,8,356.0,0,2,3,-0.87,0.7271344661712646,0
7469,7,train,469,48,2155.0,8,360.0,0,1,3,-0.88,1.2420543432235718,0
7470,7,train,470,48,2179.0,8,364.0,0,1,3,-0.88,1.2468054294586182,0
7471,7,train,471,49,2204.5,8,368.0,0,1,3,-0.89,1.1138561964035034,0
7472,7,train,472,49,2229.0,8,372.0,0,1,3,-0.89,1.0598666667938232,0
7473,7,train,473,49,2253.5,8,376.0,0,0,3,-0.89,1.0114864110946655,0
7474,7,train,474,49,2278.0,8,380.0,1,4,3,-0.89,1.485445261001587,0
7475,7,train,475,49,2302.5,9,385.5,0,0,4,-0.94,1.0367398262023926,1
7476,7,train,476,49,2327.0,9,390.0,0,0,4,-0.94,1.198747992515564,0
7477,7,train,477,49,2351.5,9,394.5,0,1,4,-0.94,1.3499176502227783,0
7478,7,train,478,49,2376.0,9,399.0,0,1,4,-0.94,0.9643405675888062,0
7479,7,train,479,50,2402.0,10,405.0,0,1,4,-1.0,1.249259352684021,0
7480,7,train,480,50,2427.0,10,410.0,0,2,4,-1.0,1.378523826599121,0
7481,7,train,481,51,2453.5,10,415.0,0,1,4,-1.01,1.3325095176696777,0
7482,7,train,482,52,2480.5,10,420.0,0,0,4,-1.02,1.1140943765640259,0
7483,7,train,483,54,2509.5,10,425.0,0,3,4,-1.04,1.0548043251037598,0
7484,7,train,484,54,2536.5,10,430.0,0,0,4,-1.04,1.594142198562622,0
7485,7,train,485,54,2563.5,10,435.0,0,1,4,-1.04,1.0248029232025146,0
7486,7,train,486,54,2590.5,10,440.0,0,2,4,-1.04,1.6849534511566162,0
7487,7,train,487,51,2243.5,6,248.0,0,1,5,-0.81,0.9543890953063965,0
7488,7,train,488,48,1935.5,6,251.0,0,1,5,-0.78,1.2908196449279785,0
7489,7,train,489,45,1668.0,6,254.0,0,1,5,-0.75,1.4530565738677979,0
7490,7,train,490,42,1496.0,7,258.5,0,2,5,-0.77,0.8436940908432007,0
7491,7,train,491,41,1402.5,7,262.0,0,1,5,-0.76,1.321131944656372,0
7492,7,train,492,38,1261.5,7,265.5,0,1,5,-0.73,1.2773919105529785,0
7493,7,train,493,34,1104.0,7,269.0,0,1,5,-0.69,1.5938589572906494,0
7494,7,train,494,31,1002.5,8,274.0,0,1,5,-0.71,1.3884365558624268,0
7495,7,train,495,32,995.5,8,278.0,0,1,5,-0.72,1.2921950817108154,0
7496,7,train,496,29,912.5,6,245.0,0,1,5,-0.59,1.370476245880127,0
7497,7,train,497,26,846.0,3,28.0,0,1,5,-0.41000000000000003,1.247328758239746,0
7498,7,train,498,28,852.5,2,18.5,0,1,5,-0.38,1.3360728025436401,0
7499,7,train,499,27,830.0,2,19.5,0,2,5,-0.37,1.4321467876434326,0
7500,7,train,500,25,824.0,2,20.5,0,0,5,-0.35,1.0822480916976929,0
7501,7,train,501,25,836.5,3,23.0,0,1,5,-0.4,1.166767954826355,0
7502,7,train,502,24,841.0,3,24.5,0,2,5,-0.39,0.7716859579086304,0
7503,7,train,503,26,856.0,3,26.0,0,1,5,-0.41000000000000003,1.2109884023666382,0
7504,7,train,504,26,869.0,3,27.5,0,1,5,-0.41000000000000003,1.300248622894287,0
7505,7,train,505,26,882.0,4,30.5,0,1,5,-0.46,1.139833688735962,0
7506,7,train,506,26,895.0,4,32.5,0,0,5,-0.46,1.0360095500946045,0
7507,7,train,507,29,912.5,4,34.5,0,0,5,-0.49,1.5155601501464844,0
7508,7,train,508,31,930.0,4,36.5,0,0,5,-0.51,1.5282166004180908,0
7509,7,train,509,31,945.5,4,38.5,0,0,5,-0.51,1.215181589126587,0
7510,7,train,510,31,961.0,3,34.5,0,0,5,-0.45999999999999996,1.261073350906372,0
7511,7,train,511,31,976.5,3,36.0,0,0,5,-0.45999999999999996,1.4019941091537476,0
7512,7,train,512,31,992.0,3,37.5,0,2,5,-0.45999999999999996,1.5481109619140625,0
7513,7,train,513,31,1007.5,3,39.0,0,1,5,-0.45999999999999996,1.223693609237671,0
7514,7,train,514,31,1023.0,2,34.5,0,0,5,-0.41000000000000003,1.6882271766662598,0
7515,7,train,515,31,1038.5,2,35.5,0,0,5,-0.41000000000000003,1.1512243747711182,0
7516,7,train,516,32,1055.5,2,36.5,0,0,5,-0.42000000000000004,1.6113548278808594,0
7517,7,train,517,32,1071.5,2,37.5,0,0,5,-0.42000000000000004,1.519374966621399,0
7518,7,train,518,33,1089.0,2,38.5,0,0,5,-0.43000000000000005,1.1841737031936646,0
7519,7,train,519,33,1105.5,2,39.5,0,0,5,-0.43000000000000005,1.4414165019989014,0
7520,7,train,520,33,1122.0,2,40.5,0,0,5,-0.43000000000000005,1.2612521648406982,0
7521,7,train,521,33,1138.5,2,41.5,0,1,5,-0.43000000000000005,1.352027177810669,0
7522,7,train,522,33,1155.0,2,42.5,0,0,5,-0.43000000000000005,1.26420259475708,0
7523,7,train,523,33,1171.5,2,43.5,0,1,5,-0.43000000000000005,0.7519571781158447,0
7524,7,train,524,33,1188.0,2,44.5,0,1,5,-0.43000000000000005,1.268708348274231,0
7525,7,train,525,33,1204.5,2,45.5,0,0,5,-0.43000000000000005,1.1240973472595215,0
7526,7,train,526,33,1221.0,2,46.5,0,0,5,-0.43000000000000005,1.3255176544189453,0
7527,7,train,527,33,1237.5,2,47.5,0,0,5,-0.43000000000000005,1.7726144790649414,0
7528,7,train,528,34,1255.5,2,48.5,0,0,5,-0.44000000000000006,1.3987655639648438,0
7529,7,train,529,34,1272.5,2,49.5,0,0,5,-0.44000000000000006,1.7207258939743042,0
7530,7,train,530,34,1289.5,2,50.5,0,0,5,-0.44000000000000006,1.203529715538025,0
7531,7,train,531,34,1306.5,2,51.5,0,1,5,-0.44000000000000006,1.1670762300491333,0
7532,7,train,532,34,1323.5,2,52.5,0,0,5,-0.44000000000000006,1.179225206375122,0
7533,7,train,533,34,1340.5,2,53.5,0,0,5,-0.44000000000000006,0.9510359764099121,0
7534,7,train,534,34,1357.5,2,54.5,0,0,5,-0.44000000000000006,1.4126793146133423,0
7535,7,train,535,35,1376.0,2,55.5,0,1,5,-0.44999999999999996,1.0120733976364136,0
7536,7,train,536,35,1393.5,2,56.5,0,0,5,-0.44999999999999996,1.3166208267211914,0
7537,7,train,537,33,1262.0,2,57.5,0,0,6,-0.43000000000000005,1.1624599695205688,0
7538,7,train,538,32,1241.5,2,58.5,0,0,6,-0.42000000000000004,1.1275994777679443,0
7539,7,train,539,32,1257.5,2,59.5,0,0,6,-0.42000000000000004,1.3230597972869873,0
7540,7,train,540,32,1273.5,2,60.5,0,0,6,-0.42000000000000004,1.3764801025390625,0
7541,7,train,541,32,1289.5,2,61.5,0,0,6,-0.42000000000000004,1.093672513961792,0
7542,7,train,542,32,1305.5,2,62.5,0,0,6,-0.42000000000000004,1.1967496871948242,0
7543,7,train,543,32,1321.5,2,63.5,0,0,6,-0.42000000000000004,1.1331818103790283,0
7544,7,train,544,32,1337.5,2,64.5,0,1,6,-0.42000000000000004,1.700896978378296,0
7545,7,train,545,33,1355.0,2,65.5,0,0,6,-0.43000000000000005,0.8360743522644043,0
7546,7,train,546,33,1371.5,2,66.5,0,0,6,-0.43000000000000005,1.4480223655700684,0
7547,7,train,547,35,1391.0,2,67.5,0,0,6,-0.44999999999999996,1.1221094131469727,0
7548,7,train,548,35,1408.5,2,68.5,0,0,6,-0.44999999999999996,1.0308449268341064,0
7549,7,train,549,35,1426.0,2,69.5,0,1,6,-0.44999999999999996,1.5662553310394287,0
7550,7,train,550,35,1443.5,2,70.5,0,0,6,-0.44999999999999996,1.3855652809143066,0
7551,7,train,551,35,1461.0,2,71.5,0,0,6,-0.44999999999999996,1.731435775756836,0
7552,7,train,552,35,1478.5,2,72.5,0,1,6,-0.44999999999999996,1.4277799129486084,0
7553,7,train,553,35,1496.0,2,73.5,0,2,6,-0.44999999999999996,1.3381755352020264,0
7554,7,train,554,35,1513.5,2,74.5,0,0,6,-0.44999999999999996,1.3021231889724731,0
7555,7,train,555,35,1531.0,2,75.5,0,0,6,-0.44999999999999996,1.390777587890625,0
7556,7,train,556,35,1548.5,2,76.5,0,0,6,-0.44999999999999996,1.1560451984405518,0
7557,7,train,557,37,1569.0,2,77.5,0,0,6,-0.47,1.1372768878936768,0
7558,7,train,558,38,1589.0,2,78.5,0,0,6,-0.48,1.452476143836975,0
7559,7,train,559,38,1608.0,2,79.5,0,0,6,-0.48,1.3298676013946533,0
7560,7,train,560,38,1627.0,3,82.0,0,0,6,-0.53,1.566190242767334,0
7561,7,train,561,38,1646.0,3,83.5,0,0,6,-0.53,0.996843159198761,0
7562,7,train,562,38,1665.0,3,85.0,0,0,6,-0.53,1.0765035152435303,0
7563,7,train,563,38,1684.0,3,86.5,0,0,6,-0.53,1.2058899402618408,0
7564,7,train,564,39,1704.5,4,89.5,0,0,6,-0.5900000000000001,1.392499566078186,0
7565,7,train,565,40,1725.5,4,91.5,0,0,6,-0.6000000000000001,1.3866349458694458,0
7566,7,train,566,41,1747.0,4,93.5,0,1,6,-0.61,1.4142674207687378,0
7567,7,train,567,44,1772.0,4,95.5,0,3,6,-0.64,1.3210309743881226,0
7568,7,train,568,44,1794.0,4,97.5,0,0,6,-0.64,1.3397551774978638,0
7569,7,train,569,44,1816.0,4,99.5,0,0,6,-0.64,1.6097517013549805,0
7570,7,train,570,44,1838.0,4,101.5,0,3,6,-0.64,1.5050331354141235,0
7571,7,train,571,44,1860.0,4,103.5,0,0,6,-0.64,1.3825287818908691,0
7572,7,train,572,45,1883.5,4,105.5,0,1,6,-0.65,0.9047151803970337,0
7573,7,train,573,45,1906.0,4,107.5,0,1,6,-0.65,1.5519540309906006,0
7574,7,train,574,45,1928.5,4,109.5,0,0,6,-0.65,1.0935817956924438,0
7575,7,train,575,45,1951.0,5,113.0,0,0,6,-0.7,0.8844121694564819,0
7576,7,train,576,45,1973.5,5,115.5,0,1,6,-0.7,1.1393030881881714,0
7577,7,train,577,45,1996.0,5,118.0,0,0,6,-0.7,1.1919052600860596,0
7578,7,train,578,45,2018.5,5,120.5,0,0,6,-0.7,0.9311003684997559,0
7579,7,train,579,45,2041.0,5,123.0,0,1,6,-0.7,1.2322351932525635,0
7580,7,train,580,45,2063.5,5,125.5,0,0,6,-0.7,1.3505293130874634,0
7581,7,train,581,45,2086.0,5,128.0,0,1,6,-0.7,1.4523429870605469,0
7582,7,train,582,45,2108.5,5,130.5,0,0,6,-0.7,1.1458804607391357,0
7583,7,train,583,45,2131.0,5,133.0,0,0,6,-0.7,1.254087209701538,0
7584,7,train,584,46,2155.0,5,135.5,0,1,6,-0.71,1.16512131690979,0
7585,7,train,585,46,2178.0,5,138.0,0,1,6,-0.71,1.2836512327194214,0
7586,7,train,586,47,2202.5,5,140.5,0,1,6,-0.72,1.1535358428955078,0
7587,7,train,587,47,2226.0,6,144.5,0,0,6,-0.77,1.6234712600708008,0
7588,7,train,588,48,2251.0,6,147.5,0,1,6,-0.78,1.142382264137268,0
7589,7,train,589,48,2275.0,6,150.5,0,3,6,-0.78,0.9899461269378662,0
7590,7,train,590,48,2299.0,6,153.5,0,0,6,-0.78,1.1634032726287842,0
7591,7,train,591,48,2323.0,6,156.5,0,1,6,-0.78,0.8134990930557251,0
7592,7,train,592,48,2347.0,6,159.5,0,2,6,-0.78,1.2612608671188354,0
7593,7,train,593,48,2371.0,6,162.5,0,1,6,-0.78,1.121519684791565,0
7594,7,train,594,49,2396.5,6,165.5,0,1,6,-0.79,1.0655653476715088,0
7595,7,train,595,49,2421.0,6,168.5,0,2,6,-0.79,1.0756781101226807,0
7596,7,train,596,49,2445.5,6,171.5,0,1,6,-0.79,1.1498773097991943,0
7597,7,train,597,49,2470.0,6,174.5,0,1,6,-0.79,1.1665878295898438,0
7598,7,train,598,49,2494.5,6,177.5,0,1,6,-0.79,1.474691390991211,0
7599,7,train,599,49,2519.0,6,180.5,0,1,6,-0.79,1.6096749305725098,0
7600,7,train,600,49,2543.5,6,183.5,0,1,6,-0.79,0.9159209728240967,0
7601,7,train,601,49,2568.0,6,186.5,0,2,6,-0.79,1.1164673566818237,0
7602,7,train,602,50,2594.0,6,189.5,1,1,6,-0.8,1.1046966314315796,0
7603,7,train,603,50,2619.0,6,192.5,0,0,6,-0.8,1.4818177223205566,0
7604,7,train,604,51,2645.5,6,195.5,0,3,6,-0.81,1.2955818176269531,0
7605,7,train,605,52,2672.5,6,198.5,0,1,6,-0.8200000000000001,0.8317946195602417,0
7606,7,train,606,52,2698.5,6,201.5,0,0,6,-0.8200000000000001,0.9297339916229248,0
7607,7,train,607,52,2724.5,6,204.5,0,1,6,-0.8200000000000001,0.627811074256897,0
7608,7,train,608,52,2750.5,6,207.5,0,2,6,-0.8200000000000001,1.1563560962677002,0
7609,7,train,609,52,2776.5,6,210.5,0,0,7,-0.8200000000000001,0.942324161529541,1
7610,7,train,610,53,2804.0,6,213.5,0,0,7,-0.8300000000000001,1.1013222932815552,0
7611,7,train,611,53,2830.5,6,216.5,0,2,7,-0.8300000000000001,1.3847615718841553,0
7612,7,train,612,53,2857.0,6,219.5,0,0,7,-0.8300000000000001,1.4292466640472412,0
7613,7,train,613,53,2883.5,6,222.5,0,0,7,-0.8300000000000001,1.438095211982727,0
7614,7,train,614,53,2910.0,6,225.5,0,2,7,-0.8300000000000001,1.249773383140564,0
7615,7,train,615,55,2939.5,6,228.5,0,2,7,-0.8500000000000001,1.3621318340301514,0
7616,7,train,616,55,2967.0,6,231.5,0,0,7,-0.8500000000000001,1.3208030462265015,0
7617,7,train,617,56,2996.0,6,234.5,0,3,7,-0.8600000000000001,1.1471604108810425,0
7618,7,train,618,56,3024.0,6,237.5,0,2,7,-0.8600000000000001,1.3778733015060425,0
7619,7,train,619,56,3052.0,6,240.5,0,0,7,-0.8600000000000001,1.0672975778579712,0
7620,7,train,620,57,3081.5,6,243.5,0,0,7,-0.8699999999999999,1.491666555404663,0
7621,7,train,621,55,2799.0,6,246.5,0,0,8,-0.8500000000000001,1.0767557621002197,0
7622,7,train,622,53,2519.5,6,249.5,0,0,8,-0.8300000000000001,1.4234280586242676,0
7623,7,train,623,52,2279.5,6,252.5,0,0,8,-0.8200000000000001,1.290702223777771,0
7624,7,train,624,50,2105.5,6,255.5,0,1,8,-0.8,0.8771525621414185,0
7625,7,train,625,50,2130.5,6,258.5,0,0,8,-0.8,0.969685435295105,0
7626,7,train,626,48,2021.5,6,261.5,0,0,8,-0.78,0.5894367098808289,0
7627,7,train,627,47,1985.0,6,264.5,1,0,8,-0.77,1.4930332899093628,0
7628,7,train,628,48,2010.0,6,267.5,0,1,8,-0.78,1.8209365606307983,0
7629,7,train,629,48,2034.0,6,270.5,0,0,8,-0.78,0.9251285791397095,0
7630,7,train,630,48,2058.0,6,273.5,0,0,8,-0.78,1.524454116821289,0
7631,7,train,631,50,2085.0,6,276.5,0,0,8,-0.8,1.362139105796814,0
7632,7,train,632,50,2110.0,6,279.5,0,0,8,-0.8,1.2611594200134277,0
7633,7,train,633,50,2135.0,6,282.5,0,0,8,-0.8,1.4311037063598633,0
7634,7,train,634,50,2160.0,6,285.5,0,0,8,-0.8,1.0545332431793213,0
7635,7,train,635,50,2185.0,6,288.5,0,0,8,-0.8,1.157949447631836,0
7636,7,train,636,51,2211.5,6,291.5,1,0,8,-0.81,1.3819111585617065,0
7637,7,train,637,52,2238.5,6,294.5,0,1,8,-0.8200000000000001,0.9926931858062744,0
7638,7,train,638,52,2264.5,6,297.5,0,0,8,-0.8200000000000001,1.1302692890167236,0
7639,7,train,639,52,2290.5,6,300.5,0,0,8,-0.8200000000000001,1.176819920539856,0
7640,7,train,640,52,2316.5,6,303.5,0,0,8,-0.8200000000000001,1.5584368705749512,0
7641,7,train,641,52,2342.5,6,306.5,0,0,8,-0.8200000000000001,1.271540641784668,0
7642,7,train,642,53,2370.0,6,309.5,0,0,8,-0.8300000000000001,1.6837687492370605,0
7643,7,train,643,54,2398.0,6,312.5,0,0,8,-0.8400000000000001,1.0620414018630981,0
7644,7,train,644,58,2431.0,6,315.5,0,0,8,-0.8799999999999999,1.0882587432861328,0
7645,7,train,645,58,2460.0,6,318.5,0,0,8,-0.8799999999999999,1.458829402923584,0
7646,7,train,646,58,2489.0,6,321.5,0,2,8,-0.8799999999999999,1.277725100517273,0
7647,7,train,647,58,2518.0,6,324.5,0,0,8,-0.8799999999999999,1.2632150650024414,0
7648,7,train,648,58,2547.0,6,327.5,0,0,8,-0.8799999999999999,1.2238225936889648,0
7649,7,train,649,58,2576.0,6,330.5,0,2,8,-0.8799999999999999,1.5160609483718872,0
7650,7,train,650,58,2605.0,6,333.5,0,0,8,-0.8799999999999999,1.482290267944336,0
7651,7,train,651,58,2634.0,6,336.5,0,0,9,-0.8799999999999999,1.3355594873428345,1
7652,7,train,652,59,2664.5,6,339.5,0,0,9,-0.8899999999999999,0.8702877759933472,0
7653,7,train,653,59,2694.0,6,342.5,0,0,9,-0.8899999999999999,1.067644476890564,0
7654,7,train,654,59,2723.5,6,345.5,0,0,9,-0.8899999999999999,1.120456576347351,0
7655,7,train,655,60,2754.5,6,348.5,0,1,9,-0.8999999999999999,1.1378147602081299,0
7656,7,train,656,61,2786.0,6,351.5,0,2,9,-0.9099999999999999,1.200606107711792,0
7657,7,train,657,55,2340.0,3,227.5,0,0,0,-0.7000000000000001,1.4902327060699463,0
7658,7,train,658,51,2051.5,3,229.0,0,0,0,-0.66,1.2764313220977783,0
7659,7,train,659,47,1787.5,3,230.5,0,1,0,-0.62,1.3797240257263184,0
7660,7,train,660,43,1553.0,3,232.0,1,0,0,-0.58,1.4425654411315918,0
7661,7,train,661,43,1574.5,3,183.0,0,0,0,-0.58,1.292020559310913,0
7662,7,train,662,39,1374.5,3,184.5,0,0,0,-0.54,1.561983585357666,0
7663,7,train,663,36,1215.0,3,186.0,0,0,0,-0.51,1.5870680809020996,0
7664,7,train,664,36,1212.5,4,189.0,0,0,0,-0.56,1.3775564432144165,0
7665,7,train,665,34,1124.5,3,94.5,0,0,0,-0.49,1.0028743743896484,0
7666,7,train,666,31,1057.5,3,96.0,0,0,0,-0.45999999999999996,0.9445155262947083,0
7667,7,train,667,31,1073.0,2,94.5,0,0,0,-0.41000000000000003,1.359910011291504,0
7668,7,train,668,28,1026.0,1,90.5,0,0,0,-0.33,1.0312635898590088,0
7669,7,train,669,26,1000.0,1,91.0,0,1,0,-0.31,1.7156143188476562,0
7670,7,train,670,26,1013.0,1,91.5,0,1,0,-0.31,1.1904900074005127,0
7671,7,train,671,24,992.0,0,0.0,0,0,0,-0.24,0.6769165992736816,0
7672,7,train,672,23,999.5,0,0.0,1,2,0,-0.23,0.9753792881965637,0
7673,7,train,673,23,1011.0,0,0.0,0,0,0,-0.23,1.2319976091384888,0
7674,7,train,674,23,1022.5,1,1.5,0,0,0,-0.28,1.4254937171936035,0
7675,7,train,675,25,1037.0,1,2.0,0,0,0,-0.3,1.3865554332733154,0
7676,7,train,676,25,1049.5,1,2.5,0,0,0,-0.3,0.6754938960075378,0
7677,7,train,677,25,1062.0,1,3.0,0,0,0,-0.3,1.479686975479126,0
7678,7,train,678,25,1074.5,1,3.5,0,0,0,-0.3,1.4151912927627563,0
7679,7,train,679,25,1087.0,1,4.0,0,0,0,-0.3,1.0857701301574707,0
7680,7,train,680,25,1099.5,1,4.5,0,2,0,-0.3,1.1256089210510254,0
7681,7,train,681,25,1112.0,1,1.5,0,0,0,-0.3,1.3688384294509888,0
7682,7,train,682,25,1124.5,1,2.0,0,0,0,-0.3,1.191417932510376,0
7683,7,train,683,25,1137.0,1,2.5,0,0,0,-0.3,1.7694205045700073,0
7684,7,train,684,25,1149.5,1,3.0,0,0,0,-0.3,1.0429002046585083,0
7685,7,train,685,25,1162.0,2,5.0,0,0,0,-0.35,1.0376038551330566,0
7686,7,train,686,25,1174.5,2,6.0,0,0,0,-0.35,1.039246916770935,0
7687,7,train,687,25,1187.0,2,7.0,0,0,0,-0.35,1.3850741386413574,0
7688,7,train,688,25,1199.5,2,8.0,0,0,0,-0.35,1.5952675342559814,0
7689,7,train,689,25,1212.0,2,9.0,0,0,0,-0.35,0.9749542474746704,0
7690,7,train,690,25,1224.5,2,10.0,0,0,0,-0.35,1.4765545129776,0
7691,7,train,691,25,1237.0,2,8.0,0,0,0,-0.35,1.3625483512878418,0
7692,7,train,692,26,1251.0,2,9.0,1,0,0,-0.36,1.0361360311508179,0
7693,7,train,693,26,1264.0,2,10.0,0,0,0,-0.36,1.2301325798034668,0
7694,7,train,694,28,1280.0,2,11.0,0,0,0,-0.38,1.1107892990112305,0
7695,7,train,695,28,1294.0,4,15.0,0,0,0,-0.48000000000000004,1.4951366186141968,0
7696,7,train,696,28,1308.0,4,17.0,1,0,0,-0.48000000000000004,1.1238751411437988,0
7697,7,train,697,28,1322.0,4,19.0,0,0,0,-0.48000000000000004,0.7998409271240234,0
7698,7,train,698,28,1336.0,4,21.0,0,1,0,-0.48000000000000004,1.4887802600860596,0
7699,7,train,699,28,1350.0,4,23.0,0,0,0,-0.48000000000000004,0.7168347835540771,0
7700,7,train,700,28,1364.0,4,25.0,0,0,0,-0.48000000000000004,1.0802886486053467,0
7701,7,train,701,28,1378.0,4,27.0,0,1,0,-0.48000000000000004,0.9843704700469971,0
7702,7,train,702,30,1395.0,3,24.0,0,0,0,-0.44999999999999996,1.3778636455535889,0
7703,7,train,703,35,1417.5,2,20.0,0,0,0,-0.44999999999999996,0.5671623349189758,0
7704,7,train,704,35,1435.0,2,21.0,0,1,0,-0.44999999999999996,1.3024420738220215,0
7705,7,train,705,37,1455.5,2,22.0,0,0,0,-0.47,1.2781670093536377,0
7706,7,train,706,37,1474.0,2,23.0,0,0,0,-0.47,1.0346267223358154,0
7707,7,train,707,35,1285.5,2,24.0,1,1,1,-0.44999999999999996,1.452075719833374,0
7708,7,train,708,33,1198.0,2,25.0,0,0,1,-0.43000000000000005,1.0636812448501587,0
7709,7,train,709,31,1207.5,2,26.0,0,2,1,-0.41000000000000003,1.1719515323638916,0
7710,7,train,710,31,1223.0,2,27.0,0,1,1,-0.41000000000000003,1.3563897609710693,0
7711,7,train,711,32,1240.0,2,28.0,0,0,1,-0.42000000000000004,1.2475026845932007,0
7712,7,train,712,32,1256.0,2,29.0,0,2,1,-0.42000000000000004,1.3088111877441406,0
7713,7,train,713,32,1272.0,2,30.0,0,1,1,-0.42000000000000004,1.2414755821228027,0
7714,7,train,714,33,1289.5,2,31.0,0,0,1,-0.43000000000000005,1.116654396057129,0
7715,7,train,715,33,1306.0,2,32.0,0,0,1,-0.43000000000000005,1.345535159111023,0
7716,7,train,716,33,1322.5,2,33.0,0,1,1,-0.43000000000000005,1.3871222734451294,0
7717,7,train,717,34,1340.5,2,34.0,0,1,1,-0.44000000000000006,1.3211442232131958,0
7718,7,train,718,34,1357.5,2,35.0,0,0,1,-0.44000000000000006,1.0527504682540894,0
7719,7,train,719,34,1374.5,2,36.0,0,1,1,-0.44000000000000006,1.562981367111206,0
7720,7,train,720,34,1391.5,2,37.0,0,0,1,-0.44000000000000006,1.1619330644607544,0
7721,7,train,721,35,1410.0,2,38.0,0,0,1,-0.44999999999999996,1.3812034130096436,0
7722,7,train,722,35,1427.5,2,39.0,0,0,1,-0.44999999999999996,1.3319423198699951,0
7723,7,train,723,36,1446.5,2,40.0,0,1,1,-0.45999999999999996,1.1181302070617676,0
7724,7,train,724,36,1464.5,2,41.0,0,0,1,-0.45999999999999996,1.4126780033111572,0
7725,7,train,725,35,1479.0,2,42.0,0,2,1,-0.44999999999999996,1.1033751964569092,0
7726,7,train,726,35,1496.5,2,43.0,0,0,1,-0.44999999999999996,1.514601469039917,0
7727,7,train,727,35,1514.0,2,44.0,0,0,1,-0.44999999999999996,1.1935739517211914,0
7728,7,train,728,35,1531.5,2,45.0,0,1,1,-0.44999999999999996,1.363161325454712,0
7729,7,train,729,35,1549.0,2,46.0,0,0,1,-0.44999999999999996,0.8303813934326172,0
7730,7,train,730,36,1568.0,2,47.0,0,0,1,-0.45999999999999996,1.4581949710845947,0
7731,7,train,731,37,1587.5,2,48.0,1,0,1,-0.47,0.8060656189918518,0
7732,7,train,732,37,1606.0,3,50.5,0,0,1,-0.52,1.20832097530365,0
7733,7,train,733,38,1626.0,3,52.0,0,0,1,-0.53,1.059549331665039,0
7734,7,train,734,38,1645.0,3,53.5,0,0,1,-0.53,1.4321695566177368,0
7735,7,train,735,38,1664.0,4,56.5,0,0,1,-0.5800000000000001,1.4119296073913574,0
7736,7,train,736,38,1683.0,4,58.5,0,1,1,-0.5800000000000001,1.176355004310608,0
7737,7,train,737,38,1702.0,4,60.5,0,1,1,-0.5800000000000001,0.9523583054542542,0
7738,7,train,738,38,1721.0,4,62.5,1,0,1,-0.5800000000000001,1.3302876949310303,0
7739,7,train,739,38,1740.0,4,64.5,1,0,1,-0.5800000000000001,1.234790563583374,0
7740,7,train,740,38,1759.0,4,66.5,0,0,1,-0.5800000000000001,0.9758353233337402,0
7741,7,train,741,38,1778.0,4,68.5,0,0,1,-0.5800000000000001,1.3468401432037354,0
7742,7,train,742,39,1798.5,4,70.5,0,0,1,-0.5900000000000001,1.3494222164154053,0
7743,7,train,743,39,1818.0,4,72.5,0,0,1,-0.5900000000000001,1.5169124603271484,0
7744,7,train,744,40,1839.0,4,74.5,0,2,1,-0.6000000000000001,1.1710350513458252,0
7745,7,train,745,40,1859.0,4,76.5,0,0,1,-0.6000000000000001,0.8466542363166809,0
7746,7,train,746,40,1879.0,4,78.5,0,0,1,-0.6000000000000001,0.6681312918663025,0
7747,7,train,747,40,1899.0,4,80.5,0,4,1,-0.6000000000000001,0.5916606187820435,0
7748,7,train,748,40,1919.0,4,82.5,0,0,1,-0.6000000000000001,1.2809960842132568,0
7749,7,train,749,40,1939.0,4,84.5,0,0,1,-0.6000000000000001,1.1801750659942627,0
7750,7,train,750,40,1959.0,4,86.5,1,2,1,-0.6000000000000001,1.290682315826416,0
7751,7,train,751,40,1979.0,4,88.5,0,0,1,-0.6000000000000001,1.220005989074707,0
7752,7,train,752,40,1999.0,4,90.5,0,0,1,-0.6000000000000001,1.3235622644424438,0
7753,7,train,753,41,2020.5,4,92.5,0,2,1,-0.61,0.704556941986084,0
7754,7,train,754,42,2042.5,4,94.5,0,0,1,-0.62,1.1222227811813354,0
7755,7,train,755,42,2063.5,4,96.5,0,0,1,-0.62,1.1596183776855469,0
7756,7,train,756,42,2084.5,4,98.5,0,2,1,-0.62,1.5370410680770874,0
7757,7,train,757,42,2105.5,4,100.5,0,0,1,-0.62,0.8984909057617188,0
7758,7,train,758,42,2126.5,4,102.5,0,0,1,-0.62,1.5599722862243652,0
7759,7,train,759,42,2147.5,4,104.5,0,2,1,-0.62,1.4652948379516602,0
7760,7,train,760,43,2170.0,4,106.5,0,1,1,-0.63,1.124155044555664,0
7761,7,train,761,43,2191.5,4,108.5,0,1,1,-0.63,1.005690097808838,0
7762,7,train,762,43,2213.0,4,110.5,0,1,1,-0.63,1.205986738204956,0
7763,7,train,763,44,2236.0,5,114.0,0,1,1,-0.69,0.9738817811012268,0
7764,7,train,764,44,2258.0,5,116.5,0,0,1,-0.69,1.5937080383300781,0
7765,7,train,765,45,2281.5,5,119.0,0,1,1,-0.7,1.1558380126953125,0
7766,7,train,766,45,2304.0,5,121.5,0,1,1,-0.7,0.8464768528938293,0
7767,7,train,767,45,2326.5,5,124.0,0,0,1,-0.7,0.6518666744232178,0
7768,7,train,768,45,2349.0,5,126.5,0,3,1,-0.7,1.3440077304840088,0
7769,7,train,769,45,2371.5,5,129.0,0,1,1,-0.7,1.0226962566375732,0
7770,7,train,770,45,2394.0,5,131.5,0,0,1,-0.7,1.2675530910491943,0
7771,7,train,771,46,2418.0,5,134.0,0,2,1,-0.71,1.2839350700378418,0
7772,7,train,772,47,2442.5,5,136.5,0,0,1,-0.72,1.298315167427063,0
7773,7,train,773,47,2466.0,5,139.0,0,1,1,-0.72,1.4616522789001465,0
7774,7,train,774,47,2489.5,5,141.5,0,2,1,-0.72,1.2309858798980713,0
7775,7,train,775,47,2513.0,5,144.0,1,0,1,-0.72,1.2089056968688965,0
7776,7,train,776,49,2539.5,5,146.5,0,2,1,-0.74,1.091825246810913,0
7777,7,train,777,49,2564.0,5,149.0,0,2,1,-0.74,1.1444063186645508,0
7778,7,train,778,49,2588.5,5,151.5,0,0,1,-0.74,1.45308518409729,0
7779,7,train,779,51,2616.0,5,154.0,0,0,1,-0.76,1.3598899841308594,0
7780,7,train,780,51,2641.5,6,158.0,0,2,1,-0.81,0.7199882864952087,0
7781,7,train,781,51,2667.0,6,161.0,0,1,1,-0.81,0.8988978862762451,0
7782,7,train,782,51,2692.5,6,164.0,0,0,1,-0.81,1.103748083114624,0
7783,7,train,783,51,2718.0,6,167.0,0,3,1,-0.81,1.5771617889404297,0
7784,7,train,784,52,2745.0,6,170.0,0,0,2,-0.8200000000000001,0.8461964130401611,1
7785,7,train,785,52,2771.0,6,173.0,0,1,2,-0.8200000000000001,1.1417694091796875,0
7786,7,train,786,52,2797.0,6,176.0,0,2,2,-0.8200000000000001,1.6596752405166626,0
7787,7,train,787,52,2823.0,6,179.0,0,1,2,-0.8200000000000001,1.335637092590332,0
7788,7,train,788,52,2849.0,6,182.0,0,0,2,-0.8200000000000001,1.340998649597168,0
7789,7,train,789,53,2876.5,6,185.0,0,2,2,-0.8300000000000001,0.9643106460571289,0
7790,7,train,790,53,2903.0,6,188.0,0,1,2,-0.8300000000000001,1.287675142288208,0
7791,7,train,791,53,2929.5,6,191.0,0,0,2,-0.8300000000000001,1.1682941913604736,0
7792,7,train,792,53,2956.0,6,194.0,0,2,2,-0.8300000000000001,1.1400483846664429,0
7793,7,train,793,54,2984.0,6,197.0,0,0,2,-0.8400000000000001,1.1532518863677979,0
7794,7,train,794,55,3012.5,6,200.0,0,0,2,-0.8500000000000001,1.6856459379196167,0
7795,7,train,795,55,3040.0,6,203.0,0,1,2,-0.8500000000000001,1.584749460220337,0
7796,7,train,796,53,2750.0,6,206.0,0,2,3,-0.8300000000000001,1.4902939796447754,0
7797,7,train,797,52,2470.5,6,209.0,0,0,3,-0.8200000000000001,1.6160321235656738,0
7798,7,train,798,50,2227.5,6,212.0,0,2,3,-0.8,0.5543652772903442,0
7799,7,train,799,48,2055.0,6,215.0,0,0,3,-0.78,1.489357829093933,0
7800,7,train,800,48,2079.0,6,218.0,0,0,3,-0.78,1.4711140394210815,0
7801,7,train,801,46,1971.5,6,221.0,0,2,3,-0.76,1.0863628387451172,0
7802,7,train,802,44,1926.0,6,224.0,0,0,3,-0.74,1.4573495388031006,0
7803,7,train,803,44,1936.0,6,227.0,0,0,3,-0.74,1.6756696701049805,0
7804,7,train,804,45,1959.5,6,230.0,0,0,3,-0.75,1.2299585342407227,0
7805,7,train,805,46,1983.5,6,233.0,0,1,3,-0.76,0.6094695329666138,0
7806,7,train,806,46,2006.5,6,236.0,0,1,3,-0.76,1.3311951160430908,0
7807,7,train,807,46,2029.5,6,239.0,0,0,3,-0.76,1.5744915008544922,0
7808,7,train,808,46,2052.5,6,242.0,0,0,3,-0.76,1.3073947429656982,0
7809,7,train,809,46,2075.5,6,245.0,0,0,3,-0.76,0.8652198314666748,0
7810,7,train,810,46,2098.5,6,248.0,0,0,4,-0.76,1.064922571182251,1
7811,7,train,811,47,2123.0,6,251.0,0,1,4,-0.77,1.0227179527282715,0
7812,7,train,812,47,2146.5,6,254.0,0,0,4,-0.77,1.4770489931106567,0
7813,7,train,813,47,2170.0,6,257.0,0,0,4,-0.77,1.3039405345916748,0
7814,7,train,814,48,2195.0,6,260.0,0,0,4,-0.78,1.436326026916504,0
7815,7,train,815,48,2219.0,6,263.0,0,2,4,-0.78,1.4988868236541748,0
7816,7,train,816,49,2244.5,6,266.0,0,0,4,-0.79,1.3600388765335083,0
7817,7,train,817,50,2270.5,6,269.0,0,0,4,-0.8,1.0771373510360718,0
7818,7,train,818,52,2298.5,6,272.0,0,0,4,-0.8200000000000001,1.3139402866363525,0
7819,7,train,819,53,2326.0,6,275.0,0,0,4,-0.8300000000000001,1.1196813583374023,0
7820,7,train,820,55,2355.5,6,278.0,0,0,4,-0.8500000000000001,1.201013445854187,0
7821,7,train,821,55,2383.0,6,281.0,0,0,4,-0.8500000000000001,0.8139141201972961,0
7822,7,train,822,53,2018.5,2,139.0,0,0,5,-0.63,1.2336475849151611,0
7823,7,train,823,49,1696.0,2,140.0,0,0,5,-0.59,1.532336950302124,0
7824,7,train,824,45,1406.0,2,141.0,0,0,5,-0.55,1.1467478275299072,0
7825,7,train,825,42,1165.0,2,142.0,0,0,5,-0.52,1.570807933807373,0
7826,7,train,826,42,1186.0,2,143.0,0,0,5,-0.52,0.8217505216598511,0
7827,7,train,827,38,982.5,2,144.0,0,0,5,-0.48,1.4274576902389526,0
7828,7,train,828,35,815.5,2,145.0,0,0,5,-0.44999999999999996,1.2000012397766113,0
7829,7,train,829,32,700.5,2,146.0,0,0,5,-0.42000000000000004,1.048466444015503,0
7830,7,train,830,32,691.0,2,147.0,0,0,5,-0.42000000000000004,1.2047741413116455,0
7831,7,train,831,30,581.5,2,148.0,1,0,5,-0.4,1.286076307296753,0
7832,7,train,832,27,514.5,0,0.0,0,0,5,-0.27,1.2584320306777954,0
7833,7,train,833,27,521.0,0,0.0,0,0,5,-0.27,1.2417073249816895,0
7834,7,train,834,23,480.0,0,0.0,0,2,5,-0.23,1.6654942035675049,0
7835,7,train,835,22,474.0,0,0.0,0,0,5,-0.22,1.408125400543213,0
7836,7,train,836,22,485.0,0,0.0,0,1,5,-0.22,1.4858827590942383,0
7837,7,train,837,21,492.5,0,0.0,0,0,5,-0.21,1.1178712844848633,0
7838,7,train,838,21,503.0,0,0.0,0,0,5,-0.21,1.4504932165145874,0
7839,7,train,839,21,513.5,0,0.0,0,0,5,-0.21,1.119811773300171,0
7840,7,train,840,21,524.0,0,0.0,0,0,5,-0.21,1.2332026958465576,0
7841,7,train,841,22,536.0,0,0.0,0,0,5,-0.22,1.5422115325927734,0
7842,7,train,842,22,547.0,0,0.0,0,0,5,-0.22,0.37617403268814087,0
7843,7,train,843,23,559.5,0,0.0,1,2,5,-0.23,1.035282850265503,0
7844,7,train,844,25,574.0,0,0.0,0,0,5,-0.25,1.341874122619629,0
7845,7,train,845,26,588.0,0,0.0,0,0,5,-0.26,0.7309255599975586,0
7846,7,train,846,26,601.0,0,0.0,0,2,5,-0.26,0.9748234748840332,0
7847,7,train,847,26,614.0,0,0.0,0,0,5,-0.26,1.2486412525177002,0
7848,7,train,848,26,627.0,0,0.0,0,0,5,-0.26,1.4283537864685059,0
7849,7,train,849,26,640.0,0,0.0,0,0,5,-0.26,1.2330474853515625,0
7850,7,train,850,27,654.5,0,0.0,0,0,5,-0.27,1.156691551208496,0
7851,7,train,851,27,668.0,0,0.0,0,0,5,-0.27,1.0981011390686035,0
7852,7,train,852,28,683.0,0,0.0,0,0,5,-0.28,1.636216163635254,0
7853,7,train,853,28,697.0,0,0.0,0,1,5,-0.28,1.5625996589660645,0
7854,7,train,854,28,711.0,0,0.0,0,0,5,-0.28,1.080891728401184,0
7855,7,train,855,28,725.0,0,0.0,0,0,5,-0.28,1.530843734741211,0
7856,7,train,856,28,739.0,0,0.0,0,1,5,-0.28,1.4394373893737793,0
7857,7,train,857,28,753.0,0,0.0,0,1,5,-0.28,1.2027437686920166,0
7858,7,train,858,29,768.5,0,0.0,0,0,5,-0.29,1.3084547519683838,0
7859,7,train,859,29,783.0,0,0.0,1,0,5,-0.29,1.1443216800689697,0
7860,7,train,860,29,797.5,0,0.0,0,0,5,-0.29,1.1462388038635254,0
7861,7,train,861,30,813.5,0,0.0,0,0,5,-0.3,1.407153606414795,0
7862,7,train,862,31,830.0,0,0.0,0,0,5,-0.31,1.2651220560073853,0
7863,7,train,863,31,845.5,0,0.0,0,0,5,-0.31,1.6150802373886108,0
7864,7,train,864,31,861.0,0,0.0,0,0,5,-0.31,1.122154951095581,0
7865,7,train,865,31,876.5,0,0.0,0,0,5,-0.31,0.7288210988044739,0
7866,7,train,866,31,892.0,0,0.0,0,0,5,-0.31,1.211051344871521,0
7867,7,train,867,31,907.5,0,0.0,0,0,5,-0.31,1.4919068813323975,0
7868,7,train,868,31,923.0,0,0.0,0,0,5,-0.31,1.187018632888794,0
7869,7,train,869,32,940.0,0,0.0,0,0,5,-0.32,1.4243381023406982,0
7870,7,train,870,32,956.0,0,0.0,0,0,5,-0.32,1.515040397644043,0
7871,7,train,871,32,972.0,0,0.0,0,0,5,-0.32,1.0059373378753662,0
7872,7,train,872,30,816.0,1,1.5,0,0,6,-0.35,1.5968433618545532,0
7873,7,train,873,28,770.5,1,2.0,1,0,6,-0.33,1.0492678880691528,0
7874,7,train,874,28,784.5,1,2.5,0,0,6,-0.33,1.4157336950302124,0
7875,7,train,875,28,798.5,1,3.0,0,0,6,-0.33,1.5866293907165527,0
7876,7,train,876,28,812.5,1,3.5,0,1,6,-0.33,1.0006576776504517,0
7877,7,train,877,28,826.5,1,4.0,0,0,6,-0.33,1.0779856443405151,0
7878,7,train,878,28,840.5,1,4.5,1,0,6,-0.33,1.4635565280914307,0
7879,7,train,879,28,854.5,1,5.0,0,1,6,-0.33,1.2562179565429688,0
7880,7,train,880,29,870.0,1,5.5,1,0,6,-0.33999999999999997,1.281035304069519,0
7881,7,train,881,30,886.0,1,6.0,0,2,6,-0.35,1.2946900129318237,0
7882,7,train,882,31,902.5,1,6.5,0,1,6,-0.36,1.5919086933135986,0
7883,7,train,883,31,918.0,1,7.0,0,0,6,-0.36,1.3519737720489502,0
7884,7,train,884,31,933.5,2,9.0,0,2,6,-0.41000000000000003,1.3002965450286865,0
7885,7,train,885,31,949.0,2,10.0,0,1,6,-0.41000000000000003,1.520807147026062,0
7886,7,train,886,31,964.5,3,12.5,0,0,6,-0.45999999999999996,1.4156672954559326,0
7887,7,train,887,31,980.0,3,14.0,0,0,6,-0.45999999999999996,1.3590110540390015,0
7888,7,train,888,31,995.5,3,15.5,0,0,6,-0.45999999999999996,0.9049820899963379,0
7889,7,train,889,31,1011.0,4,18.5,0,0,6,-0.51,1.4308449029922485,0
7890,7,train,890,31,1026.5,3,18.5,0,0,6,-0.45999999999999996,1.1363656520843506,0
7891,7,train,891,31,1042.0,3,20.0,0,0,6,-0.45999999999999996,1.2229253053665161,0
7892,7,train,892,32,1059.0,3,21.5,1,0,6,-0.47,1.5388765335083008,0
7893,7,train,893,32,1075.0,4,24.5,0,0,6,-0.52,1.4091445207595825,0
7894,7,train,894,32,1091.0,4,26.5,0,1,6,-0.52,1.2734441757202148,0
7895,7,train,895,32,1107.0,4,28.5,0,0,6,-0.52,1.3545594215393066,0
7896,7,train,896,32,1123.0,4,30.5,0,1,6,-0.52,0.8149356245994568,0
7897,7,train,897,32,1139.0,5,34.0,0,0,6,-0.5700000000000001,1.6035712957382202,0
7898,7,train,898,32,1155.0,5,36.5,0,0,6,-0.5700000000000001,1.3720817565917969,0
7899,7,train,899,32,1171.0,4,36.5,0,0,6,-0.52,1.360489845275879,0
7900,7,train,900,33,1188.5,4,38.5,0,0,6,-0.53,0.9282200336456299,0
7901,7,train,901,33,1205.0,4,40.5,0,0,6,-0.53,1.4643847942352295,0
7902,7,train,902,33,1221.5,5,44.0,0,3,6,-0.5800000000000001,1.5118662118911743,0
7903,7,train,903,33,1238.0,5,46.5,0,0,6,-0.5800000000000001,1.401529312133789,0
7904,7,train,904,33,1254.5,5,49.0,0,0,6,-0.5800000000000001,1.4979585409164429,0
7905,7,train,905,33,1271.0,5,51.5,0,2,6,-0.5800000000000001,0.7722517251968384,0
7906,7,train,906,33,1287.5,5,54.0,0,0,6,-0.5800000000000001,1.6022510528564453,0
7907,7,train,907,34,1305.5,5,56.5,0,0,6,-0.5900000000000001,1.490921974182129,0
7908,7,train,908,34,1322.5,5,59.0,0,2,6,-0.5900000000000001,1.102569818496704,0
7909,7,train,909,35,1341.0,5,61.5,0,0,6,-0.6,1.0941847562789917,0
7910,7,train,910,35,1358.5,5,64.0,0,0,6,-0.6,1.355823040008545,0
7911,7,train,911,35,1376.0,5,66.5,0,1,6,-0.6,1.3770358562469482,0
7912,7,train,912,37,1396.5,5,69.0,0,1,6,-0.62,1.2874510288238525,0
7913,7,train,913,38,1416.5,6,73.0,1,0,6,-0.6799999999999999,1.5603033304214478,0
7914,7,train,914,39,1437.0,6,76.0,0,3,6,-0.69,1.334127426147461,0
7915,7,train,915,39,1456.5,6,79.0,0,1,6,-0.69,1.4864771366119385,0
7916,7,train,916,39,1476.0,7,83.5,0,0,6,-0.74,1.3206098079681396,0
7917,7,train,917,39,1495.5,7,87.0,0,2,6,-0.74,0.9195092916488647,0
7918,7,train,918,39,1515.0,7,90.5,0,0,6,-0.74,0.9181027412414551,0
7919,7,train,919,39,1534.5,7,94.0,0,1,6,-0.74,1.6942946910858154,0
7920,7,train,920,41,1557.0,7,97.5,0,1,6,-0.76,1.165852427482605,0
7921,7,train,921,43,1580.5,7,101.0,0,0,7,-0.78,1.2810763120651245,1
7922,7,train,922,43,1602.0,7,104.5,0,1,7,-0.78,1.0547664165496826,0
7923,7,train,923,43,1623.5,7,108.0,0,0,7,-0.78,1.0123769044876099,0
7924,7,train,924,43,1645.0,7,111.5,0,1,7,-0.78,1.3622368574142456,0
7925,7,train,925,43,1666.5,7,115.0,0,1,7,-0.78,0.8097600340843201,0
7926,7,train,926,43,1688.0,7,118.5,0,1,7,-0.78,0.9607076644897461,0
7927,7,train,927,43,1709.5,7,122.0,0,2,7,-0.78,0.9980034828186035,0
7928,7,train,928,43,1731.0,7,125.5,0,0,7,-0.78,1.098577857017517,0
7929,7,train,929,43,1752.5,7,129.0,0,1,7,-0.78,1.4533953666687012,0
7930,7,train,930,46,1778.5,7,132.5,0,2,7,-0.81,1.530850887298584,0
7931,7,train,931,48,1804.5,7,136.0,0,0,7,-0.83,1.4922846555709839,0
7932,7,train,932,49,1830.0,7,139.5,0,2,7,-0.84,1.4125728607177734,0
7933,7,train,933,48,1627.0,7,143.0,0,2,8,-0.83,1.1631932258605957,0
7934,7,train,934,46,1490.0,7,146.5,0,0,8,-0.81,1.1594741344451904,0
7935,7,train,935,44,1419.0,7,150.0,0,1,8,-0.79,1.1485943794250488,0
7936,7,train,936,42,1419.0,8,155.0,0,3,8,-0.8200000000000001,1.2154805660247803,0
7937,7,train,937,42,1440.0,8,159.0,0,0,8,-0.8200000000000001,1.4918626546859741,0
7938,7,train,938,42,1461.0,8,163.0,0,1,8,-0.8200000000000001,1.243048906326294,0
7939,7,train,939,42,1482.0,8,167.0,0,2,8,-0.8200000000000001,1.315351963043213,0
7940,7,train,940,42,1503.0,8,171.0,0,0,8,-0.8200000000000001,1.5471277236938477,0
7941,7,train,941,43,1525.5,8,175.0,0,2,8,-0.8300000000000001,0.6538646221160889,0
7942,7,train,942,43,1547.0,8,179.0,1,1,8,-0.8300000000000001,1.279463291168213,0
7943,7,train,943,44,1570.0,8,183.0,0,1,8,-0.8400000000000001,1.454182505607605,0
7944,7,train,944,44,1592.0,8,187.0,0,1,8,-0.8400000000000001,1.328165054321289,0
7945,7,train,945,46,1617.0,8,191.0,0,1,9,-0.8600000000000001,0.8002634048461914,1
7946,7,train,946,47,1641.5,8,195.0,0,1,9,-0.87,1.1953275203704834,0
7947,7,train,947,47,1665.0,8,199.0,0,0,9,-0.87,1.2714097499847412,0
7948,7,train,948,47,1688.5,8,203.0,0,1,9,-0.87,1.4848206043243408,0
7949,7,train,949,51,1718.0,8,207.0,0,0,9,-0.91,1.1660192012786865,0
7950,7,train,950,52,1745.0,8,211.0,0,1,9,-0.92,1.2606987953186035,0
7951,7,train,951,48,1480.0,7,206.0,0,2,0,-0.83,1.4428203105926514,0
7952,7,train,952,44,1250.0,7,209.5,0,1,0,-0.79,1.1340092420578003,0
7953,7,train,953,40,1060.5,7,213.0,0,1,0,-0.75,1.4805333614349365,0
7954,7,train,954,36,908.5,7,216.5,0,3,0,-0.71,0.985210657119751,0
7955,7,train,955,39,931.0,7,220.0,0,0,0,-0.74,0.8221545815467834,0
7956,7,train,956,36,809.0,7,223.5,0,0,0,-0.71,1.292890191078186,0
7957,7,train,957,33,734.0,7,227.0,0,0,0,-0.6799999999999999,1.1254799365997314,0
7958,7,train,958,35,753.5,7,230.5,0,0,0,-0.7,1.4870152473449707,0
7959,7,train,959,31,702.5,6,195.0,0,0,0,-0.61,1.0229241847991943,0
7960,7,train,960,32,719.5,5,152.5,1,0,0,-0.5700000000000001,1.3459347486495972,0
7961,7,train,961,32,700.0,3,105.5,0,1,0,-0.47,0.7267497777938843,0
7962,7,train,962,31,708.5,3,107.0,0,1,0,-0.45999999999999996,0.9496484994888306,0
7963,7,train,963,32,724.5,3,108.5,0,0,0,-0.47,1.1991195678710938,0
7964,7,train,964,31,737.0,3,110.0,0,0,0,-0.45999999999999996,1.1198341846466064,0
7965,7,train,965,33,755.5,3,111.5,0,0,0,-0.48,1.2289347648620605,0
7966,7,train,966,34,773.5,3,113.0,0,0,0,-0.49,1.4547783136367798,0
7967,7,train,967,36,793.5,3,114.5,0,0,0,-0.51,1.0727028846740723,0
7968,7,train,968,36,811.5,3,116.0,0,0,0,-0.51,1.1047072410583496,0
7969,7,train,969,38,832.5,3,117.5,0,0,0,-0.53,1.3052717447280884,0
7970,7,train,970,38,851.5,3,119.0,0,1,0,-0.53,1.246078372001648,0
7971,7,train,971,40,873.5,3,120.5,0,2,0,-0.55,1.3425732851028442,0
7972,7,train,972,40,893.5,3,122.0,0,0,0,-0.55,1.253233790397644,0
7973,7,train,973,41,915.0,3,123.5,0,0,0,-0.5599999999999999,1.4779833555221558,0
7974,7,train,974,43,938.5,3,125.0,0,0,0,-0.58,1.0080692768096924,0
7975,7,train,975,43,960.0,3,126.5,0,0,0,-0.58,1.0602316856384277,0
7976,7,train,976,43,981.5,3,128.0,0,0,0,-0.58,1.6051366329193115,0
7977,7,train,977,44,1004.5,3,129.5,0,0,0,-0.59,0.8423233032226562,0
7978,7,train,978,44,1026.5,3,131.0,1,0,0,-0.59,1.421475887298584,0
7979,7,train,979,44,1048.5,3,132.5,0,0,0,-0.59,1.235753059387207,0
7980,7,train,980,45,1072.0,3,134.0,0,0,0,-0.6,1.4961092472076416,0
7981,7,train,981,46,1096.0,3,135.5,0,1,0,-0.61,0.9981117248535156,0
7982,7,train,982,46,1119.0,3,137.0,0,1,0,-0.61,1.086681604385376,0
7983,7,train,983,47,1143.5,3,138.5,0,1,0,-0.62,1.1639928817749023,0
7984,7,train,984,48,1168.5,3,140.0,0,0,0,-0.63,1.4122254848480225,0
7985,7,train,985,49,1194.0,3,141.5,0,2,0,-0.64,1.3299994468688965,0
7986,7,train,986,49,1218.5,3,143.0,0,0,0,-0.64,1.103469729423523,0
7987,7,train,987,50,1244.5,3,144.5,0,0,0,-0.65,1.3630177974700928,0
7988,7,train,988,51,1271.0,3,146.0,0,0,0,-0.66,1.1922268867492676,0
7989,7,train,989,52,1298.0,3,147.5,0,0,0,-0.67,1.3143417835235596,0
7990,7,train,990,52,1324.0,3,149.0,0,1,0,-0.67,0.9921987056732178,0
7991,7,train,991,50,1293.0,3,150.5,0,0,0,-0.65,1.426806926727295,0
7992,7,train,992,48,1281.0,3,152.0,0,0,0,-0.63,0.9223403930664062,0
7993,7,train,993,46,1270.0,3,153.5,0,0,0,-0.61,0.9470639228820801,0
7994,7,train,994,44,1259.0,3,155.0,0,0,0,-0.59,1.251822829246521,0
7995,7,train,995,44,1281.0,3,156.5,0,0,0,-0.59,1.5350934267044067,0
7996,7,train,996,42,1269.0,3,158.0,0,0,0,-0.57,1.5620501041412354,0
7997,7,train,997,42,1260.0,3,159.5,0,0,0,-0.57,0.674505352973938,0
7998,7,train,998,41,1265.0,3,161.0,0,0,0,-0.5599999999999999,1.5944099426269531,0
7999,7,train,999,40,1269.0,3,162.5,0,0,0,-0.55,0.7298774719238281,0
8000,8,train,0,0,0.0,0,0.0,0,0,0,-0.0,1.3618580102920532,0
8001,8,train,1,0,0.0,0,0.0,0,0,0,-0.0,1.0182349681854248,0
8002,8,train,2,0,0.0,0,0.0,0,0,0,-0.0,0.992767333984375,0
8003,8,train,3,0,0.0,0,0.0,0,0,0,-0.0,1.0926382541656494,0
8004,8,train,4,0,0.0,0,0.0,0,0,0,-0.0,1.617019772529602,0
8005,8,train,5,0,0.0,0,0.0,0,0,0,-0.0,1.2783403396606445,0
8006,8,train,6,0,0.0,0,0.0,0,0,0,-0.0,0.5974396467208862,0
8007,8,train,7,0,0.0,0,0.0,0,0,0,-0.0,1.371993064880371,0
8008,8,train,8,0,0.0,0,0.0,0,0,0,-0.0,1.2842090129852295,0
8009,8,train,9,0,0.0,0,0.0,0,0,0,-0.0,1.3434094190597534,0
8010,8,train,10,0,0.0,0,0.0,0,0,0,-0.0,0.9470468759536743,0
8011,8,train,11,0,0.0,0,0.0,0,0,0,-0.0,0.6914247274398804,0
8012,8,train,12,0,0.0,0,0.0,0,0,0,-0.0,1.0381399393081665,0
8013,8,train,13,0,0.0,0,0.0,0,0,0,-0.0,1.122695803642273,0
8014,8,train,14,0,0.0,0,0.0,0,0,0,-0.0,1.3997845649719238,0
8015,8,train,15,0,0.0,0,0.0,0,0,0,-0.0,1.4002318382263184,0
8016,8,train,16,0,0.0,0,0.0,0,0,0,-0.0,1.4105839729309082,0
8017,8,train,17,0,0.0,0,0.0,0,0,0,-0.0,1.2118725776672363,0
8018,8,train,18,0,0.0,0,0.0,0,0,0,-0.0,1.1370532512664795,0
8019,8,train,19,0,0.0,0,0.0,0,0,0,-0.0,0.7751627564430237,0
8020,8,train,20,0,0.0,0,0.0,0,0,0,-0.0,1.6841732263565063,0
8021,8,train,21,0,0.0,0,0.0,0,0,0,-0.0,1.1235089302062988,0
8022,8,train,22,0,0.0,0,0.0,0,0,0,-0.0,0.9928486347198486,0
8023,8,train,23,0,0.0,0,0.0,0,0,0,-0.0,1.015375018119812,0
8024,8,train,24,0,0.0,0,0.0,0,0,0,-0.0,1.1972031593322754,0
8025,8,train,25,0,0.0,0,0.0,0,0,0,-0.0,1.2935374975204468,0
8026,8,train,26,0,0.0,0,0.0,0,0,0,-0.0,1.4508434534072876,0
8027,8,train,27,0,0.0,0,0.0,0,0,0,-0.0,1.3472158908843994,0
8028,8,train,28,0,0.0,0,0.0,0,0,0,-0.0,1.0708595514297485,0
8029,8,train,29,0,0.0,0,0.0,0,0,0,-0.0,1.03517484664917,0
8030,8,train,30,0,0.0,0,0.0,0,0,0,-0.0,1.5681673288345337,0
8031,8,train,31,0,0.0,0,0.0,0,0,0,-0.0,1.2677538394927979,0
8032,8,train,32,0,0.0,0,0.0,0,0,0,-0.0,1.3504928350448608,0
8033,8,train,33,0,0.0,0,0.0,0,0,0,-0.0,1.131223440170288,0
8034,8,train,34,0,0.0,0,0.0,0,0,0,-0.0,1.337343692779541,0
8035,8,train,35,0,0.0,0,0.0,0,0,0,-0.0,1.0989601612091064,0
8036,8,train,36,0,0.0,0,0.0,0,0,0,-0.0,1.3371336460113525,0
8037,8,train,37,0,0.0,0,0.0,0,0,0,-0.0,1.5732526779174805,0
8038,8,train,38,0,0.0,0,0.0,0,0,0,-0.0,1.2534739971160889,0
8039,8,train,39,0,0.0,0,0.0,0,0,0,-0.0,1.3384557962417603,0
8040,8,train,40,0,0.0,0,0.0,0,0,0,-0.0,1.501903772354126,0
8041,8,train,41,0,0.0,0,0.0,0,0,0,-0.0,0.8148210048675537,0
8042,8,train,42,0,0.0,0,0.0,0,0,0,-0.0,1.23770272731781,0
8043,8,train,43,0,0.0,0,0.0,0,0,0,-0.0,1.5652406215667725,0
8044,8,train,44,0,0.0,0,0.0,0,0,0,-0.0,1.116485834121704,0
8045,8,train,45,0,0.0,0,0.0,0,0,0,-0.0,1.136449933052063,0
8046,8,train,46,0,0.0,0,0.0,0,0,0,-0.0,1.238299012184143,0
8047,8,train,47,0,0.0,0,0.0,0,0,0,-0.0,1.3393899202346802,0
8048,8,train,48,0,0.0,0,0.0,0,0,0,-0.0,1.2767179012298584,0
8049,8,train,49,0,0.0,0,0.0,0,0,1,-0.0,1.400153398513794,0
8050,8,train,50,0,0.0,0,0.0,0,0,1,-0.0,1.5582430362701416,0
8051,8,train,51,0,0.0,0,0.0,0,0,1,-0.0,1.0601457357406616,0
8052,8,train,52,0,0.0,0,0.0,0,0,1,-0.0,0.8302713632583618,0
8053,8,train,53,0,0.0,0,0.0,0,0,1,-0.0,1.271510362625122,0
8054,8,train,54,0,0.0,0,0.0,0,0,1,-0.0,1.4541819095611572,0
8055,8,train,55,0,0.0,0,0.0,0,0,1,-0.0,1.2249212265014648,0
8056,8,train,56,0,0.0,0,0.0,0,0,1,-0.0,0.8029743432998657,0
8057,8,train,57,0,0.0,0,0.0,0,0,1,-0.0,0.8537191152572632,0
8058,8,train,58,0,0.0,0,0.0,0,0,1,-0.0,1.129347801208496,0
8059,8,train,59,0,0.0,0,0.0,0,0,1,-0.0,1.593833088874817,0
8060,8,train,60,0,0.0,0,0.0,0,0,1,-0.0,1.2430322170257568,0
8061,8,train,61,0,0.0,0,0.0,0,0,1,-0.0,1.291121244430542,0
8062,8,train,62,0,0.0,0,0.0,0,0,1,-0.0,1.1674480438232422,0
8063,8,train,63,0,0.0,0,0.0,0,0,1,-0.0,0.8254328966140747,0
8064,8,train,64,0,0.0,0,0.0,0,0,1,-0.0,0.9706425070762634,0
8065,8,train,65,0,0.0,0,0.0,0,0,1,-0.0,1.3400673866271973,0
8066,8,train,66,0,0.0,0,0.0,0,0,1,-0.0,1.0314056873321533,0
8067,8,train,67,0,0.0,0,0.0,0,0,1,-0.0,1.0841124057769775,0
8068,8,train,68,0,0.0,0,0.0,0,0,1,-0.0,1.2575334310531616,0
8069,8,train,69,0,0.0,0,0.0,0,0,1,-0.0,0.8949722647666931,0
8070,8,train,70,0,0.0,0,0.0,0,0,1,-0.0,1.2675740718841553,0
8071,8,train,71,0,0.0,0,0.0,0,0,1,-0.0,1.1422932147979736,0
8072,8,train,72,0,0.0,0,0.0,0,0,1,-0.0,1.5070688724517822,0
8073,8,train,73,0,0.0,0,0.0,0,0,1,-0.0,1.1842601299285889,0
8074,8,train,74,0,0.0,0,0.0,0,0,1,-0.0,1.4728690385818481,0
8075,8,train,75,0,0.0,0,0.0,0,0,1,-0.0,1.1632635593414307,0
8076,8,train,76,0,0.0,0,0.0,0,0,1,-0.0,1.3405646085739136,0
8077,8,train,77,0,0.0,1,1.5,0,0,1,-0.05,1.1417243480682373,0
8078,8,train,78,5,7.5,3,5.0,0,0,1,-0.2,1.0402898788452148,0
8079,8,train,79,5,10.0,3,6.5,0,0,1,-0.2,1.409101963043213,0
8080,8,train,80,5,12.5,3,8.0,0,0,1,-0.2,1.4306294918060303,0
8081,8,train,81,5,15.0,3,9.5,0,0,1,-0.2,1.1477148532867432,0
8082,8,train,82,5,17.5,3,11.0,0,0,1,-0.2,1.2590168714523315,0
8083,8,train,83,5,20.0,4,14.0,0,0,1,-0.25,1.0388195514678955,0
8084,8,train,84,5,22.5,4,16.0,0,0,1,-0.25,0.9011097550392151,0
8085,8,train,85,5,25.0,5,19.5,0,0,1,-0.3,1.4830455780029297,0
8086,8,train,86,7,30.5,5,22.0,0,0,1,-0.32,1.4583077430725098,0
8087,8,train,87,7,34.0,6,26.0,0,0,1,-0.37,0.7378525137901306,0
8088,8,train,88,7,37.5,6,29.0,0,0,1,-0.37,1.5201631784439087,0
8089,8,train,89,9,44.0,7,33.5,0,0,1,-0.43999999999999995,1.242203950881958,0
8090,8,train,90,9,48.5,6,35.0,0,0,1,-0.39,0.7289882898330688,0
8091,8,train,91,9,53.0,6,38.0,0,0,1,-0.39,1.3463845252990723,0
8092,8,train,92,9,57.5,6,41.0,0,0,1,-0.39,0.7795133590698242,0
8093,8,train,93,9,62.0,6,44.0,0,0,1,-0.39,1.5532927513122559,0
8094,8,train,94,9,66.5,7,48.5,0,0,1,-0.43999999999999995,0.8387084007263184,0
8095,8,train,95,9,71.0,7,52.0,0,0,1,-0.43999999999999995,1.1299940347671509,0
8096,8,train,96,9,75.5,7,55.5,0,0,1,-0.43999999999999995,0.8363506197929382,0
8097,8,train,97,10,81.5,8,60.5,0,0,1,-0.5,1.5334514379501343,0
8098,8,train,98,10,86.5,8,64.5,0,0,1,-0.5,1.2267448902130127,0
8099,8,train,99,10,91.5,8,68.5,0,0,1,-0.5,1.2014539241790771,0
8100,8,train,100,10,96.5,8,72.5,0,0,1,-0.5,1.1587071418762207,0
8101,8,train,101,10,101.5,8,76.5,0,0,1,-0.5,1.0042895078659058,0
8102,8,train,102,11,108.0,8,80.5,0,0,1,-0.51,1.5570106506347656,0
8103,8,train,103,11,113.5,8,84.5,0,0,1,-0.51,1.789893627166748,0
8104,8,train,104,11,119.0,8,88.5,0,0,1,-0.51,1.3293631076812744,0
8105,8,train,105,11,124.5,8,92.5,0,0,1,-0.51,0.8973618745803833,0
8106,8,train,106,11,130.0,8,96.5,0,0,1,-0.51,1.121008038520813,0
8107,8,train,107,11,135.5,8,100.5,0,0,1,-0.51,1.5300637483596802,0
8108,8,train,108,11,141.0,8,104.5,0,0,1,-0.51,1.0996209383010864,0
8109,8,train,109,11,146.5,8,108.5,0,0,1,-0.51,1.3031011819839478,0
8110,8,train,110,11,152.0,8,112.5,0,0,1,-0.51,0.8906366229057312,0
8111,8,train,111,12,159.0,8,116.5,0,0,1,-0.52,1.189817190170288,0
8112,8,train,112,12,165.0,8,120.5,0,0,1,-0.52,1.1070964336395264,0
8113,8,train,113,13,172.5,8,124.5,0,0,1,-0.53,1.291088581085205,0
8114,8,train,114,14,180.5,8,128.5,0,0,1,-0.54,0.7304894924163818,0
8115,8,train,115,14,187.5,8,132.5,0,0,1,-0.54,1.2911107540130615,0
8116,8,train,116,14,194.5,8,136.5,0,0,1,-0.54,1.135292887687683,0
8117,8,train,117,14,201.5,8,140.5,0,0,1,-0.54,1.25445556640625,0
8118,8,train,118,14,208.5,8,144.5,0,0,1,-0.54,1.1479320526123047,0
8119,8,train,119,14,215.5,8,148.5,0,0,1,-0.54,1.0932327508926392,0
8120,8,train,120,14,222.5,8,152.5,0,0,1,-0.54,1.0081284046173096,0
8121,8,train,121,14,229.5,8,156.5,0,0,1,-0.54,1.5174009799957275,0
8122,8,train,122,14,236.5,8,160.5,0,0,1,-0.54,0.6917027235031128,0
8123,8,train,123,15,245.0,8,164.5,0,0,1,-0.55,1.3111658096313477,0
8124,8,train,124,15,252.5,8,168.5,0,0,1,-0.55,1.3465495109558105,0
8125,8,train,125,15,260.0,8,172.5,0,0,1,-0.55,1.313699722290039,0
8126,8,train,126,15,267.5,8,176.5,0,0,1,-0.55,0.9247968792915344,0
8127,8,train,127,15,275.0,8,180.5,0,0,1,-0.55,1.1529090404510498,0
8128,8,train,128,15,282.5,8,184.5,0,0,1,-0.55,1.1843894720077515,0
8129,8,train,129,15,290.0,8,188.5,0,0,1,-0.55,0.9204323291778564,0
8130,8,train,130,16,299.0,8,192.5,0,0,1,-0.56,0.494067519903183,0
8131,8,train,131,16,307.0,8,196.5,0,0,1,-0.56,1.2786732912063599,0
8132,8,train,132,16,315.0,8,200.5,0,0,1,-0.56,1.0678763389587402,0
8133,8,train,133,16,323.0,8,204.5,0,0,1,-0.56,1.111362099647522,0
8134,8,train,134,17,332.5,8,208.5,0,0,1,-0.5700000000000001,1.2345134019851685,0
8135,8,train,135,17,341.0,8,212.5,0,0,1,-0.5700000000000001,0.9732959270477295,0
8136,8,train,136,18,351.0,8,216.5,0,0,1,-0.5800000000000001,0.9438817501068115,0
8137,8,train,137,18,360.0,8,220.5,0,0,1,-0.5800000000000001,1.5213159322738647,0
8138,8,train,138,18,369.0,8,224.5,0,0,1,-0.5800000000000001,1.5664880275726318,0
8139,8,train,139,18,378.0,8,228.5,0,0,2,-0.5800000000000001,1.3442835807800293,0
8140,8,train,140,18,387.0,8,232.5,0,0,2,-0.5800000000000001,1.2890704870224,0
8141,8,train,141,18,396.0,8,236.5,0,0,2,-0.5800000000000001,1.2578701972961426,0
8142,8,train,142,19,406.5,8,240.5,0,0,2,-0.5900000000000001,1.409236192703247,0
8143,8,train,143,19,416.0,8,244.5,0,0,2,-0.5900000000000001,1.0929172039031982,0
8144,8,train,144,20,427.0,8,248.5,0,0,2,-0.6000000000000001,1.4064760208129883,0
8145,8,train,145,20,437.0,8,252.5,0,0,2,-0.6000000000000001,1.4851551055908203,0
8146,8,train,146,20,447.0,8,256.5,0,0,2,-0.6000000000000001,0.8813540935516357,0
8147,8,train,147,20,457.0,8,260.5,0,0,2,-0.6000000000000001,0.8405468463897705,0
8148,8,train,148,20,467.0,8,264.5,0,1,2,-0.6000000000000001,0.9958310723304749,0
8149,8,train,149,20,477.0,8,268.5,0,0,2,-0.6000000000000001,1.1071444749832153,0
8150,8,train,150,20,487.0,8,272.5,0,0,2,-0.6000000000000001,1.4624848365783691,0
8151,8,train,151,19,430.5,8,276.5,0,0,3,-0.5900000000000001,1.4232380390167236,0
8152,8,train,152,21,443.0,8,280.5,0,0,3,-0.61,0.9286390542984009,0
8153,8,train,153,21,453.5,8,284.5,0,0,3,-0.61,1.2077611684799194,0
8154,8,train,154,21,464.0,8,288.5,0,0,3,-0.61,0.8639650344848633,0
8155,8,train,155,21,474.5,8,292.5,0,0,3,-0.61,1.4898712635040283,0
8156,8,train,156,21,485.0,8,296.5,0,0,3,-0.61,1.136851191520691,0
8157,8,train,157,21,495.5,8,300.5,0,0,3,-0.61,1.1945775747299194,0
8158,8,train,158,21,506.0,8,304.5,0,0,3,-0.61,1.4981786012649536,0
8159,8,train,159,22,518.0,8,308.5,0,1,3,-0.62,1.0013933181762695,0
8160,8,train,160,22,529.0,8,312.5,0,0,3,-0.62,1.1858117580413818,0
8161,8,train,161,22,540.0,8,316.5,0,0,3,-0.62,0.8189964294433594,0
8162,8,train,162,25,555.5,8,320.5,0,0,3,-0.65,1.212479591369629,0
8163,8,train,163,25,568.0,8,324.5,0,0,3,-0.65,1.474536418914795,0
8164,8,train,164,29,586.5,8,328.5,0,0,3,-0.69,1.2380475997924805,0
8165,8,train,165,29,601.0,8,332.5,0,1,3,-0.69,0.8426587581634521,0
8166,8,train,166,29,615.5,8,336.5,0,2,3,-0.69,1.2719427347183228,0
8167,8,train,167,29,630.0,8,340.5,0,0,3,-0.69,0.9960523843765259,0
8168,8,train,168,29,644.5,8,344.5,0,1,3,-0.69,1.2597661018371582,0
8169,8,train,169,31,662.0,8,348.5,0,0,3,-0.71,1.0775007009506226,0
8170,8,train,170,31,677.5,8,352.5,0,1,3,-0.71,1.106025218963623,0
8171,8,train,171,31,693.0,8,356.5,0,0,3,-0.71,1.2718582153320312,0
8172,8,train,172,33,711.5,8,360.5,0,0,3,-0.73,1.0759975910186768,0
8173,8,train,173,35,731.0,8,364.5,0,0,3,-0.75,0.8233312368392944,0
8174,8,train,174,35,748.5,8,368.5,0,0,3,-0.75,1.29390287399292,0
8175,8,train,175,36,767.5,8,372.5,0,0,3,-0.76,1.3068959712982178,0
8176,8,train,176,36,785.5,8,376.5,0,1,3,-0.76,1.0606940984725952,0
8177,8,train,177,36,803.5,8,380.5,0,0,3,-0.76,1.0485877990722656,0
8178,8,train,178,36,821.5,8,384.5,0,0,4,-0.76,1.6619014739990234,1
8179,8,train,179,36,839.5,8,388.5,0,0,4,-0.76,1.4245936870574951,0
8180,8,train,180,36,857.5,8,392.5,0,0,4,-0.76,1.5702966451644897,0
8181,8,train,181,36,875.5,8,396.5,0,0,4,-0.76,1.3573912382125854,0
8182,8,train,182,36,893.5,8,400.5,0,0,4,-0.76,1.6002554893493652,0
8183,8,train,183,36,911.5,8,404.5,0,0,4,-0.76,1.0786356925964355,0
8184,8,train,184,38,932.5,8,408.5,0,0,4,-0.78,1.138913631439209,0
8185,8,train,185,38,946.5,8,412.5,0,0,4,-0.78,1.1536372900009155,0
8186,8,train,186,39,967.0,8,416.5,0,0,4,-0.79,1.138715386390686,0
8187,8,train,187,40,988.0,8,420.5,0,0,4,-0.8,1.002249002456665,0
8188,8,train,188,40,1008.0,8,424.5,0,0,4,-0.8,0.6998120546340942,0
8189,8,train,189,41,1029.5,8,428.5,0,0,4,-0.81,1.3044252395629883,0
8190,8,train,190,36,803.5,8,432.5,0,1,5,-0.76,1.0291714668273926,0
8191,8,train,191,33,655.0,8,436.5,0,1,5,-0.73,1.2118382453918457,0
8192,8,train,192,29,543.0,8,440.5,0,0,5,-0.69,1.5159649848937988,0
8193,8,train,193,26,462.0,8,444.5,0,0,5,-0.66,0.9759970307350159,0
8194,8,train,194,26,475.0,8,448.5,0,0,5,-0.66,1.4787945747375488,0
8195,8,train,195,23,441.5,8,452.5,0,0,5,-0.63,1.076503038406372,0
8196,8,train,196,19,436.5,7,404.0,0,0,5,-0.54,1.488173246383667,0
8197,8,train,197,19,446.0,7,407.5,0,2,5,-0.54,1.3133716583251953,0
8198,8,train,198,19,455.5,7,411.0,0,0,5,-0.54,1.569603681564331,0
8199,8,train,199,19,465.0,7,414.5,0,0,5,-0.54,1.4356375932693481,0
8200,8,train,200,19,474.5,4,236.0,0,0,5,-0.39,1.4280223846435547,0
8201,8,train,201,20,485.5,3,175.0,0,1,5,-0.35,1.1394479274749756,0
8202,8,train,202,20,495.5,3,176.5,0,0,5,-0.35,0.998698353767395,0
8203,8,train,203,20,505.5,3,178.0,0,0,5,-0.35,1.367154836654663,0
8204,8,train,204,21,517.0,2,119.5,0,0,5,-0.31,1.2641820907592773,0
8205,8,train,205,22,529.0,2,120.5,0,0,5,-0.32,1.1148422956466675,0
8206,8,train,206,22,540.0,2,121.5,0,0,5,-0.32,1.6910638809204102,0
8207,8,train,207,22,551.0,2,122.5,0,0,5,-0.32,0.8415045738220215,0
8208,8,train,208,23,563.5,2,123.5,0,0,5,-0.33,0.7840877175331116,0
8209,8,train,209,23,575.0,2,124.5,0,0,5,-0.33,1.4088366031646729,0
8210,8,train,210,23,586.5,2,125.5,0,0,5,-0.33,1.0939652919769287,0
8211,8,train,211,23,598.0,2,126.5,0,1,5,-0.33,1.2273283004760742,0
8212,8,train,212,23,609.5,2,127.5,0,0,5,-0.33,1.3533142805099487,0
8213,8,train,213,24,622.5,2,128.5,0,0,5,-0.33999999999999997,1.1141276359558105,0
8214,8,train,214,25,636.0,2,129.5,0,0,5,-0.35,1.146247386932373,0
8215,8,train,215,26,650.0,2,130.5,0,0,5,-0.36,1.493196964263916,0
8216,8,train,216,26,663.0,2,131.5,0,1,5,-0.36,1.404310941696167,0
8217,8,train,217,26,676.0,2,132.5,0,0,5,-0.36,1.1576008796691895,0
8218,8,train,218,26,689.0,2,133.5,0,1,5,-0.36,1.1371703147888184,0
8219,8,train,219,28,705.0,2,134.5,0,0,5,-0.38,1.2823715209960938,0
8220,8,train,220,28,719.0,2,135.5,0,0,5,-0.38,1.380969762802124,0
8221,8,train,221,28,733.0,2,136.5,0,0,5,-0.38,1.2620655298233032,0
8222,8,train,222,28,747.0,2,137.5,0,0,5,-0.38,1.4875954389572144,0
8223,8,train,223,28,761.0,2,138.5,0,0,5,-0.38,1.1073637008666992,0
8224,8,train,224,28,775.0,2,139.5,0,0,5,-0.38,0.9414241909980774,0
8225,8,train,225,32,795.0,2,140.5,0,0,5,-0.42000000000000004,1.106544017791748,0
8226,8,train,226,32,811.0,2,141.5,0,0,5,-0.42000000000000004,1.342167854309082,0
8227,8,train,227,32,827.0,2,142.5,0,0,5,-0.42000000000000004,1.2515273094177246,0
8228,8,train,228,32,843.0,2,143.5,0,0,5,-0.42000000000000004,1.145101547241211,0
8229,8,train,229,32,859.0,2,144.5,0,0,5,-0.42000000000000004,0.8805245161056519,0
8230,8,train,230,32,875.0,2,145.5,0,0,5,-0.42000000000000004,0.9690256118774414,0
8231,8,train,231,32,891.0,2,146.5,0,0,5,-0.42000000000000004,1.0856472253799438,0
8232,8,train,232,32,907.0,2,147.5,0,0,5,-0.42000000000000004,1.1935198307037354,0
8233,8,train,233,32,923.0,2,148.5,0,0,5,-0.42000000000000004,1.2399916648864746,0
8234,8,train,234,33,940.5,2,149.5,0,0,5,-0.43000000000000005,1.3358805179595947,0
8235,8,train,235,34,958.5,2,150.5,0,0,5,-0.44000000000000006,0.8517444133758545,0
8236,8,train,236,34,975.5,2,151.5,0,0,5,-0.44000000000000006,0.8343946933746338,0
8237,8,train,237,34,992.5,2,152.5,0,0,5,-0.44000000000000006,1.493474006652832,0
8238,8,train,238,34,1009.5,2,153.5,0,0,5,-0.44000000000000006,1.4129970073699951,0
8239,8,train,239,34,1026.5,2,154.5,0,0,5,-0.44000000000000006,1.5909982919692993,0
8240,8,train,240,32,888.0,2,155.5,0,2,6,-0.42000000000000004,1.6668648719787598,0
8241,8,train,241,30,845.5,2,156.5,0,0,6,-0.4,1.2252143621444702,0
8242,8,train,242,30,860.5,2,157.5,0,0,6,-0.4,1.2267792224884033,0
8243,8,train,243,30,875.5,2,158.5,0,0,6,-0.4,1.124381422996521,0
8244,8,train,244,30,890.5,2,159.5,0,0,6,-0.4,1.2339121103286743,0
8245,8,train,245,32,908.5,2,160.5,0,0,6,-0.42000000000000004,0.8675757050514221,0
8246,8,train,246,32,924.5,2,161.5,0,0,6,-0.42000000000000004,1.4718947410583496,0
8247,8,train,247,32,940.5,2,162.5,0,0,6,-0.42000000000000004,1.1861776113510132,0
8248,8,train,248,32,956.5,2,163.5,0,0,6,-0.42000000000000004,1.2472411394119263,0
8249,8,train,249,32,972.5,2,164.5,0,0,6,-0.42000000000000004,1.3830784559249878,0
8250,8,train,250,32,988.5,2,165.5,0,0,6,-0.42000000000000004,0.9199780821800232,0
8251,8,train,251,32,1004.5,2,166.5,0,0,6,-0.42000000000000004,1.4619265794754028,0
8252,8,train,252,32,1020.5,2,167.5,0,0,6,-0.42000000000000004,0.9381072521209717,0
8253,8,train,253,32,1036.5,2,168.5,0,2,6,-0.42000000000000004,1.4624241590499878,0
8254,8,train,254,32,1052.5,2,169.5,0,0,6,-0.42000000000000004,0.8961244821548462,0
8255,8,train,255,32,1068.5,2,170.5,0,0,6,-0.42000000000000004,1.1453924179077148,0
8256,8,train,256,33,1086.0,2,171.5,0,2,6,-0.43000000000000005,1.5626951456069946,0
8257,8,train,257,33,1102.5,2,172.5,0,0,6,-0.43000000000000005,0.9386725425720215,0
8258,8,train,258,33,1119.0,2,173.5,0,0,6,-0.43000000000000005,1.1188777685165405,0
8259,8,train,259,33,1135.5,2,174.5,0,0,6,-0.43000000000000005,1.39705228805542,0
8260,8,train,260,33,1152.0,2,175.5,0,0,6,-0.43000000000000005,1.2648741006851196,0
8261,8,train,261,33,1168.5,2,176.5,0,0,6,-0.43000000000000005,1.5161094665527344,0
8262,8,train,262,33,1185.0,2,177.5,0,0,6,-0.43000000000000005,1.4278814792633057,0
8263,8,train,263,33,1201.5,2,178.5,0,0,6,-0.43000000000000005,1.3407841920852661,0
8264,8,train,264,33,1218.0,2,179.5,0,0,6,-0.43000000000000005,1.310145616531372,0
8265,8,train,265,34,1236.0,2,180.5,0,0,6,-0.44000000000000006,1.0049104690551758,0
8266,8,train,266,34,1253.0,2,181.5,0,0,6,-0.44000000000000006,1.0920164585113525,0
8267,8,train,267,34,1270.0,3,184.0,0,0,6,-0.49,1.3617571592330933,0
8268,8,train,268,34,1287.0,3,185.5,0,0,6,-0.49,1.5743951797485352,0
8269,8,train,269,34,1304.0,3,187.0,0,0,6,-0.49,1.1084511280059814,0
8270,8,train,270,34,1321.0,4,190.0,0,4,6,-0.54,1.1866025924682617,0
8271,8,train,271,34,1338.0,4,192.0,0,0,6,-0.54,1.1133356094360352,0
8272,8,train,272,34,1355.0,4,194.0,0,0,6,-0.54,1.3747636079788208,0
8273,8,train,273,35,1373.5,5,197.5,0,3,6,-0.6,1.1869906187057495,0
8274,8,train,274,36,1392.5,6,201.5,0,0,6,-0.6599999999999999,1.6683834791183472,0
8275,8,train,275,37,1412.0,6,204.5,0,0,6,-0.6699999999999999,1.0893974304199219,0
8276,8,train,276,37,1430.5,6,207.5,0,3,6,-0.6699999999999999,0.7652144432067871,0
8277,8,train,277,37,1449.0,6,210.5,0,0,6,-0.6699999999999999,1.4473700523376465,0
8278,8,train,278,37,1467.5,5,210.0,0,0,6,-0.62,1.2852036952972412,0
8279,8,train,279,37,1486.0,5,212.5,0,3,6,-0.62,1.414507508277893,0
8280,8,train,280,37,1504.5,5,215.0,0,0,6,-0.62,1.4442412853240967,0
8281,8,train,281,37,1523.0,6,219.0,0,0,6,-0.6699999999999999,1.4450807571411133,0
8282,8,train,282,37,1541.5,6,222.0,0,3,6,-0.6699999999999999,1.408355474472046,0
8283,8,train,283,37,1560.0,6,225.0,0,0,6,-0.6699999999999999,1.2960305213928223,0
8284,8,train,284,38,1580.0,6,228.0,0,0,6,-0.6799999999999999,1.3441917896270752,0
8285,8,train,285,39,1600.5,7,232.5,0,3,6,-0.74,1.1311585903167725,0
8286,8,train,286,39,1620.0,7,236.0,0,0,6,-0.74,0.9819017052650452,0
8287,8,train,287,41,1642.5,8,241.0,0,1,7,-0.81,1.150707721710205,1
8288,8,train,288,42,1664.5,8,245.0,0,1,7,-0.8200000000000001,1.0012524127960205,0
8289,8,train,289,42,1685.5,9,250.5,0,0,7,-0.87,1.3271641731262207,0
8290,8,train,290,44,1709.5,10,256.5,0,1,7,-0.94,1.0100289583206177,0
8291,8,train,291,45,1733.0,9,259.5,0,0,7,-0.9,1.3022398948669434,0
8292,8,train,292,45,1755.5,10,265.5,0,0,7,-0.95,1.3835759162902832,0
8293,8,train,293,45,1778.0,10,270.0,0,2,7,-0.95,1.0687181949615479,0
8294,8,train,294,45,1800.5,10,275.0,0,0,7,-0.95,0.9281078577041626,0
8295,8,train,295,47,1826.0,11,281.5,0,1,7,-1.02,0.731509804725647,0
8296,8,train,296,48,1851.0,13,290.0,0,1,7,-1.13,1.246913194656372,0
8297,8,train,297,48,1875.0,13,296.5,0,0,7,-1.13,1.0440824031829834,0
8298,8,train,298,48,1899.0,13,303.0,0,0,7,-1.13,1.4435213804244995,0
8299,8,train,299,46,1699.0,13,309.5,0,0,8,-1.11,0.9818149209022522,0
8300,8,train,300,45,1589.5,13,316.0,0,0,8,-1.1,1.1392407417297363,0
8301,8,train,301,43,1481.0,13,322.5,0,0,8,-1.08,1.1491436958312988,0
8302,8,train,302,41,1416.5,13,329.0,0,0,8,-1.06,1.087680459022522,0
8303,8,train,303,41,1437.0,13,335.5,0,2,8,-1.06,1.4439411163330078,0
8304,8,train,304,40,1444.0,13,342.0,0,1,8,-1.05,1.1994173526763916,0
8305,8,train,305,41,1465.5,14,350.0,0,0,8,-1.1099999999999999,1.0427738428115845,0
8306,8,train,306,41,1486.0,14,357.0,0,1,8,-1.1099999999999999,1.3211994171142578,0
8307,8,train,307,41,1506.5,14,364.0,0,0,8,-1.1099999999999999,1.0847980976104736,0
8308,8,train,308,42,1528.5,14,371.0,0,0,8,-1.1199999999999999,1.3628017902374268,0
8309,8,train,309,42,1549.5,14,378.0,0,0,8,-1.1199999999999999,1.192600965499878,0
8310,8,train,310,42,1570.5,14,385.0,0,0,9,-1.1199999999999999,1.3400466442108154,1
8311,8,train,311,42,1591.5,14,392.0,0,0,9,-1.1199999999999999,1.2769166231155396,0
8312,8,train,312,42,1612.5,14,399.0,0,0,9,-1.1199999999999999,0.4832231402397156,0
8313,8,train,313,44,1636.5,14,406.0,0,0,9,-1.14,0.8942602872848511,0
8314,8,train,314,44,1658.5,14,413.0,0,0,9,-1.14,1.2263123989105225,0
8315,8,train,315,45,1682.0,14,420.0,0,0,9,-1.15,1.2622239589691162,0
8316,8,train,316,39,1228.5,10,354.5,0,2,0,-0.89,1.2454683780670166,0
8317,8,train,317,38,995.0,10,359.5,0,0,0,-0.88,1.4732415676116943,0
8318,8,train,318,34,788.5,10,364.5,0,1,0,-0.8400000000000001,1.296746015548706,0
8319,8,train,319,31,604.0,10,369.5,0,0,0,-0.81,1.5737696886062622,0
8320,8,train,320,37,628.5,10,374.5,0,0,0,-0.87,1.2492647171020508,0
8321,8,train,321,33,487.5,10,379.5,0,0,0,-0.8300000000000001,1.6301813125610352,0
8322,8,train,322,31,385.5,10,384.5,0,2,0,-0.81,1.0800094604492188,0
8323,8,train,323,37,410.0,9,363.0,0,1,0,-0.8200000000000001,1.0707261562347412,0
8324,8,train,324,34,343.0,7,336.0,0,4,0,-0.69,1.424166202545166,0
8325,8,train,325,34,360.0,5,304.5,0,0,0,-0.5900000000000001,1.1609160900115967,0
8326,8,train,326,34,327.5,5,307.0,0,0,0,-0.5900000000000001,0.8850682973861694,0
8327,8,train,327,34,344.5,4,278.0,0,1,0,-0.54,1.157069206237793,0
8328,8,train,328,35,342.5,4,280.0,0,1,0,-0.55,1.1996619701385498,0
8329,8,train,329,36,361.5,4,282.0,0,0,0,-0.56,1.4381810426712036,0
8330,8,train,330,40,382.0,4,284.0,0,0,0,-0.6000000000000001,1.0888276100158691,0
8331,8,train,331,41,403.5,4,286.0,0,0,0,-0.61,0.8682622909545898,0
8332,8,train,332,45,430.0,4,288.0,0,0,0,-0.65,0.8599345684051514,0
8333,8,train,333,45,452.5,4,290.0,0,0,0,-0.65,1.2744359970092773,0
8334,8,train,334,49,481.0,3,162.5,0,0,0,-0.64,1.5471224784851074,0
8335,8,train,335,49,505.5,2,43.5,0,1,0,-0.59,1.2200794219970703,0
8336,8,train,336,53,536.0,2,44.5,0,1,0,-0.63,1.018728494644165,0
8337,8,train,337,53,562.5,2,45.5,0,1,0,-0.63,1.4980218410491943,0
8338,8,train,338,56,593.5,2,46.5,0,0,0,-0.66,0.806948721408844,0
8339,8,train,339,57,623.0,2,47.5,0,1,0,-0.6699999999999999,0.9241417646408081,0
8340,8,train,340,58,653.0,2,48.5,0,0,0,-0.6799999999999999,1.1586425304412842,0
8341,8,train,341,59,683.5,2,49.5,0,0,0,-0.69,0.9529241323471069,0
8342,8,train,342,60,714.5,2,50.5,0,0,0,-0.7,1.101841926574707,0
8343,8,train,343,60,744.5,2,51.5,0,0,0,-0.7,1.0678356885910034,0
8344,8,train,344,60,774.5,2,52.5,0,0,0,-0.7,1.164536714553833,0
8345,8,train,345,60,804.5,2,53.5,0,1,0,-0.7,1.2210378646850586,0
8346,8,train,346,60,834.5,2,54.5,0,1,0,-0.7,0.9569627642631531,0
8347,8,train,347,60,864.5,2,55.5,0,0,0,-0.7,1.2918957471847534,0
8348,8,train,348,60,894.5,2,56.5,0,0,0,-0.7,1.2694358825683594,0
8349,8,train,349,61,926.0,2,57.5,0,0,0,-0.71,1.2732384204864502,0
8350,8,train,350,62,958.0,2,58.5,0,0,0,-0.72,1.1680545806884766,0
8351,8,train,351,64,992.0,2,59.5,0,0,0,-0.74,1.5284756422042847,0
8352,8,train,352,64,1024.0,2,60.5,0,0,0,-0.74,0.9315602779388428,0
8353,8,train,353,66,1059.0,2,61.5,0,1,0,-0.76,1.4715951681137085,0
8354,8,train,354,66,1092.0,2,62.5,0,0,0,-0.76,1.2646681070327759,0
8355,8,train,355,66,1125.0,2,63.5,0,0,0,-0.76,0.7506347298622131,0
8356,8,train,356,66,1158.0,2,64.5,0,0,0,-0.76,0.9777277708053589,0
8357,8,train,357,67,1192.5,2,65.5,0,1,0,-0.77,1.2300333976745605,0
8358,8,train,358,69,1229.0,2,66.5,0,0,0,-0.7899999999999999,1.239475965499878,0
8359,8,train,359,70,1265.0,2,67.5,0,0,0,-0.7999999999999999,1.2101870775222778,0
8360,8,train,360,70,1300.0,2,68.5,0,1,0,-0.7999999999999999,0.9815772175788879,0
8361,8,train,361,70,1335.0,2,69.5,0,0,0,-0.7999999999999999,1.0561091899871826,0
8362,8,train,362,70,1370.0,2,70.5,0,0,0,-0.7999999999999999,0.82381272315979,0
8363,8,train,363,68,1337.5,2,71.5,0,0,0,-0.78,1.2478549480438232,0
8364,8,train,364,67,1329.0,2,72.5,0,0,0,-0.77,1.326007604598999,0
8365,8,train,365,65,1320.5,2,73.5,0,1,0,-0.75,1.4224340915679932,0
8366,8,train,366,63,1233.0,2,74.5,0,0,1,-0.73,1.1330021619796753,0
8367,8,train,367,63,1264.5,2,75.5,0,2,1,-0.73,1.212803840637207,0
8368,8,train,368,61,1255.0,2,76.5,0,0,1,-0.71,0.9787557721138,0
8369,8,train,369,59,1245.5,2,77.5,0,0,1,-0.69,1.1226164102554321,0
8370,8,train,370,56,1177.5,2,78.5,0,0,1,-0.66,1.592128038406372,0
8371,8,train,371,53,1134.5,2,79.5,0,0,1,-0.63,1.436131477355957,0
8372,8,train,372,49,1073.0,2,80.5,0,0,1,-0.59,1.5061910152435303,0
8373,8,train,373,46,1030.5,2,81.5,0,0,1,-0.56,1.2364311218261719,0
8374,8,train,374,46,1037.0,2,82.5,0,0,1,-0.56,1.2517980337142944,0
8375,8,train,375,42,978.5,2,83.5,0,1,1,-0.52,1.2682310342788696,0
8376,8,train,376,39,939.5,2,84.5,0,0,1,-0.49,1.5230549573898315,0
8377,8,train,377,37,913.0,2,85.5,0,0,1,-0.47,1.2415108680725098,0
8378,8,train,378,36,922.5,2,86.5,0,0,1,-0.45999999999999996,1.4172531366348267,0
8379,8,train,379,35,896.0,2,87.5,0,2,1,-0.44999999999999996,1.000561237335205,0
8380,8,train,380,34,870.0,2,88.5,0,0,1,-0.44000000000000006,1.1952041387557983,0
8381,8,train,381,35,888.5,2,89.5,0,0,1,-0.44999999999999996,1.4056129455566406,0
8382,8,train,382,33,873.0,2,90.5,0,0,1,-0.43000000000000005,1.113678216934204,0
8383,8,train,383,31,869.0,2,91.5,0,0,1,-0.41000000000000003,1.554814100265503,0
8384,8,train,384,31,884.5,2,92.5,0,0,1,-0.41000000000000003,0.746090292930603,0
8385,8,train,385,30,888.0,2,93.5,0,0,1,-0.4,1.2572846412658691,0
8386,8,train,386,30,903.0,2,94.5,0,0,1,-0.4,1.3891047239303589,0
8387,8,train,387,30,918.0,2,95.5,0,0,1,-0.4,1.0807075500488281,0
8388,8,train,388,30,933.0,2,96.5,0,0,1,-0.4,1.216545820236206,0
8389,8,train,389,30,948.0,2,97.5,0,0,1,-0.4,1.6454873085021973,0
8390,8,train,390,31,964.5,2,98.5,0,0,1,-0.41000000000000003,1.508346676826477,0
8391,8,train,391,33,983.0,2,99.5,0,0,1,-0.43000000000000005,1.2325968742370605,0
8392,8,train,392,33,999.5,2,100.5,0,0,1,-0.43000000000000005,1.4187085628509521,0
8393,8,train,393,33,1016.0,2,101.5,0,0,1,-0.43000000000000005,0.820849597454071,0
8394,8,train,394,33,1032.5,2,102.5,0,0,1,-0.43000000000000005,1.3589708805084229,0
8395,8,train,395,33,1049.0,2,103.5,0,0,1,-0.43000000000000005,1.5213359594345093,0
8396,8,train,396,33,1065.5,2,104.5,0,0,1,-0.43000000000000005,1.2674837112426758,0
8397,8,train,397,34,1083.5,2,105.5,0,0,1,-0.44000000000000006,0.7579976320266724,0
8398,8,train,398,35,1102.0,2,106.5,0,0,1,-0.44999999999999996,1.2076823711395264,0
8399,8,train,399,35,1119.5,2,107.5,0,0,1,-0.44999999999999996,0.9831942915916443,0
8400,8,train,400,36,1138.5,2,108.5,0,0,1,-0.45999999999999996,1.0762697458267212,0
8401,8,train,401,36,1156.5,4,112.5,0,0,1,-0.56,1.0932854413986206,0
8402,8,train,402,36,1174.5,4,114.5,0,0,1,-0.56,1.6387042999267578,0
8403,8,train,403,37,1194.0,4,116.5,0,0,1,-0.5700000000000001,0.8788150548934937,0
8404,8,train,404,37,1212.5,4,118.5,0,0,1,-0.5700000000000001,0.9675685167312622,0
8405,8,train,405,37,1231.0,4,120.5,0,0,1,-0.5700000000000001,1.3165491819381714,0
8406,8,train,406,37,1249.5,5,124.0,0,0,1,-0.62,0.9967030882835388,0
8407,8,train,407,37,1268.0,5,126.5,0,0,1,-0.62,1.2653815746307373,0
8408,8,train,408,37,1286.5,5,129.0,0,0,1,-0.62,1.3251988887786865,0
8409,8,train,409,37,1305.0,5,131.5,0,0,1,-0.62,1.0813058614730835,0
8410,8,train,410,37,1323.5,6,135.5,0,0,1,-0.6699999999999999,1.0900235176086426,0
8411,8,train,411,38,1343.5,6,138.5,0,0,1,-0.6799999999999999,1.5747559070587158,0
8412,8,train,412,38,1362.5,6,141.5,0,0,1,-0.6799999999999999,1.342031717300415,0
8413,8,train,413,38,1381.5,6,144.5,0,0,1,-0.6799999999999999,1.4040858745574951,0
8414,8,train,414,38,1400.5,6,147.5,0,0,1,-0.6799999999999999,1.3315409421920776,0
8415,8,train,415,38,1419.5,6,150.5,0,0,1,-0.6799999999999999,0.6216673851013184,0
8416,8,train,416,38,1438.5,6,153.5,0,0,1,-0.6799999999999999,0.8498168587684631,0
8417,8,train,417,38,1457.5,6,156.5,0,0,1,-0.6799999999999999,1.2020971775054932,0
8418,8,train,418,39,1478.0,6,159.5,0,0,1,-0.69,1.5516948699951172,0
8419,8,train,419,39,1497.5,6,162.5,0,0,1,-0.69,1.451596736907959,0
8420,8,train,420,40,1518.5,6,165.5,0,0,1,-0.7,1.306928038597107,0
8421,8,train,421,40,1538.5,6,168.5,0,0,1,-0.7,1.109793782234192,0
8422,8,train,422,40,1558.5,6,171.5,0,0,1,-0.7,1.2069141864776611,0
8423,8,train,423,40,1578.5,6,174.5,0,0,1,-0.7,1.547424077987671,0
8424,8,train,424,40,1598.5,6,177.5,0,0,1,-0.7,1.446307897567749,0
8425,8,train,425,40,1618.5,6,180.5,0,0,1,-0.7,1.305271029472351,0
8426,8,train,426,41,1640.0,6,183.5,0,0,1,-0.71,0.5663406252861023,0
8427,8,train,427,42,1662.0,6,186.5,0,0,1,-0.72,1.2772272825241089,0
8428,8,train,428,42,1683.0,6,189.5,0,0,1,-0.72,1.4359586238861084,0
8429,8,train,429,42,1704.0,6,192.5,0,0,1,-0.72,1.5273505449295044,0
8430,8,train,430,43,1726.5,6,195.5,0,0,1,-0.73,1.3038654327392578,0
8431,8,train,431,43,1748.0,6,198.5,0,0,1,-0.73,1.2268941402435303,0
8432,8,train,432,43,1769.5,6,201.5,0,0,1,-0.73,0.7588919401168823,0
8433,8,train,433,43,1791.0,6,204.5,0,0,1,-0.73,1.771058440208435,0
8434,8,train,434,43,1812.5,6,207.5,0,0,1,-0.73,1.3173575401306152,0
8435,8,train,435,46,1838.5,6,210.5,0,1,1,-0.76,1.2889807224273682,0
8436,8,train,436,46,1861.5,6,213.5,0,0,1,-0.76,0.7320750951766968,0
8437,8,train,437,47,1886.0,6,216.5,0,0,1,-0.77,1.3495821952819824,0
8438,8,train,438,47,1909.5,6,219.5,0,0,1,-0.77,1.1934714317321777,0
8439,8,train,439,48,1934.5,6,222.5,0,0,1,-0.78,1.1876319646835327,0
8440,8,train,440,49,1960.0,6,225.5,0,0,1,-0.79,1.2825076580047607,0
8441,8,train,441,49,1984.5,6,228.5,0,1,1,-0.79,0.63523930311203,0
8442,8,train,442,49,2009.0,6,231.5,0,0,2,-0.79,0.8582223057746887,1
8443,8,train,443,49,2033.5,6,234.5,0,1,2,-0.79,1.2506275177001953,0
8444,8,train,444,49,2058.0,6,237.5,0,0,2,-0.79,1.2280759811401367,0
8445,8,train,445,49,2082.5,6,240.5,0,0,2,-0.79,1.2180142402648926,0
8446,8,train,446,49,2107.0,6,243.5,0,1,2,-0.79,0.8985460996627808,0
8447,8,train,447,49,2131.5,6,246.5,0,0,2,-0.79,1.302285075187683,0
8448,8,train,448,49,2156.0,6,249.5,0,0,2,-0.79,1.3660154342651367,0
8449,8,train,449,50,2182.0,6,252.5,0,0,2,-0.8,1.1703286170959473,0
8450,8,train,450,50,2207.0,6,255.5,0,2,2,-0.8,1.3429744243621826,0
8451,8,train,451,50,2232.0,6,258.5,0,0,2,-0.8,0.7736265659332275,0
8452,8,train,452,50,2257.0,6,261.5,0,2,2,-0.8,1.451298713684082,0
8453,8,train,453,52,2285.0,6,264.5,0,1,2,-0.8200000000000001,1.6103392839431763,0
8454,8,train,454,50,2079.0,6,267.5,0,0,3,-0.8,1.3102140426635742,0
8455,8,train,455,48,1936.0,6,270.5,0,0,3,-0.78,1.3049126863479614,0
8456,8,train,456,47,1864.5,6,273.5,0,2,3,-0.77,1.0660536289215088,0
8457,8,train,457,45,1863.0,6,276.5,0,0,3,-0.75,1.2115192413330078,0
8458,8,train,458,45,1885.5,6,279.5,0,1,3,-0.75,1.2056710720062256,0
8459,8,train,459,45,1908.0,6,282.5,0,3,3,-0.75,1.3284759521484375,0
8460,8,train,460,46,1932.0,6,285.5,0,0,3,-0.76,1.2617137432098389,0
8461,8,train,461,46,1955.0,6,288.5,0,0,3,-0.76,0.8386067152023315,0
8462,8,train,462,46,1978.0,6,291.5,0,3,3,-0.76,1.4050648212432861,0
8463,8,train,463,46,2001.0,6,294.5,0,0,3,-0.76,1.0691022872924805,0
8464,8,train,464,47,2025.5,6,297.5,0,0,3,-0.77,1.215419054031372,0
8465,8,train,465,47,2049.0,6,300.5,0,3,3,-0.77,1.2834502458572388,0
8466,8,train,466,47,2072.5,7,305.0,0,0,3,-0.82,1.0251719951629639,0
8467,8,train,467,48,2097.5,7,308.5,1,1,4,-0.83,1.2463428974151611,1
8468,8,train,468,49,2123.0,8,313.5,0,3,4,-0.89,1.3610670566558838,0
8469,8,train,469,49,2147.5,8,317.5,0,0,4,-0.89,1.2446000576019287,0
8470,8,train,470,49,2172.0,8,321.5,0,1,4,-0.89,1.130997896194458,0
8471,8,train,471,49,2196.5,8,325.5,0,2,4,-0.89,1.4311357736587524,0
8472,8,train,472,49,2221.0,9,331.0,1,0,4,-0.94,1.2656950950622559,0
8473,8,train,473,50,2247.0,9,335.5,0,0,4,-0.95,1.0979324579238892,0
8474,8,train,474,50,2272.0,9,340.0,0,2,4,-0.95,0.9832073450088501,0
8475,8,train,475,50,2297.0,9,344.5,0,0,4,-0.95,1.1421796083450317,0
8476,8,train,476,51,2323.5,9,349.0,0,0,4,-0.96,1.3482712507247925,0
8477,8,train,477,52,2350.5,9,353.5,0,1,4,-0.97,1.1185152530670166,0
8478,8,train,478,53,2378.0,9,358.0,0,0,4,-0.98,0.943550705909729,0
8479,8,train,479,49,2053.0,6,209.0,0,3,5,-0.79,1.0263241529464722,0
8480,8,train,480,45,1762.0,6,212.0,0,0,5,-0.75,0.8105690479278564,0
8481,8,train,481,41,1503.5,6,215.0,0,1,5,-0.71,1.0679636001586914,0
8482,8,train,482,37,1288.0,6,218.0,0,0,5,-0.6699999999999999,1.3611453771591187,0
8483,8,train,483,37,1306.5,6,221.0,0,1,5,-0.6699999999999999,0.9224236011505127,0
8484,8,train,484,33,1124.0,6,224.0,0,3,5,-0.63,0.8193702697753906,0
8485,8,train,485,29,984.0,6,227.0,0,0,5,-0.59,0.8708723783493042,0
8486,8,train,486,30,962.5,6,230.0,0,1,5,-0.6,1.3181506395339966,0
8487,8,train,487,27,881.0,6,233.0,0,1,5,-0.5700000000000001,0.988266110420227,0
8488,8,train,488,24,803.5,4,214.0,0,1,5,-0.44,1.041949987411499,0
8489,8,train,489,25,792.0,1,12.0,0,2,5,-0.3,1.239564061164856,0
8490,8,train,490,23,765.0,0,0.0,0,0,5,-0.23,1.285956621170044,0
8491,8,train,491,20,742.0,0,0.0,0,1,5,-0.2,1.3806565999984741,0
8492,8,train,492,19,743.5,0,0.0,0,1,5,-0.19,1.136613368988037,0
8493,8,train,493,18,750.0,0,0.0,0,2,5,-0.18,1.104857087135315,0
8494,8,train,494,19,760.5,0,0.0,0,0,5,-0.19,1.2670276165008545,0
8495,8,train,495,23,776.0,0,0.0,0,1,5,-0.23,1.1272356510162354,0
8496,8,train,496,23,787.5,2,3.0,0,2,5,-0.33,1.3769958019256592,0
8497,8,train,497,24,800.5,3,5.5,0,1,5,-0.39,0.8038359880447388,0
8498,8,train,498,24,812.5,4,8.5,0,1,5,-0.44,0.8571432828903198,0
8499,8,train,499,24,824.5,4,10.5,0,2,5,-0.44,0.9247238636016846,0
8500,8,train,500,24,836.5,4,12.5,0,0,5,-0.44,0.910121738910675,0
8501,8,train,501,24,848.5,4,14.5,0,0,5,-0.44,1.1520380973815918,0
8502,8,train,502,24,860.5,4,16.5,0,2,5,-0.44,1.2598910331726074,0
8503,8,train,503,25,874.0,4,18.5,0,0,5,-0.45,1.1828529834747314,0
8504,8,train,504,25,886.5,2,10.0,0,1,5,-0.35,1.191041350364685,0
8505,8,train,505,26,900.5,2,11.0,0,1,5,-0.36,1.7156083583831787,0
8506,8,train,506,26,913.5,2,12.0,0,1,5,-0.36,1.4137166738510132,0
8507,8,train,507,27,928.0,2,13.0,0,0,5,-0.37,1.042055368423462,0
8508,8,train,508,27,941.5,2,14.0,0,0,5,-0.37,1.265047311782837,0
8509,8,train,509,28,956.5,2,15.0,0,0,5,-0.38,0.6184173822402954,0
8510,8,train,510,28,970.5,2,16.0,0,0,5,-0.38,0.8530598878860474,0
8511,8,train,511,28,984.5,2,17.0,0,1,5,-0.38,1.0556421279907227,0
8512,8,train,512,28,998.5,2,18.0,0,0,5,-0.38,0.9552836418151855,0
8513,8,train,513,28,1012.5,2,19.0,0,1,5,-0.38,1.430079460144043,0
8514,8,train,514,28,1026.5,2,20.0,0,1,5,-0.38,0.812675952911377,0
8515,8,train,515,28,1040.5,2,21.0,0,0,5,-0.38,1.0641047954559326,0
8516,8,train,516,28,1054.5,2,22.0,0,0,5,-0.38,0.6237435340881348,0
8517,8,train,517,30,1071.5,2,23.0,0,1,5,-0.4,1.0564723014831543,0
8518,8,train,518,30,1086.5,2,24.0,0,0,5,-0.4,1.6183521747589111,0
8519,8,train,519,30,1101.5,2,25.0,0,0,5,-0.4,0.8023483157157898,0
8520,8,train,520,30,1116.5,2,26.0,1,0,5,-0.4,0.6156518459320068,0
8521,8,train,521,30,1131.5,2,27.0,0,0,5,-0.4,1.330247402191162,0
8522,8,train,522,30,1146.5,2,28.0,0,0,5,-0.4,1.384948492050171,0
8523,8,train,523,30,1161.5,2,29.0,0,1,5,-0.4,1.3315013647079468,0
8524,8,train,524,30,1176.5,2,30.0,0,0,5,-0.4,0.8367839455604553,0
8525,8,train,525,32,1194.5,2,31.0,0,0,5,-0.42000000000000004,1.489708662033081,0
8526,8,train,526,32,1210.5,2,32.0,0,0,5,-0.42000000000000004,1.189558744430542,0
8527,8,train,527,32,1226.5,2,33.0,0,0,5,-0.42000000000000004,1.3945105075836182,0
8528,8,train,528,32,1242.5,2,34.0,0,0,5,-0.42000000000000004,0.5757557153701782,0
8529,8,train,529,30,1117.5,2,35.0,0,0,6,-0.4,1.5063679218292236,0
8530,8,train,530,28,1111.5,2,36.0,0,0,6,-0.38,0.8555740118026733,0
8531,8,train,531,28,1125.5,2,37.0,0,1,6,-0.38,1.545036792755127,0
8532,8,train,532,28,1139.5,2,38.0,0,0,6,-0.38,0.7366822361946106,0
8533,8,train,533,28,1153.5,2,39.0,0,0,6,-0.38,1.4598188400268555,0
8534,8,train,534,28,1167.5,2,40.0,0,0,6,-0.38,1.1247730255126953,0
8535,8,train,535,28,1181.5,2,41.0,0,0,6,-0.38,1.456611156463623,0
8536,8,train,536,28,1195.5,2,42.0,0,0,6,-0.38,1.1098928451538086,0
8537,8,train,537,28,1209.5,2,43.0,0,0,6,-0.38,1.1045756340026855,0
8538,8,train,538,29,1225.0,2,44.0,0,0,6,-0.39,1.0334769487380981,0
8539,8,train,539,30,1241.0,2,45.0,0,2,6,-0.4,0.7756926417350769,0
8540,8,train,540,30,1256.0,2,46.0,0,1,6,-0.4,1.1804805994033813,0
8541,8,train,541,31,1272.5,2,47.0,0,0,6,-0.41000000000000003,1.3684735298156738,0
8542,8,train,542,31,1288.0,2,48.0,0,1,6,-0.41000000000000003,1.5399442911148071,0
8543,8,train,543,31,1303.5,2,49.0,0,2,6,-0.41000000000000003,1.3349146842956543,0
8544,8,train,544,32,1320.5,2,50.0,1,0,6,-0.42000000000000004,1.031176209449768,0
8545,8,train,545,32,1336.5,2,51.0,0,0,6,-0.42000000000000004,0.6850936412811279,0
8546,8,train,546,32,1352.5,2,52.0,0,0,6,-0.42000000000000004,0.9474217891693115,0
8547,8,train,547,32,1368.5,2,53.0,0,1,6,-0.42000000000000004,1.1886718273162842,0
8548,8,train,548,33,1386.0,2,54.0,0,0,6,-0.43000000000000005,0.7879969477653503,0
8549,8,train,549,33,1402.5,2,55.0,0,1,6,-0.43000000000000005,1.5118372440338135,0
8550,8,train,550,33,1419.0,2,56.0,0,0,6,-0.43000000000000005,0.9855597615242004,0
8551,8,train,551,33,1435.5,2,57.0,0,0,6,-0.43000000000000005,1.3183448314666748,0
8552,8,train,552,33,1452.0,2,58.0,0,2,6,-0.43000000000000005,1.2640067338943481,0
8553,8,train,553,33,1468.5,2,59.0,0,0,6,-0.43000000000000005,1.3185763359069824,0
8554,8,train,554,33,1485.0,2,60.0,0,0,6,-0.43000000000000005,1.2785011529922485,0
8555,8,train,555,34,1503.0,2,61.0,0,0,6,-0.44000000000000006,1.443208932876587,0
8556,8,train,556,34,1520.0,2,62.0,0,0,6,-0.44000000000000006,1.0149626731872559,0
8557,8,train,557,36,1540.0,2,63.0,0,0,6,-0.45999999999999996,1.2320302724838257,0
8558,8,train,558,37,1559.5,3,65.5,0,0,6,-0.52,1.1240015029907227,0
8559,8,train,559,37,1578.0,2,65.0,0,1,6,-0.47,1.5078017711639404,0
8560,8,train,560,37,1596.5,2,66.0,0,0,6,-0.47,0.7641427516937256,0
8561,8,train,561,37,1615.0,2,67.0,0,0,6,-0.47,1.161027431488037,0
8562,8,train,562,37,1633.5,3,69.5,0,1,6,-0.52,1.2622478008270264,0
8563,8,train,563,37,1652.0,4,72.5,0,0,6,-0.5700000000000001,0.9037168025970459,0
8564,8,train,564,38,1672.0,4,74.5,0,0,6,-0.5800000000000001,1.206543207168579,0
8565,8,train,565,39,1692.5,4,76.5,0,1,6,-0.5900000000000001,1.2509574890136719,0
8566,8,train,566,40,1713.5,4,78.5,0,0,6,-0.6000000000000001,1.1175355911254883,0
8567,8,train,567,40,1733.5,4,80.5,0,0,6,-0.6000000000000001,1.112594485282898,0
8568,8,train,568,40,1753.5,4,82.5,0,0,6,-0.6000000000000001,0.811263918876648,0
8569,8,train,569,40,1773.5,5,86.0,0,3,6,-0.65,0.9967422485351562,0
8570,8,train,570,40,1793.5,5,88.5,0,0,6,-0.65,0.8792416453361511,0
8571,8,train,571,40,1813.5,5,91.0,0,0,6,-0.65,1.324958086013794,0
8572,8,train,572,40,1833.5,5,93.5,0,3,6,-0.65,1.0490005016326904,0
8573,8,train,573,41,1855.0,5,96.0,0,0,6,-0.6599999999999999,0.8540598154067993,0
8574,8,train,574,41,1875.5,5,98.5,0,0,6,-0.6599999999999999,1.1823925971984863,0
8575,8,train,575,41,1896.0,5,101.0,0,2,6,-0.6599999999999999,1.1816328763961792,0
8576,8,train,576,43,1919.5,5,103.5,0,1,6,-0.6799999999999999,1.3215795755386353,0
8577,8,train,577,45,1944.0,5,106.0,0,0,6,-0.7,1.0051329135894775,0
8578,8,train,578,45,1966.5,5,108.5,0,1,6,-0.7,1.29502534866333,0
8579,8,train,579,46,1990.5,5,111.0,0,2,6,-0.71,1.3469175100326538,0
8580,8,train,580,46,2013.5,5,113.5,0,0,6,-0.71,1.4121136665344238,0
8581,8,train,581,46,2036.5,5,116.0,0,1,6,-0.71,0.9950240850448608,0
8582,8,train,582,46,2059.5,5,118.5,0,1,6,-0.71,1.5554717779159546,0
8583,8,train,583,46,2082.5,6,122.5,0,1,6,-0.76,1.17567777633667,0
8584,8,train,584,46,2105.5,6,125.5,0,1,6,-0.76,1.5731041431427002,0
8585,8,train,585,46,2128.5,6,128.5,0,0,6,-0.76,1.1288740634918213,0
8586,8,train,586,47,2153.0,6,131.5,0,0,6,-0.77,0.8419525027275085,0
8587,8,train,587,47,2176.5,6,134.5,0,2,6,-0.77,1.2908554077148438,0
8588,8,train,588,47,2200.0,6,137.5,0,0,6,-0.77,0.9425075650215149,0
8589,8,train,589,47,2223.5,6,140.5,0,2,6,-0.77,1.4064429998397827,0
8590,8,train,590,47,2247.0,6,143.5,0,2,6,-0.77,1.3894672393798828,0
8591,8,train,591,47,2270.5,6,146.5,0,0,6,-0.77,1.3769257068634033,0
8592,8,train,592,47,2294.0,6,149.5,0,1,6,-0.77,1.5102423429489136,0
8593,8,train,593,47,2317.5,6,152.5,0,2,6,-0.77,0.9863096475601196,0
8594,8,train,594,47,2341.0,6,155.5,0,1,6,-0.77,1.2025271654129028,0
8595,8,train,595,47,2364.5,6,158.5,0,1,6,-0.77,0.9265227317810059,0
8596,8,train,596,48,2389.5,6,161.5,0,2,6,-0.78,0.9959439039230347,0
8597,8,train,597,48,2413.5,6,164.5,0,0,6,-0.78,0.8198282718658447,0
8598,8,train,598,48,2437.5,6,167.5,0,2,6,-0.78,0.9595611095428467,0
8599,8,train,599,48,2461.5,6,170.5,0,2,6,-0.78,0.9835267066955566,0
8600,8,train,600,48,2485.5,6,173.5,0,0,6,-0.78,1.3957626819610596,0
8601,8,train,601,49,2511.0,6,176.5,0,2,6,-0.79,0.6367281675338745,0
8602,8,train,602,50,2537.0,6,179.5,0,1,6,-0.8,1.5042355060577393,0
8603,8,train,603,50,2562.0,6,182.5,0,1,6,-0.8,0.9994809627532959,0
8604,8,train,604,51,2588.5,6,185.5,0,2,6,-0.81,1.2313376665115356,0
8605,8,train,605,51,2614.0,6,188.5,0,1,7,-0.81,1.3983484506607056,1
8606,8,train,606,51,2639.5,6,191.5,0,1,7,-0.81,1.1842999458312988,0
8607,8,train,607,52,2666.5,6,194.5,0,3,7,-0.8200000000000001,1.2281818389892578,0
8608,8,train,608,53,2694.0,6,197.5,0,0,7,-0.8300000000000001,0.9382078647613525,0
8609,8,train,609,53,2720.5,6,200.5,0,1,7,-0.8300000000000001,1.4328994750976562,0
8610,8,train,610,53,2747.0,6,203.5,0,0,7,-0.8300000000000001,1.0902868509292603,0
8611,8,train,611,53,2773.5,6,206.5,0,0,7,-0.8300000000000001,1.219550371170044,0
8612,8,train,612,53,2800.0,6,209.5,0,0,7,-0.8300000000000001,1.3518813848495483,0
8613,8,train,613,53,2826.5,6,212.5,0,1,7,-0.8300000000000001,1.140703558921814,0
8614,8,train,614,53,2853.0,6,215.5,0,0,7,-0.8300000000000001,1.015812635421753,0
8615,8,train,615,53,2879.5,6,218.5,0,0,7,-0.8300000000000001,1.0358299016952515,0
8616,8,train,616,53,2906.0,6,221.5,0,0,7,-0.8300000000000001,1.1217319965362549,0
8617,8,train,617,51,2629.5,6,224.5,0,1,8,-0.81,1.2357431650161743,0
8618,8,train,618,50,2357.5,6,227.5,1,0,8,-0.8,1.0873267650604248,0
8619,8,train,619,48,2122.5,6,230.5,0,1,8,-0.78,1.2987854480743408,0
8620,8,train,620,48,1957.0,6,233.5,0,0,8,-0.78,1.3045414686203003,0
8621,8,train,621,49,1982.5,6,236.5,0,0,8,-0.79,1.6093193292617798,0
8622,8,train,622,47,1876.5,6,239.5,0,0,8,-0.77,1.3411812782287598,0
8623,8,train,623,45,1838.5,6,242.5,0,0,8,-0.75,1.2082786560058594,0
8624,8,train,624,45,1861.0,6,245.5,0,2,8,-0.75,1.1360783576965332,0
8625,8,train,625,47,1886.5,6,248.5,0,0,8,-0.77,1.4078173637390137,0
8626,8,train,626,47,1910.0,6,251.5,0,0,8,-0.77,0.6936850547790527,0
8627,8,train,627,47,1933.5,6,254.5,0,0,8,-0.77,1.1091742515563965,0
8628,8,train,628,49,1960.0,6,257.5,0,1,8,-0.79,0.5578354001045227,0
8629,8,train,629,50,1986.0,6,260.5,0,0,8,-0.8,1.3003759384155273,0
8630,8,train,630,50,2011.0,6,263.5,1,0,8,-0.8,1.4208097457885742,0
8631,8,train,631,50,2036.0,6,266.5,0,1,8,-0.8,1.1774823665618896,0
8632,8,train,632,50,2061.0,6,269.5,0,0,8,-0.8,1.4104554653167725,0
8633,8,train,633,50,2086.0,6,272.5,0,0,8,-0.8,0.9027529954910278,0
8634,8,train,634,50,2111.0,6,275.5,0,0,8,-0.8,1.297007441520691,0
8635,8,train,635,52,2139.0,6,278.5,0,0,8,-0.8200000000000001,1.378012776374817,0
8636,8,train,636,54,2168.0,6,281.5,0,0,9,-0.8400000000000001,1.3068219423294067,1
8637,8,train,637,54,2195.0,6,284.5,0,0,9,-0.8400000000000001,0.6126517057418823,0
8638,8,train,638,54,2222.0,6,287.5,1,1,9,-0.8400000000000001,1.4901682138442993,0
8639,8,train,639,54,2249.0,6,290.5,0,0,9,-0.8400000000000001,1.0517873764038086,0
8640,8,train,640,54,2276.0,6,293.5,0,0,9,-0.8400000000000001,1.1910282373428345,0
8641,8,train,641,54,2303.0,6,296.5,0,0,9,-0.8400000000000001,1.1537408828735352,0
8642,8,train,642,48,1873.5,2,148.0,0,0,0,-0.58,1.1604820489883423,0
8643,8,train,643,46,1578.5,2,149.0,0,0,0,-0.56,1.3680238723754883,0
8644,8,train,644,43,1323.0,2,150.0,0,0,0,-0.53,1.0087558031082153,0
8645,8,train,645,40,1113.5,2,151.0,0,0,0,-0.5,1.2937755584716797,0
8646,8,train,646,46,1142.5,2,152.0,0,1,0,-0.56,0.8912242650985718,0
8647,8,train,647,42,959.5,2,153.0,0,0,0,-0.52,1.6622289419174194,0
8648,8,train,648,38,815.0,2,154.0,0,1,0,-0.48,1.1750237941741943,0
8649,8,train,649,42,840.0,2,155.0,0,1,0,-0.52,1.3490662574768066,0
8650,8,train,650,38,726.5,2,156.0,0,0,0,-0.48,1.304738998413086,0
8651,8,train,651,38,745.5,2,157.0,0,0,0,-0.48,1.190200686454773,0
8652,8,train,652,39,683.5,0,0.0,0,0,0,-0.39,0.9232880473136902,0
8653,8,train,653,39,703.0,0,0.0,0,0,0,-0.39,1.3740887641906738,0
8654,8,train,654,42,676.0,0,0.0,0,0,0,-0.42,1.1041080951690674,0
8655,8,train,655,41,695.0,0,0.0,0,0,0,-0.41,1.0164294242858887,0
8656,8,train,656,43,697.5,0,0.0,0,2,0,-0.43,0.6566994190216064,0
8657,8,train,657,42,703.0,0,0.0,0,0,0,-0.42,1.2630047798156738,0
8658,8,train,658,46,730.0,0,0.0,0,0,0,-0.46,1.5818254947662354,0
8659,8,train,659,45,748.0,0,0.0,0,1,0,-0.45,1.378685474395752,0
8660,8,train,660,49,776.5,0,0.0,0,1,0,-0.49,1.253738284111023,0
8661,8,train,661,49,801.0,0,0.0,0,0,0,-0.49,1.3698261976242065,0
8662,8,train,662,53,831.5,0,0.0,0,0,0,-0.53,1.3947155475616455,0
8663,8,train,663,55,861.0,0,0.0,0,0,0,-0.55,1.5607694387435913,0
8664,8,train,664,58,893.0,0,0.0,0,0,0,-0.58,1.2169551849365234,0
8665,8,train,665,59,923.5,0,0.0,1,0,0,-0.59,1.0900509357452393,0
8666,8,train,666,62,957.5,0,0.0,0,0,0,-0.62,1.4133796691894531,0
8667,8,train,667,62,988.5,1,1.5,0,0,0,-0.67,1.2186452150344849,0
8668,8,train,668,64,1022.5,1,2.0,0,0,0,-0.6900000000000001,0.8620182275772095,0
8669,8,train,669,65,1056.0,1,2.5,0,2,0,-0.7000000000000001,1.3850549459457397,0
8670,8,train,670,66,1090.0,1,3.0,0,0,0,-0.7100000000000001,1.29837965965271,0
8671,8,train,671,67,1124.5,0,0.0,0,0,0,-0.67,1.1413613557815552,0
8672,8,train,672,68,1159.5,0,0.0,0,1,0,-0.68,0.9136974215507507,0
8673,8,train,673,69,1195.0,0,0.0,0,0,0,-0.69,0.9479962587356567,0
8674,8,train,674,69,1229.5,0,0.0,0,0,0,-0.69,0.9462621212005615,0
8675,8,train,675,70,1265.5,1,1.5,0,0,0,-0.75,1.130887508392334,0
8676,8,train,676,70,1300.5,1,2.0,0,0,0,-0.75,1.047370433807373,0
8677,8,train,677,70,1335.5,1,2.5,0,0,0,-0.75,0.7502602338790894,0
8678,8,train,678,71,1372.0,1,3.0,0,0,0,-0.76,1.0354571342468262,0
8679,8,train,679,71,1407.5,0,0.0,0,0,0,-0.71,1.180172324180603,0
8680,8,train,680,71,1443.0,0,0.0,0,2,0,-0.71,1.5074912309646606,0
8681,8,train,681,72,1480.0,0,0.0,0,0,0,-0.72,1.2668688297271729,0
8682,8,train,682,72,1516.0,0,0.0,0,0,0,-0.72,1.3287408351898193,0
8683,8,train,683,73,1553.5,0,0.0,0,0,0,-0.73,1.0106043815612793,0
8684,8,train,684,73,1590.0,1,1.5,0,0,0,-0.78,1.5627745389938354,0
8685,8,train,685,74,1628.0,1,2.0,0,0,0,-0.79,1.2438803911209106,0
8686,8,train,686,74,1665.0,2,4.0,0,0,0,-0.84,1.1385974884033203,0
8687,8,train,687,75,1703.5,2,5.0,0,0,0,-0.85,0.8536972999572754,0
8688,8,train,688,75,1741.0,2,6.0,0,0,0,-0.85,1.3627214431762695,0
8689,8,train,689,75,1778.5,3,8.5,0,0,0,-0.9,1.5858256816864014,0
8690,8,train,690,75,1816.0,4,11.5,0,0,0,-0.95,1.2589111328125,0
8691,8,train,691,76,1855.0,3,8.5,0,0,0,-0.91,1.1079351902008057,0
8692,8,train,692,75,1694.5,3,10.0,0,0,1,-0.9,1.1488041877746582,0
8693,8,train,693,73,1647.5,3,11.5,0,0,1,-0.88,1.0984375476837158,0
8694,8,train,694,73,1684.0,3,13.0,0,0,1,-0.88,1.5446858406066895,0
8695,8,train,695,74,1722.0,3,14.5,0,0,1,-0.89,1.052621603012085,0
8696,8,train,696,74,1759.0,3,16.0,0,0,1,-0.89,1.27864670753479,0
8697,8,train,697,74,1796.0,3,17.5,0,2,1,-0.89,1.2694849967956543,0
8698,8,train,698,74,1833.0,3,19.0,0,0,1,-0.89,1.4292881488800049,0
8699,8,train,699,74,1870.0,3,20.5,0,0,1,-0.89,1.2263951301574707,0
8700,8,train,700,74,1907.0,3,22.0,0,1,1,-0.89,1.1624473333358765,0
8701,8,train,701,77,1948.5,3,23.5,0,0,1,-0.92,1.1916189193725586,0
8702,8,train,702,77,1987.0,3,25.0,0,0,1,-0.92,1.2378292083740234,0
8703,8,train,703,78,2027.0,3,26.5,0,1,2,-0.93,0.9070529937744141,1
8704,8,train,704,79,2067.5,3,28.0,0,0,2,-0.9400000000000001,1.2593244314193726,0
8705,8,train,705,79,2107.0,3,29.5,0,0,2,-0.9400000000000001,1.3056186437606812,0
8706,8,train,706,81,2149.5,4,32.5,0,0,2,-1.01,1.2910311222076416,0
8707,8,train,707,83,2193.0,4,34.5,0,1,2,-1.03,0.9163424968719482,0
8708,8,train,708,83,2234.5,5,38.0,0,1,2,-1.08,1.3026281595230103,0
8709,8,train,709,83,2276.0,5,40.5,0,1,2,-1.08,1.409186601638794,0
8710,8,train,710,83,2317.5,5,43.0,0,1,2,-1.08,1.0127177238464355,0
8711,8,train,711,84,2360.5,5,45.5,0,1,2,-1.0899999999999999,0.5490431785583496,0
8712,8,train,712,86,2405.5,5,48.0,0,0,2,-1.1099999999999999,0.9978270530700684,0
8713,8,train,713,87,2450.0,5,50.5,1,0,2,-1.12,1.31327223777771,0
8714,8,train,714,87,2493.5,5,53.0,0,1,2,-1.12,1.0944628715515137,0
8715,8,train,715,85,2318.0,5,55.5,0,0,3,-1.1,1.0848095417022705,0
8716,8,train,716,83,2218.0,5,58.0,0,0,3,-1.08,1.3311525583267212,0
8717,8,train,717,82,2177.0,5,60.5,0,0,3,-1.0699999999999998,1.2536125183105469,0
8718,8,train,718,80,2205.0,5,63.0,0,0,3,-1.05,1.252399206161499,0
8719,8,train,719,81,2246.5,5,65.5,0,0,3,-1.06,1.1292506456375122,0
8720,8,train,720,81,2287.0,5,68.0,0,0,3,-1.06,1.4099112749099731,0
8721,8,train,721,82,2329.0,5,70.5,0,0,3,-1.0699999999999998,1.178858757019043,0
8722,8,train,722,82,2370.0,5,73.0,0,0,3,-1.0699999999999998,1.0155842304229736,0
8723,8,train,723,83,2412.5,5,75.5,0,0,3,-1.08,1.1018667221069336,0
8724,8,train,724,83,2454.0,5,78.0,0,0,3,-1.08,1.078946590423584,0
8725,8,train,725,84,2497.0,5,80.5,0,2,3,-1.0899999999999999,0.990048885345459,0
8726,8,train,726,84,2539.0,5,83.0,0,0,4,-1.0899999999999999,1.3005170822143555,1
8727,8,train,727,85,2582.5,5,85.5,0,0,4,-1.1,1.3241856098175049,0
8728,8,train,728,85,2625.0,5,88.0,1,0,4,-1.1,1.2437942028045654,0
8729,8,train,729,85,2667.5,5,90.5,0,0,4,-1.1,0.9123567938804626,0
8730,8,train,730,86,2711.5,5,93.0,0,0,4,-1.1099999999999999,0.7410295009613037,0
8731,8,train,731,87,2756.0,5,95.5,0,0,4,-1.12,1.215252161026001,0
8732,8,train,732,88,2801.0,5,98.0,0,0,4,-1.13,0.7233825922012329,0
8733,8,train,733,91,2849.5,5,100.5,0,0,4,-1.1600000000000001,1.427212119102478,0
8734,8,train,734,91,2895.0,5,103.0,1,0,4,-1.1600000000000001,1.0424517393112183,0
8735,8,train,735,91,2940.5,5,105.5,0,0,4,-1.1600000000000001,1.2114454507827759,0
8736,8,train,736,91,2986.0,5,108.0,0,0,4,-1.1600000000000001,1.146604061126709,0
8737,8,train,737,92,3033.0,5,110.5,0,0,4,-1.17,1.430464744567871,0
8738,8,train,738,88,2840.5,5,113.0,0,0,5,-1.13,1.4013221263885498,0
8739,8,train,739,84,2702.5,5,115.5,0,0,5,-1.0899999999999999,1.378105878829956,0
8740,8,train,740,81,2600.5,4,89.5,0,0,5,-1.01,1.095118761062622,0
8741,8,train,741,78,2563.5,4,91.5,0,0,5,-0.98,1.226506233215332,0
8742,8,train,742,76,2558.5,4,93.5,0,0,5,-0.96,0.9855726957321167,0
8743,8,train,743,74,2557.5,4,95.5,0,0,5,-0.94,1.1754872798919678,0
8744,8,train,744,73,2557.0,4,97.5,1,0,5,-0.9299999999999999,0.9497840404510498,0
8745,8,train,745,71,2572.0,4,99.5,0,0,5,-0.9099999999999999,0.9880053997039795,0
8746,8,train,746,71,2607.5,3,71.5,0,0,5,-0.86,0.6857359409332275,0
8747,8,train,747,69,2629.5,3,73.0,0,0,5,-0.84,0.800445556640625,0
8748,8,train,748,69,2664.0,1,30.5,0,0,5,-0.74,1.1847913265228271,0
8749,8,train,749,69,2698.5,1,31.0,0,0,5,-0.74,1.4054841995239258,0
8750,8,train,750,69,2733.0,1,31.5,0,0,5,-0.74,1.5228021144866943,0
8751,8,train,751,69,2767.5,1,32.0,0,0,5,-0.74,1.5349026918411255,0
8752,8,train,752,69,2802.0,1,32.5,0,0,5,-0.74,0.9558161497116089,0
8753,8,train,753,70,2838.0,1,33.0,0,0,5,-0.75,1.3629398345947266,0
8754,8,train,754,70,2873.0,1,33.5,0,0,5,-0.75,0.7639282941818237,0
8755,8,train,755,70,2908.0,1,34.0,0,0,5,-0.75,0.977925181388855,0
8756,8,train,756,70,2943.0,1,34.5,0,0,5,-0.75,1.3724770545959473,0
8757,8,train,757,71,2979.5,1,35.0,0,0,5,-0.76,1.2103664875030518,0
8758,8,train,758,71,3015.0,1,35.5,0,0,5,-0.76,1.3777848482131958,0
8759,8,train,759,72,3052.0,1,36.0,0,0,5,-0.77,1.1168521642684937,0
8760,8,train,760,72,3088.0,1,36.5,0,0,5,-0.77,1.332503318786621,0
8761,8,train,761,72,3124.0,1,37.0,0,0,5,-0.77,1.4404369592666626,0
8762,8,train,762,72,3160.0,1,37.5,0,0,5,-0.77,1.3788979053497314,0
8763,8,train,763,73,3197.5,1,38.0,0,0,5,-0.78,1.2740566730499268,0
8764,8,train,764,73,3234.0,1,38.5,0,0,5,-0.78,1.0386406183242798,0
8765,8,train,765,73,3270.5,1,39.0,0,0,5,-0.78,0.8800865411758423,0
8766,8,train,766,74,3308.5,1,39.5,0,0,5,-0.79,1.4578715562820435,0
8767,8,train,767,74,3345.5,1,40.0,0,0,5,-0.79,1.1702263355255127,0
8768,8,train,768,74,3382.5,1,40.5,0,0,5,-0.79,0.24309416115283966,0
8769,8,train,769,74,3419.5,1,41.0,0,0,5,-0.79,0.9150189161300659,0
8770,8,train,770,74,3456.5,1,41.5,0,0,5,-0.79,1.2320780754089355,0
8771,8,train,771,74,3493.5,1,42.0,0,0,5,-0.79,1.1599078178405762,0
8772,8,train,772,74,3530.5,1,42.5,0,0,5,-0.79,1.2117866277694702,0
8773,8,train,773,74,3567.5,1,43.0,0,0,5,-0.79,1.353083848953247,0
8774,8,train,774,74,3604.5,1,43.5,0,0,5,-0.79,1.3091177940368652,0
8775,8,train,775,76,3644.5,1,44.0,0,0,5,-0.81,1.452526569366455,0
8776,8,train,776,77,3684.0,1,44.5,0,0,5,-0.8200000000000001,1.069429636001587,0
8777,8,train,777,77,3722.5,1,45.0,0,1,5,-0.8200000000000001,1.2925914525985718,0
8778,8,train,778,77,3761.0,1,45.5,0,0,5,-0.8200000000000001,1.4223614931106567,0
8779,8,train,779,78,3801.0,1,46.0,0,0,5,-0.8300000000000001,0.872901201248169,0
8780,8,train,780,78,3840.0,1,46.5,1,0,5,-0.8300000000000001,1.1318607330322266,0
8781,8,train,781,78,3879.0,1,47.0,0,0,5,-0.8300000000000001,1.1470836400985718,0
8782,8,train,782,79,3919.5,1,47.5,0,0,5,-0.8400000000000001,1.3686590194702148,0
8783,8,train,783,80,3960.5,1,48.0,0,0,5,-0.8500000000000001,1.1417129039764404,0
8784,8,train,784,81,4002.0,1,48.5,0,0,5,-0.8600000000000001,0.96216881275177,0
8785,8,train,785,81,4042.5,1,49.0,0,0,5,-0.8600000000000001,1.1523109674453735,0
8786,8,train,786,82,4084.5,1,49.5,0,0,5,-0.87,1.281372308731079,0
8787,8,train,787,82,4125.5,1,50.0,0,0,5,-0.87,0.746062159538269,0
8788,8,train,788,80,4081.5,1,50.5,0,0,6,-0.8500000000000001,0.8775455951690674,0
8789,8,train,789,80,4121.5,1,51.0,0,1,6,-0.8500000000000001,1.0362306833267212,0
8790,8,train,790,80,4161.5,1,51.5,0,0,6,-0.8500000000000001,1.54515540599823,0
8791,8,train,791,80,4201.5,1,52.0,0,0,6,-0.8500000000000001,1.3767272233963013,0
8792,8,train,792,80,4241.5,1,52.5,0,1,6,-0.8500000000000001,1.2657276391983032,0
8793,8,train,793,81,4283.0,1,53.0,0,0,6,-0.8600000000000001,1.1187994480133057,0
8794,8,train,794,81,4323.5,1,53.5,1,1,6,-0.8600000000000001,1.1092627048492432,0
8795,8,train,795,81,4364.0,1,54.0,0,2,6,-0.8600000000000001,1.5449445247650146,0
8796,8,train,796,81,4404.5,1,54.5,0,0,6,-0.8600000000000001,1.325707197189331,0
8797,8,train,797,82,4446.5,1,55.0,0,1,6,-0.87,1.093151569366455,0
8798,8,train,798,82,4487.5,1,55.5,0,1,6,-0.87,0.8816571235656738,0
8799,8,train,799,82,4528.5,1,56.0,0,0,6,-0.87,1.4640507698059082,0
8800,8,train,800,82,4569.5,1,56.5,0,0,7,-0.87,1.128822684288025,1
8801,8,train,801,82,4610.5,1,57.0,1,1,7,-0.87,1.2593395709991455,0
8802,8,train,802,82,4651.5,1,57.5,0,1,7,-0.87,1.528573751449585,0
8803,8,train,803,83,4694.0,1,58.0,0,1,7,-0.88,1.051092505455017,0
8804,8,train,804,83,4735.5,1,58.5,0,1,7,-0.88,1.0498509407043457,0
8805,8,train,805,83,4777.0,1,59.0,0,0,7,-0.88,1.222184658050537,0
8806,8,train,806,84,4820.0,1,59.5,0,1,7,-0.89,1.4963843822479248,0
8807,8,train,807,84,4862.0,1,60.0,0,1,7,-0.89,0.7425198554992676,0
8808,8,train,808,86,4907.0,1,60.5,1,0,7,-0.91,1.4978810548782349,0
8809,8,train,809,86,4950.0,1,61.0,1,0,7,-0.91,1.482565999031067,0
8810,8,train,810,86,4993.0,1,61.5,0,0,7,-0.91,1.143755555152893,0
8811,8,train,811,86,5036.0,1,62.0,0,0,7,-0.91,1.2649834156036377,0
8812,8,train,812,85,4909.0,2,64.0,0,0,8,-0.95,0.6911644339561462,0
8813,8,train,813,83,4841.5,2,65.0,0,0,8,-0.9299999999999999,0.760608434677124,0
8814,8,train,814,81,4841.0,2,66.0,0,0,8,-0.91,1.2402275800704956,0
8815,8,train,815,81,4881.5,2,67.0,0,0,8,-0.91,1.1666338443756104,0
8816,8,train,816,84,4926.5,3,69.5,0,0,8,-0.99,1.0157437324523926,0
8817,8,train,817,84,4968.5,3,71.0,0,1,8,-0.99,0.9342652559280396,0
8818,8,train,818,85,5012.0,3,72.5,0,2,8,-1.0,1.1597158908843994,0
8819,8,train,819,85,5054.5,3,74.0,0,0,8,-1.0,1.2046236991882324,0
8820,8,train,820,85,5097.0,3,75.5,0,0,8,-1.0,1.164863109588623,0
8821,8,train,821,86,5141.0,3,77.0,0,1,8,-1.01,1.3450391292572021,0
8822,8,train,822,86,5184.0,3,78.5,0,0,8,-1.01,1.4111406803131104,0
8823,8,train,823,87,5228.5,3,80.0,0,0,9,-1.02,1.1144285202026367,1
8824,8,train,824,87,5272.0,3,81.5,0,1,9,-1.02,0.9210708141326904,0
8825,8,train,825,87,5315.5,3,83.0,0,0,9,-1.02,0.6610363721847534,0
8826,8,train,826,88,5360.5,3,84.5,0,0,9,-1.03,1.1344761848449707,0
8827,8,train,827,88,5404.5,3,86.0,0,2,9,-1.03,1.1272921562194824,0
8828,8,train,828,88,5448.5,3,87.5,0,0,9,-1.03,1.2755372524261475,0
8829,8,train,829,82,4934.5,1,71.0,1,0,0,-0.87,1.2782883644104004,0
8830,8,train,830,78,4607.5,1,71.5,0,3,0,-0.8300000000000001,0.8659279942512512,0
8831,8,train,831,75,4284.0,1,72.0,0,0,0,-0.8,1.2660274505615234,0
8832,8,train,832,72,3961.0,1,72.5,1,0,0,-0.77,0.8546237945556641,0
8833,8,train,833,72,3997.0,1,73.0,0,1,0,-0.77,1.2468562126159668,0
8834,8,train,834,68,3671.0,1,73.5,0,0,0,-0.7300000000000001,1.3300297260284424,0
8835,8,train,835,64,3345.0,1,74.0,0,0,0,-0.6900000000000001,1.4128258228302002,0
8836,8,train,836,63,3111.5,1,74.5,0,1,0,-0.68,0.7036653161048889,0
8837,8,train,837,62,3053.0,1,75.0,0,0,0,-0.67,1.4249273538589478,0
8838,8,train,838,58,2726.0,1,75.5,0,0,0,-0.63,0.8189013004302979,0
8839,8,train,839,55,2488.5,0,0.0,0,3,0,-0.55,1.1001007556915283,0
8840,8,train,840,54,2426.5,0,0.0,0,0,0,-0.54,1.3343019485473633,0
8841,8,train,841,50,2110.0,0,0.0,0,0,0,-0.5,1.2193431854248047,0
8842,8,train,842,50,1980.5,0,0.0,0,2,0,-0.5,1.2631199359893799,0
8843,8,train,843,50,1831.0,0,0.0,0,1,0,-0.5,1.5375893115997314,0
8844,8,train,844,48,1549.0,0,0.0,0,0,0,-0.48,0.7817443609237671,0
8845,8,train,845,48,1573.0,0,0.0,0,1,0,-0.48,1.2630099058151245,0
8846,8,train,846,44,1315.5,0,0.0,0,1,0,-0.44,1.1112029552459717,0
8847,8,train,847,40,1095.0,0,0.0,0,2,0,-0.4,0.7860420942306519,0
8848,8,train,848,40,1115.0,0,0.0,0,0,0,-0.4,1.359133005142212,0
8849,8,train,849,36,928.5,0,0.0,0,2,0,-0.36,1.3215012550354004,0
8850,8,train,850,33,816.5,0,0.0,0,0,0,-0.33,1.6345101594924927,0
8851,8,train,851,33,786.0,0,0.0,0,0,0,-0.33,0.7827248573303223,0
8852,8,train,852,31,658.0,0,0.0,0,3,0,-0.31,1.050482988357544,0
8853,8,train,853,30,617.5,0,0.0,0,0,0,-0.3,1.5258187055587769,0
8854,8,train,854,28,577.0,0,0.0,0,0,0,-0.28,1.1227295398712158,0
8855,8,train,855,25,509.0,0,0.0,0,2,0,-0.25,1.0127596855163574,0
8856,8,train,856,25,521.5,0,0.0,0,1,0,-0.25,1.1498334407806396,0
8857,8,train,857,22,479.5,0,0.0,0,0,0,-0.22,1.0042468309402466,0
8858,8,train,858,21,461.5,0,0.0,0,2,0,-0.21,1.3631134033203125,0
8859,8,train,859,22,473.5,0,0.0,1,1,0,-0.22,1.206674575805664,0
8860,8,train,860,21,464.5,0,0.0,0,1,0,-0.21,0.8354690670967102,0
8861,8,train,861,20,464.5,0,0.0,0,0,0,-0.2,1.333362102508545,0
8862,8,train,862,22,477.5,0,0.0,0,0,0,-0.22,1.2726949453353882,0
8863,8,train,863,22,488.5,0,0.0,0,0,0,-0.22,1.0540131330490112,0
8864,8,train,864,22,499.5,0,0.0,0,0,0,-0.22,0.7280145883560181,0
8865,8,train,865,22,510.5,0,0.0,0,1,0,-0.22,1.1912119388580322,0
8866,8,train,866,22,521.5,0,0.0,0,0,0,-0.22,1.1568849086761475,0
8867,8,train,867,22,532.5,0,0.0,0,1,0,-0.22,1.4037344455718994,0
8868,8,train,868,22,543.5,0,0.0,1,0,0,-0.22,0.9498459100723267,0
8869,8,train,869,22,554.5,0,0.0,0,0,0,-0.22,1.1655426025390625,0
8870,8,train,870,22,565.5,0,0.0,0,0,0,-0.22,1.438309907913208,0
8871,8,train,871,22,576.5,0,0.0,0,0,0,-0.22,1.1579678058624268,0
8872,8,train,872,23,589.0,0,0.0,0,0,0,-0.23,1.4963438510894775,0
8873,8,train,873,24,602.0,0,0.0,0,0,0,-0.24,1.457735300064087,0
8874,8,train,874,24,614.0,0,0.0,0,0,0,-0.24,0.8277196884155273,0
8875,8,train,875,24,626.0,1,1.5,0,0,0,-0.29,1.0213627815246582,0
8876,8,train,876,24,638.0,1,2.0,0,0,0,-0.29,1.2612428665161133,0
8877,8,train,877,24,650.0,1,2.5,0,1,0,-0.29,1.2346943616867065,0
8878,8,train,878,24,662.0,1,3.0,0,0,0,-0.29,1.3881416320800781,0
8879,8,train,879,22,604.0,1,3.5,0,0,1,-0.27,1.1532351970672607,0
8880,8,train,880,22,615.0,1,4.0,0,0,1,-0.27,1.0065176486968994,0
8881,8,train,881,22,626.0,1,4.5,0,1,1,-0.27,1.5680668354034424,0
8882,8,train,882,24,640.0,2,6.5,0,0,1,-0.33999999999999997,1.2668917179107666,0
8883,8,train,883,24,652.0,2,7.5,0,0,1,-0.33999999999999997,0.9880158305168152,0
8884,8,train,884,24,664.0,3,10.0,0,0,1,-0.39,0.8122159838676453,0
8885,8,train,885,24,676.0,3,11.5,0,2,1,-0.39,1.37662672996521,0
8886,8,train,886,24,688.0,3,13.0,0,0,1,-0.39,1.101431131362915,0
8887,8,train,887,24,700.0,3,14.5,0,0,1,-0.39,1.2601439952850342,0
8888,8,train,888,24,712.0,3,16.0,0,0,1,-0.39,0.9416455626487732,0
8889,8,train,889,24,724.0,3,17.5,0,0,1,-0.39,0.8291921615600586,0
8890,8,train,890,24,736.0,4,20.5,0,0,1,-0.44,0.6210572123527527,0
8891,8,train,891,24,748.0,4,22.5,1,0,1,-0.44,1.089017391204834,0
8892,8,train,892,25,761.5,5,26.0,0,2,1,-0.5,1.3160285949707031,0
8893,8,train,893,26,775.5,5,28.5,0,0,1,-0.51,1.4828605651855469,0
8894,8,train,894,26,788.5,5,31.0,0,0,1,-0.51,1.2772120237350464,0
8895,8,train,895,26,801.5,6,35.0,0,2,1,-0.56,1.2743234634399414,0
8896,8,train,896,26,814.5,6,38.0,0,0,1,-0.56,1.2288098335266113,0
8897,8,train,897,26,827.5,6,41.0,0,0,1,-0.56,0.9278825521469116,0
8898,8,train,898,26,840.5,6,44.0,0,2,1,-0.56,1.2583034038543701,0
8899,8,train,899,26,853.5,7,48.5,1,0,1,-0.61,1.5535616874694824,0
8900,8,train,900,26,866.5,7,52.0,0,0,1,-0.61,1.3084025382995605,0
8901,8,train,901,27,881.0,7,55.5,0,0,1,-0.62,0.8348590135574341,0
8902,8,train,902,28,896.0,7,59.0,0,0,1,-0.63,1.2913801670074463,0
8903,8,train,903,28,910.0,7,62.5,0,0,1,-0.63,1.2540690898895264,0
8904,8,train,904,28,924.0,7,66.0,0,0,1,-0.63,1.1004164218902588,0
8905,8,train,905,28,938.0,7,69.5,0,0,1,-0.63,1.1507670879364014,0
8906,8,train,906,28,952.0,7,73.0,0,0,1,-0.63,1.4120086431503296,0
8907,8,train,907,28,966.0,7,76.5,0,0,1,-0.63,0.8082466125488281,0
8908,8,train,908,28,980.0,7,80.0,0,0,1,-0.63,1.4089665412902832,0
8909,8,train,909,28,994.0,7,83.5,0,2,1,-0.63,1.334967851638794,0
8910,8,train,910,28,1008.0,7,87.0,0,0,1,-0.63,0.8334528207778931,0
8911,8,train,911,29,1023.5,7,90.5,0,0,1,-0.6399999999999999,1.1927541494369507,0
8912,8,train,912,32,1042.5,7,94.0,1,2,1,-0.6699999999999999,1.5105037689208984,0
8913,8,train,913,33,1060.0,7,97.5,0,0,1,-0.6799999999999999,1.2974834442138672,0
8914,8,train,914,33,1076.5,7,101.0,0,0,1,-0.6799999999999999,1.0248851776123047,0
8915,8,train,915,33,1093.0,7,104.5,0,0,1,-0.6799999999999999,1.4208884239196777,0
8916,8,train,916,33,1109.5,7,108.0,0,0,1,-0.6799999999999999,1.0856528282165527,0
8917,8,train,917,33,1126.0,7,111.5,0,0,1,-0.6799999999999999,1.2714564800262451,0
8918,8,train,918,33,1142.5,7,115.0,0,2,2,-0.6799999999999999,1.4133872985839844,1
8919,8,train,919,33,1159.0,7,118.5,0,0,2,-0.6799999999999999,1.4907193183898926,0
8920,8,train,920,33,1175.5,7,122.0,0,0,2,-0.6799999999999999,1.0677804946899414,0
8921,8,train,921,33,1192.0,7,125.5,0,1,2,-0.6799999999999999,0.9258925318717957,0
8922,8,train,922,34,1210.0,7,129.0,0,1,2,-0.69,1.1290698051452637,0
8923,8,train,923,34,1227.0,7,132.5,0,0,2,-0.69,1.1451269388198853,0
8924,8,train,924,36,1247.0,7,136.0,0,3,2,-0.71,1.1285264492034912,0
8925,8,train,925,36,1265.0,7,139.5,0,1,2,-0.71,1.6686313152313232,0
8926,8,train,926,36,1283.0,7,143.0,0,0,2,-0.71,1.3105847835540771,0
8927,8,train,927,36,1301.0,7,146.5,0,3,2,-0.71,1.019979476928711,0
8928,8,train,928,36,1319.0,7,150.0,0,1,2,-0.71,0.6096382737159729,0
8929,8,train,929,37,1338.5,7,153.5,0,1,2,-0.72,1.1024365425109863,0
8930,8,train,930,35,1156.5,8,158.5,0,0,3,-0.75,1.1814346313476562,0
8931,8,train,931,34,1021.5,8,162.5,0,1,3,-0.74,1.5328261852264404,0
8932,8,train,932,33,949.0,8,166.5,1,2,3,-0.73,1.2722458839416504,0
8933,8,train,933,31,951.5,8,170.5,0,1,3,-0.71,1.3722279071807861,0
8934,8,train,934,31,967.0,8,174.5,0,1,3,-0.71,1.4914662837982178,0
8935,8,train,935,31,982.5,8,178.5,0,2,3,-0.71,1.4636573791503906,0
8936,8,train,936,31,998.0,8,182.5,0,1,3,-0.71,1.2062679529190063,0
8937,8,train,937,31,1013.5,8,186.5,0,0,3,-0.71,1.2449504137039185,0
8938,8,train,938,31,1029.0,8,190.5,0,2,3,-0.71,1.0201878547668457,0
8939,8,train,939,32,1046.0,8,194.5,0,1,3,-0.72,1.2700332403182983,0
8940,8,train,940,33,1063.5,8,198.5,0,1,3,-0.73,0.852717936038971,0
8941,8,train,941,35,1083.0,8,202.5,0,2,3,-0.75,0.9075014591217041,0
8942,8,train,942,36,1102.0,8,206.5,0,0,3,-0.76,1.3262808322906494,0
8943,8,train,943,37,1121.5,8,210.5,0,1,3,-0.77,1.3464875221252441,0
8944,8,train,944,37,1140.0,8,214.5,0,1,4,-0.77,0.5147426724433899,1
8945,8,train,945,37,1158.5,8,218.5,0,0,4,-0.77,1.1458301544189453,0
8946,8,train,946,37,1177.0,8,222.5,0,2,4,-0.77,1.2549877166748047,0
8947,8,train,947,37,1195.5,8,226.5,0,1,4,-0.77,1.0249090194702148,0
8948,8,train,948,37,1214.0,8,230.5,0,0,4,-0.77,1.2632520198822021,0
8949,8,train,949,42,1240.0,8,234.5,0,2,4,-0.8200000000000001,1.3451151847839355,0
8950,8,train,950,42,1261.0,8,238.5,1,0,4,-0.8200000000000001,1.2433695793151855,0
8951,8,train,951,43,1283.5,8,242.5,0,2,4,-0.8300000000000001,1.0835402011871338,0
8952,8,train,952,43,1305.0,8,246.5,0,2,4,-0.8300000000000001,1.344143033027649,0
8953,8,train,953,44,1328.0,8,250.5,0,0,4,-0.8400000000000001,1.2513792514801025,0
8954,8,train,954,44,1350.0,8,254.5,0,1,4,-0.8400000000000001,1.0146925449371338,0
8955,8,train,955,45,1373.5,8,258.5,0,3,4,-0.8500000000000001,1.403191089630127,0
8956,8,train,956,40,1098.5,7,248.0,0,0,5,-0.75,1.4006857872009277,0
8957,8,train,957,36,879.0,6,209.0,0,2,5,-0.6599999999999999,1.0767232179641724,0
8958,8,train,958,32,692.5,6,212.0,0,2,5,-0.62,0.8016981482505798,0
8959,8,train,959,28,539.0,6,215.0,0,1,5,-0.5800000000000001,1.1725770235061646,0
8960,8,train,960,27,517.5,6,218.0,0,1,5,-0.5700000000000001,1.0407319068908691,0
8961,8,train,961,26,436.0,6,221.0,0,1,5,-0.56,0.6321530342102051,0
8962,8,train,962,22,356.0,6,224.0,0,2,5,-0.52,1.3613485097885132,0
8963,8,train,963,19,325.0,6,227.0,0,1,5,-0.49,0.7030084729194641,0
8964,8,train,964,18,320.5,6,230.0,0,1,5,-0.48,0.8755279779434204,0
8965,8,train,965,15,314.0,6,233.0,1,1,5,-0.44999999999999996,1.3175969123840332,0
8966,8,train,966,14,315.0,4,161.5,0,1,5,-0.34,1.089944839477539,0
8967,8,train,967,15,323.5,3,120.5,0,2,5,-0.3,0.8763091564178467,0
8968,8,train,968,15,331.0,3,122.0,0,2,5,-0.3,1.2003544569015503,0
8969,8,train,969,15,338.5,3,123.5,0,1,5,-0.3,1.0633305311203003,0
8970,8,train,970,16,347.5,3,125.0,0,1,5,-0.31,1.3184845447540283,0
8971,8,train,971,16,355.5,3,126.5,0,2,5,-0.31,0.8710081577301025,0
8972,8,train,972,16,363.5,3,128.0,0,0,5,-0.31,1.0982102155685425,0
8973,8,train,973,16,371.5,3,129.5,0,2,5,-0.31,0.9893357157707214,0
8974,8,train,974,16,379.5,3,131.0,0,2,5,-0.31,0.9539043307304382,0
8975,8,train,975,16,387.5,3,132.5,2,0,5,-0.31,1.4218723773956299,0
8976,8,train,976,16,395.5,3,134.0,0,3,5,-0.31,1.3548346757888794,0
8977,8,train,977,16,403.5,3,135.5,0,1,5,-0.31,1.2477538585662842,0
8978,8,train,978,16,411.5,3,137.0,0,0,5,-0.31,0.8363498449325562,0
8979,8,train,979,16,419.5,3,138.5,0,3,5,-0.31,1.181318998336792,0
8980,8,train,980,16,427.5,3,140.0,0,1,5,-0.31,1.1548413038253784,0
8981,8,train,981,17,437.0,3,141.5,0,0,5,-0.32,1.174894094467163,0
8982,8,train,982,17,445.5,3,143.0,0,3,5,-0.32,1.2487205266952515,0
8983,8,train,983,19,457.0,3,144.5,0,1,5,-0.33999999999999997,1.0837821960449219,0
8984,8,train,984,20,468.0,3,146.0,0,0,5,-0.35,1.2741196155548096,0
8985,8,train,985,20,478.0,3,147.5,0,4,5,-0.35,1.2077419757843018,0
8986,8,train,986,21,489.5,3,149.0,0,1,5,-0.36,1.262249231338501,0
8987,8,train,987,22,501.5,3,150.5,0,0,5,-0.37,1.1926569938659668,0
8988,8,train,988,23,514.0,3,152.0,1,1,5,-0.38,0.9186060428619385,0
8989,8,train,989,23,525.5,3,153.5,0,0,5,-0.38,0.9216461181640625,0
8990,8,train,990,23,537.0,3,155.0,0,0,5,-0.38,1.1117960214614868,0
8991,8,train,991,23,548.5,3,156.5,0,1,5,-0.38,1.2565650939941406,0
8992,8,train,992,23,560.0,3,158.0,0,2,5,-0.38,1.015395164489746,0
8993,8,train,993,24,573.0,3,159.5,0,1,5,-0.39,1.4073688983917236,0
8994,8,train,994,24,585.0,3,161.0,0,1,5,-0.39,1.196091890335083,0
8995,8,train,995,24,597.0,3,162.5,0,0,5,-0.39,0.8785821199417114,0
8996,8,train,996,24,609.0,3,164.0,0,1,5,-0.39,1.4052560329437256,0
8997,8,train,997,25,622.5,3,165.5,0,2,5,-0.4,0.7860074043273926,0
8998,8,train,998,25,635.0,3,167.0,0,0,5,-0.4,1.2430098056793213,0
8999,8,train,999,25,647.5,3,168.5,0,0,5,-0.4,1.3670949935913086,0
9000,9,train,0,0,0.0,0,0.0,0,0,0,-0.0,0.8562347292900085,0
9001,9,train,1,0,0.0,0,0.0,0,0,0,-0.0,0.6029512882232666,0
9002,9,train,2,0,0.0,0,0.0,0,0,0,-0.0,1.2345161437988281,0
9003,9,train,3,0,0.0,0,0.0,0,0,0,-0.0,1.1116759777069092,0
9004,9,train,4,0,0.0,0,0.0,0,0,0,-0.0,1.4353532791137695,0
9005,9,train,5,0,0.0,0,0.0,0,0,0,-0.0,1.1391127109527588,0
9006,9,train,6,0,0.0,0,0.0,0,0,0,-0.0,0.9909409284591675,0
9007,9,train,7,0,0.0,0,0.0,0,0,0,-0.0,1.412766695022583,0
9008,9,train,8,0,0.0,0,0.0,0,0,0,-0.0,1.1207548379898071,0
9009,9,train,9,0,0.0,0,0.0,0,0,0,-0.0,1.0071531534194946,0
9010,9,train,10,0,0.0,0,0.0,0,0,0,-0.0,1.2127151489257812,0
9011,9,train,11,0,0.0,0,0.0,0,0,0,-0.0,1.3518577814102173,0
9012,9,train,12,0,0.0,0,0.0,0,0,0,-0.0,1.6274068355560303,0
9013,9,train,13,0,0.0,0,0.0,0,0,0,-0.0,0.8381351232528687,0
9014,9,train,14,0,0.0,0,0.0,0,0,0,-0.0,1.3480792045593262,0
9015,9,train,15,0,0.0,0,0.0,0,0,0,-0.0,0.950218915939331,0
9016,9,train,16,0,0.0,0,0.0,0,0,0,-0.0,1.117710828781128,0
9017,9,train,17,0,0.0,0,0.0,0,0,0,-0.0,1.4078092575073242,0
9018,9,train,18,0,0.0,0,0.0,0,0,0,-0.0,1.3939465284347534,0
9019,9,train,19,0,0.0,0,0.0,0,0,0,-0.0,1.393418788909912,0
9020,9,train,20,0,0.0,0,0.0,0,0,0,-0.0,1.1633200645446777,0
9021,9,train,21,0,0.0,0,0.0,0,0,0,-0.0,1.2708730697631836,0
9022,9,train,22,0,0.0,0,0.0,0,0,0,-0.0,0.7451090216636658,0
9023,9,train,23,0,0.0,0,0.0,0,0,0,-0.0,1.3944549560546875,0
9024,9,train,24,0,0.0,0,0.0,0,0,0,-0.0,1.0947628021240234,0
9025,9,train,25,0,0.0,0,0.0,0,0,0,-0.0,1.1485627889633179,0
9026,9,train,26,0,0.0,0,0.0,0,0,0,-0.0,1.1701853275299072,0
9027,9,train,27,0,0.0,0,0.0,0,0,0,-0.0,0.7443275451660156,0
9028,9,train,28,0,0.0,0,0.0,0,0,0,-0.0,1.350733757019043,0
9029,9,train,29,0,0.0,0,0.0,0,0,0,-0.0,1.4845983982086182,0
9030,9,train,30,0,0.0,0,0.0,0,0,0,-0.0,1.1312545537948608,0
9031,9,train,31,0,0.0,0,0.0,0,0,0,-0.0,1.091317892074585,0
9032,9,train,32,0,0.0,0,0.0,0,0,0,-0.0,1.229921579360962,0
9033,9,train,33,0,0.0,0,0.0,0,0,0,-0.0,1.3771557807922363,0
9034,9,train,34,0,0.0,0,0.0,0,0,0,-0.0,1.3026087284088135,0
9035,9,train,35,0,0.0,0,0.0,0,0,0,-0.0,1.4495066404342651,0
9036,9,train,36,0,0.0,0,0.0,0,0,0,-0.0,1.1917734146118164,0
9037,9,train,37,0,0.0,0,0.0,0,0,0,-0.0,1.2061092853546143,0
9038,9,train,38,0,0.0,0,0.0,0,0,0,-0.0,0.8279398679733276,0
9039,9,train,39,0,0.0,0,0.0,0,0,0,-0.0,1.4182343482971191,0
9040,9,train,40,0,0.0,0,0.0,0,0,0,-0.0,1.5073473453521729,0
9041,9,train,41,0,0.0,0,0.0,0,0,0,-0.0,0.7621928453445435,0
9042,9,train,42,0,0.0,0,0.0,0,0,0,-0.0,0.9945226311683655,0
9043,9,train,43,0,0.0,0,0.0,0,0,0,-0.0,1.0744707584381104,0
9044,9,train,44,0,0.0,0,0.0,0,0,0,-0.0,1.4402587413787842,0
9045,9,train,45,0,0.0,0,0.0,0,0,0,-0.0,1.5700664520263672,0
9046,9,train,46,0,0.0,0,0.0,0,0,0,-0.0,1.2875213623046875,0
9047,9,train,47,0,0.0,0,0.0,0,0,0,-0.0,1.3191057443618774,0
9048,9,train,48,0,0.0,0,0.0,0,0,0,-0.0,1.3868080377578735,0
9049,9,train,49,0,0.0,0,0.0,0,0,1,-0.0,1.092684030532837,0
9050,9,train,50,0,0.0,0,0.0,0,0,1,-0.0,0.7790979743003845,0
9051,9,train,51,0,0.0,0,0.0,0,0,1,-0.0,1.2043131589889526,0
9052,9,train,52,0,0.0,0,0.0,0,0,1,-0.0,1.3182563781738281,0
9053,9,train,53,0,0.0,0,0.0,0,0,1,-0.0,1.377756953239441,0
9054,9,train,54,0,0.0,0,0.0,0,0,1,-0.0,1.1537814140319824,0
9055,9,train,55,0,0.0,0,0.0,0,0,1,-0.0,1.273527979850769,0
9056,9,train,56,0,0.0,0,0.0,0,0,1,-0.0,1.1418125629425049,0
9057,9,train,57,0,0.0,0,0.0,0,0,1,-0.0,0.8394026756286621,0
9058,9,train,58,0,0.0,0,0.0,0,0,1,-0.0,1.2438286542892456,0
9059,9,train,59,0,0.0,0,0.0,0,0,1,-0.0,1.3710379600524902,0
9060,9,train,60,0,0.0,0,0.0,0,0,1,-0.0,1.223894715309143,0
9061,9,train,61,0,0.0,0,0.0,0,0,1,-0.0,1.586510419845581,0
9062,9,train,62,0,0.0,0,0.0,0,0,1,-0.0,1.2140499353408813,0
9063,9,train,63,0,0.0,0,0.0,0,0,1,-0.0,1.2668629884719849,0
9064,9,train,64,0,0.0,0,0.0,0,0,1,-0.0,1.3972028493881226,0
9065,9,train,65,0,0.0,0,0.0,0,0,1,-0.0,1.1534314155578613,0
9066,9,train,66,0,0.0,0,0.0,0,0,1,-0.0,1.3894633054733276,0
9067,9,train,67,0,0.0,0,0.0,0,0,1,-0.0,1.6380550861358643,0
9068,9,train,68,0,0.0,1,1.5,0,0,1,-0.05,1.250779628753662,0
9069,9,train,69,0,0.0,1,2.0,0,0,1,-0.05,1.0850841999053955,0
9070,9,train,70,0,0.0,1,2.5,0,0,1,-0.05,1.3250318765640259,0
9071,9,train,71,0,0.0,1,3.0,0,0,1,-0.05,1.2377405166625977,0
9072,9,train,72,0,0.0,1,3.5,0,0,1,-0.05,1.0118926763534546,0
9073,9,train,73,0,0.0,1,4.0,0,0,1,-0.05,1.0350732803344727,0
9074,9,train,74,0,0.0,1,4.5,0,0,1,-0.05,0.909279465675354,0
9075,9,train,75,0,0.0,1,5.0,0,0,1,-0.05,1.1316571235656738,0
9076,9,train,76,0,0.0,1,5.5,0,0,1,-0.05,1.0244126319885254,0
9077,9,train,77,0,0.0,1,6.0,0,0,1,-0.05,1.228513240814209,0
9078,9,train,78,5,7.5,1,6.5,0,0,1,-0.1,1.1891158819198608,0
9079,9,train,79,5,10.0,2,8.5,0,0,1,-0.15000000000000002,1.3120051622390747,0
9080,9,train,80,5,12.5,2,9.5,0,0,1,-0.15000000000000002,0.9077783823013306,0
9081,9,train,81,5,15.0,2,10.5,0,0,1,-0.15000000000000002,1.0422476530075073,0
9082,9,train,82,5,17.5,2,11.5,0,0,1,-0.15000000000000002,0.5605114102363586,0
9083,9,train,83,5,20.0,3,14.0,0,0,1,-0.2,1.0728254318237305,0
9084,9,train,84,5,22.5,3,15.5,0,0,1,-0.2,1.3656113147735596,0
9085,9,train,85,5,25.0,3,17.0,0,0,1,-0.2,0.9724966287612915,0
9086,9,train,86,8,32.0,3,18.5,0,0,1,-0.22999999999999998,0.8920444250106812,0
9087,9,train,87,8,36.0,3,20.0,0,0,1,-0.22999999999999998,1.3741350173950195,0
9088,9,train,88,8,40.0,5,24.5,0,0,1,-0.33,1.4345567226409912,0
9089,9,train,89,9,45.5,6,28.5,0,0,1,-0.39,1.0228610038757324,0
9090,9,train,90,9,50.0,5,29.5,0,0,1,-0.33999999999999997,1.163801908493042,0
9091,9,train,91,9,54.5,5,32.0,0,0,1,-0.33999999999999997,1.045569658279419,0
9092,9,train,92,9,59.0,5,34.5,0,0,1,-0.33999999999999997,1.3170472383499146,0
9093,9,train,93,9,63.5,7,40.0,0,0,1,-0.43999999999999995,0.8485598564147949,0
9094,9,train,94,9,68.0,7,43.5,0,0,1,-0.43999999999999995,0.5229149460792542,0
9095,9,train,95,9,72.5,7,47.0,0,0,1,-0.43999999999999995,0.9547753930091858,0
9096,9,train,96,9,77.0,7,50.5,0,0,1,-0.43999999999999995,1.5809506177902222,0
9097,9,train,97,9,81.5,7,54.0,0,0,1,-0.43999999999999995,1.182830810546875,0
9098,9,train,98,9,86.0,7,57.5,0,0,1,-0.43999999999999995,1.4505069255828857,0
9099,9,train,99,10,92.0,7,61.0,0,0,1,-0.44999999999999996,1.4618308544158936,0
9100,9,train,100,10,97.0,7,64.5,0,0,1,-0.44999999999999996,1.458890438079834,0
9101,9,train,101,11,103.5,7,68.0,0,0,1,-0.45999999999999996,1.1116594076156616,0
9102,9,train,102,11,109.0,7,71.5,0,0,1,-0.45999999999999996,1.0320284366607666,0
9103,9,train,103,11,114.5,8,76.5,0,0,1,-0.51,1.0287089347839355,0
9104,9,train,104,11,120.0,8,80.5,0,0,1,-0.51,0.9047905802726746,0
9105,9,train,105,11,125.5,8,84.5,0,0,1,-0.51,1.2249293327331543,0
9106,9,train,106,11,131.0,8,88.5,0,0,1,-0.51,1.2929636240005493,0
9107,9,train,107,11,136.5,8,92.5,0,0,1,-0.51,0.942047119140625,0
9108,9,train,108,11,142.0,8,96.5,0,0,1,-0.51,0.9263384342193604,0
9109,9,train,109,11,147.5,8,100.5,0,0,1,-0.51,1.6403144598007202,0
9110,9,train,110,11,153.0,8,104.5,0,0,1,-0.51,1.036871075630188,0
9111,9,train,111,12,160.0,8,108.5,0,0,1,-0.52,1.48809814453125,0
9112,9,train,112,12,166.0,8,112.5,0,0,1,-0.52,0.8200662136077881,0
9113,9,train,113,14,175.0,8,116.5,0,0,1,-0.54,1.271535873413086,0
9114,9,train,114,14,182.0,8,120.5,0,0,1,-0.54,1.0990779399871826,0
9115,9,train,115,14,189.0,8,124.5,0,0,1,-0.54,1.0949313640594482,0
9116,9,train,116,14,196.0,8,128.5,0,0,1,-0.54,1.1021722555160522,0
9117,9,train,117,14,203.0,8,132.5,0,0,1,-0.54,1.1779371500015259,0
9118,9,train,118,14,210.0,8,136.5,0,0,1,-0.54,1.298574447631836,0
9119,9,train,119,14,217.0,8,140.5,0,0,1,-0.54,1.3867124319076538,0
9120,9,train,120,14,224.0,8,144.5,0,0,1,-0.54,0.7907952070236206,0
9121,9,train,121,15,232.5,8,148.5,0,0,1,-0.55,1.0258185863494873,0
9122,9,train,122,15,240.0,8,152.5,0,0,1,-0.55,1.3345227241516113,0
9123,9,train,123,16,249.0,8,156.5,0,0,1,-0.56,1.2508189678192139,0
9124,9,train,124,16,257.0,8,160.5,0,0,1,-0.56,1.426060438156128,0
9125,9,train,125,16,265.0,8,164.5,0,0,1,-0.56,1.2646163702011108,0
9126,9,train,126,16,273.0,8,168.5,0,0,1,-0.56,1.2385733127593994,0
9127,9,train,127,16,281.0,8,172.5,0,0,1,-0.56,1.151219129562378,0
9128,9,train,128,16,289.0,8,176.5,0,0,1,-0.56,1.2374731302261353,0
9129,9,train,129,16,297.0,8,180.5,0,0,1,-0.56,1.4563028812408447,0
9130,9,train,130,16,305.0,8,184.5,0,0,1,-0.56,1.2453358173370361,0
9131,9,train,131,16,313.0,8,188.5,0,0,1,-0.56,1.4134207963943481,0
9132,9,train,132,16,321.0,8,192.5,0,0,1,-0.56,1.265842080116272,0
9133,9,train,133,17,330.5,8,196.5,0,0,1,-0.5700000000000001,1.013187289237976,0
9134,9,train,134,18,340.5,8,200.5,0,0,1,-0.5800000000000001,1.3731989860534668,0
9135,9,train,135,18,349.5,8,204.5,0,0,1,-0.5800000000000001,1.078855276107788,0
9136,9,train,136,18,358.5,8,208.5,0,0,1,-0.5800000000000001,0.8258163928985596,0
9137,9,train,137,18,367.5,8,212.5,0,0,1,-0.5800000000000001,1.034158706665039,0
9138,9,train,138,18,376.5,8,216.5,0,0,1,-0.5800000000000001,1.6778316497802734,0
9139,9,train,139,18,385.5,8,220.5,0,0,2,-0.5800000000000001,1.4464229345321655,0
9140,9,train,140,18,394.5,8,224.5,0,0,2,-0.5800000000000001,1.274474859237671,0
9141,9,train,141,18,403.5,8,228.5,0,0,2,-0.5800000000000001,0.9645197987556458,0
9142,9,train,142,19,414.0,8,232.5,0,0,2,-0.5900000000000001,1.324455738067627,0
9143,9,train,143,19,423.5,8,236.5,0,0,2,-0.5900000000000001,1.355607271194458,0
9144,9,train,144,19,433.0,8,240.5,0,0,2,-0.5900000000000001,1.080487847328186,0
9145,9,train,145,19,442.5,8,244.5,0,0,2,-0.5900000000000001,1.383162021636963,0
9146,9,train,146,19,452.0,8,248.5,0,0,2,-0.5900000000000001,1.13150155544281,0
9147,9,train,147,19,461.5,8,252.5,0,0,2,-0.5900000000000001,1.5228577852249146,0
9148,9,train,148,19,471.0,8,256.5,0,2,2,-0.5900000000000001,1.210774540901184,0
9149,9,train,149,20,482.0,8,260.5,0,0,2,-0.6000000000000001,1.24263596534729,0
9150,9,train,150,21,493.5,8,264.5,0,0,2,-0.61,1.0222700834274292,0
9151,9,train,151,20,433.5,8,268.5,0,1,3,-0.6000000000000001,1.3517063856124878,0
9152,9,train,152,21,445.0,8,272.5,0,0,3,-0.61,1.312239646911621,0
9153,9,train,153,23,458.5,8,276.5,0,0,3,-0.63,0.9713231921195984,0
9154,9,train,154,23,470.0,8,280.5,0,0,3,-0.63,1.0941252708435059,0
9155,9,train,155,23,481.5,8,284.5,0,0,3,-0.63,1.0918519496917725,0
9156,9,train,156,23,493.0,8,288.5,0,0,3,-0.63,1.4541895389556885,0
9157,9,train,157,23,504.5,8,292.5,0,0,3,-0.63,1.0415235757827759,0
9158,9,train,158,23,516.0,8,296.5,0,0,3,-0.63,1.099145770072937,0
9159,9,train,159,23,527.5,8,300.5,0,0,3,-0.63,1.4554699659347534,0
9160,9,train,160,23,539.0,8,304.5,0,0,3,-0.63,1.2092339992523193,0
9161,9,train,161,23,550.5,8,308.5,0,0,3,-0.63,1.0156071186065674,0
9162,9,train,162,23,562.0,8,312.5,0,0,3,-0.63,1.4228861331939697,0
9163,9,train,163,24,575.0,8,316.5,0,0,3,-0.64,0.9571042060852051,0
9164,9,train,164,28,593.0,8,320.5,0,0,3,-0.68,0.9055630564689636,0
9165,9,train,165,29,608.5,8,324.5,0,0,3,-0.69,1.2455575466156006,0
9166,9,train,166,29,623.0,8,328.5,0,1,3,-0.69,1.3857343196868896,0
9167,9,train,167,29,637.5,8,332.5,0,0,3,-0.69,0.9457173347473145,0
9168,9,train,168,29,652.0,8,336.5,0,0,3,-0.69,1.238192081451416,0
9169,9,train,169,30,668.0,8,340.5,0,0,3,-0.7,1.3522779941558838,0
9170,9,train,170,30,683.0,8,344.5,0,1,3,-0.7,0.7949951887130737,0
9171,9,train,171,30,698.0,8,348.5,0,0,3,-0.7,1.1518423557281494,0
9172,9,train,172,31,714.5,8,352.5,0,0,3,-0.71,0.6066899299621582,0
9173,9,train,173,33,733.0,8,356.5,0,0,3,-0.73,1.422838568687439,0
9174,9,train,174,36,754.0,8,360.5,0,0,3,-0.76,0.8603800535202026,0
9175,9,train,175,36,772.0,8,364.5,0,0,3,-0.76,1.252000093460083,0
9176,9,train,176,36,790.0,8,368.5,0,0,4,-0.76,1.1205477714538574,1
9177,9,train,177,36,808.0,8,372.5,0,0,4,-0.76,0.8082733750343323,0
9178,9,train,178,37,827.5,8,376.5,0,0,4,-0.77,1.3585340976715088,0
9179,9,train,179,37,846.0,8,380.5,0,0,4,-0.77,1.5133991241455078,0
9180,9,train,180,39,867.5,8,384.5,0,1,4,-0.79,1.1421291828155518,0
9181,9,train,181,39,887.0,8,388.5,0,1,4,-0.79,1.0331664085388184,0
9182,9,train,182,39,906.5,8,392.5,0,0,4,-0.79,1.03029465675354,0
9183,9,train,183,39,926.0,8,396.5,0,0,4,-0.79,1.3433597087860107,0
9184,9,train,184,40,947.0,8,400.5,0,0,4,-0.8,1.2853808403015137,0
9185,9,train,185,41,968.5,8,404.5,0,0,4,-0.81,0.7594954371452332,0
9186,9,train,186,42,990.5,8,408.5,0,0,4,-0.8200000000000001,1.144762396812439,0
9187,9,train,187,43,1013.0,8,412.5,0,0,4,-0.8300000000000001,0.8191760182380676,0
9188,9,train,188,37,801.5,8,416.5,0,0,5,-0.77,1.5080928802490234,0
9189,9,train,189,33,655.0,8,420.5,0,0,5,-0.73,0.6112486124038696,0
9190,9,train,190,30,542.5,8,424.5,0,0,5,-0.7,1.331528902053833,0
9191,9,train,191,26,468.5,8,428.5,0,2,5,-0.66,1.1060786247253418,0
9192,9,train,192,26,481.5,8,432.5,0,0,5,-0.66,0.9497741460800171,0
9193,9,train,193,23,454.0,8,436.5,0,0,5,-0.63,1.1865148544311523,0
9194,9,train,194,20,451.5,8,440.5,0,0,5,-0.6000000000000001,1.3604462146759033,0
9195,9,train,195,21,463.0,8,444.5,0,0,5,-0.61,1.1272631883621216,0
9196,9,train,196,21,473.5,7,393.0,0,0,5,-0.5599999999999999,1.0681447982788086,0
9197,9,train,197,21,484.0,6,330.5,0,0,5,-0.51,1.5936379432678223,0
9198,9,train,198,21,494.5,4,218.0,0,2,5,-0.41000000000000003,1.066514253616333,0
9199,9,train,199,21,505.0,4,220.0,0,0,5,-0.41000000000000003,1.2784104347229004,0
9200,9,train,200,21,515.5,4,222.0,0,0,5,-0.41000000000000003,1.296917200088501,0
9201,9,train,201,21,526.0,4,224.0,0,0,5,-0.41000000000000003,0.9581167697906494,0
9202,9,train,202,21,536.5,4,226.0,0,2,5,-0.41000000000000003,1.4946430921554565,0
9203,9,train,203,21,547.0,4,228.0,0,0,5,-0.41000000000000003,1.4237521886825562,0
9204,9,train,204,21,557.5,4,230.0,0,0,5,-0.41000000000000003,1.1498172283172607,0
9205,9,train,205,22,569.5,4,232.0,0,0,5,-0.42000000000000004,0.7858093976974487,0
9206,9,train,206,23,582.0,4,234.0,0,0,5,-0.43000000000000005,0.7076101303100586,0
9207,9,train,207,23,593.5,3,182.5,0,1,5,-0.38,1.317592740058899,0
9208,9,train,208,23,605.0,3,184.0,0,0,5,-0.38,1.3400381803512573,0
9209,9,train,209,23,616.5,3,185.5,0,0,5,-0.38,1.428609848022461,0
9210,9,train,210,23,628.0,3,187.0,0,0,5,-0.38,1.2962678670883179,0
9211,9,train,211,23,639.5,3,188.5,0,1,5,-0.38,1.3020578622817993,0
9212,9,train,212,24,652.5,3,190.0,0,0,5,-0.39,1.168237328529358,0
9213,9,train,213,24,664.5,3,191.5,0,0,5,-0.39,1.5888431072235107,0
9214,9,train,214,25,678.0,3,193.0,0,0,5,-0.4,1.1002628803253174,0
9215,9,train,215,27,693.5,3,194.5,0,0,5,-0.42000000000000004,1.2335078716278076,0
9216,9,train,216,27,707.0,3,196.0,0,0,5,-0.42000000000000004,1.2056281566619873,0
9217,9,train,217,28,722.0,3,197.5,0,0,5,-0.43000000000000005,1.2529149055480957,0
9218,9,train,218,28,736.0,3,199.0,0,0,5,-0.43000000000000005,1.113574504852295,0
9219,9,train,219,29,751.5,3,200.5,0,0,5,-0.43999999999999995,1.4284367561340332,0
9220,9,train,220,29,766.0,3,202.0,0,0,5,-0.43999999999999995,1.1980736255645752,0
9221,9,train,221,29,780.5,3,203.5,0,0,5,-0.43999999999999995,1.4171743392944336,0
9222,9,train,222,29,795.0,3,205.0,0,0,5,-0.43999999999999995,1.5583961009979248,0
9223,9,train,223,29,809.5,3,206.5,0,0,5,-0.43999999999999995,1.2745213508605957,0
9224,9,train,224,30,825.5,3,208.0,0,0,5,-0.44999999999999996,1.4686639308929443,0
9225,9,train,225,32,843.5,3,209.5,0,0,5,-0.47,1.5829129219055176,0
9226,9,train,226,32,859.5,3,211.0,0,0,5,-0.47,0.7710288763046265,0
9227,9,train,227,33,877.0,3,212.5,0,0,5,-0.48,1.2679798603057861,0
9228,9,train,228,33,893.5,3,214.0,0,0,5,-0.48,1.2624897956848145,0
9229,9,train,229,33,910.0,3,215.5,0,0,5,-0.48,1.0804190635681152,0
9230,9,train,230,33,926.5,3,217.0,0,0,5,-0.48,0.9423233270645142,0
9231,9,train,231,33,943.0,3,218.5,0,1,5,-0.48,1.4915751218795776,0
9232,9,train,232,33,959.5,3,220.0,0,0,5,-0.48,1.5427334308624268,0
9233,9,train,233,33,976.0,3,221.5,0,0,5,-0.48,1.316927433013916,0
9234,9,train,234,33,992.5,3,223.0,0,0,5,-0.48,1.3756215572357178,0
9235,9,train,235,34,1010.5,3,224.5,0,0,5,-0.49,1.5067329406738281,0
9236,9,train,236,34,1027.5,3,226.0,0,0,5,-0.49,0.95574951171875,0
9237,9,train,237,34,1044.5,3,227.5,0,0,5,-0.49,1.394294261932373,0
9238,9,train,238,32,898.5,3,229.0,0,0,6,-0.47,1.4119964838027954,0
9239,9,train,239,30,863.0,3,230.5,0,0,6,-0.44999999999999996,1.3128818273544312,0
9240,9,train,240,30,878.0,3,232.0,0,1,6,-0.44999999999999996,0.5634105205535889,0
9241,9,train,241,30,893.0,3,233.5,0,0,6,-0.44999999999999996,0.8213629126548767,0
9242,9,train,242,31,909.5,3,235.0,0,0,6,-0.45999999999999996,0.9738987684249878,0
9243,9,train,243,31,925.0,3,236.5,0,0,6,-0.45999999999999996,1.1663895845413208,0
9244,9,train,244,32,942.0,3,238.0,0,0,6,-0.47,0.8007067441940308,0
9245,9,train,245,33,959.5,3,239.5,0,0,6,-0.48,1.3144423961639404,0
9246,9,train,246,33,976.0,3,241.0,0,0,6,-0.48,1.3418070077896118,0
9247,9,train,247,33,992.5,3,242.5,0,0,6,-0.48,1.6033179759979248,0
9248,9,train,248,33,1009.0,3,244.0,0,0,6,-0.48,1.2008823156356812,0
9249,9,train,249,33,1025.5,3,245.5,0,0,6,-0.48,0.9458193778991699,0
9250,9,train,250,33,1042.0,3,247.0,0,0,6,-0.48,1.0799102783203125,0
9251,9,train,251,33,1058.5,3,248.5,0,0,6,-0.48,1.4313993453979492,0
9252,9,train,252,33,1075.0,3,250.0,0,1,6,-0.48,1.3732577562332153,0
9253,9,train,253,33,1091.5,3,251.5,0,0,6,-0.48,0.9145252108573914,0
9254,9,train,254,34,1109.5,3,253.0,0,0,6,-0.49,0.98605877161026,0
9255,9,train,255,35,1128.0,3,254.5,0,0,6,-0.5,0.9561364650726318,0
9256,9,train,256,35,1145.5,3,256.0,0,2,6,-0.5,1.17592191696167,0
9257,9,train,257,35,1163.0,3,257.5,0,0,6,-0.5,1.4459651708602905,0
9258,9,train,258,35,1180.5,3,259.0,0,0,6,-0.5,1.2651877403259277,0
9259,9,train,259,35,1198.0,3,260.5,0,0,6,-0.5,1.1751110553741455,0
9260,9,train,260,35,1215.5,3,262.0,0,0,6,-0.5,0.3141343295574188,0
9261,9,train,261,35,1233.0,4,265.0,0,1,6,-0.55,1.1304833889007568,0
9262,9,train,262,35,1250.5,4,267.0,0,0,6,-0.55,1.6002644300460815,0
9263,9,train,263,35,1268.0,4,269.0,0,0,6,-0.55,1.628455638885498,0
9264,9,train,264,36,1287.0,4,271.0,0,0,6,-0.56,1.2616350650787354,0
9265,9,train,265,36,1305.0,4,271.0,0,0,6,-0.56,1.3173596858978271,0
9266,9,train,266,36,1323.0,5,274.5,0,0,6,-0.61,1.213318109512329,0
9267,9,train,267,36,1341.0,5,277.0,0,0,6,-0.61,0.8959893584251404,0
9268,9,train,268,36,1359.0,5,279.5,0,3,6,-0.61,1.4337060451507568,0
9269,9,train,269,36,1377.0,5,282.0,0,0,6,-0.61,1.4461793899536133,0
9270,9,train,270,36,1395.0,7,287.5,0,0,6,-0.71,1.5156773328781128,0
9271,9,train,271,36,1413.0,6,289.0,0,1,6,-0.6599999999999999,1.2239711284637451,0
9272,9,train,272,37,1432.5,6,292.0,0,0,6,-0.6699999999999999,1.2715704441070557,0
9273,9,train,273,38,1452.5,6,295.0,0,0,6,-0.6799999999999999,1.1739227771759033,0
9274,9,train,274,38,1471.5,7,299.5,0,1,6,-0.73,0.8683841824531555,0
9275,9,train,275,39,1492.0,7,303.0,0,0,7,-0.74,1.424828290939331,1
9276,9,train,276,39,1511.5,7,306.5,0,0,7,-0.74,1.4650075435638428,0
9277,9,train,277,39,1531.0,8,311.5,0,1,7,-0.79,0.9403164386749268,0
9278,9,train,278,39,1550.5,8,315.5,0,1,7,-0.79,1.1935739517211914,0
9279,9,train,279,39,1570.0,8,319.5,0,0,7,-0.79,0.6365176439285278,0
9280,9,train,280,39,1589.5,8,323.5,0,3,7,-0.79,0.7258728742599487,0
9281,9,train,281,39,1609.0,8,327.5,0,1,7,-0.79,1.0612229108810425,0
9282,9,train,282,39,1628.5,8,331.5,0,0,7,-0.79,1.2876547574996948,0
9283,9,train,283,39,1648.0,8,335.5,0,3,7,-0.79,1.2842966318130493,0
9284,9,train,284,42,1672.0,8,339.5,0,0,7,-0.8200000000000001,1.293841004371643,0
9285,9,train,285,42,1693.0,9,345.0,0,0,7,-0.87,1.473160743713379,0
9286,9,train,286,42,1714.0,9,349.5,0,1,7,-0.87,1.2167178392410278,0
9287,9,train,287,44,1533.0,9,354.0,0,2,8,-0.89,1.2211323976516724,0
9288,9,train,288,42,1378.5,9,358.5,0,0,8,-0.87,1.3485445976257324,0
9289,9,train,289,40,1248.0,9,363.0,0,2,8,-0.8500000000000001,1.1171151399612427,0
9290,9,train,290,38,1190.0,10,369.0,0,0,8,-0.88,1.3419768810272217,0
9291,9,train,291,38,1209.0,11,375.5,0,1,8,-0.93,1.3243539333343506,0
9292,9,train,292,38,1189.5,13,384.0,0,1,8,-1.03,1.1867427825927734,0
9293,9,train,293,39,1210.0,12,388.0,0,1,8,-0.99,1.4472618103027344,0
9294,9,train,294,39,1194.5,11,392.0,0,1,8,-0.9400000000000001,1.2574834823608398,0
9295,9,train,295,40,1215.5,11,397.5,0,1,8,-0.9500000000000001,1.1237026453018188,0
9296,9,train,296,41,1237.0,12,404.5,0,2,8,-1.01,1.2184715270996094,0
9297,9,train,297,40,1229.5,14,413.5,0,0,8,-1.1,1.1582565307617188,0
9298,9,train,298,41,1251.0,14,420.5,0,0,9,-1.1099999999999999,0.4926827549934387,1
9299,9,train,299,41,1271.5,14,427.5,0,1,9,-1.1099999999999999,1.5666332244873047,0
9300,9,train,300,43,1295.0,14,434.5,0,0,9,-1.13,1.0545766353607178,0
9301,9,train,301,44,1318.0,14,441.5,0,1,9,-1.14,1.2980417013168335,0
9302,9,train,302,44,1340.0,14,448.5,0,0,9,-1.14,0.8670942187309265,0
9303,9,train,303,45,1363.5,14,455.5,0,0,9,-1.15,1.1803176403045654,0
9304,9,train,304,39,941.0,11,415.0,0,0,0,-0.9400000000000001,1.0712441205978394,0
9305,9,train,305,38,764.5,11,420.5,0,0,0,-0.93,0.8916686773300171,0
9306,9,train,306,35,622.5,11,426.0,0,2,0,-0.9,1.2728389501571655,0
9307,9,train,307,33,507.5,11,431.5,0,0,0,-0.8800000000000001,0.7531858682632446,0
9308,9,train,308,36,528.5,11,437.0,0,0,0,-0.91,1.1332793235778809,0
9309,9,train,309,33,439.5,11,442.5,0,0,0,-0.8800000000000001,1.2152268886566162,0
9310,9,train,310,32,375.0,10,440.0,0,0,0,-0.8200000000000001,1.4355254173278809,0
9311,9,train,311,31,362.0,9,425.0,0,1,0,-0.76,1.079376220703125,0
9312,9,train,312,31,358.0,8,420.0,0,1,0,-0.71,1.389722466468811,0
9313,9,train,313,30,363.0,5,369.5,0,0,0,-0.55,0.8671764135360718,0
9314,9,train,314,29,365.0,5,372.0,0,0,0,-0.54,1.12807035446167,0
9315,9,train,315,29,379.5,5,374.5,0,0,0,-0.54,1.041503667831421,0
9316,9,train,316,30,395.5,5,377.0,0,3,0,-0.55,1.510937213897705,0
9317,9,train,317,30,410.5,5,379.5,0,0,0,-0.55,0.8174841403961182,0
9318,9,train,318,31,427.0,5,382.0,0,0,0,-0.56,1.220731496810913,0
9319,9,train,319,33,445.5,4,270.0,0,0,0,-0.53,1.0821044445037842,0
9320,9,train,320,35,465.0,4,272.0,0,1,0,-0.55,1.226586103439331,0
9321,9,train,321,36,484.0,4,274.0,0,0,0,-0.56,1.284145474433899,0
9322,9,train,322,37,503.5,4,276.0,0,0,0,-0.5700000000000001,0.9992496967315674,0
9323,9,train,323,37,522.0,3,161.5,0,0,0,-0.52,1.341416358947754,0
9324,9,train,324,39,543.5,3,163.0,0,4,0,-0.54,1.0029747486114502,0
9325,9,train,325,39,563.0,3,164.5,0,0,0,-0.54,1.4889004230499268,0
9326,9,train,326,40,584.0,3,166.0,0,0,0,-0.55,0.7331794500350952,0
9327,9,train,327,41,605.5,3,167.5,0,1,0,-0.5599999999999999,1.4555007219314575,0
9328,9,train,328,41,626.0,3,169.0,0,1,0,-0.5599999999999999,0.8007421493530273,0
9329,9,train,329,41,646.5,3,170.5,0,0,0,-0.5599999999999999,1.4971261024475098,0
9330,9,train,330,41,667.0,2,45.0,0,0,0,-0.51,1.3466041088104248,0
9331,9,train,331,42,689.0,2,46.0,0,0,0,-0.52,1.214105486869812,0
9332,9,train,332,42,710.0,2,47.0,0,1,0,-0.52,0.9698818922042847,0
9333,9,train,333,42,731.0,2,48.0,0,0,0,-0.52,0.9760603308677673,0
9334,9,train,334,43,753.5,2,49.0,0,1,0,-0.53,1.1671273708343506,0
9335,9,train,335,43,775.0,2,50.0,0,1,0,-0.53,1.5348951816558838,0
9336,9,train,336,43,796.5,2,51.0,0,1,0,-0.53,1.167859673500061,0
9337,9,train,337,44,819.5,2,52.0,0,1,0,-0.54,0.9382587671279907,0
9338,9,train,338,44,841.5,2,53.0,0,0,0,-0.54,1.1046111583709717,0
9339,9,train,339,44,863.5,2,54.0,0,0,0,-0.54,0.8465923070907593,0
9340,9,train,340,44,885.5,2,55.0,0,0,0,-0.54,0.6543975472450256,0
9341,9,train,341,46,910.5,2,56.0,0,0,0,-0.56,0.8054574728012085,0
9342,9,train,342,46,933.5,2,57.0,0,0,0,-0.56,1.0293035507202148,0
9343,9,train,343,46,956.5,2,58.0,0,1,0,-0.56,1.4495697021484375,0
9344,9,train,344,47,981.0,2,59.0,0,0,0,-0.57,0.9608389139175415,0
9345,9,train,345,47,1004.5,2,60.0,0,0,0,-0.57,1.204148769378662,0
9346,9,train,346,47,1028.0,2,61.0,0,0,0,-0.57,1.4910569190979004,0
9347,9,train,347,47,1051.5,2,62.0,0,0,0,-0.57,1.0748454332351685,0
9348,9,train,348,47,1075.0,2,63.0,0,0,0,-0.57,0.8467485308647156,0
9349,9,train,349,47,1098.5,2,64.0,0,0,0,-0.57,1.4190819263458252,0
9350,9,train,350,47,1122.0,2,65.0,0,0,0,-0.57,0.9669092893600464,0
9351,9,train,351,47,1145.5,2,66.0,0,0,0,-0.57,1.1678550243377686,0
9352,9,train,352,47,1169.0,2,67.0,0,0,0,-0.57,1.1753993034362793,0
9353,9,train,353,47,1192.5,2,68.0,0,0,0,-0.57,1.1635910272598267,0
9354,9,train,354,42,1072.5,2,69.0,0,0,1,-0.52,1.0333285331726074,0
9355,9,train,355,41,1070.0,2,70.0,0,0,1,-0.51,1.1476248502731323,0
9356,9,train,356,40,1068.0,2,71.0,0,0,1,-0.5,1.1608957052230835,0
9357,9,train,357,39,1066.0,2,72.0,0,0,1,-0.49,1.4409480094909668,0
9358,9,train,358,43,1091.5,2,73.0,0,0,1,-0.53,1.248172640800476,0
9359,9,train,359,43,1092.5,2,74.0,0,0,1,-0.53,1.0340142250061035,0
9360,9,train,360,44,1095.5,2,75.0,0,1,1,-0.54,1.3416249752044678,0
9361,9,train,361,45,1119.0,3,77.5,0,0,1,-0.6,1.5802981853485107,0
9362,9,train,362,45,1121.5,2,77.0,0,0,1,-0.55,1.5484416484832764,0
9363,9,train,363,44,1123.0,2,78.0,0,0,1,-0.54,1.4646252393722534,0
9364,9,train,364,44,1145.0,2,79.0,0,0,1,-0.54,1.3780781030654907,0
9365,9,train,365,43,1146.0,2,80.0,0,2,1,-0.53,0.7559630870819092,0
9366,9,train,366,42,1150.0,2,81.0,0,0,1,-0.52,1.1401046514511108,0
9367,9,train,367,42,1171.0,2,82.0,0,1,1,-0.52,1.0458929538726807,0
9368,9,train,368,41,1186.5,2,83.0,0,0,1,-0.51,1.1103930473327637,0
9369,9,train,369,41,1207.0,2,84.0,0,0,1,-0.51,0.9845197200775146,0
9370,9,train,370,42,1229.0,2,85.0,0,0,1,-0.52,1.3839073181152344,0
9371,9,train,371,42,1250.0,2,86.0,0,0,1,-0.52,1.2694649696350098,0
9372,9,train,372,42,1271.0,2,87.0,0,1,1,-0.52,0.5903193950653076,0
9373,9,train,373,42,1292.0,2,88.0,0,0,1,-0.52,1.040809154510498,0
9374,9,train,374,43,1314.5,2,89.0,0,0,1,-0.53,1.5295568704605103,0
9375,9,train,375,43,1336.0,2,90.0,0,1,1,-0.53,1.3432379961013794,0
9376,9,train,376,43,1357.5,2,91.0,0,1,1,-0.53,0.925885796546936,0
9377,9,train,377,44,1380.5,2,92.0,0,0,1,-0.54,1.2183092832565308,0
9378,9,train,378,44,1402.5,2,93.0,0,0,1,-0.54,0.9122327566146851,0
9379,9,train,379,44,1424.5,2,94.0,0,0,1,-0.54,1.2206611633300781,0
9380,9,train,380,45,1448.0,2,95.0,0,0,1,-0.55,1.3592331409454346,0
9381,9,train,381,45,1470.5,2,96.0,0,0,1,-0.55,1.4145305156707764,0
9382,9,train,382,45,1493.0,2,97.0,0,0,1,-0.55,1.164254903793335,0
9383,9,train,383,45,1515.5,2,98.0,0,0,1,-0.55,0.8410292863845825,0
9384,9,train,384,45,1538.0,2,99.0,0,2,1,-0.55,1.18678617477417,0
9385,9,train,385,45,1560.5,2,100.0,0,0,1,-0.55,1.130112648010254,0
9386,9,train,386,46,1584.5,2,101.0,0,0,1,-0.56,1.0021998882293701,0
9387,9,train,387,47,1609.0,2,102.0,0,1,1,-0.57,0.6274982690811157,0
9388,9,train,388,45,1609.5,4,106.0,0,0,1,-0.65,1.0301263332366943,0
9389,9,train,389,43,1574.0,5,109.5,0,0,1,-0.6799999999999999,1.2180943489074707,0
9390,9,train,390,44,1597.0,5,112.0,0,1,1,-0.69,1.5123109817504883,0
9391,9,train,391,45,1525.0,5,114.5,0,0,1,-0.7,0.9521090984344482,0
9392,9,train,392,45,1547.5,5,117.0,0,0,1,-0.7,1.0977354049682617,0
9393,9,train,393,43,1456.5,5,119.5,0,1,1,-0.6799999999999999,1.4999760389328003,0
9394,9,train,394,43,1478.0,6,123.5,0,0,1,-0.73,1.103813648223877,0
9395,9,train,395,43,1499.5,6,126.5,0,0,1,-0.73,0.6995331645011902,0
9396,9,train,396,43,1521.0,6,129.5,0,2,1,-0.73,0.9964272975921631,0
9397,9,train,397,41,1439.5,6,132.5,0,0,1,-0.71,1.0715489387512207,0
9398,9,train,398,42,1412.5,6,135.5,0,0,1,-0.72,1.3618669509887695,0
9399,9,train,399,42,1433.5,7,140.0,0,1,1,-0.77,1.2797573804855347,0
9400,9,train,400,42,1454.5,6,141.5,0,0,1,-0.72,1.1818464994430542,0
9401,9,train,401,42,1475.5,6,144.5,0,0,1,-0.72,1.5146725177764893,0
9402,9,train,402,42,1496.5,6,147.5,0,1,2,-0.72,1.0121831893920898,1
9403,9,train,403,42,1517.5,7,152.0,0,0,2,-0.77,1.3311100006103516,0
9404,9,train,404,42,1538.5,7,155.5,0,0,2,-0.77,1.4697191715240479,0
9405,9,train,405,42,1559.5,7,159.0,0,1,2,-0.77,1.4639605283737183,0
9406,9,train,406,42,1580.5,7,162.5,0,0,2,-0.77,0.9974713921546936,0
9407,9,train,407,45,1606.0,7,166.0,0,0,2,-0.8,1.4187066555023193,0
9408,9,train,408,45,1628.5,7,169.5,0,1,2,-0.8,1.1748957633972168,0
9409,9,train,409,45,1651.0,7,173.0,0,0,2,-0.8,1.1544296741485596,0
9410,9,train,410,46,1675.0,7,176.5,0,0,2,-0.81,1.5088893175125122,0
9411,9,train,411,47,1699.5,7,180.0,0,2,2,-0.82,1.5931615829467773,0
9412,9,train,412,48,1724.5,7,183.5,0,0,2,-0.83,1.0776920318603516,0
9413,9,train,413,50,1751.5,7,187.0,0,0,2,-0.85,0.8759499788284302,0
9414,9,train,414,48,1580.5,7,190.5,0,1,3,-0.83,1.58538818359375,0
9415,9,train,415,46,1476.0,7,194.0,0,0,3,-0.81,1.336193561553955,0
9416,9,train,416,46,1441.5,7,197.5,0,0,3,-0.81,1.6356401443481445,0
9417,9,train,417,46,1464.5,7,201.0,0,0,3,-0.81,1.13596773147583,0
9418,9,train,418,46,1487.5,7,204.5,0,2,3,-0.81,1.2051923274993896,0
9419,9,train,419,48,1513.5,7,208.0,0,0,3,-0.83,1.2447175979614258,0
9420,9,train,420,48,1537.5,7,211.5,0,0,3,-0.83,1.181166648864746,0
9421,9,train,421,49,1563.0,7,215.0,0,2,3,-0.84,1.0224130153656006,0
9422,9,train,422,51,1590.5,7,218.5,0,0,3,-0.86,1.3380076885223389,0
9423,9,train,423,52,1617.5,7,222.0,0,0,3,-0.87,1.3730809688568115,0
9424,9,train,424,52,1643.5,7,225.5,0,1,3,-0.87,1.4097881317138672,0
9425,9,train,425,54,1672.5,7,229.0,0,0,4,-0.89,1.190908432006836,1
9426,9,train,426,55,1701.0,7,232.5,0,0,4,-0.9,1.2362173795700073,0
9427,9,train,427,57,1731.5,7,236.0,0,0,4,-0.9199999999999999,1.3872655630111694,0
9428,9,train,428,57,1760.0,7,239.5,0,0,4,-0.9199999999999999,0.8799837231636047,0
9429,9,train,429,58,1790.0,7,243.0,0,1,4,-0.9299999999999999,1.0760316848754883,0
9430,9,train,430,58,1819.0,7,246.5,0,0,4,-0.9299999999999999,0.9241483807563782,0
9431,9,train,431,58,1848.0,7,250.0,0,1,4,-0.9299999999999999,0.770285964012146,0
9432,9,train,432,59,1878.5,7,253.5,0,1,4,-0.94,1.5555524826049805,0
9433,9,train,433,59,1908.0,7,257.0,0,0,4,-0.94,1.5181684494018555,0
9434,9,train,434,60,1939.0,7,260.5,0,2,4,-0.95,1.2893186807632446,0
9435,9,train,435,60,1969.0,7,264.0,0,0,4,-0.95,1.0423643589019775,0
9436,9,train,436,60,1999.0,7,267.5,1,0,4,-0.95,1.1743669509887695,0
9437,9,train,437,58,1723.0,4,193.5,0,0,5,-0.78,1.393723964691162,0
9438,9,train,438,55,1507.0,4,195.5,0,1,5,-0.75,1.3415628671646118,0
9439,9,train,439,51,1308.0,3,178.0,0,0,5,-0.66,1.5092377662658691,0
9440,9,train,440,49,1164.5,3,179.5,0,0,5,-0.64,0.8270397186279297,0
9441,9,train,441,49,1189.0,3,181.0,0,1,5,-0.64,0.8878600597381592,0
9442,9,train,442,45,1070.5,3,182.5,0,0,5,-0.6,1.1122140884399414,0
9443,9,train,443,41,978.0,3,184.0,0,2,5,-0.5599999999999999,0.7993868589401245,0
9444,9,train,444,39,940.0,2,159.0,0,0,5,-0.49,1.1919102668762207,0
9445,9,train,445,39,947.0,2,160.0,0,0,5,-0.49,1.0471420288085938,0
9446,9,train,446,37,913.5,2,161.0,0,0,5,-0.47,1.0424362421035767,0
9447,9,train,447,35,905.5,1,82.5,0,0,5,-0.39999999999999997,1.4201452732086182,0
9448,9,train,448,37,926.0,1,83.0,0,0,5,-0.42,1.3900792598724365,0
9449,9,train,449,36,933.0,1,83.5,0,0,5,-0.41,1.2786134481430054,0
9450,9,train,450,35,948.5,1,84.0,0,0,5,-0.39999999999999997,0.8680901527404785,0
9451,9,train,451,35,966.0,1,84.5,0,1,5,-0.39999999999999997,1.3110554218292236,0
9452,9,train,452,35,983.5,1,85.0,0,0,5,-0.39999999999999997,1.051098346710205,0
9453,9,train,453,35,1001.0,1,85.5,0,0,5,-0.39999999999999997,1.1805753707885742,0
9454,9,train,454,35,1018.5,0,0.0,0,0,5,-0.35,0.8773531913757324,0
9455,9,train,455,36,1037.5,0,0.0,0,0,5,-0.36,1.1403541564941406,0
9456,9,train,456,36,1055.5,0,0.0,1,0,5,-0.36,1.2897794246673584,0
9457,9,train,457,36,1073.5,0,0.0,0,1,5,-0.36,1.4722436666488647,0
9458,9,train,458,37,1093.0,0,0.0,0,1,5,-0.37,1.4047536849975586,0
9459,9,train,459,37,1111.5,0,0.0,0,1,5,-0.37,1.3654069900512695,0
9460,9,train,460,37,1130.0,1,1.5,0,0,5,-0.42,0.6517491340637207,0
9461,9,train,461,37,1148.5,1,2.0,0,0,5,-0.42,0.8106330037117004,0
9462,9,train,462,37,1167.0,1,2.5,0,0,5,-0.42,1.436611294746399,0
9463,9,train,463,37,1185.5,1,3.0,0,0,5,-0.42,1.0205930471420288,0
9464,9,train,464,37,1204.0,1,3.5,0,2,5,-0.42,0.8856382369995117,0
9465,9,train,465,37,1222.5,1,4.0,0,0,5,-0.42,1.1564562320709229,0
9466,9,train,466,37,1241.0,0,0.0,0,0,5,-0.37,1.2119617462158203,0
9467,9,train,467,37,1259.5,1,1.5,0,1,5,-0.42,1.0685276985168457,0
9468,9,train,468,37,1278.0,1,2.0,0,0,5,-0.42,0.9979212284088135,0
9469,9,train,469,37,1296.5,1,2.5,0,0,5,-0.42,1.0307567119598389,0
9470,9,train,470,37,1315.0,0,0.0,0,2,5,-0.37,1.5422184467315674,0
9471,9,train,471,37,1333.5,0,0.0,0,0,5,-0.37,1.1035724878311157,0
9472,9,train,472,37,1352.0,0,0.0,0,0,5,-0.37,0.9798020720481873,0
9473,9,train,473,38,1372.0,0,0.0,1,2,5,-0.38,1.1804604530334473,0
9474,9,train,474,38,1391.0,0,0.0,0,0,5,-0.38,1.3711442947387695,0
9475,9,train,475,39,1411.5,0,0.0,0,0,5,-0.39,0.6798566579818726,0
9476,9,train,476,40,1432.5,1,1.5,0,1,5,-0.45,1.0991965532302856,0
9477,9,train,477,40,1452.5,1,2.0,0,0,5,-0.45,1.5653302669525146,0
9478,9,train,478,40,1472.5,1,2.5,0,1,5,-0.45,1.2440109252929688,0
9479,9,train,479,40,1492.5,1,3.0,0,2,5,-0.45,1.2557075023651123,0
9480,9,train,480,41,1514.0,1,3.5,0,0,5,-0.45999999999999996,1.2929000854492188,0
9481,9,train,481,41,1534.5,1,4.0,0,1,5,-0.45999999999999996,1.071599006652832,0
9482,9,train,482,41,1555.0,1,4.5,0,0,5,-0.45999999999999996,0.9081860184669495,0
9483,9,train,483,41,1575.5,1,5.0,0,0,5,-0.45999999999999996,0.9623714685440063,0
9484,9,train,484,41,1596.0,1,5.5,0,0,5,-0.45999999999999996,1.2567411661148071,0
9485,9,train,485,41,1616.5,1,6.0,0,0,5,-0.45999999999999996,0.9929546117782593,0
9486,9,train,486,41,1637.0,2,8.0,0,0,5,-0.51,1.3588778972625732,0
9487,9,train,487,39,1558.5,3,10.5,0,0,6,-0.54,1.4219342470169067,0
9488,9,train,488,39,1578.0,3,12.0,0,0,6,-0.54,1.157453179359436,0
9489,9,train,489,39,1597.5,3,13.5,0,0,6,-0.54,0.9870847463607788,0
9490,9,train,490,40,1618.5,3,15.0,0,0,6,-0.55,0.9439420104026794,0
9491,9,train,491,40,1638.5,3,16.5,0,0,6,-0.55,1.0358859300613403,0
9492,9,train,492,40,1658.5,4,19.5,0,0,6,-0.6000000000000001,1.0262266397476196,0
9493,9,train,493,40,1678.5,4,21.5,0,0,6,-0.6000000000000001,1.1771745681762695,0
9494,9,train,494,42,1701.5,4,23.5,0,1,6,-0.62,1.180403709411621,0
9495,9,train,495,44,1725.5,4,25.5,0,0,6,-0.64,1.337857723236084,0
9496,9,train,496,45,1749.0,4,27.5,0,1,6,-0.65,1.5027546882629395,0
9497,9,train,497,45,1771.5,4,29.5,0,0,6,-0.65,0.937602162361145,0
9498,9,train,498,46,1795.5,5,33.0,0,0,6,-0.71,1.1150370836257935,0
9499,9,train,499,46,1818.5,6,37.0,0,1,6,-0.76,1.540909767150879,0
9500,9,train,500,46,1841.5,6,40.0,0,1,6,-0.76,1.2363390922546387,0
9501,9,train,501,46,1864.5,6,43.0,0,0,7,-0.76,1.5232467651367188,1
9502,9,train,502,46,1887.5,6,46.0,0,1,7,-0.76,1.316728115081787,0
9503,9,train,503,47,1912.0,6,49.0,0,1,7,-0.77,1.0770748853683472,0
9504,9,train,504,47,1935.5,6,52.0,0,0,7,-0.77,1.0010663270950317,0
9505,9,train,505,47,1959.0,6,55.0,0,0,7,-0.77,1.096571445465088,0
9506,9,train,506,47,1982.5,6,58.0,0,0,7,-0.77,1.103475570678711,0
9507,9,train,507,47,2006.0,6,61.0,0,1,7,-0.77,1.2514991760253906,0
9508,9,train,508,47,2029.5,6,64.0,0,0,7,-0.77,1.0126087665557861,0
9509,9,train,509,47,2053.0,6,67.0,0,0,7,-0.77,1.1451444625854492,0
9510,9,train,510,48,2078.0,6,70.0,0,0,7,-0.78,1.0790629386901855,0
9511,9,train,511,49,2103.5,6,73.0,0,0,7,-0.79,1.4613032341003418,0
9512,9,train,512,49,2128.0,6,76.0,0,0,7,-0.79,0.9730190634727478,0
9513,9,train,513,47,1940.5,6,79.0,0,0,8,-0.77,1.3030004501342773,0
9514,9,train,514,45,1646.5,6,82.0,0,0,8,-0.75,1.4432251453399658,0
9515,9,train,515,43,1408.0,6,85.0,0,0,8,-0.73,1.2196509838104248,0
9516,9,train,516,42,1293.0,6,88.0,0,0,8,-0.72,0.9021483659744263,0
9517,9,train,517,42,1314.0,6,91.0,0,2,8,-0.72,1.4176535606384277,0
9518,9,train,518,39,1253.0,6,94.0,0,0,8,-0.69,1.4621834754943848,0
9519,9,train,519,38,1218.0,6,97.0,0,0,8,-0.6799999999999999,0.981400191783905,0
9520,9,train,520,38,1237.0,6,100.0,0,2,8,-0.6799999999999999,0.5062708854675293,0
9521,9,train,521,37,1202.0,6,103.0,0,0,8,-0.6699999999999999,0.7380292415618896,0
9522,9,train,522,36,1167.5,6,106.0,0,0,8,-0.6599999999999999,1.2773253917694092,0
9523,9,train,523,36,1185.5,6,109.0,0,2,8,-0.6599999999999999,1.1596776247024536,0
9524,9,train,524,38,1155.0,6,112.0,0,0,8,-0.6799999999999999,1.4018893241882324,0
9525,9,train,525,37,1134.0,6,115.0,0,0,8,-0.6699999999999999,1.4951343536376953,0
9526,9,train,526,40,1157.0,6,118.0,0,2,8,-0.7,1.5919569730758667,0
9527,9,train,527,39,1152.0,6,121.0,0,2,8,-0.69,1.1041288375854492,0
9528,9,train,528,40,1173.0,6,124.0,0,0,8,-0.7,0.8251135945320129,0
9529,9,train,529,40,1173.5,6,127.0,0,0,8,-0.7,1.0259649753570557,0
9530,9,train,530,39,1182.0,6,130.0,0,0,8,-0.69,1.508016586303711,0
9531,9,train,531,40,1203.0,6,133.0,0,1,8,-0.7,1.555945634841919,0
9532,9,train,532,39,1218.5,7,137.5,0,0,8,-0.74,1.245023250579834,0
9533,9,train,533,39,1238.0,7,141.0,0,0,8,-0.74,0.7836078405380249,0
9534,9,train,534,40,1259.0,7,144.5,0,0,8,-0.75,1.4060819149017334,0
9535,9,train,535,40,1279.0,7,148.0,0,0,9,-0.75,1.2172610759735107,1
9536,9,train,536,41,1300.5,7,151.5,0,1,9,-0.76,1.301527738571167,0
9537,9,train,537,41,1321.0,7,155.0,0,1,9,-0.76,1.0672296285629272,0
9538,9,train,538,41,1341.5,7,158.5,0,1,9,-0.76,1.013814926147461,0
9539,9,train,539,42,1363.5,7,162.0,0,1,9,-0.77,1.4976439476013184,0
9540,9,train,540,44,1387.5,7,165.5,1,0,9,-0.79,1.4663691520690918,0
9541,9,train,541,44,1218.5,5,134.5,0,3,0,-0.69,1.0793355703353882,0
9542,9,train,542,41,1059.5,5,137.0,0,0,0,-0.6599999999999999,0.7944290637969971,0
9543,9,train,543,38,928.5,5,139.5,0,1,0,-0.63,1.081721305847168,0
9544,9,train,544,37,818.5,5,142.0,0,1,0,-0.62,1.1877951622009277,0
9545,9,train,545,37,837.0,5,144.5,0,1,0,-0.62,1.3784515857696533,0
9546,9,train,546,36,739.0,5,147.0,0,2,0,-0.61,1.3578643798828125,0
9547,9,train,547,33,662.5,5,149.5,0,1,0,-0.5800000000000001,1.1984902620315552,0
9548,9,train,548,31,599.0,5,152.0,0,1,0,-0.56,1.5501517057418823,0
9549,9,train,549,32,616.0,5,154.5,0,1,0,-0.5700000000000001,0.8755945563316345,0
9550,9,train,550,30,557.0,4,126.5,0,0,0,-0.5,0.9115405082702637,0
9551,9,train,551,30,513.0,2,55.5,0,2,0,-0.4,1.171370267868042,0
9552,9,train,552,30,528.0,2,56.5,0,2,0,-0.4,1.1764826774597168,0
9553,9,train,553,30,495.5,2,57.5,0,0,0,-0.4,0.8676784634590149,0
9554,9,train,554,29,470.0,2,58.5,0,1,0,-0.39,0.7343717813491821,0
9555,9,train,555,29,484.5,2,59.5,0,3,0,-0.39,1.7047957181930542,0
9556,9,train,556,29,479.0,2,60.5,0,0,0,-0.39,1.0303270816802979,0
9557,9,train,557,30,481.0,2,61.5,0,0,0,-0.4,1.2319140434265137,0
9558,9,train,558,31,497.5,2,62.5,0,3,0,-0.41000000000000003,1.3879899978637695,0
9559,9,train,559,32,514.5,2,63.5,0,1,0,-0.42000000000000004,0.8743964433670044,0
9560,9,train,560,34,533.5,2,64.5,0,0,0,-0.44000000000000006,1.083998680114746,0
9561,9,train,561,35,552.0,2,65.5,0,2,0,-0.44999999999999996,0.8411359786987305,0
9562,9,train,562,35,569.5,2,66.5,0,0,0,-0.44999999999999996,1.1991777420043945,0
9563,9,train,563,35,587.0,2,67.5,0,0,0,-0.44999999999999996,1.005479097366333,0
9564,9,train,564,35,604.5,2,68.5,0,1,0,-0.44999999999999996,0.9218161106109619,0
9565,9,train,565,35,622.0,2,69.5,0,0,0,-0.44999999999999996,1.3700816631317139,0
9566,9,train,566,35,639.5,2,70.5,0,2,0,-0.44999999999999996,1.195435643196106,0
9567,9,train,567,37,660.0,2,71.5,0,1,0,-0.47,1.2137784957885742,0
9568,9,train,568,37,678.5,2,72.5,0,0,0,-0.47,1.228349208831787,0
9569,9,train,569,38,698.5,2,73.5,0,0,0,-0.48,1.15149986743927,0
9570,9,train,570,38,717.5,2,74.5,0,1,0,-0.48,0.9200727939605713,0
9571,9,train,571,40,739.5,2,75.5,0,0,0,-0.5,0.9523487091064453,0
9572,9,train,572,40,759.5,2,76.5,0,0,0,-0.5,1.2032240629196167,0
9573,9,train,573,41,781.0,2,77.5,0,2,0,-0.51,1.1653430461883545,0
9574,9,train,574,41,801.5,2,78.5,0,0,0,-0.51,0.8356547355651855,0
9575,9,train,575,39,798.5,2,79.5,0,0,0,-0.49,1.1907382011413574,0
9576,9,train,576,38,807.5,2,80.5,0,1,0,-0.48,1.1536047458648682,0
9577,9,train,577,37,816.5,2,81.5,0,2,0,-0.47,0.7564620971679688,0
9578,9,train,578,34,795.5,2,82.5,0,0,0,-0.44000000000000006,1.3745375871658325,0
9579,9,train,579,35,800.0,2,83.5,0,0,0,-0.44999999999999996,1.3627643585205078,0
9580,9,train,580,35,817.5,2,84.5,0,0,0,-0.44999999999999996,0.8925790190696716,0
9581,9,train,581,35,835.0,2,85.5,0,0,0,-0.44999999999999996,1.0198495388031006,0
9582,9,train,582,35,852.5,2,86.5,0,0,0,-0.44999999999999996,0.6034436225891113,0
9583,9,train,583,35,870.0,2,87.5,0,0,0,-0.44999999999999996,0.9901772141456604,0
9584,9,train,584,35,887.5,2,88.5,0,0,0,-0.44999999999999996,0.8679487705230713,0
9585,9,train,585,35,905.0,2,89.5,0,0,0,-0.44999999999999996,0.8239132165908813,0
9586,9,train,586,36,924.0,2,90.5,0,0,0,-0.45999999999999996,0.8228206634521484,0
9587,9,train,587,35,919.0,2,91.5,0,0,0,-0.44999999999999996,1.3469469547271729,0
9588,9,train,588,35,936.5,2,92.5,0,1,0,-0.44999999999999996,1.1484529972076416,0
9589,9,train,589,33,902.0,2,93.5,0,0,0,-0.43000000000000005,0.9662529826164246,0
9590,9,train,590,33,918.5,2,94.5,0,0,0,-0.43000000000000005,1.1854026317596436,0
9591,9,train,591,29,786.5,2,95.5,0,0,1,-0.39,1.1530647277832031,0
9592,9,train,592,29,801.0,2,96.5,0,0,1,-0.39,1.0288861989974976,0
9593,9,train,593,27,749.0,2,97.5,0,1,1,-0.37,1.1774591207504272,0
9594,9,train,594,27,762.5,2,98.5,0,0,1,-0.37,0.9758198261260986,0
9595,9,train,595,27,776.0,2,99.5,0,0,1,-0.37,0.9717184901237488,0
9596,9,train,596,27,789.5,2,100.5,0,0,1,-0.37,0.8782209753990173,0
9597,9,train,597,29,806.0,2,101.5,0,0,1,-0.39,1.1271679401397705,0
9598,9,train,598,29,820.5,2,102.5,0,0,1,-0.39,1.3136063814163208,0
9599,9,train,599,31,838.0,2,103.5,0,0,1,-0.41000000000000003,1.3560940027236938,0
9600,9,train,600,31,853.5,2,104.5,0,0,1,-0.41000000000000003,1.4632012844085693,0
9601,9,train,601,33,872.0,2,105.5,0,2,1,-0.43000000000000005,1.3046925067901611,0
9602,9,train,602,33,888.5,2,106.5,0,1,1,-0.43000000000000005,1.4066898822784424,0
9603,9,train,603,34,906.5,2,107.5,0,0,1,-0.44000000000000006,1.061694860458374,0
9604,9,train,604,34,923.5,2,108.5,0,0,1,-0.44000000000000006,0.9304884672164917,0
9605,9,train,605,34,940.5,2,109.5,0,1,1,-0.44000000000000006,0.9738724231719971,0
9606,9,train,606,34,957.5,2,110.5,0,0,1,-0.44000000000000006,1.3278743028640747,0
9607,9,train,607,35,976.0,2,111.5,0,0,1,-0.44999999999999996,1.033492088317871,0
9608,9,train,608,35,993.5,2,112.5,0,0,1,-0.44999999999999996,1.6709809303283691,0
9609,9,train,609,35,1011.0,2,113.5,0,0,1,-0.44999999999999996,1.4278132915496826,0
9610,9,train,610,36,1030.0,3,116.0,0,0,1,-0.51,0.9880392551422119,0
9611,9,train,611,38,1051.0,3,117.5,0,1,1,-0.53,1.525538682937622,0
9612,9,train,612,39,1071.5,3,119.0,0,0,1,-0.54,0.6772716045379639,0
9613,9,train,613,39,1091.0,3,120.5,0,0,1,-0.54,0.9743040204048157,0
9614,9,train,614,39,1110.5,3,122.0,0,0,1,-0.54,0.9042656421661377,0
9615,9,train,615,40,1131.5,3,123.5,0,0,1,-0.55,1.0439152717590332,0
9616,9,train,616,40,1151.5,3,125.0,0,0,1,-0.55,1.257253885269165,0
9617,9,train,617,40,1171.5,3,126.5,0,0,1,-0.55,0.9492864608764648,0
9618,9,train,618,41,1193.0,3,128.0,0,0,1,-0.5599999999999999,0.9497355222702026,0
9619,9,train,619,41,1213.5,3,129.5,0,0,1,-0.5599999999999999,1.085557222366333,0
9620,9,train,620,40,1229.0,3,131.0,0,0,1,-0.55,0.9518364667892456,0
9621,9,train,621,39,1247.0,3,132.5,0,3,1,-0.54,1.2432841062545776,0
9622,9,train,622,38,1254.0,3,134.0,0,1,1,-0.53,0.9735157489776611,0
9623,9,train,623,38,1273.0,4,137.0,0,0,1,-0.5800000000000001,1.0794198513031006,0
9624,9,train,624,36,1270.0,4,139.0,0,2,1,-0.56,1.0564296245574951,0
9625,9,train,625,36,1288.0,4,141.0,0,0,1,-0.56,1.0239360332489014,0
9626,9,train,626,36,1306.0,4,143.0,0,2,1,-0.56,1.477409839630127,0
9627,9,train,627,37,1325.5,4,145.0,0,1,1,-0.5700000000000001,1.3253381252288818,0
9628,9,train,628,37,1344.0,4,147.0,0,0,1,-0.5700000000000001,0.8347945213317871,0
9629,9,train,629,37,1362.5,4,149.0,0,1,1,-0.5700000000000001,1.1445331573486328,0
9630,9,train,630,38,1382.5,4,151.0,0,1,1,-0.5800000000000001,1.2605297565460205,0
9631,9,train,631,38,1401.5,4,153.0,0,0,1,-0.5800000000000001,0.9521232843399048,0
9632,9,train,632,38,1420.5,4,155.0,0,1,1,-0.5800000000000001,1.4361536502838135,0
9633,9,train,633,38,1439.5,4,157.0,0,1,1,-0.5800000000000001,0.8437594175338745,0
9634,9,train,634,39,1460.0,4,159.0,0,0,1,-0.5900000000000001,1.1091936826705933,0
9635,9,train,635,41,1482.5,4,161.0,0,1,1,-0.61,1.518344759941101,0
9636,9,train,636,41,1503.0,4,163.0,0,1,1,-0.61,1.2046828269958496,0
9637,9,train,637,41,1523.5,4,165.0,0,0,1,-0.61,1.0085036754608154,0
9638,9,train,638,42,1545.5,4,167.0,1,1,1,-0.62,1.1113581657409668,0
9639,9,train,639,42,1566.5,4,169.0,0,1,1,-0.62,0.593621015548706,0
9640,9,train,640,43,1589.0,4,171.0,1,1,1,-0.63,1.442626714706421,0
9641,9,train,641,44,1612.0,4,173.0,0,0,1,-0.64,0.862430214881897,0
9642,9,train,642,45,1635.5,4,175.0,0,1,1,-0.65,1.4788691997528076,0
9643,9,train,643,45,1658.0,4,177.0,0,1,1,-0.65,0.8923046588897705,0
9644,9,train,644,45,1680.5,4,179.0,0,0,1,-0.65,0.7598880529403687,0
9645,9,train,645,43,1694.5,4,181.0,1,2,1,-0.63,0.988857090473175,0
9646,9,train,646,43,1716.0,4,183.0,0,1,1,-0.63,1.214597225189209,0
9647,9,train,647,44,1739.0,4,185.0,0,0,1,-0.64,1.3467559814453125,0
9648,9,train,648,45,1762.5,4,187.0,0,1,1,-0.65,1.1505613327026367,0
9649,9,train,649,45,1785.0,4,189.0,0,1,1,-0.65,1.0498664379119873,0
9650,9,train,650,45,1807.5,4,191.0,0,0,1,-0.65,1.2609775066375732,0
9651,9,train,651,45,1830.0,4,193.0,0,1,1,-0.65,0.9003933072090149,0
9652,9,train,652,45,1852.5,4,195.0,0,0,1,-0.65,0.957505464553833,0
9653,9,train,653,45,1875.0,4,197.0,0,0,1,-0.65,1.4181087017059326,0
9654,9,train,654,45,1897.5,4,199.0,0,2,1,-0.65,0.7484040856361389,0
9655,9,train,655,45,1920.0,4,201.0,0,0,1,-0.65,1.272006869316101,0
9656,9,train,656,47,1945.5,4,203.0,0,0,1,-0.6699999999999999,0.9961544275283813,0
9657,9,train,657,48,1970.5,4,205.0,0,1,1,-0.6799999999999999,1.056319236755371,0
9658,9,train,658,46,1978.5,4,207.0,0,1,1,-0.66,1.2284287214279175,0
9659,9,train,659,47,2003.0,4,209.0,0,2,1,-0.6699999999999999,1.1223630905151367,0
9660,9,train,660,48,2028.0,4,211.0,0,0,1,-0.6799999999999999,1.2784945964813232,0
9661,9,train,661,48,2052.0,4,213.0,0,0,1,-0.6799999999999999,1.283116102218628,0
9662,9,train,662,48,2076.0,4,215.0,0,1,1,-0.6799999999999999,0.8317952156066895,0
9663,9,train,663,48,2100.0,4,217.0,0,0,1,-0.6799999999999999,1.0835211277008057,0
9664,9,train,664,49,2125.5,5,220.5,0,0,1,-0.74,0.7850743532180786,0
9665,9,train,665,49,2150.0,5,223.0,0,0,1,-0.74,1.4463900327682495,0
9666,9,train,666,49,2174.5,5,225.5,0,0,1,-0.74,1.2365665435791016,0
9667,9,train,667,49,2199.0,6,229.5,0,0,2,-0.79,1.0558898448944092,1
9668,9,train,668,49,2223.5,6,232.5,0,1,2,-0.79,0.8633850812911987,0
9669,9,train,669,51,2251.0,6,235.5,0,1,2,-0.81,0.9333605170249939,0
9670,9,train,670,52,2278.0,7,240.0,0,2,2,-0.87,1.042947769165039,0
9671,9,train,671,52,2304.0,7,243.5,0,0,2,-0.87,0.7941012978553772,0
9672,9,train,672,52,2330.0,7,247.0,0,0,2,-0.87,0.9532768726348877,0
9673,9,train,673,52,2356.0,7,250.5,0,2,2,-0.87,1.2944608926773071,0
9674,9,train,674,53,2383.5,7,254.0,0,0,2,-0.88,0.712838888168335,0
9675,9,train,675,53,2410.0,7,257.5,0,0,2,-0.88,0.7456194162368774,0
9676,9,train,676,53,2436.5,7,261.0,0,2,2,-0.88,0.796805739402771,0
9677,9,train,677,53,2463.0,7,264.5,0,1,2,-0.88,1.0955675840377808,0
9678,9,train,678,53,2489.5,7,268.0,0,0,2,-0.88,1.00715970993042,0
9679,9,train,679,52,2275.0,7,271.5,0,1,3,-0.87,1.1093512773513794,0
9680,9,train,680,50,2115.0,8,276.5,0,2,3,-0.9,1.057997703552246,0
9681,9,train,681,48,2032.5,7,278.5,0,0,3,-0.83,1.214294195175171,0
9682,9,train,682,48,2036.5,7,282.0,0,1,3,-0.83,1.567138433456421,0
9683,9,train,683,48,2036.5,7,285.5,0,0,3,-0.83,1.1970183849334717,0
9684,9,train,684,48,2060.5,8,290.5,0,0,3,-0.88,1.0145678520202637,0
9685,9,train,685,48,2084.5,8,294.5,0,0,3,-0.88,0.6742671728134155,0
9686,9,train,686,48,2108.5,8,298.5,0,0,3,-0.88,0.9275292754173279,0
9687,9,train,687,48,2132.5,8,302.5,0,0,3,-0.88,0.6238669157028198,0
9688,9,train,688,49,2158.0,8,306.5,0,0,3,-0.89,1.168076992034912,0
9689,9,train,689,49,2182.5,8,310.5,0,0,3,-0.89,0.5983840227127075,0
9690,9,train,690,49,2207.0,8,314.5,0,2,4,-0.89,1.0499595403671265,1
9691,9,train,691,49,2231.5,9,320.0,1,0,4,-0.94,1.357503056526184,0
9692,9,train,692,49,2256.0,10,326.0,0,0,4,-0.99,1.1335663795471191,0
9693,9,train,693,50,2282.0,11,332.5,0,0,4,-1.05,1.1072163581848145,0
9694,9,train,694,50,2307.0,9,333.5,0,0,4,-0.95,1.2602286338806152,0
9695,9,train,695,51,2333.5,9,338.0,0,0,4,-0.96,1.1174428462982178,0
9696,9,train,696,52,2360.5,9,342.5,0,1,4,-0.97,0.7841476202011108,0
9697,9,train,697,53,2388.0,11,350.0,0,0,4,-1.08,1.4247856140136719,0
9698,9,train,698,53,2414.5,11,355.0,1,0,4,-1.08,1.4040210247039795,0
9699,9,train,699,54,2442.5,11,360.5,0,1,4,-1.09,0.9757164716720581,0
9700,9,train,700,55,2471.0,11,366.0,0,0,4,-1.1,1.1143625974655151,0
9701,9,train,701,56,2500.0,11,371.5,0,0,4,-1.11,0.8004589080810547,0
9702,9,train,702,50,2016.0,10,290.0,1,1,5,-1.0,1.4858839511871338,0
9703,9,train,703,47,1725.5,10,295.0,0,0,5,-0.97,1.1445376873016357,0
9704,9,train,704,44,1468.0,10,300.0,0,1,5,-0.94,1.2350518703460693,0
9705,9,train,705,40,1254.0,10,305.0,0,0,5,-0.9,1.7103910446166992,0
9706,9,train,706,44,1280.0,10,310.0,0,0,5,-0.94,1.3531850576400757,0
9707,9,train,707,41,1091.5,10,315.0,0,2,5,-0.9099999999999999,1.1493396759033203,0
9708,9,train,708,37,953.5,9,315.5,0,1,5,-0.8200000000000001,1.268393874168396,0
9709,9,train,709,36,879.0,8,297.5,0,0,5,-0.76,1.087645411491394,0
9710,9,train,710,35,872.5,7,287.0,0,0,5,-0.7,0.6057074666023254,0
9711,9,train,711,34,805.0,7,290.5,0,1,5,-0.69,1.4835318326950073,0
9712,9,train,712,31,773.5,7,294.0,0,0,5,-0.6599999999999999,1.1820974349975586,0
9713,9,train,713,31,789.0,5,248.5,0,1,5,-0.56,1.0771771669387817,0
9714,9,train,714,28,772.5,5,251.0,1,0,5,-0.53,1.2453269958496094,0
9715,9,train,715,28,783.5,5,253.5,0,0,5,-0.53,1.6863933801651,0
9716,9,train,716,28,797.5,4,245.0,0,0,5,-0.48000000000000004,1.2323017120361328,0
9717,9,train,717,29,813.0,4,247.0,0,0,5,-0.49,1.0734968185424805,0
9718,9,train,718,29,827.5,4,249.0,0,1,5,-0.49,1.0765948295593262,0
9719,9,train,719,29,842.0,4,251.0,0,0,5,-0.49,1.4385128021240234,0
9720,9,train,720,29,856.5,4,253.0,0,1,5,-0.49,0.9290677309036255,0
9721,9,train,721,29,871.0,3,142.0,0,1,5,-0.43999999999999995,0.6367359161376953,0
9722,9,train,722,29,885.5,3,143.5,0,0,5,-0.43999999999999995,0.9390170574188232,0
9723,9,train,723,30,901.5,3,145.0,0,0,5,-0.44999999999999996,1.1235510110855103,0
9724,9,train,724,30,916.5,3,146.5,0,1,5,-0.44999999999999996,1.0644705295562744,0
9725,9,train,725,30,931.5,3,148.0,0,2,5,-0.44999999999999996,1.3163992166519165,0
9726,9,train,726,32,949.5,3,149.5,0,0,5,-0.47,0.9217942357063293,0
9727,9,train,727,32,965.5,2,35.5,0,1,5,-0.42000000000000004,1.276329517364502,0
9728,9,train,728,32,981.5,2,36.5,0,1,5,-0.42000000000000004,1.2242454290390015,0
9729,9,train,729,32,997.5,2,37.5,0,1,5,-0.42000000000000004,1.3902583122253418,0
9730,9,train,730,32,1013.5,2,38.5,0,0,5,-0.42000000000000004,1.3278201818466187,0
9731,9,train,731,32,1029.5,2,39.5,0,0,5,-0.42000000000000004,1.0176596641540527,0
9732,9,train,732,32,1045.5,2,40.5,0,0,5,-0.42000000000000004,1.4290313720703125,0
9733,9,train,733,32,1061.5,2,41.5,0,1,5,-0.42000000000000004,1.5131635665893555,0
9734,9,train,734,32,1077.5,2,42.5,0,0,5,-0.42000000000000004,0.7147345542907715,0
9735,9,train,735,32,1093.5,2,43.5,0,0,5,-0.42000000000000004,0.9270545840263367,0
9736,9,train,736,33,1111.0,2,44.5,0,0,5,-0.43000000000000005,1.191415548324585,0
9737,9,train,737,33,1127.5,2,45.5,0,0,5,-0.43000000000000005,0.7513769865036011,0
9738,9,train,738,34,1145.5,2,46.5,0,0,5,-0.44000000000000006,1.3686636686325073,0
9739,9,train,739,34,1162.5,2,47.5,0,1,5,-0.44000000000000006,1.1535496711730957,0
9740,9,train,740,34,1179.5,2,48.5,0,0,5,-0.44000000000000006,1.3370795249938965,0
9741,9,train,741,34,1196.5,2,49.5,0,0,5,-0.44000000000000006,1.4242604970932007,0
9742,9,train,742,34,1213.5,2,50.5,0,2,5,-0.44000000000000006,1.3204354047775269,0
9743,9,train,743,34,1230.5,2,51.5,1,0,5,-0.44000000000000006,1.2915663719177246,0
9744,9,train,744,34,1247.5,2,52.5,0,0,5,-0.44000000000000006,1.3164405822753906,0
9745,9,train,745,35,1266.0,2,53.5,0,0,5,-0.44999999999999996,1.0279319286346436,0
9746,9,train,746,36,1285.0,2,54.5,0,0,5,-0.45999999999999996,0.6898175477981567,0
9747,9,train,747,36,1303.0,2,55.5,0,0,5,-0.45999999999999996,1.2577097415924072,0
9748,9,train,748,36,1321.0,2,56.5,0,0,5,-0.45999999999999996,1.385103464126587,0
9749,9,train,749,36,1339.0,2,57.5,0,1,5,-0.45999999999999996,1.3798182010650635,0
9750,9,train,750,36,1357.0,2,58.5,0,0,5,-0.45999999999999996,0.7743309736251831,0
9751,9,train,751,36,1375.0,2,59.5,0,0,5,-0.45999999999999996,1.2293362617492676,0
9752,9,train,752,34,1237.0,2,60.5,0,0,6,-0.44000000000000006,1.0079872608184814,0
9753,9,train,753,32,1204.0,2,61.5,0,0,6,-0.42000000000000004,0.9991077184677124,0
9754,9,train,754,32,1220.0,2,62.5,0,0,6,-0.42000000000000004,1.4551442861557007,0
9755,9,train,755,32,1236.0,2,63.5,0,0,6,-0.42000000000000004,1.2719275951385498,0
9756,9,train,756,33,1253.5,2,64.5,0,0,6,-0.43000000000000005,1.264690637588501,0
9757,9,train,757,33,1270.0,2,65.5,0,0,6,-0.43000000000000005,1.3435202836990356,0
9758,9,train,758,34,1288.0,2,66.5,0,0,6,-0.44000000000000006,1.1708613634109497,0
9759,9,train,759,34,1305.0,2,67.5,0,0,6,-0.44000000000000006,1.0812172889709473,0
9760,9,train,760,34,1322.0,2,68.5,0,0,6,-0.44000000000000006,0.9718186855316162,0
9761,9,train,761,34,1339.0,2,69.5,0,0,6,-0.44000000000000006,1.1271170377731323,0
9762,9,train,762,34,1356.0,2,70.5,0,0,6,-0.44000000000000006,1.4647549390792847,0
9763,9,train,763,34,1373.0,2,71.5,0,0,6,-0.44000000000000006,1.3358633518218994,0
9764,9,train,764,34,1390.0,2,72.5,0,1,6,-0.44000000000000006,1.173513650894165,0
9765,9,train,765,34,1407.0,2,73.5,0,0,6,-0.44000000000000006,1.0839238166809082,0
9766,9,train,766,35,1425.5,2,74.5,0,0,6,-0.44999999999999996,1.5888471603393555,0
9767,9,train,767,35,1443.0,2,75.5,0,1,6,-0.44999999999999996,0.913887619972229,0
9768,9,train,768,35,1460.5,2,76.5,0,1,6,-0.44999999999999996,1.2633099555969238,0
9769,9,train,769,35,1478.0,2,77.5,0,0,6,-0.44999999999999996,0.9781813025474548,0
9770,9,train,770,35,1495.5,2,78.5,0,0,6,-0.44999999999999996,1.370711326599121,0
9771,9,train,771,35,1513.0,2,79.5,1,0,6,-0.44999999999999996,1.3857908248901367,0
9772,9,train,772,35,1530.5,2,80.5,1,0,6,-0.44999999999999996,1.3681052923202515,0
9773,9,train,773,37,1551.0,2,81.5,0,0,6,-0.47,0.9125298857688904,0
9774,9,train,774,38,1571.0,2,82.5,0,0,6,-0.48,1.2246050834655762,0
9775,9,train,775,40,1593.0,2,83.5,0,0,6,-0.5,1.0692473649978638,0
9776,9,train,776,40,1613.0,2,84.5,0,0,6,-0.5,1.1672570705413818,0
9777,9,train,777,41,1634.5,2,85.5,0,0,6,-0.51,1.434244155883789,0
9778,9,train,778,41,1655.0,2,86.5,0,0,6,-0.51,0.8128721714019775,0
9779,9,train,779,41,1675.5,2,87.5,0,1,6,-0.51,1.3128801584243774,0
9780,9,train,780,42,1697.5,3,90.0,0,0,6,-0.57,1.2528767585754395,0
9781,9,train,781,42,1718.5,3,91.5,0,0,6,-0.57,1.1207668781280518,0
9782,9,train,782,42,1739.5,3,93.0,0,3,6,-0.57,0.6912370920181274,0
9783,9,train,783,42,1760.5,3,94.5,0,0,6,-0.57,1.0612088441848755,0
9784,9,train,784,42,1781.5,3,96.0,1,0,6,-0.57,1.1444101333618164,0
9785,9,train,785,42,1802.5,4,99.0,0,3,6,-0.62,0.708802342414856,0
9786,9,train,786,43,1825.0,4,101.0,1,0,6,-0.63,1.1395944356918335,0
9787,9,train,787,42,1844.5,5,104.5,0,0,6,-0.6699999999999999,0.9175600409507751,0
9788,9,train,788,42,1865.5,5,107.0,0,2,6,-0.6699999999999999,1.040424108505249,0
9789,9,train,789,42,1886.5,5,109.5,0,0,6,-0.6699999999999999,1.473173975944519,0
9790,9,train,790,42,1907.5,6,113.5,0,0,6,-0.72,1.2649636268615723,0
9791,9,train,791,42,1928.5,6,116.5,0,2,6,-0.72,0.7738741040229797,0
9792,9,train,792,43,1951.0,6,119.5,0,1,6,-0.73,1.0672359466552734,0
9793,9,train,793,44,1974.0,6,122.5,0,0,6,-0.74,1.141589879989624,0
9794,9,train,794,44,1996.0,6,125.5,0,2,6,-0.74,0.862828254699707,0
9795,9,train,795,44,2018.0,6,128.5,0,1,6,-0.74,0.9462588429450989,0
9796,9,train,796,44,2040.0,6,131.5,0,0,6,-0.74,0.9391484260559082,0
9797,9,train,797,44,2062.0,6,134.5,0,3,6,-0.74,1.2969331741333008,0
9798,9,train,798,44,2084.0,6,137.5,0,0,6,-0.74,1.1889564990997314,0
9799,9,train,799,44,2106.0,6,140.5,0,1,6,-0.74,1.0712738037109375,0
9800,9,train,800,44,2128.0,6,143.5,0,2,7,-0.74,1.2397648096084595,1
9801,9,train,801,44,2150.0,6,146.5,0,0,7,-0.74,1.3355882167816162,0
9802,9,train,802,45,2173.5,6,149.5,0,2,7,-0.75,1.2557581663131714,0
9803,9,train,803,45,2196.0,6,152.5,0,1,7,-0.75,0.7553150653839111,0
9804,9,train,804,46,2220.0,6,155.5,0,1,7,-0.76,1.122574806213379,0
9805,9,train,805,47,2244.5,6,158.5,0,2,7,-0.77,1.1113295555114746,0
9806,9,train,806,47,2268.0,6,161.5,0,1,7,-0.77,1.0220905542373657,0
9807,9,train,807,47,2291.5,6,164.5,0,0,7,-0.77,1.153996229171753,0
9808,9,train,808,47,2315.0,6,167.5,0,1,7,-0.77,1.2409611940383911,0
9809,9,train,809,47,2338.5,6,170.5,0,1,7,-0.77,1.2304972410202026,0
9810,9,train,810,47,2362.0,6,173.5,0,1,7,-0.77,0.4521917700767517,0
9811,9,train,811,48,2387.0,6,176.5,0,1,7,-0.78,1.0798513889312744,0
9812,9,train,812,46,2153.0,6,179.5,0,1,8,-0.76,0.7427239418029785,0
9813,9,train,813,44,1961.0,6,182.5,0,1,8,-0.74,1.1980490684509277,0
9814,9,train,814,43,1803.0,6,185.5,0,0,8,-0.73,1.5446313619613647,0
9815,9,train,815,41,1710.5,6,188.5,0,2,8,-0.71,1.3973815441131592,0
9816,9,train,816,43,1734.0,6,191.5,0,1,8,-0.73,0.9041502475738525,0
9817,9,train,817,41,1479.0,6,194.5,0,0,8,-0.71,1.37279212474823,0
9818,9,train,818,41,1424.5,6,197.5,0,3,8,-0.71,1.2319036722183228,0
9819,9,train,819,40,1397.0,6,200.5,0,1,8,-0.7,0.9821417927742004,0
9820,9,train,820,39,1373.5,6,203.5,0,0,8,-0.69,1.1653457880020142,0
9821,9,train,821,39,1393.0,6,206.5,0,2,8,-0.69,1.2629857063293457,0
9822,9,train,822,39,1379.5,6,209.5,0,2,8,-0.69,1.0210371017456055,0
9823,9,train,823,39,1375.0,6,212.5,0,1,8,-0.69,1.2761757373809814,0
9824,9,train,824,39,1394.5,6,215.5,0,0,8,-0.69,1.2563490867614746,0
9825,9,train,825,38,1402.5,6,218.5,0,0,8,-0.6799999999999999,1.1181185245513916,0
9826,9,train,826,39,1423.0,6,221.5,0,0,8,-0.69,1.121890664100647,0
9827,9,train,827,40,1444.0,6,224.5,0,1,8,-0.7,0.7183152437210083,0
9828,9,train,828,40,1464.0,6,227.5,0,0,8,-0.7,0.8699297904968262,0
9829,9,train,829,40,1484.0,6,230.5,0,0,8,-0.7,0.9137741327285767,0
9830,9,train,830,42,1507.0,6,233.5,0,2,8,-0.72,1.212569236755371,0
9831,9,train,831,43,1529.5,6,236.5,0,1,8,-0.73,1.0926945209503174,0
9832,9,train,832,43,1551.0,6,239.5,0,0,8,-0.73,1.310964584350586,0
9833,9,train,833,44,1574.0,6,242.5,0,0,8,-0.74,1.3467316627502441,0
9834,9,train,834,44,1596.0,6,245.5,0,2,8,-0.74,1.1556503772735596,0
9835,9,train,835,45,1619.5,6,248.5,1,0,8,-0.75,1.3607609272003174,0
9836,9,train,836,46,1643.5,6,251.5,0,0,8,-0.76,1.1870033740997314,0
9837,9,train,837,46,1666.5,6,254.5,0,1,8,-0.76,1.1419672966003418,0
9838,9,train,838,47,1691.0,6,257.5,0,0,8,-0.77,1.2372262477874756,0
9839,9,train,839,48,1716.0,6,260.5,0,0,8,-0.78,1.114288330078125,0
9840,9,train,840,49,1741.5,6,263.5,0,0,8,-0.79,1.0268816947937012,0
9841,9,train,841,49,1766.0,6,266.5,0,0,8,-0.79,1.1293038129806519,0
9842,9,train,842,51,1793.5,6,269.5,0,0,8,-0.81,0.5720853209495544,0
9843,9,train,843,53,1822.0,6,272.5,0,1,8,-0.8300000000000001,1.2802280187606812,0
9844,9,train,844,53,1848.5,6,275.5,0,0,9,-0.8300000000000001,0.9840476512908936,1
9845,9,train,845,54,1876.5,6,278.5,0,0,9,-0.8400000000000001,1.1497089862823486,0
9846,9,train,846,55,1905.0,6,281.5,1,1,9,-0.8500000000000001,1.2272281646728516,0
9847,9,train,847,55,1932.5,6,284.5,0,0,9,-0.8500000000000001,1.0852091312408447,0
9848,9,train,848,55,1960.0,6,287.5,0,0,9,-0.8500000000000001,1.3571645021438599,0
9849,9,train,849,55,1987.5,6,290.5,0,0,9,-0.8500000000000001,1.1828395128250122,0
9850,9,train,850,52,1747.0,2,158.5,0,0,0,-0.62,1.3617600202560425,0
9851,9,train,851,49,1543.5,2,159.5,0,0,0,-0.59,1.3140678405761719,0
9852,9,train,852,46,1358.0,2,160.5,0,0,0,-0.56,1.396247386932373,0
9853,9,train,853,43,1200.5,2,161.5,0,1,0,-0.53,0.7053672671318054,0
9854,9,train,854,45,1225.0,2,162.5,0,0,0,-0.55,1.397460699081421,0
9855,9,train,855,41,1093.0,2,163.5,0,0,0,-0.51,1.2002583742141724,0
9856,9,train,856,38,1000.5,2,164.5,0,0,0,-0.48,1.3745753765106201,0
9857,9,train,857,39,989.0,2,165.5,0,1,0,-0.49,0.9266377687454224,0
9858,9,train,858,36,952.5,2,166.5,0,0,0,-0.45999999999999996,1.4504815340042114,0
9859,9,train,859,35,932.0,2,167.5,0,0,0,-0.44999999999999996,1.0142555236816406,0
9860,9,train,860,34,900.0,0,0.0,0,0,0,-0.34,1.3748161792755127,0
9861,9,train,861,33,907.5,0,0.0,0,0,0,-0.33,1.0940625667572021,0
9862,9,train,862,33,908.0,0,0.0,1,0,0,-0.33,1.3394408226013184,0
9863,9,train,863,33,924.5,1,1.5,0,0,0,-0.38,1.476161003112793,0
9864,9,train,864,35,944.0,1,2.0,0,0,0,-0.39999999999999997,0.9277431964874268,0
9865,9,train,865,35,961.5,0,0.0,0,1,0,-0.35,1.279712200164795,0
9866,9,train,866,37,982.0,0,0.0,0,0,0,-0.37,1.5769546031951904,0
9867,9,train,867,37,1000.5,0,0.0,0,2,0,-0.37,1.235919713973999,0
9868,9,train,868,39,1022.0,0,0.0,0,0,0,-0.39,1.2957799434661865,0
9869,9,train,869,39,1041.5,0,0.0,0,0,0,-0.39,1.2735486030578613,0
9870,9,train,870,41,1064.0,0,0.0,0,0,0,-0.41,1.1064839363098145,0
9871,9,train,871,41,1084.5,0,0.0,1,0,0,-0.41,1.2115428447723389,0
9872,9,train,872,44,1109.5,0,0.0,0,0,0,-0.44,1.1301524639129639,0
9873,9,train,873,44,1131.5,0,0.0,0,0,0,-0.44,1.1147480010986328,0
9874,9,train,874,45,1155.0,0,0.0,1,0,0,-0.45,1.29164719581604,0
9875,9,train,875,45,1177.5,0,0.0,0,0,0,-0.45,1.1439024209976196,0
9876,9,train,876,45,1200.0,0,0.0,0,0,0,-0.45,0.9162315726280212,0
9877,9,train,877,46,1224.0,0,0.0,0,0,0,-0.46,1.1011755466461182,0
9878,9,train,878,46,1247.0,0,0.0,0,0,0,-0.46,1.1948851346969604,0
9879,9,train,879,47,1271.5,1,1.5,1,2,0,-0.52,1.2194807529449463,0
9880,9,train,880,48,1296.5,1,2.0,0,0,0,-0.53,0.9480239152908325,0
9881,9,train,881,48,1320.5,1,2.5,1,0,0,-0.53,1.3375351428985596,0
9882,9,train,882,48,1344.5,1,3.0,0,0,0,-0.53,0.9235013723373413,0
9883,9,train,883,48,1368.5,1,3.5,0,0,0,-0.53,0.7126179933547974,0
9884,9,train,884,48,1392.5,1,4.0,1,0,0,-0.53,1.3747789859771729,0
9885,9,train,885,48,1416.5,1,4.5,0,1,0,-0.53,1.3881688117980957,0
9886,9,train,886,48,1440.5,1,5.0,0,0,0,-0.53,0.7114628553390503,0
9887,9,train,887,49,1466.0,2,7.0,0,0,0,-0.59,1.2641105651855469,0
9888,9,train,888,49,1490.5,2,8.0,0,0,0,-0.59,1.232741117477417,0
9889,9,train,889,50,1516.5,2,9.0,0,0,0,-0.6,1.2200438976287842,0
9890,9,train,890,50,1541.5,2,10.0,0,0,0,-0.6,0.8110167980194092,0
9891,9,train,891,51,1568.0,2,9.0,0,0,0,-0.61,1.1534595489501953,0
9892,9,train,892,52,1595.0,3,11.5,0,1,0,-0.67,1.2377450466156006,0
9893,9,train,893,52,1621.0,3,13.0,0,0,0,-0.67,0.9403932094573975,0
9894,9,train,894,52,1647.0,4,16.0,0,0,0,-0.72,0.9717117547988892,0
9895,9,train,895,52,1673.0,4,18.0,0,0,0,-0.72,1.1516284942626953,0
9896,9,train,896,53,1700.5,4,20.0,0,2,0,-0.73,0.8781511783599854,0
9897,9,train,897,53,1727.0,4,22.0,0,0,0,-0.73,0.6474044322967529,0
9898,9,train,898,53,1753.5,4,24.0,0,0,0,-0.73,1.1271140575408936,0
9899,9,train,899,54,1781.5,3,20.5,0,0,0,-0.6900000000000001,1.0546379089355469,0
9900,9,train,900,52,1616.5,3,22.0,0,0,1,-0.67,0.7582393884658813,0
9901,9,train,901,51,1560.5,3,23.5,0,1,1,-0.66,0.7049351334571838,0
9902,9,train,902,52,1587.5,3,25.0,0,0,1,-0.67,0.9455268383026123,0
9903,9,train,903,52,1613.5,3,26.5,0,1,1,-0.67,1.2363393306732178,0
9904,9,train,904,52,1639.5,4,29.5,1,0,1,-0.72,0.9592248797416687,0
9905,9,train,905,52,1665.5,4,31.5,0,0,1,-0.72,0.9266738891601562,0
9906,9,train,906,53,1693.0,4,33.5,0,1,1,-0.73,1.238812804222107,0
9907,9,train,907,53,1719.5,4,35.5,0,0,1,-0.73,0.8577677011489868,0
9908,9,train,908,53,1746.0,4,37.5,0,0,1,-0.73,1.2704732418060303,0
9909,9,train,909,53,1772.5,4,39.5,1,0,1,-0.73,1.131333589553833,0
9910,9,train,910,54,1800.5,4,41.5,1,1,1,-0.74,0.9263975620269775,0
9911,9,train,911,55,1829.0,4,43.5,0,0,2,-0.75,1.1756765842437744,1
9912,9,train,912,59,1862.5,4,45.5,0,1,2,-0.79,1.1629881858825684,0
9913,9,train,913,59,1892.0,4,47.5,0,1,2,-0.79,1.0789896249771118,0
9914,9,train,914,59,1921.5,4,49.5,0,0,2,-0.79,0.9492308497428894,0
9915,9,train,915,60,1952.5,4,51.5,0,2,2,-0.8,1.2356061935424805,0
9916,9,train,916,61,1984.0,4,53.5,0,0,2,-0.81,0.9075940251350403,0
9917,9,train,917,61,2014.5,4,55.5,0,0,2,-0.81,1.1262547969818115,0
9918,9,train,918,61,2045.0,4,57.5,1,1,2,-0.81,1.4276678562164307,0
9919,9,train,919,62,2077.0,4,59.5,0,0,2,-0.8200000000000001,0.9461991786956787,0
9920,9,train,920,62,2108.0,4,61.5,0,0,2,-0.8200000000000001,1.5778919458389282,0
9921,9,train,921,64,2142.0,4,63.5,0,0,2,-0.8400000000000001,1.1218535900115967,0
9922,9,train,922,65,2175.5,4,65.5,0,0,2,-0.8500000000000001,1.3828098773956299,0
9923,9,train,923,63,1980.0,4,67.5,0,0,3,-0.8300000000000001,0.8177077770233154,0
9924,9,train,924,61,1788.5,4,69.5,0,0,3,-0.81,0.8651338815689087,0
9925,9,train,925,59,1631.5,4,71.5,0,1,3,-0.79,1.2514888048171997,0
9926,9,train,926,58,1542.0,4,73.5,1,0,3,-0.78,1.4463129043579102,0
9927,9,train,927,58,1571.0,4,75.5,0,0,3,-0.78,1.0427796840667725,0
9928,9,train,928,56,1550.0,4,77.5,0,0,3,-0.76,1.1555410623550415,0
9929,9,train,929,55,1571.5,4,79.5,0,0,3,-0.75,1.0299112796783447,0
9930,9,train,930,55,1599.0,4,81.5,0,1,3,-0.75,1.0886516571044922,0
9931,9,train,931,56,1628.0,4,83.5,0,0,3,-0.76,1.2839398384094238,0
9932,9,train,932,56,1656.0,4,85.5,0,0,3,-0.76,1.4504544734954834,0
9933,9,train,933,56,1684.0,5,89.0,0,0,3,-0.81,1.2779970169067383,0
9934,9,train,934,56,1712.0,5,91.5,0,0,4,-0.81,0.8832278251647949,1
9935,9,train,935,56,1740.0,5,94.0,1,0,4,-0.81,0.8000921607017517,0
9936,9,train,936,57,1769.5,5,96.5,0,0,4,-0.82,1.4406359195709229,0
9937,9,train,937,57,1798.0,5,99.0,0,0,4,-0.82,1.1914536952972412,0
9938,9,train,938,57,1826.5,5,101.5,0,0,4,-0.82,1.1724226474761963,0
9939,9,train,939,59,1858.0,5,104.0,0,0,4,-0.84,0.8025844097137451,0
9940,9,train,940,61,1890.5,5,106.5,0,1,4,-0.86,1.314941167831421,0
9941,9,train,941,61,1921.0,5,109.0,0,0,4,-0.86,1.4822297096252441,0
9942,9,train,942,61,1951.5,5,111.5,0,1,4,-0.86,1.2908110618591309,0
9943,9,train,943,62,1983.5,5,114.0,0,1,4,-0.87,1.268430233001709,0
9944,9,train,944,62,2014.5,6,118.0,0,0,4,-0.9199999999999999,0.9111899733543396,0
9945,9,train,945,64,2048.5,6,121.0,0,2,4,-0.94,0.9339112043380737,0
9946,9,train,946,62,1819.5,4,113.5,0,0,5,-0.8200000000000001,1.0441029071807861,0
9947,9,train,947,58,1628.0,4,115.5,0,0,5,-0.78,1.2230699062347412,0
9948,9,train,948,56,1485.0,4,117.5,0,2,5,-0.76,1.1138410568237305,0
9949,9,train,949,54,1377.5,4,119.5,0,0,5,-0.74,1.6665756702423096,0
9950,9,train,950,54,1404.5,4,121.5,0,0,5,-0.74,1.1145519018173218,0
9951,9,train,951,50,1325.5,4,123.5,0,2,5,-0.7,0.9839984178543091,0
9952,9,train,952,46,1281.0,4,125.5,0,0,5,-0.66,1.5671284198760986,0
9953,9,train,953,44,1269.0,4,127.5,0,0,5,-0.64,1.0937933921813965,0
9954,9,train,954,44,1291.0,4,129.5,0,1,5,-0.64,1.1912133693695068,0
9955,9,train,955,43,1300.5,4,131.5,0,1,5,-0.63,0.9676685333251953,0
9956,9,train,956,44,1323.5,2,60.0,0,0,5,-0.54,1.0406303405761719,0
9957,9,train,957,44,1345.5,2,61.0,0,1,5,-0.54,0.7983181476593018,0
9958,9,train,958,44,1367.5,2,62.0,1,1,5,-0.54,0.9625165462493896,0
9959,9,train,959,44,1389.5,2,63.0,0,0,5,-0.54,1.0396591424942017,0
9960,9,train,960,44,1411.5,2,64.0,0,1,5,-0.54,1.423284649848938,0
9961,9,train,961,44,1433.5,2,65.0,0,1,5,-0.54,0.7990125417709351,0
9962,9,train,962,44,1455.5,2,66.0,0,0,5,-0.54,1.1310007572174072,0
9963,9,train,963,44,1477.5,2,67.0,0,1,5,-0.54,0.886508047580719,0
9964,9,train,964,44,1499.5,2,68.0,0,1,5,-0.54,1.0026805400848389,0
9965,9,train,965,44,1521.5,2,69.0,0,0,5,-0.54,0.8357516527175903,0
9966,9,train,966,45,1545.0,2,70.0,0,0,5,-0.55,0.6210920214653015,0
9967,9,train,967,45,1567.5,2,71.0,0,1,5,-0.55,1.240513801574707,0
9968,9,train,968,46,1591.5,2,72.0,0,1,5,-0.56,0.9280418157577515,0
9969,9,train,969,46,1614.5,2,73.0,0,0,5,-0.56,1.0352548360824585,0
9970,9,train,970,46,1637.5,2,74.0,0,1,5,-0.56,1.5243902206420898,0
9971,9,train,971,46,1660.5,2,75.0,0,0,5,-0.56,1.2856298685073853,0
9972,9,train,972,46,1683.5,2,76.0,0,0,5,-0.56,1.0363420248031616,0
9973,9,train,973,46,1706.5,2,77.0,1,0,5,-0.56,1.2984620332717896,0
9974,9,train,974,46,1729.5,2,78.0,0,0,5,-0.56,1.0163888931274414,0
9975,9,train,975,46,1752.5,2,79.0,0,0,5,-0.56,1.041411280632019,0
9976,9,train,976,47,1777.0,2,80.0,0,0,5,-0.57,0.91066575050354,0
9977,9,train,977,47,1800.5,2,81.0,0,1,5,-0.57,1.3037012815475464,0
9978,9,train,978,47,1824.0,2,82.0,0,0,5,-0.57,0.8741012215614319,0
9979,9,train,979,47,1847.5,2,83.0,0,1,5,-0.57,1.143932819366455,0
9980,9,train,980,47,1871.0,2,84.0,0,0,5,-0.57,1.4538828134536743,0
9981,9,train,981,47,1894.5,2,85.0,0,0,5,-0.57,1.3162288665771484,0
9982,9,train,982,47,1918.0,2,86.0,0,0,5,-0.57,0.977855920791626,0
9983,9,train,983,48,1943.0,2,87.0,0,1,5,-0.58,1.5358712673187256,0
9984,9,train,984,49,1968.5,2,88.0,0,0,5,-0.59,0.8279606103897095,0
9985,9,train,985,50,1994.5,2,89.0,0,1,5,-0.6,1.003867745399475,0
9986,9,train,986,50,2019.5,2,90.0,0,0,5,-0.6,1.362822413444519,0
9987,9,train,987,50,2044.5,2,91.0,0,0,5,-0.6,0.8224645256996155,0
9988,9,train,988,50,2069.5,2,92.0,0,1,5,-0.6,0.7258438467979431,0
9989,9,train,989,50,2094.5,2,93.0,0,3,5,-0.6,1.3019192218780518,0
9990,9,train,990,51,2121.0,2,94.0,0,0,5,-0.61,1.089798927307129,0
9991,9,train,991,52,2148.0,2,95.0,0,0,5,-0.62,0.8354103565216064,0
9992,9,train,992,52,2174.0,2,96.0,0,2,5,-0.62,1.4203343391418457,0
9993,9,train,993,53,2201.5,2,97.0,0,0,5,-0.63,0.9595004320144653,0
9994,9,train,994,53,2228.0,2,98.0,0,0,5,-0.63,0.9301449656486511,0
9995,9,train,995,53,2254.5,2,99.0,0,0,5,-0.63,1.209045648574829,0
9996,9,train,996,52,2195.5,2,100.0,0,0,6,-0.62,0.8851181268692017,0
9997,9,train,997,52,2221.5,2,101.0,0,0,6,-0.62,1.0468484163284302,0
9998,9,train,998,52,2247.5,2,102.0,0,0,6,-0.62,0.697685956954956,0
9999,9,train,999,52,2273.5,2,103.0,0,0,6,-0.62,1.1487915515899658,0
10000,10,train,0,0,0.0,0,0.0,0,0,0,-0.0,1.4843435287475586,0
10001,10,train,1,0,0.0,0,0.0,0,0,0,-0.0,0.6444310545921326,0
10002,10,train,2,0,0.0,0,0.0,0,0,0,-0.0,1.5084636211395264,0
10003,10,train,3,0,0.0,0,0.0,0,0,0,-0.0,0.8756324052810669,0
10004,10,train,4,0,0.0,0,0.0,0,0,0,-0.0,1.3855077028274536,0
10005,10,train,5,0,0.0,0,0.0,0,0,0,-0.0,0.8346441388130188,0
10006,10,train,6,0,0.0,0,0.0,0,0,0,-0.0,1.2168574333190918,0
10007,10,train,7,0,0.0,0,0.0,0,0,0,-0.0,1.0658202171325684,0
10008,10,train,8,0,0.0,0,0.0,0,0,0,-0.0,0.8335280418395996,0
10009,10,train,9,0,0.0,0,0.0,0,0,0,-0.0,1.060794711112976,0
10010,10,train,10,0,0.0,0,0.0,0,0,0,-0.0,1.16892409324646,0
10011,10,train,11,0,0.0,0,0.0,0,0,0,-0.0,1.398254632949829,0
10012,10,train,12,0,0.0,0,0.0,0,0,0,-0.0,0.8387343883514404,0
10013,10,train,13,0,0.0,0,0.0,0,0,0,-0.0,1.1885775327682495,0
10014,10,train,14,0,0.0,0,0.0,0,0,0,-0.0,1.238223910331726,0
10015,10,train,15,0,0.0,0,0.0,0,0,0,-0.0,1.2716448307037354,0
10016,10,train,16,0,0.0,0,0.0,0,0,0,-0.0,1.6518957614898682,0
10017,10,train,17,0,0.0,0,0.0,0,0,0,-0.0,1.433355689048767,0
10018,10,train,18,0,0.0,0,0.0,0,0,0,-0.0,1.3866608142852783,0
10019,10,train,19,0,0.0,0,0.0,0,0,0,-0.0,1.068474531173706,0
10020,10,train,20,0,0.0,0,0.0,0,0,0,-0.0,0.7032157182693481,0
10021,10,train,21,0,0.0,0,0.0,0,0,0,-0.0,0.9915717244148254,0
10022,10,train,22,0,0.0,0,0.0,0,0,0,-0.0,1.2371410131454468,0
10023,10,train,23,0,0.0,0,0.0,0,0,0,-0.0,1.5705533027648926,0
10024,10,train,24,0,0.0,0,0.0,0,0,0,-0.0,1.1788411140441895,0
10025,10,train,25,0,0.0,0,0.0,0,0,0,-0.0,1.3585423231124878,0
10026,10,train,26,0,0.0,0,0.0,0,0,0,-0.0,1.2013168334960938,0
10027,10,train,27,0,0.0,0,0.0,0,0,0,-0.0,1.306563138961792,0
10028,10,train,28,0,0.0,0,0.0,0,0,0,-0.0,0.9206375479698181,0
10029,10,train,29,0,0.0,0,0.0,0,0,0,-0.0,0.6254931688308716,0
10030,10,train,30,0,0.0,0,0.0,0,0,0,-0.0,1.2157196998596191,0
10031,10,train,31,0,0.0,0,0.0,0,0,0,-0.0,1.0543501377105713,0
10032,10,train,32,0,0.0,0,0.0,0,0,0,-0.0,0.8903684616088867,0
10033,10,train,33,0,0.0,0,0.0,0,0,0,-0.0,1.1096012592315674,0
10034,10,train,34,0,0.0,0,0.0,0,0,0,-0.0,1.556213140487671,0
10035,10,train,35,0,0.0,0,0.0,0,0,0,-0.0,0.9912835359573364,0
10036,10,train,36,0,0.0,0,0.0,0,0,0,-0.0,1.1925151348114014,0
10037,10,train,37,0,0.0,0,0.0,0,0,0,-0.0,1.1721080541610718,0
10038,10,train,38,0,0.0,0,0.0,0,0,0,-0.0,1.1550188064575195,0
10039,10,train,39,0,0.0,0,0.0,0,0,0,-0.0,1.1889643669128418,0
10040,10,train,40,0,0.0,0,0.0,0,0,0,-0.0,1.2664281129837036,0
10041,10,train,41,0,0.0,0,0.0,0,0,0,-0.0,1.018212080001831,0
10042,10,train,42,0,0.0,0,0.0,0,0,0,-0.0,1.0527347326278687,0
10043,10,train,43,0,0.0,0,0.0,0,0,0,-0.0,1.3123801946640015,0
10044,10,train,44,0,0.0,0,0.0,0,0,0,-0.0,1.2026509046554565,0
10045,10,train,45,0,0.0,0,0.0,0,0,0,-0.0,1.1000633239746094,0
10046,10,train,46,0,0.0,0,0.0,0,0,0,-0.0,1.544508457183838,0
10047,10,train,47,0,0.0,0,0.0,0,0,0,-0.0,0.8925915360450745,0
10048,10,train,48,0,0.0,0,0.0,0,0,0,-0.0,0.7653920650482178,0
10049,10,train,49,0,0.0,0,0.0,0,0,1,-0.0,0.977662205696106,0
10050,10,train,50,0,0.0,0,0.0,0,0,1,-0.0,0.958359956741333,0
10051,10,train,51,0,0.0,0,0.0,0,0,1,-0.0,1.1559261083602905,0
10052,10,train,52,0,0.0,0,0.0,0,0,1,-0.0,1.027431845664978,0
10053,10,train,53,0,0.0,0,0.0,0,0,1,-0.0,1.0834484100341797,0
10054,10,train,54,0,0.0,0,0.0,0,0,1,-0.0,1.0808484554290771,0
10055,10,train,55,0,0.0,0,0.0,0,0,1,-0.0,0.9899002313613892,0
10056,10,train,56,0,0.0,0,0.0,0,0,1,-0.0,0.6396592855453491,0
10057,10,train,57,0,0.0,0,0.0,0,0,1,-0.0,0.9827253818511963,0
10058,10,train,58,0,0.0,0,0.0,0,0,1,-0.0,1.2109575271606445,0
10059,10,train,59,0,0.0,0,0.0,0,0,1,-0.0,1.3419854640960693,0
10060,10,train,60,0,0.0,0,0.0,0,0,1,-0.0,1.4544854164123535,0
10061,10,train,61,0,0.0,0,0.0,0,0,1,-0.0,1.2811048030853271,0
10062,10,train,62,0,0.0,0,0.0,0,0,1,-0.0,1.0848228931427002,0
10063,10,train,63,0,0.0,0,0.0,0,0,1,-0.0,1.2705104351043701,0
10064,10,train,64,0,0.0,0,0.0,0,0,1,-0.0,1.040977954864502,0
10065,10,train,65,0,0.0,0,0.0,0,0,1,-0.0,1.2884852886199951,0
10066,10,train,66,0,0.0,0,0.0,0,0,1,-0.0,0.9060155153274536,0
10067,10,train,67,0,0.0,0,0.0,0,0,1,-0.0,1.0468204021453857,0
10068,10,train,68,0,0.0,0,0.0,0,0,1,-0.0,1.2224178314208984,0
10069,10,train,69,0,0.0,0,0.0,0,0,1,-0.0,1.417174220085144,0
10070,10,train,70,0,0.0,0,0.0,0,0,1,-0.0,1.2628557682037354,0
10071,10,train,71,0,0.0,0,0.0,0,0,1,-0.0,1.3994373083114624,0
10072,10,train,72,0,0.0,1,1.5,0,0,1,-0.05,1.4710948467254639,0
10073,10,train,73,0,0.0,1,2.0,0,0,1,-0.05,0.9121623039245605,0
10074,10,train,74,0,0.0,3,5.5,0,0,1,-0.15,1.048704743385315,0
10075,10,train,75,0,0.0,3,7.0,0,0,1,-0.15,1.3008923530578613,0
10076,10,train,76,0,0.0,3,8.5,0,0,1,-0.15,0.9156787395477295,0
10077,10,train,77,0,0.0,3,10.0,0,0,1,-0.15,1.1625239849090576,0
10078,10,train,78,5,7.5,3,11.5,0,0,1,-0.2,1.3368738889694214,0
10079,10,train,79,5,10.0,3,13.0,0,0,1,-0.2,1.1165295839309692,0
10080,10,train,80,5,12.5,3,14.5,0,0,1,-0.2,1.0083816051483154,0
10081,10,train,81,5,15.0,3,16.0,0,0,1,-0.2,1.2535922527313232,0
10082,10,train,82,5,17.5,3,17.5,0,0,1,-0.2,1.2717764377593994,0
10083,10,train,83,5,20.0,3,19.0,0,0,1,-0.2,1.0779215097427368,0
10084,10,train,84,5,22.5,4,22.0,0,0,1,-0.25,0.9240142703056335,0
10085,10,train,85,5,25.0,5,25.5,0,0,1,-0.3,1.2553398609161377,0
10086,10,train,86,7,30.5,4,26.0,0,0,1,-0.27,1.3060656785964966,0
10087,10,train,87,7,34.0,5,29.5,0,0,1,-0.32,0.8371275663375854,0
10088,10,train,88,7,37.5,5,32.0,0,0,1,-0.32,1.1468603610992432,0
10089,10,train,89,8,42.5,6,36.0,0,0,1,-0.38,0.8149217963218689,0
10090,10,train,90,8,46.5,6,39.0,0,0,1,-0.38,0.5357038974761963,0
10091,10,train,91,8,50.5,7,43.5,0,0,1,-0.43,1.0999345779418945,0
10092,10,train,92,8,54.5,7,47.0,0,0,1,-0.43,1.3223108053207397,0
10093,10,train,93,8,58.5,7,50.5,0,0,1,-0.43,1.2305128574371338,0
10094,10,train,94,8,62.5,7,54.0,0,0,1,-0.43,1.1494026184082031,0
10095,10,train,95,8,66.5,7,57.5,0,0,1,-0.43,1.0344412326812744,0
10096,10,train,96,8,70.5,7,61.0,0,0,1,-0.43,1.0653095245361328,0
10097,10,train,97,9,76.0,7,64.5,0,0,1,-0.43999999999999995,1.3952821493148804,0
10098,10,train,98,10,82.0,7,68.0,0,0,1,-0.44999999999999996,0.5983472466468811,0
10099,10,train,99,10,87.0,7,71.5,0,0,1,-0.44999999999999996,1.2729893922805786,0
10100,10,train,100,10,92.0,7,75.0,0,0,1,-0.44999999999999996,1.045737624168396,0
10101,10,train,101,10,97.0,7,78.5,0,0,1,-0.44999999999999996,1.1538410186767578,0
10102,10,train,102,10,102.0,7,82.0,0,0,1,-0.44999999999999996,0.7672314643859863,0
10103,10,train,103,10,107.0,7,85.5,0,0,1,-0.44999999999999996,1.1215720176696777,0
10104,10,train,104,10,112.0,7,89.0,0,0,1,-0.44999999999999996,1.2008568048477173,0
10105,10,train,105,10,117.0,7,92.5,0,0,1,-0.44999999999999996,1.3902976512908936,0
10106,10,train,106,10,122.0,7,96.0,0,0,1,-0.44999999999999996,0.8608489036560059,0
10107,10,train,107,10,127.0,7,99.5,0,0,1,-0.44999999999999996,1.1570370197296143,0
10108,10,train,108,10,132.0,7,103.0,0,0,1,-0.44999999999999996,0.39749306440353394,0
10109,10,train,109,10,137.0,7,106.5,0,0,1,-0.44999999999999996,1.1368075609207153,0
10110,10,train,110,11,143.5,7,110.0,0,0,1,-0.45999999999999996,1.046651840209961,0
10111,10,train,111,11,149.0,7,113.5,0,0,1,-0.45999999999999996,0.7141991257667542,0
10112,10,train,112,11,154.5,7,117.0,0,0,1,-0.45999999999999996,0.8909388184547424,0
10113,10,train,113,13,163.0,7,120.5,0,0,1,-0.48,1.0215778350830078,0
10114,10,train,114,13,169.5,7,124.0,0,0,1,-0.48,1.11897873878479,0
10115,10,train,115,13,176.0,7,127.5,0,0,1,-0.48,1.0673023462295532,0
10116,10,train,116,13,182.5,8,132.5,0,0,1,-0.53,1.5099210739135742,0
10117,10,train,117,13,189.0,8,136.5,0,0,1,-0.53,1.49467933177948,0
10118,10,train,118,13,195.5,8,140.5,0,0,1,-0.53,0.8524765968322754,0
10119,10,train,119,13,202.0,8,144.5,0,0,1,-0.53,0.8678858876228333,0
10120,10,train,120,14,210.0,8,148.5,0,0,1,-0.54,0.8726706504821777,0
10121,10,train,121,14,217.0,8,152.5,0,0,1,-0.54,1.5390427112579346,0
10122,10,train,122,14,224.0,8,156.5,0,0,1,-0.54,0.7629027366638184,0
10123,10,train,123,15,232.5,8,160.5,0,0,1,-0.55,0.8027105927467346,0
10124,10,train,124,16,241.5,8,164.5,0,0,1,-0.56,1.2655034065246582,0
10125,10,train,125,16,249.5,8,168.5,0,0,1,-0.56,1.2861900329589844,0
10126,10,train,126,16,257.5,8,172.5,0,0,1,-0.56,1.1486947536468506,0
10127,10,train,127,16,265.5,8,176.5,0,0,1,-0.56,0.8584176301956177,0
10128,10,train,128,16,273.5,8,180.5,0,0,1,-0.56,1.2304844856262207,0
10129,10,train,129,16,281.5,8,184.5,0,0,1,-0.56,1.2648237943649292,0
10130,10,train,130,16,289.5,8,188.5,0,0,1,-0.56,1.0210371017456055,0
10131,10,train,131,16,297.5,8,192.5,0,0,1,-0.56,1.249086618423462,0
10132,10,train,132,16,305.5,8,196.5,0,0,1,-0.56,1.4409352540969849,0
10133,10,train,133,17,315.0,8,200.5,0,0,1,-0.5700000000000001,1.1236252784729004,0
10134,10,train,134,18,325.0,8,204.5,0,0,1,-0.5800000000000001,0.9167889356613159,0
10135,10,train,135,18,334.0,8,208.5,0,0,1,-0.5800000000000001,0.796965479850769,0
10136,10,train,136,18,343.0,8,212.5,0,0,1,-0.5800000000000001,1.1706933975219727,0
10137,10,train,137,18,352.0,8,216.5,0,0,1,-0.5800000000000001,1.2827069759368896,0
10138,10,train,138,18,361.0,8,220.5,0,0,1,-0.5800000000000001,1.4611585140228271,0
10139,10,train,139,18,370.0,8,224.5,0,0,2,-0.5800000000000001,1.4724401235580444,0
10140,10,train,140,18,379.0,8,228.5,0,0,2,-0.5800000000000001,1.4926363229751587,0
10141,10,train,141,18,388.0,8,232.5,0,0,2,-0.5800000000000001,1.1265755891799927,0
10142,10,train,142,19,398.5,8,236.5,0,0,2,-0.5900000000000001,1.4194397926330566,0
10143,10,train,143,20,409.5,8,240.5,0,0,2,-0.6000000000000001,1.023790717124939,0
10144,10,train,144,20,419.5,8,244.5,0,0,2,-0.6000000000000001,1.3624835014343262,0
10145,10,train,145,20,429.5,8,248.5,0,0,2,-0.6000000000000001,1.3443012237548828,0
10146,10,train,146,20,439.5,8,252.5,0,0,2,-0.6000000000000001,1.2773070335388184,0
10147,10,train,147,20,449.5,8,256.5,0,1,2,-0.6000000000000001,1.300826072692871,0
10148,10,train,148,20,459.5,8,260.5,0,0,2,-0.6000000000000001,1.3817198276519775,0
10149,10,train,149,20,469.5,8,264.5,0,0,2,-0.6000000000000001,1.6273266077041626,0
10150,10,train,150,21,481.0,8,268.5,0,0,2,-0.61,0.8807533979415894,0
10151,10,train,151,20,426.5,8,272.5,0,2,3,-0.6000000000000001,0.8539513945579529,0
10152,10,train,152,22,439.5,8,276.5,0,0,3,-0.62,1.169999599456787,0
10153,10,train,153,23,452.0,8,280.5,0,0,3,-0.63,0.7572708129882812,0
10154,10,train,154,23,463.5,8,284.5,0,0,3,-0.63,1.4269397258758545,0
10155,10,train,155,23,475.0,8,288.5,0,0,3,-0.63,1.3148910999298096,0
10156,10,train,156,23,486.5,8,292.5,0,0,3,-0.63,1.0459283590316772,0
10157,10,train,157,23,498.0,8,296.5,0,0,3,-0.63,1.399381160736084,0
10158,10,train,158,24,511.0,8,300.5,0,0,3,-0.64,1.178635597229004,0
10159,10,train,159,24,523.0,8,304.5,0,0,3,-0.64,0.8322981595993042,0
10160,10,train,160,24,535.0,8,308.5,0,0,3,-0.64,1.2029095888137817,0
10161,10,train,161,24,547.0,8,312.5,0,0,3,-0.64,1.1579009294509888,0
10162,10,train,162,27,563.5,8,316.5,0,0,3,-0.67,1.1534940004348755,0
10163,10,train,163,27,577.0,8,320.5,0,0,3,-0.67,1.1442348957061768,0
10164,10,train,164,32,598.0,8,324.5,0,0,3,-0.72,1.364823341369629,0
10165,10,train,165,32,614.0,8,328.5,0,1,4,-0.72,1.0857540369033813,1
10166,10,train,166,32,630.0,8,332.5,0,0,4,-0.72,0.6276422142982483,0
10167,10,train,167,33,647.5,8,336.5,0,0,4,-0.73,0.8327049016952515,0
10168,10,train,168,33,664.0,8,340.5,0,0,4,-0.73,1.4195101261138916,0
10169,10,train,169,33,680.5,8,344.5,0,0,4,-0.73,1.391430377960205,0
10170,10,train,170,35,700.0,8,348.5,0,2,4,-0.75,1.3249289989471436,0
10171,10,train,171,35,717.5,8,352.5,0,0,4,-0.75,1.1141977310180664,0
10172,10,train,172,37,738.0,8,356.5,0,0,4,-0.77,1.252758264541626,0
10173,10,train,173,40,761.0,8,360.5,0,0,4,-0.8,0.9777759313583374,0
10174,10,train,174,40,781.0,8,364.5,0,0,4,-0.8,1.4827165603637695,0
10175,10,train,175,41,802.5,8,368.5,0,0,4,-0.81,0.9986743927001953,0
10176,10,train,176,41,823.0,8,372.5,0,1,4,-0.81,0.8503614068031311,0
10177,10,train,177,36,644.5,8,376.5,0,0,5,-0.76,1.494459867477417,0
10178,10,train,178,32,530.5,8,380.5,0,0,5,-0.72,1.0246362686157227,0
10179,10,train,179,28,437.5,8,384.5,0,0,5,-0.68,0.9716587066650391,0
10180,10,train,180,24,385.5,8,388.5,0,1,5,-0.64,0.7442821264266968,0
10181,10,train,181,24,397.5,8,392.5,0,1,5,-0.64,1.1138849258422852,0
10182,10,train,182,22,377.0,8,396.5,0,0,5,-0.62,1.1728999614715576,0
10183,10,train,183,21,372.5,7,352.0,0,0,5,-0.5599999999999999,1.169185757637024,0
10184,10,train,184,23,386.0,7,355.5,0,0,5,-0.58,1.589505672454834,0
10185,10,train,185,23,397.5,7,359.0,0,0,5,-0.58,0.7996231317520142,0
10186,10,train,186,26,413.5,6,304.0,0,0,5,-0.56,1.2154523134231567,0
10187,10,train,187,27,428.0,3,154.0,0,0,5,-0.42000000000000004,0.9662674069404602,0
10188,10,train,188,27,441.5,3,155.5,0,0,5,-0.42000000000000004,1.251892328262329,0
10189,10,train,189,27,455.0,3,157.0,0,0,5,-0.42000000000000004,1.3147162199020386,0
10190,10,train,190,27,468.5,3,158.5,0,0,5,-0.42000000000000004,0.8160244226455688,0
10191,10,train,191,27,482.0,2,105.0,0,1,5,-0.37,0.7457828521728516,0
10192,10,train,192,27,495.5,2,106.0,0,0,5,-0.37,0.8926091194152832,0
10193,10,train,193,27,509.0,2,107.0,0,0,5,-0.37,0.7125455141067505,0
10194,10,train,194,27,522.5,2,108.0,0,0,5,-0.37,1.2041354179382324,0
10195,10,train,195,27,536.0,2,109.0,0,0,5,-0.37,1.4632112979888916,0
10196,10,train,196,27,549.5,2,110.0,0,0,5,-0.37,0.8824651837348938,0
10197,10,train,197,27,563.0,2,111.0,0,0,5,-0.37,1.273368239402771,0
10198,10,train,198,27,576.5,2,112.0,0,1,5,-0.37,1.0339421033859253,0
10199,10,train,199,27,590.0,2,113.0,0,0,5,-0.37,0.7822457551956177,0
10200,10,train,200,27,603.5,2,114.0,0,0,5,-0.37,1.3139917850494385,0
10201,10,train,201,27,617.0,2,115.0,0,0,5,-0.37,1.2184619903564453,0
10202,10,train,202,28,632.0,2,116.0,0,0,5,-0.38,0.9276351928710938,0
10203,10,train,203,29,647.5,2,117.0,0,1,5,-0.39,1.0539374351501465,0
10204,10,train,204,29,662.0,2,118.0,0,0,5,-0.39,1.0268253087997437,0
10205,10,train,205,29,676.5,2,119.0,0,0,5,-0.39,1.1064083576202393,0
10206,10,train,206,30,692.5,2,120.0,0,0,5,-0.4,1.2993813753128052,0
10207,10,train,207,30,707.5,2,121.0,0,1,5,-0.4,0.6665077209472656,0
10208,10,train,208,30,722.5,2,122.0,0,0,5,-0.4,1.15451979637146,0
10209,10,train,209,30,737.5,2,123.0,0,0,5,-0.4,1.0290088653564453,0
10210,10,train,210,30,752.5,2,124.0,0,0,5,-0.4,0.8470356464385986,0
10211,10,train,211,31,769.0,2,125.0,0,1,5,-0.41000000000000003,1.3642374277114868,0
10212,10,train,212,31,784.5,2,126.0,0,0,5,-0.41000000000000003,1.0417832136154175,0
10213,10,train,213,31,800.0,2,127.0,0,0,5,-0.41000000000000003,0.9939974546432495,0
10214,10,train,214,32,817.0,2,128.0,0,0,5,-0.42000000000000004,1.403342843055725,0
10215,10,train,215,32,833.0,2,129.0,0,0,5,-0.42000000000000004,0.7808868885040283,0
10216,10,train,216,32,849.0,2,130.0,0,0,5,-0.42000000000000004,1.254711627960205,0
10217,10,train,217,33,866.5,2,131.0,0,0,5,-0.43000000000000005,0.6355546116828918,0
10218,10,train,218,33,883.0,2,132.0,0,0,5,-0.43000000000000005,1.398644208908081,0
10219,10,train,219,35,902.5,2,133.0,0,0,5,-0.44999999999999996,1.5517878532409668,0
10220,10,train,220,37,923.0,2,134.0,0,0,5,-0.47,1.072986364364624,0
10221,10,train,221,37,941.5,2,135.0,0,0,5,-0.47,1.2991979122161865,0
10222,10,train,222,37,960.0,2,136.0,0,0,5,-0.47,0.8134607076644897,0
10223,10,train,223,37,978.5,2,137.0,0,0,5,-0.47,0.8077919483184814,0
10224,10,train,224,37,997.0,2,138.0,0,0,5,-0.47,1.5663394927978516,0
10225,10,train,225,38,1017.0,2,139.0,0,0,5,-0.48,0.7626821398735046,0
10226,10,train,226,38,1036.0,2,140.0,0,0,5,-0.48,1.1036851406097412,0
10227,10,train,227,36,903.0,2,141.0,0,0,6,-0.45999999999999996,1.2554243803024292,0
10228,10,train,228,34,876.0,2,142.0,0,0,6,-0.44000000000000006,1.2100260257720947,0
10229,10,train,229,34,893.0,2,143.0,0,0,6,-0.44000000000000006,1.305601716041565,0
10230,10,train,230,34,910.0,2,144.0,0,0,6,-0.44000000000000006,0.9774537682533264,0
10231,10,train,231,34,927.0,2,145.0,0,1,6,-0.44000000000000006,1.4143259525299072,0
10232,10,train,232,34,944.0,2,146.0,0,0,6,-0.44000000000000006,1.3032987117767334,0
10233,10,train,233,34,961.0,2,147.0,0,0,6,-0.44000000000000006,1.0066590309143066,0
10234,10,train,234,35,979.5,2,148.0,0,0,6,-0.44999999999999996,0.9807752966880798,0
10235,10,train,235,35,997.0,2,149.0,0,0,6,-0.44999999999999996,1.3837738037109375,0
10236,10,train,236,35,1014.5,2,150.0,0,0,6,-0.44999999999999996,1.4283761978149414,0
10237,10,train,237,35,1032.0,2,151.0,0,0,6,-0.44999999999999996,1.190929889678955,0
10238,10,train,238,35,1049.5,2,152.0,0,0,6,-0.44999999999999996,1.0602362155914307,0
10239,10,train,239,35,1067.0,2,153.0,0,0,6,-0.44999999999999996,1.001044750213623,0
10240,10,train,240,35,1084.5,2,154.0,0,0,6,-0.44999999999999996,1.0594748258590698,0
10241,10,train,241,36,1103.5,2,155.0,0,0,6,-0.45999999999999996,1.0805575847625732,0
10242,10,train,242,36,1121.5,2,156.0,0,0,6,-0.45999999999999996,1.2055914402008057,0
10243,10,train,243,38,1142.5,2,157.0,0,0,6,-0.48,0.7772411108016968,0
10244,10,train,244,38,1161.5,2,158.0,0,0,6,-0.48,0.9254931807518005,0
10245,10,train,245,38,1180.5,2,159.0,0,0,6,-0.48,0.9883773326873779,0
10246,10,train,246,39,1201.0,2,160.0,0,0,6,-0.49,1.2006118297576904,0
10247,10,train,247,39,1220.5,2,161.0,0,0,6,-0.49,0.9231683015823364,0
10248,10,train,248,39,1240.0,2,162.0,0,0,6,-0.49,1.4629476070404053,0
10249,10,train,249,39,1259.5,2,163.0,0,0,6,-0.49,1.3992681503295898,0
10250,10,train,250,39,1279.0,2,164.0,0,0,6,-0.49,0.9968054294586182,0
10251,10,train,251,39,1298.5,2,165.0,0,1,6,-0.49,1.2361114025115967,0
10252,10,train,252,39,1318.0,2,166.0,0,0,6,-0.49,0.8907690644264221,0
10253,10,train,253,39,1337.5,3,168.5,0,0,6,-0.54,1.1158571243286133,0
10254,10,train,254,39,1357.0,3,170.0,0,0,6,-0.54,1.2258596420288086,0
10255,10,train,255,39,1376.5,3,171.5,0,0,6,-0.54,1.2082223892211914,0
10256,10,train,256,40,1397.5,3,173.0,0,0,6,-0.55,1.55610191822052,0
10257,10,train,257,40,1417.5,3,174.5,0,2,6,-0.55,1.1323286294937134,0
10258,10,train,258,40,1437.5,3,176.0,0,0,6,-0.55,1.1680309772491455,0
10259,10,train,259,40,1457.5,3,177.5,0,0,6,-0.55,1.2211612462997437,0
10260,10,train,260,40,1477.5,3,179.0,0,2,6,-0.55,1.2348748445510864,0
10261,10,train,261,41,1499.0,3,180.5,0,0,6,-0.5599999999999999,1.0601451396942139,0
10262,10,train,262,41,1519.5,3,182.0,0,0,6,-0.5599999999999999,1.145799160003662,0
10263,10,train,263,41,1540.0,3,183.5,0,1,6,-0.5599999999999999,1.1226845979690552,0
10264,10,train,264,41,1560.5,3,185.0,0,0,6,-0.5599999999999999,1.0663368701934814,0
10265,10,train,265,41,1581.0,4,188.0,0,0,6,-0.61,1.096702218055725,0
10266,10,train,266,41,1601.5,4,190.0,0,1,6,-0.61,1.2937722206115723,0
10267,10,train,267,41,1622.0,5,193.5,0,2,6,-0.6599999999999999,1.0978999137878418,0
10268,10,train,268,41,1642.5,5,196.0,0,0,6,-0.6599999999999999,1.4027750492095947,0
10269,10,train,269,42,1664.5,6,200.0,0,1,6,-0.72,1.1252423524856567,0
10270,10,train,270,42,1685.5,6,203.0,0,2,6,-0.72,1.2487281560897827,0
10271,10,train,271,43,1708.0,7,207.5,0,0,6,-0.78,0.690125584602356,0
10272,10,train,272,43,1729.5,7,211.0,0,2,6,-0.78,0.8572461009025574,0
10273,10,train,273,43,1751.0,7,214.5,0,1,7,-0.78,0.6916537284851074,1
10274,10,train,274,43,1772.5,8,219.5,0,0,7,-0.8300000000000001,1.012238621711731,0
10275,10,train,275,44,1795.5,8,223.5,0,2,7,-0.8400000000000001,1.1774811744689941,0
10276,10,train,276,44,1817.5,8,227.5,0,1,7,-0.8400000000000001,1.100032925605774,0
10277,10,train,277,44,1839.5,8,231.5,0,0,7,-0.8400000000000001,1.1142189502716064,0
10278,10,train,278,44,1861.5,8,235.5,0,2,7,-0.8400000000000001,1.006152629852295,0
10279,10,train,279,44,1883.5,8,239.5,0,0,7,-0.8400000000000001,1.0242905616760254,0
10280,10,train,280,44,1905.5,8,243.5,0,0,7,-0.8400000000000001,1.1462864875793457,0
10281,10,train,281,44,1927.5,8,247.5,0,1,7,-0.8400000000000001,1.353186011314392,0
10282,10,train,282,44,1949.5,8,251.5,0,1,7,-0.8400000000000001,0.8623213171958923,0
10283,10,train,283,45,1973.0,9,257.0,0,0,7,-0.9,0.8572810292243958,0
10284,10,train,284,46,1997.0,9,261.5,0,1,7,-0.91,1.3813276290893555,0
10285,10,train,285,45,1815.5,9,266.0,0,2,8,-0.9,0.5845747590065002,0
10286,10,train,286,43,1720.5,9,270.5,0,0,8,-0.88,0.6135250329971313,0
10287,10,train,287,43,1651.0,10,276.5,0,0,8,-0.9299999999999999,1.1593060493469238,0
10288,10,train,288,43,1638.0,10,281.5,0,2,8,-0.9299999999999999,1.3823535442352295,0
10289,10,train,289,45,1662.5,10,286.5,0,0,8,-0.95,1.5238356590270996,0
10290,10,train,290,45,1684.0,10,291.5,0,0,8,-0.95,1.3799567222595215,0
10291,10,train,291,46,1708.0,10,296.5,0,0,8,-0.96,1.2733283042907715,0
10292,10,train,292,46,1731.0,10,301.5,0,0,8,-0.96,0.8810970187187195,0
10293,10,train,293,46,1754.0,11,308.0,0,0,8,-1.01,1.2441306114196777,0
10294,10,train,294,46,1777.0,10,311.5,0,0,8,-0.96,0.9898862838745117,0
10295,10,train,295,46,1800.0,10,316.5,0,2,8,-0.96,0.6443127393722534,0
10296,10,train,296,46,1823.0,10,321.5,0,0,9,-0.96,1.022702932357788,1
10297,10,train,297,48,1849.0,11,328.0,0,0,9,-1.03,1.177828073501587,0
10298,10,train,298,48,1873.0,12,335.0,0,0,9,-1.08,1.2545647621154785,0
10299,10,train,299,48,1897.0,12,341.0,0,0,9,-1.08,0.7603690028190613,0
10300,10,train,300,46,1798.5,12,347.0,0,0,9,-1.06,1.335903525352478,0
10301,10,train,301,46,1772.0,12,353.0,0,1,9,-1.06,1.0509326457977295,0
10302,10,train,302,39,1306.0,8,278.0,0,0,0,-0.79,1.2713754177093506,0
10303,10,train,303,36,1027.0,8,282.0,0,0,0,-0.76,1.1549277305603027,0
10304,10,train,304,33,881.0,8,286.0,0,0,0,-0.73,1.1073975563049316,0
10305,10,train,305,32,781.0,9,291.5,0,2,0,-0.77,1.234988808631897,0
10306,10,train,306,36,738.0,8,294.0,0,1,0,-0.76,1.2141451835632324,0
10307,10,train,307,33,656.0,9,299.5,0,0,0,-0.78,1.143588662147522,0
10308,10,train,308,31,619.0,9,304.0,0,0,0,-0.76,1.0985236167907715,0
10309,10,train,309,34,606.0,9,291.0,0,2,0,-0.79,0.9229792356491089,0
10310,10,train,310,32,577.5,6,173.5,0,0,0,-0.62,1.2646825313568115,0
10311,10,train,311,33,595.0,5,153.0,0,0,0,-0.5800000000000001,1.5512393712997437,0
10312,10,train,312,36,598.0,5,155.5,0,1,0,-0.61,1.28402578830719,0
10313,10,train,313,36,616.0,5,158.0,0,0,0,-0.61,0.9365267753601074,0
10314,10,train,314,39,634.0,3,139.5,0,1,0,-0.54,1.4208523035049438,0
10315,10,train,315,39,653.5,3,141.0,0,0,0,-0.54,0.918660044670105,0
10316,10,train,316,42,677.5,3,142.5,0,0,0,-0.57,1.0927133560180664,0
10317,10,train,317,43,700.0,3,144.0,0,0,0,-0.58,0.9575488567352295,0
10318,10,train,318,46,726.0,3,145.5,0,0,0,-0.61,1.2486690282821655,0
10319,10,train,319,47,750.5,3,147.0,0,0,0,-0.62,0.9481213688850403,0
10320,10,train,320,50,778.5,3,148.5,0,0,0,-0.65,1.1661665439605713,0
10321,10,train,321,51,805.0,2,31.5,0,0,0,-0.61,0.7454473972320557,0
10322,10,train,322,54,835.0,2,32.5,0,1,0,-0.64,1.361602544784546,0
10323,10,train,323,54,862.0,2,33.5,0,0,0,-0.64,0.8784113526344299,0
10324,10,train,324,56,892.0,2,34.5,0,4,0,-0.66,0.9544925689697266,0
10325,10,train,325,57,921.5,2,35.5,0,0,0,-0.6699999999999999,1.0827821493148804,0
10326,10,train,326,58,951.5,2,36.5,0,0,0,-0.6799999999999999,1.2959375381469727,0
10327,10,train,327,58,980.5,2,37.5,0,1,0,-0.6799999999999999,0.853085458278656,0
10328,10,train,328,60,1012.5,2,38.5,0,0,0,-0.7,1.0447776317596436,0
10329,10,train,329,60,1042.5,2,39.5,0,0,0,-0.7,0.7401560544967651,0
10330,10,train,330,61,1074.0,2,40.5,0,0,0,-0.71,1.0534470081329346,0
10331,10,train,331,63,1107.5,2,41.5,0,0,0,-0.73,0.8556089401245117,0
10332,10,train,332,65,1142.0,2,42.5,0,1,0,-0.75,0.8738529682159424,0
10333,10,train,333,65,1174.5,2,43.5,0,0,0,-0.75,0.7419878244400024,0
10334,10,train,334,65,1207.0,2,44.5,0,0,0,-0.75,1.1284428834915161,0
10335,10,train,335,66,1241.0,2,45.5,0,0,0,-0.76,1.024726152420044,0
10336,10,train,336,66,1274.0,2,46.5,0,0,0,-0.76,1.0148545503616333,0
10337,10,train,337,66,1307.0,2,47.5,0,1,0,-0.76,1.086700201034546,0
10338,10,train,338,66,1340.0,2,48.5,0,0,0,-0.76,1.12427818775177,0
10339,10,train,339,67,1374.5,2,49.5,0,0,0,-0.77,1.3212354183197021,0
10340,10,train,340,67,1408.0,2,50.5,0,0,0,-0.77,1.3238223791122437,0
10341,10,train,341,67,1441.5,2,51.5,0,0,0,-0.77,0.5737830996513367,0
10342,10,train,342,68,1476.5,2,52.5,0,0,0,-0.78,0.9941412210464478,0
10343,10,train,343,70,1513.5,2,53.5,0,0,0,-0.7999999999999999,1.075438380241394,0
10344,10,train,344,70,1548.5,2,54.5,0,0,0,-0.7999999999999999,0.9310691952705383,0
10345,10,train,345,70,1583.5,2,55.5,0,0,0,-0.7999999999999999,0.6593557596206665,0
10346,10,train,346,67,1554.0,2,56.5,0,2,0,-0.77,1.0651347637176514,0
10347,10,train,347,65,1546.5,2,57.5,0,0,0,-0.75,1.19768226146698,0
10348,10,train,348,63,1540.0,2,58.5,0,0,0,-0.73,1.0981450080871582,0
10349,10,train,349,61,1533.5,2,59.5,0,0,0,-0.71,1.1406724452972412,0
10350,10,train,350,61,1564.0,2,60.5,0,0,0,-0.71,0.8598235845565796,0
10351,10,train,351,59,1556.5,2,61.5,0,0,0,-0.69,1.2795281410217285,0
10352,10,train,352,56,1378.5,2,62.5,0,0,1,-0.66,1.2842110395431519,0
10353,10,train,353,53,1315.5,2,63.5,0,1,1,-0.63,1.1477670669555664,0
10354,10,train,354,54,1343.5,2,64.5,0,2,1,-0.64,1.171116590499878,0
10355,10,train,355,52,1339.0,2,65.5,0,0,1,-0.62,1.4649007320404053,0
10356,10,train,356,51,1341.0,2,66.5,0,1,1,-0.61,1.2174808979034424,0
10357,10,train,357,51,1366.5,2,67.5,0,0,1,-0.61,0.9291920065879822,0
10358,10,train,358,49,1298.0,2,68.5,0,0,1,-0.59,1.5381417274475098,0
10359,10,train,359,47,1257.5,2,69.5,0,0,1,-0.57,1.3481392860412598,0
10360,10,train,360,45,1230.0,2,70.5,0,2,1,-0.55,0.8864113092422485,0
10361,10,train,361,43,1222.5,2,71.5,0,0,1,-0.53,1.1925722360610962,0
10362,10,train,362,45,1223.0,2,72.5,0,0,1,-0.55,1.2713990211486816,0
10363,10,train,363,43,1196.0,2,73.5,0,0,1,-0.53,1.0681697130203247,0
10364,10,train,364,41,1169.0,2,74.5,0,0,1,-0.51,1.3186639547348022,0
10365,10,train,365,41,1167.5,2,75.5,0,2,1,-0.51,0.7480065822601318,0
10366,10,train,366,41,1165.0,2,76.5,0,0,1,-0.51,1.1127976179122925,0
10367,10,train,367,40,1162.5,2,77.5,0,0,1,-0.5,1.1992210149765015,0
10368,10,train,368,38,1135.5,2,78.5,0,0,1,-0.48,0.9633871912956238,0
10369,10,train,369,37,1131.0,2,79.5,0,0,1,-0.47,1.2410633563995361,0
10370,10,train,370,35,1123.5,2,80.5,0,1,1,-0.44999999999999996,1.0940297842025757,0
10371,10,train,371,34,1103.0,2,81.5,0,0,1,-0.44000000000000006,1.060226321220398,0
10372,10,train,372,34,1115.0,2,82.5,0,0,1,-0.44000000000000006,1.2414684295654297,0
10373,10,train,373,34,1117.0,2,83.5,0,0,1,-0.44000000000000006,0.8860124349594116,0
10374,10,train,374,33,1122.0,2,84.5,0,1,1,-0.43000000000000005,1.1946561336517334,0
10375,10,train,375,33,1138.5,2,85.5,0,0,1,-0.43000000000000005,1.4337362051010132,0
10376,10,train,376,32,1152.0,2,86.5,0,0,1,-0.42000000000000004,0.9133810997009277,0
10377,10,train,377,33,1169.5,2,87.5,0,0,1,-0.43000000000000005,1.469102144241333,0
10378,10,train,378,33,1186.0,2,88.5,0,0,1,-0.43000000000000005,0.8788042068481445,0
10379,10,train,379,33,1202.5,2,89.5,0,0,1,-0.43000000000000005,1.0259337425231934,0
10380,10,train,380,33,1219.0,2,90.5,0,0,1,-0.43000000000000005,0.7010127902030945,0
10381,10,train,381,34,1237.0,2,91.5,0,0,1,-0.44000000000000006,1.3046722412109375,0
10382,10,train,382,34,1254.0,2,92.5,0,0,1,-0.44000000000000006,0.9556701183319092,0
10383,10,train,383,34,1271.0,2,93.5,0,0,1,-0.44000000000000006,1.2822389602661133,0
10384,10,train,384,34,1288.0,2,94.5,0,0,1,-0.44000000000000006,1.3269586563110352,0
10385,10,train,385,34,1305.0,2,95.5,0,0,1,-0.44000000000000006,1.0149118900299072,0
10386,10,train,386,34,1322.0,2,96.5,0,0,1,-0.44000000000000006,0.9912561178207397,0
10387,10,train,387,34,1339.0,3,99.0,0,0,1,-0.49,1.1580253839492798,0
10388,10,train,388,34,1356.0,3,100.5,0,0,1,-0.49,1.1900520324707031,0
10389,10,train,389,35,1374.5,3,102.0,0,0,1,-0.5,0.9739444255828857,0
10390,10,train,390,35,1392.0,3,103.5,0,0,1,-0.5,0.9419437646865845,0
10391,10,train,391,37,1412.5,3,105.0,0,0,1,-0.52,1.2548787593841553,0
10392,10,train,392,37,1431.0,4,108.0,0,0,1,-0.5700000000000001,1.3274284601211548,0
10393,10,train,393,37,1449.5,4,110.0,0,0,1,-0.5700000000000001,1.1807494163513184,0
10394,10,train,394,37,1468.0,4,112.0,0,0,1,-0.5700000000000001,1.2265961170196533,0
10395,10,train,395,37,1486.5,4,114.0,0,0,1,-0.5700000000000001,1.0994747877120972,0
10396,10,train,396,37,1505.0,4,116.0,0,0,1,-0.5700000000000001,1.291762113571167,0
10397,10,train,397,37,1523.5,4,118.0,0,0,1,-0.5700000000000001,1.212092638015747,0
10398,10,train,398,38,1543.5,4,120.0,0,0,1,-0.5800000000000001,1.0936537981033325,0
10399,10,train,399,39,1564.0,5,123.5,0,0,1,-0.64,0.7486137747764587,0
10400,10,train,400,39,1583.5,5,126.0,0,0,1,-0.64,1.0737571716308594,0
10401,10,train,401,39,1603.0,5,128.5,0,0,1,-0.64,0.9015183448791504,0
10402,10,train,402,39,1622.5,5,131.0,0,0,1,-0.64,0.716995120048523,0
10403,10,train,403,39,1642.0,5,133.5,0,0,1,-0.64,0.6266973614692688,0
10404,10,train,404,39,1661.5,6,137.5,0,0,1,-0.69,1.1710199117660522,0
10405,10,train,405,39,1681.0,6,140.5,0,0,1,-0.69,1.2556065320968628,0
10406,10,train,406,39,1700.5,6,143.5,0,0,1,-0.69,1.2441734075546265,0
10407,10,train,407,39,1720.0,6,146.5,0,0,1,-0.69,1.4036781787872314,0
10408,10,train,408,40,1741.0,6,149.5,0,0,1,-0.7,1.3902254104614258,0
10409,10,train,409,40,1761.0,6,152.5,0,0,1,-0.7,0.6370367407798767,0
10410,10,train,410,40,1781.0,6,155.5,0,0,1,-0.7,1.3095524311065674,0
10411,10,train,411,41,1802.5,6,158.5,0,0,1,-0.71,1.207181692123413,0
10412,10,train,412,41,1823.0,6,161.5,0,0,1,-0.71,0.7568044066429138,0
10413,10,train,413,41,1843.5,6,164.5,0,0,1,-0.71,1.376793622970581,0
10414,10,train,414,41,1864.0,6,167.5,0,0,1,-0.71,1.036547064781189,0
10415,10,train,415,41,1884.5,6,170.5,0,0,1,-0.71,1.3150057792663574,0
10416,10,train,416,41,1905.0,6,173.5,0,0,1,-0.71,1.002956509590149,0
10417,10,train,417,41,1925.5,6,176.5,0,1,1,-0.71,1.201301097869873,0
10418,10,train,418,42,1947.5,6,179.5,0,0,1,-0.72,1.2879974842071533,0
10419,10,train,419,42,1968.5,6,182.5,0,0,1,-0.72,0.7961879968643188,0
10420,10,train,420,42,1989.5,6,185.5,0,0,1,-0.72,1.0431091785430908,0
10421,10,train,421,42,2010.5,6,188.5,0,0,2,-0.72,1.2468180656433105,1
10422,10,train,422,42,2031.5,6,191.5,1,0,2,-0.72,0.9036120176315308,0
10423,10,train,423,42,2052.5,6,194.5,0,0,2,-0.72,1.3890953063964844,0
10424,10,train,424,42,2073.5,6,197.5,0,0,2,-0.72,1.6009454727172852,0
10425,10,train,425,42,2094.5,6,200.5,0,0,2,-0.72,1.3395555019378662,0
10426,10,train,426,44,2118.5,6,203.5,0,2,2,-0.74,1.0959057807922363,0
10427,10,train,427,48,2146.5,6,206.5,0,0,2,-0.78,1.308750033378601,0
10428,10,train,428,48,2170.5,6,209.5,0,0,2,-0.78,0.737865686416626,0
10429,10,train,429,48,2194.5,6,212.5,0,1,2,-0.78,0.7359194755554199,0
10430,10,train,430,48,2218.5,6,215.5,0,1,2,-0.78,1.3090980052947998,0
10431,10,train,431,50,2245.5,6,218.5,0,0,2,-0.8,0.5814555287361145,0
10432,10,train,432,50,2270.5,6,221.5,0,1,2,-0.8,1.071596622467041,0
10433,10,train,433,49,2032.0,6,224.5,0,0,3,-0.79,1.1624267101287842,0
10434,10,train,434,47,1818.0,6,227.5,0,0,3,-0.77,1.1245367527008057,0
10435,10,train,435,45,1658.0,6,230.5,0,2,3,-0.75,1.2268149852752686,0
10436,10,train,436,44,1639.0,6,233.5,0,0,3,-0.74,1.4630482196807861,0
10437,10,train,437,43,1585.5,6,236.5,0,0,3,-0.73,1.0989818572998047,0
10438,10,train,438,41,1562.0,6,239.5,0,3,3,-0.71,1.5204441547393799,0
10439,10,train,439,42,1584.0,6,242.5,0,0,3,-0.72,1.317387580871582,0
10440,10,train,440,42,1598.0,6,245.5,0,1,3,-0.72,1.125586986541748,0
10441,10,train,441,42,1619.0,6,248.5,0,3,3,-0.72,0.7336664795875549,0
10442,10,train,442,42,1640.0,6,251.5,0,0,3,-0.72,0.8468711376190186,0
10443,10,train,443,43,1662.5,6,254.5,0,0,3,-0.73,1.3136897087097168,0
10444,10,train,444,43,1684.0,6,257.5,0,3,3,-0.73,1.1751716136932373,0
10445,10,train,445,43,1705.5,6,260.5,0,0,4,-0.73,1.1520915031433105,1
10446,10,train,446,44,1728.5,6,263.5,0,0,4,-0.74,1.014953374862671,0
10447,10,train,447,44,1750.5,6,266.5,0,2,4,-0.74,0.9053127765655518,0
10448,10,train,448,44,1772.5,6,269.5,0,1,4,-0.74,1.1412094831466675,0
10449,10,train,449,45,1796.0,6,272.5,0,0,4,-0.75,1.2306506633758545,0
10450,10,train,450,45,1818.5,6,275.5,0,1,4,-0.75,0.9235503077507019,0
10451,10,train,451,45,1841.0,6,278.5,0,0,4,-0.75,1.0539309978485107,0
10452,10,train,452,48,1868.0,6,281.5,0,0,4,-0.78,0.9335709810256958,0
10453,10,train,453,48,1892.0,6,284.5,0,0,4,-0.78,0.8923307657241821,0
10454,10,train,454,48,1916.0,6,287.5,0,0,4,-0.78,1.0676252841949463,0
10455,10,train,455,48,1940.0,6,290.5,0,1,4,-0.78,1.0799956321716309,0
10456,10,train,456,48,1964.0,6,293.5,0,0,4,-0.78,0.6851955056190491,0
10457,10,train,457,45,1653.5,2,167.5,0,0,5,-0.55,1.3003497123718262,0
10458,10,train,458,41,1391.5,2,168.5,0,1,5,-0.51,1.4067782163619995,0
10459,10,train,459,37,1164.5,2,169.5,0,1,5,-0.47,1.2368671894073486,0
10460,10,train,460,35,980.0,2,170.5,0,2,5,-0.44999999999999996,1.4319406747817993,0
10461,10,train,461,37,1000.5,2,171.5,0,1,5,-0.47,1.3492484092712402,0
10462,10,train,462,34,851.5,2,172.5,0,0,5,-0.44000000000000006,1.2464711666107178,0
10463,10,train,463,30,749.0,2,173.5,0,3,5,-0.4,1.2949552536010742,0
10464,10,train,464,31,725.0,3,176.0,0,1,5,-0.45999999999999996,1.4604331254959106,0
10465,10,train,465,30,693.0,3,177.5,0,1,5,-0.44999999999999996,0.9259735345840454,0
10466,10,train,466,28,684.5,3,179.0,0,3,5,-0.43000000000000005,1.2653450965881348,0
10467,10,train,467,27,652.0,1,3.0,0,0,5,-0.32,0.799420177936554,0
10468,10,train,468,28,667.0,1,3.5,0,0,5,-0.33,1.1524524688720703,0
10469,10,train,469,29,668.0,1,4.0,0,2,5,-0.33999999999999997,1.4017751216888428,0
10470,10,train,470,29,682.5,0,0.0,0,2,5,-0.29,0.53260338306427,0
10471,10,train,471,30,693.0,0,0.0,0,1,5,-0.3,1.0001273155212402,0
10472,10,train,472,30,708.0,0,0.0,0,2,5,-0.3,1.047576904296875,0
10473,10,train,473,32,726.0,1,1.5,0,0,5,-0.37,0.8945631980895996,0
10474,10,train,474,34,745.0,1,2.0,0,1,5,-0.39,0.9065253138542175,0
10475,10,train,475,36,765.0,1,2.5,0,2,5,-0.41,1.1242276430130005,0
10476,10,train,476,37,784.5,1,3.0,0,1,5,-0.42,1.3393186330795288,0
10477,10,train,477,39,806.0,0,0.0,0,0,5,-0.39,1.2193197011947632,0
10478,10,train,478,40,827.0,0,0.0,0,0,5,-0.4,1.2012664079666138,0
10479,10,train,479,42,850.0,0,0.0,0,2,5,-0.42,0.6066850423812866,0
10480,10,train,480,42,871.0,1,1.5,0,0,5,-0.47,0.9633371829986572,0
10481,10,train,481,43,893.5,1,2.0,0,0,5,-0.48,0.7448915243148804,0
10482,10,train,482,43,915.0,2,4.0,0,2,5,-0.53,1.3305120468139648,0
10483,10,train,483,43,936.5,2,5.0,0,0,5,-0.53,1.2307682037353516,0
10484,10,train,484,44,959.5,3,7.5,0,0,5,-0.59,1.0883607864379883,0
10485,10,train,485,44,981.5,2,5.0,0,2,5,-0.54,1.2154687643051147,0
10486,10,train,486,45,1005.0,2,6.0,0,0,5,-0.55,1.1592340469360352,0
10487,10,train,487,45,1027.5,2,7.0,0,2,5,-0.55,1.179349422454834,0
10488,10,train,488,46,1051.5,2,8.0,0,1,5,-0.56,1.1152232885360718,0
10489,10,train,489,46,1074.5,2,9.0,0,0,5,-0.56,1.2797017097473145,0
10490,10,train,490,46,1097.5,2,10.0,0,1,5,-0.56,1.3570950031280518,0
10491,10,train,491,46,1120.5,2,11.0,0,1,5,-0.56,0.9976077079772949,0
10492,10,train,492,46,1143.5,2,12.0,0,1,5,-0.56,0.4996333718299866,0
10493,10,train,493,46,1166.5,3,14.5,0,1,5,-0.61,0.9394345283508301,0
10494,10,train,494,47,1191.0,3,16.0,0,1,5,-0.62,1.236444115638733,0
10495,10,train,495,49,1217.5,3,17.5,0,0,5,-0.64,1.2179394960403442,0
10496,10,train,496,51,1245.0,3,19.0,0,0,5,-0.66,0.9728195667266846,0
10497,10,train,497,51,1270.5,3,20.5,0,0,5,-0.66,0.6343547105789185,0
10498,10,train,498,53,1299.0,3,22.0,1,0,5,-0.68,0.8536933660507202,0
10499,10,train,499,53,1325.5,2,19.0,0,2,5,-0.63,1.1795132160186768,0
10500,10,train,500,53,1352.0,3,21.5,0,0,5,-0.68,0.7971717119216919,0
10501,10,train,501,53,1378.5,3,23.0,0,1,5,-0.68,0.8743367195129395,0
10502,10,train,502,54,1406.5,3,24.5,0,0,5,-0.6900000000000001,1.4109771251678467,0
10503,10,train,503,55,1435.0,3,26.0,0,0,5,-0.7000000000000001,1.3924496173858643,0
10504,10,train,504,55,1462.5,3,27.5,0,0,5,-0.7000000000000001,0.8771959543228149,0
10505,10,train,505,55,1490.0,3,29.0,0,0,5,-0.7000000000000001,0.8929125666618347,0
10506,10,train,506,58,1522.0,3,30.5,0,0,5,-0.73,0.9264899492263794,0
10507,10,train,507,57,1437.5,3,32.0,0,0,6,-0.72,1.1300259828567505,0
10508,10,train,508,57,1465.0,3,33.5,0,0,6,-0.72,1.2093896865844727,0
10509,10,train,509,55,1442.5,3,35.0,0,0,6,-0.7000000000000001,0.9651238322257996,0
10510,10,train,510,53,1421.0,3,36.5,0,0,6,-0.68,1.0392143726348877,0
10511,10,train,511,51,1400.5,3,38.0,1,0,6,-0.66,1.4363044500350952,0
10512,10,train,512,49,1380.0,3,39.5,0,1,6,-0.64,1.1887167692184448,0
10513,10,train,513,49,1404.5,3,41.0,0,1,6,-0.64,1.2523016929626465,0
10514,10,train,514,48,1384.5,3,42.5,0,0,6,-0.63,0.9232243299484253,0
10515,10,train,515,46,1363.5,3,44.0,0,0,6,-0.61,1.2619011402130127,0
10516,10,train,516,44,1342.5,3,45.5,0,1,6,-0.59,1.1866528987884521,0
10517,10,train,517,45,1366.0,3,47.0,0,0,6,-0.6,1.2196003198623657,0
10518,10,train,518,43,1344.5,3,48.5,0,0,6,-0.58,0.8821455240249634,0
10519,10,train,519,42,1324.5,3,50.0,0,1,6,-0.57,0.7942011952400208,0
10520,10,train,520,42,1345.5,3,51.5,0,0,6,-0.57,1.0198113918304443,0
10521,10,train,521,40,1331.0,3,53.0,0,1,6,-0.55,1.0894904136657715,0
10522,10,train,522,38,1321.0,3,54.5,0,0,6,-0.53,0.9706820249557495,0
10523,10,train,523,38,1340.0,3,56.0,0,1,6,-0.53,1.3949615955352783,0
10524,10,train,524,37,1349.5,3,57.5,0,0,6,-0.52,1.1725666522979736,0
10525,10,train,525,36,1363.5,3,59.0,0,0,6,-0.51,1.3022735118865967,0
10526,10,train,526,37,1383.0,3,60.5,0,0,6,-0.52,1.3197479248046875,0
10527,10,train,527,37,1401.5,3,62.0,0,1,6,-0.52,1.4607383012771606,0
10528,10,train,528,37,1420.0,3,63.5,0,0,6,-0.52,1.056278109550476,0
10529,10,train,529,37,1438.5,3,65.0,0,0,6,-0.52,1.5332634449005127,0
10530,10,train,530,37,1457.0,3,66.5,0,0,6,-0.52,1.5500925779342651,0
10531,10,train,531,37,1475.5,3,68.0,0,0,6,-0.52,1.1449944972991943,0
10532,10,train,532,37,1494.0,3,69.5,0,0,6,-0.52,1.1123414039611816,0
10533,10,train,533,38,1514.0,3,71.0,1,0,6,-0.53,1.506418228149414,0
10534,10,train,534,38,1533.0,3,72.5,0,0,6,-0.53,0.9895502328872681,0
10535,10,train,535,38,1552.0,3,74.0,0,1,6,-0.53,1.6882219314575195,0
10536,10,train,536,39,1572.5,3,75.5,0,0,6,-0.54,1.2035529613494873,0
10537,10,train,537,39,1592.0,3,77.0,0,2,6,-0.54,1.2317769527435303,0
10538,10,train,538,39,1611.5,3,78.5,0,0,6,-0.54,0.8919578790664673,0
10539,10,train,539,39,1631.0,3,80.0,0,0,6,-0.54,1.2964942455291748,0
10540,10,train,540,39,1650.5,3,81.5,0,2,6,-0.54,0.9151050448417664,0
10541,10,train,541,39,1670.0,4,84.5,0,0,6,-0.5900000000000001,1.1695636510849,0
10542,10,train,542,39,1689.5,4,86.5,0,0,6,-0.5900000000000001,1.1418015956878662,0
10543,10,train,543,39,1709.0,5,90.0,0,2,6,-0.64,0.697138786315918,0
10544,10,train,544,40,1730.0,5,92.5,0,0,6,-0.65,1.4392554759979248,0
10545,10,train,545,40,1750.0,5,95.0,0,0,6,-0.65,1.1962127685546875,0
10546,10,train,546,41,1771.5,5,97.5,0,1,6,-0.6599999999999999,0.8267117738723755,0
10547,10,train,547,41,1792.0,5,100.0,0,0,6,-0.6599999999999999,1.1877434253692627,0
10548,10,train,548,41,1812.5,5,102.5,0,0,6,-0.6599999999999999,1.12454092502594,0
10549,10,train,549,41,1833.0,5,105.0,0,1,6,-0.6599999999999999,1.1559131145477295,0
10550,10,train,550,41,1853.5,5,107.5,0,0,6,-0.6599999999999999,1.3062424659729004,0
10551,10,train,551,41,1874.0,5,110.0,0,0,6,-0.6599999999999999,0.5435446500778198,0
10552,10,train,552,41,1894.5,5,112.5,0,0,6,-0.6599999999999999,1.15883207321167,0
10553,10,train,553,41,1915.0,5,115.0,0,0,6,-0.6599999999999999,1.0365102291107178,0
10554,10,train,554,41,1935.5,5,117.5,0,0,6,-0.6599999999999999,1.1595451831817627,0
10555,10,train,555,41,1956.0,6,121.5,0,0,6,-0.71,1.2041475772857666,0
10556,10,train,556,42,1978.0,6,124.5,0,0,6,-0.72,1.1545979976654053,0
10557,10,train,557,45,2003.5,6,127.5,0,0,6,-0.75,1.3708627223968506,0
10558,10,train,558,45,2026.0,6,130.5,0,0,6,-0.75,1.4992938041687012,0
10559,10,train,559,45,2048.5,6,133.5,0,0,6,-0.75,0.8879426717758179,0
10560,10,train,560,45,2071.0,6,136.5,0,1,7,-0.75,1.4283437728881836,1
10561,10,train,561,45,2093.5,6,139.5,0,0,7,-0.75,0.8847713470458984,0
10562,10,train,562,45,2116.0,6,142.5,0,0,7,-0.75,0.7361835241317749,0
10563,10,train,563,45,2138.5,6,145.5,0,1,7,-0.75,1.1687198877334595,0
10564,10,train,564,47,2164.0,6,148.5,0,0,7,-0.77,0.9793084263801575,0
10565,10,train,565,48,2189.0,6,151.5,0,0,7,-0.78,1.1746517419815063,0
10566,10,train,566,49,2214.5,6,154.5,0,2,7,-0.79,1.3821743726730347,0
10567,10,train,567,50,2240.5,6,157.5,0,0,7,-0.8,1.219373345375061,0
10568,10,train,568,50,2265.5,6,160.5,0,0,7,-0.8,1.6589393615722656,0
10569,10,train,569,50,2290.5,6,163.5,0,1,7,-0.8,1.0031287670135498,0
10570,10,train,570,50,2315.5,6,166.5,0,0,7,-0.8,1.2647266387939453,0
10571,10,train,571,50,2340.5,6,169.5,0,1,7,-0.8,1.301853895187378,0
10572,10,train,572,48,2094.5,6,172.5,0,1,8,-0.78,1.1911840438842773,0
10573,10,train,573,46,1852.5,6,175.5,0,0,8,-0.76,0.985657811164856,0
10574,10,train,574,44,1666.5,7,180.0,0,0,8,-0.79,1.1530753374099731,0
10575,10,train,575,43,1548.0,7,183.5,0,2,8,-0.78,0.9732884764671326,0
10576,10,train,576,45,1572.5,7,187.0,0,0,8,-0.8,1.1382938623428345,0
10577,10,train,577,43,1513.0,7,190.5,0,0,8,-0.78,1.122685194015503,0
10578,10,train,578,44,1529.0,7,194.0,0,0,8,-0.79,1.1223701238632202,0
10579,10,train,579,44,1551.0,7,197.5,0,0,8,-0.79,1.3137273788452148,0
10580,10,train,580,44,1573.0,7,201.0,0,0,8,-0.79,1.225296974182129,0
10581,10,train,581,45,1596.5,7,204.5,0,0,8,-0.8,0.9683454036712646,0
10582,10,train,582,45,1619.0,7,208.0,0,0,8,-0.8,0.7115892171859741,0
10583,10,train,583,45,1641.5,7,211.5,0,0,9,-0.8,0.900997519493103,1
10584,10,train,584,45,1664.0,7,215.0,0,1,9,-0.8,0.8943129181861877,0
10585,10,train,585,46,1688.0,7,218.5,0,1,9,-0.81,1.2996402978897095,0
10586,10,train,586,46,1711.0,7,222.0,1,1,9,-0.81,1.3234772682189941,0
10587,10,train,587,46,1734.0,7,225.5,0,0,9,-0.81,1.0663342475891113,0
10588,10,train,588,47,1758.5,7,229.0,0,2,9,-0.82,1.1641367673873901,0
10589,10,train,589,41,1458.0,3,155.0,0,2,0,-0.5599999999999999,0.8386477828025818,0
10590,10,train,590,37,1235.0,3,156.5,0,1,0,-0.52,1.1293108463287354,0
10591,10,train,591,34,1029.0,3,158.0,0,1,0,-0.49,0.8019927740097046,0
10592,10,train,592,33,912.0,3,159.5,0,2,0,-0.48,1.1517990827560425,0
10593,10,train,593,39,888.5,3,161.0,0,0,0,-0.54,1.2704007625579834,0
10594,10,train,594,35,759.0,3,162.5,0,0,0,-0.5,0.6199076175689697,0
10595,10,train,595,32,706.5,3,164.0,0,1,0,-0.47,1.322969913482666,0
10596,10,train,596,36,698.5,3,165.5,0,2,0,-0.51,1.1104270219802856,0
10597,10,train,597,34,651.5,2,108.0,0,0,0,-0.44000000000000006,0.795158863067627,0
10598,10,train,598,35,670.0,2,109.0,0,1,0,-0.44999999999999996,0.6007764935493469,0
10599,10,train,599,37,658.0,1,51.0,0,1,0,-0.42,1.2144676446914673,0
10600,10,train,600,37,676.5,1,51.5,0,0,0,-0.42,1.2974648475646973,0
10601,10,train,601,42,698.5,1,52.0,0,1,0,-0.47,1.2171765565872192,0
10602,10,train,602,44,722.5,1,52.5,1,0,0,-0.49,1.3933074474334717,0
10603,10,train,603,49,752.0,1,53.0,0,1,0,-0.54,1.093685507774353,0
10604,10,train,604,49,776.5,1,53.5,0,2,0,-0.54,0.9709521532058716,0
10605,10,train,605,53,807.0,1,54.0,0,0,0,-0.5800000000000001,1.3084239959716797,0
10606,10,train,606,53,833.5,1,54.5,0,0,0,-0.5800000000000001,1.0543290376663208,0
10607,10,train,607,57,866.0,1,55.0,0,3,0,-0.62,1.2813700437545776,0
10608,10,train,608,57,894.5,1,55.5,0,1,0,-0.62,0.8231766223907471,0
10609,10,train,609,61,929.0,1,56.0,0,0,0,-0.66,0.8971767425537109,0
10610,10,train,610,61,959.5,1,56.5,0,3,0,-0.66,0.6746797561645508,0
10611,10,train,611,64,994.5,1,57.0,0,0,0,-0.6900000000000001,0.8142800331115723,0
10612,10,train,612,65,1028.0,1,57.5,0,0,0,-0.7000000000000001,1.4348907470703125,0
10613,10,train,613,66,1062.0,1,58.0,0,1,0,-0.7100000000000001,0.6779932975769043,0
10614,10,train,614,66,1095.0,1,58.5,0,0,0,-0.7100000000000001,1.1339939832687378,0
10615,10,train,615,66,1128.0,1,59.0,0,0,0,-0.7100000000000001,1.1282007694244385,0
10616,10,train,616,67,1162.5,1,59.5,0,1,0,-0.7200000000000001,1.5841732025146484,0
10617,10,train,617,67,1196.0,1,60.0,0,0,0,-0.7200000000000001,1.111212134361267,0
10618,10,train,618,67,1229.5,1,60.5,0,0,0,-0.7200000000000001,0.83870530128479,0
10619,10,train,619,67,1263.0,1,61.0,0,1,0,-0.7200000000000001,1.1121348142623901,0
10620,10,train,620,67,1296.5,1,61.5,0,0,0,-0.7200000000000001,1.2533280849456787,0
10621,10,train,621,68,1331.5,1,62.0,0,0,0,-0.7300000000000001,1.4782050848007202,0
10622,10,train,622,68,1365.5,1,62.5,0,1,0,-0.7300000000000001,1.5220277309417725,0
10623,10,train,623,66,1351.5,1,63.0,0,0,0,-0.7100000000000001,1.203165054321289,0
10624,10,train,624,64,1353.5,1,63.5,0,1,0,-0.6900000000000001,1.1662286520004272,0
10625,10,train,625,62,1356.5,1,64.0,0,1,0,-0.67,1.082091212272644,0
10626,10,train,626,62,1362.5,1,64.5,0,0,0,-0.67,1.235185980796814,0
10627,10,train,627,62,1393.5,1,65.0,0,0,0,-0.67,1.366976022720337,0
10628,10,train,628,61,1398.0,1,65.5,0,1,0,-0.66,1.1320189237594604,0
10629,10,train,629,59,1401.5,1,66.0,0,2,0,-0.64,1.599295973777771,0
10630,10,train,630,55,1346.5,1,66.5,0,0,0,-0.6000000000000001,1.023045539855957,0
10631,10,train,631,54,1337.5,1,67.0,0,1,0,-0.5900000000000001,0.9811466932296753,0
10632,10,train,632,50,1302.5,1,67.5,0,1,0,-0.55,1.3316450119018555,0
10633,10,train,633,48,1289.0,1,68.0,0,0,0,-0.53,1.1133501529693604,0
10634,10,train,634,48,1296.5,1,68.5,0,2,0,-0.53,0.8326460123062134,0
10635,10,train,635,46,1274.5,1,69.0,0,0,0,-0.51,1.0959160327911377,0
10636,10,train,636,43,1257.0,1,69.5,0,0,0,-0.48,1.4878816604614258,0
10637,10,train,637,43,1278.5,1,70.0,0,0,0,-0.48,1.4265400171279907,0
10638,10,train,638,41,1266.0,1,70.5,0,2,0,-0.45999999999999996,1.1861242055892944,0
10639,10,train,639,37,1110.5,1,71.0,0,0,1,-0.42,1.0929040908813477,0
10640,10,train,640,36,1099.0,1,71.5,0,0,1,-0.41,1.2739641666412354,0
10641,10,train,641,36,1087.0,1,72.0,0,0,1,-0.41,1.0186017751693726,0
10642,10,train,642,36,1097.0,1,72.5,0,0,1,-0.41,1.3315224647521973,0
10643,10,train,643,36,1111.0,1,73.0,0,0,1,-0.41,0.8677505850791931,0
10644,10,train,644,35,1119.5,1,73.5,0,0,1,-0.39999999999999997,0.4790773093700409,0
10645,10,train,645,35,1137.0,1,74.0,0,0,1,-0.39999999999999997,0.810542106628418,0
10646,10,train,646,35,1154.5,1,74.5,0,0,1,-0.39999999999999997,1.2029693126678467,0
10647,10,train,647,35,1172.0,1,75.0,0,0,1,-0.39999999999999997,0.9180006980895996,0
10648,10,train,648,35,1189.5,1,75.5,1,0,1,-0.39999999999999997,1.3078651428222656,0
10649,10,train,649,36,1208.5,1,76.0,1,0,1,-0.41,1.5144109725952148,0
10650,10,train,650,35,1224.5,1,76.5,0,1,1,-0.39999999999999997,1.085099458694458,0
10651,10,train,651,35,1242.0,1,77.0,0,0,1,-0.39999999999999997,0.9068328142166138,0
10652,10,train,652,36,1261.0,1,77.5,0,1,1,-0.41,0.5577840805053711,0
10653,10,train,653,36,1279.0,1,78.0,0,0,1,-0.41,1.4411505460739136,0
10654,10,train,654,36,1297.0,1,78.5,0,0,1,-0.41,0.7939609289169312,0
10655,10,train,655,36,1315.0,1,79.0,0,1,1,-0.41,1.1596696376800537,0
10656,10,train,656,37,1334.5,1,79.5,0,0,1,-0.42,0.6539608240127563,0
10657,10,train,657,37,1353.0,1,80.0,0,0,1,-0.42,1.0163298845291138,0
10658,10,train,658,38,1373.0,1,80.5,0,0,1,-0.43,0.9525852203369141,0
10659,10,train,659,38,1392.0,1,81.0,0,0,1,-0.43,1.0703086853027344,0
10660,10,train,660,38,1411.0,1,81.5,0,0,1,-0.43,0.7353718876838684,0
10661,10,train,661,38,1430.0,1,82.0,0,1,1,-0.43,0.7212916016578674,0
10662,10,train,662,39,1450.5,1,82.5,0,0,1,-0.44,1.1472585201263428,0
10663,10,train,663,39,1470.0,1,83.0,0,0,1,-0.44,0.9341307878494263,0
10664,10,train,664,39,1489.5,1,83.5,0,0,1,-0.44,1.6402113437652588,0
10665,10,train,665,39,1509.0,2,85.5,0,0,1,-0.49,0.9520308971405029,0
10666,10,train,666,39,1528.5,3,88.0,0,0,1,-0.54,0.6784545183181763,0
10667,10,train,667,39,1548.0,3,89.5,0,0,1,-0.54,0.6445308923721313,0
10668,10,train,668,39,1567.5,3,91.0,0,0,1,-0.54,1.0079222917556763,0
10669,10,train,669,39,1587.0,3,92.5,0,0,1,-0.54,0.8797216415405273,0
10670,10,train,670,40,1608.0,3,94.0,0,0,1,-0.55,0.9503889083862305,0
10671,10,train,671,41,1629.5,3,95.5,0,0,1,-0.5599999999999999,1.0702425241470337,0
10672,10,train,672,41,1650.0,3,97.0,0,0,1,-0.5599999999999999,1.2138850688934326,0
10673,10,train,673,41,1670.5,3,98.5,0,0,1,-0.5599999999999999,0.9676832556724548,0
10674,10,train,674,41,1691.0,3,100.0,0,0,1,-0.5599999999999999,1.0617966651916504,0
10675,10,train,675,41,1711.5,3,101.5,0,0,1,-0.5599999999999999,1.0435798168182373,0
10676,10,train,676,41,1732.0,4,104.5,0,0,1,-0.61,1.0455713272094727,0
10677,10,train,677,41,1752.5,4,106.5,0,0,1,-0.61,0.9823070168495178,0
10678,10,train,678,41,1773.0,4,108.5,0,0,1,-0.61,1.2333309650421143,0
10679,10,train,679,41,1793.5,4,110.5,0,0,1,-0.61,0.8676185607910156,0
10680,10,train,680,41,1814.0,4,112.5,0,0,1,-0.61,0.8876882791519165,0
10681,10,train,681,41,1834.5,4,114.5,0,0,1,-0.61,1.4300806522369385,0
10682,10,train,682,41,1855.0,5,118.0,0,0,1,-0.6599999999999999,0.9723328351974487,0
10683,10,train,683,42,1877.0,5,120.5,0,0,1,-0.6699999999999999,1.0032713413238525,0
10684,10,train,684,42,1898.0,5,123.0,0,0,1,-0.6699999999999999,1.337956190109253,0
10685,10,train,685,42,1919.0,6,127.0,0,0,1,-0.72,1.198183536529541,0
10686,10,train,686,42,1940.0,6,130.0,0,0,1,-0.72,0.8466245532035828,0
10687,10,train,687,42,1961.0,6,133.0,0,0,1,-0.72,1.0644350051879883,0
10688,10,train,688,42,1982.0,6,136.0,1,0,1,-0.72,0.5601269006729126,0
10689,10,train,689,44,2006.0,6,139.0,0,0,1,-0.74,1.2700393199920654,0
10690,10,train,690,45,2029.5,6,142.0,0,0,1,-0.75,1.3454151153564453,0
10691,10,train,691,45,2052.0,6,145.0,0,0,1,-0.75,1.0083611011505127,0
10692,10,train,692,46,2076.0,6,148.0,0,0,2,-0.76,1.1229114532470703,1
10693,10,train,693,46,2099.0,7,152.5,0,0,2,-0.81,0.927342414855957,0
10694,10,train,694,46,2122.0,7,156.0,0,0,2,-0.81,0.4821959137916565,0
10695,10,train,695,46,2145.0,8,161.0,0,0,2,-0.8600000000000001,1.0293349027633667,0
10696,10,train,696,46,2168.0,8,165.0,0,0,2,-0.8600000000000001,1.2036375999450684,0
10697,10,train,697,46,2191.0,8,169.0,0,0,2,-0.8600000000000001,1.1144583225250244,0
10698,10,train,698,46,2214.0,8,173.0,0,0,2,-0.8600000000000001,1.449324369430542,0
10699,10,train,699,47,2238.5,8,177.0,0,0,2,-0.87,1.3341317176818848,0
10700,10,train,700,47,2262.0,8,181.0,0,0,2,-0.87,1.2626218795776367,0
10701,10,train,701,49,2288.5,8,185.0,0,0,2,-0.89,0.7281675338745117,0
10702,10,train,702,50,2314.5,9,190.5,0,1,2,-0.95,0.7950179576873779,0
10703,10,train,703,52,2342.5,9,195.0,0,2,2,-0.97,1.2919154167175293,0
10704,10,train,704,50,2113.5,9,199.5,0,0,3,-0.95,0.861323893070221,0
10705,10,train,705,48,1908.0,9,204.0,0,0,3,-0.9299999999999999,1.2091410160064697,0
10706,10,train,706,47,1738.0,9,208.5,0,1,3,-0.9199999999999999,1.1394882202148438,0
10707,10,train,707,45,1621.0,9,213.0,0,0,3,-0.9,0.8910133242607117,0
10708,10,train,708,45,1643.5,9,217.5,0,0,3,-0.9,1.004076600074768,0
10709,10,train,709,44,1589.5,9,222.0,0,1,3,-0.89,1.1420135498046875,0
10710,10,train,710,45,1578.5,9,226.5,0,0,3,-0.9,0.7850297689437866,0
10711,10,train,711,44,1594.5,9,231.0,0,0,3,-0.89,1.4456087350845337,0
10712,10,train,712,46,1619.5,9,235.5,0,1,3,-0.91,0.6382900476455688,0
10713,10,train,713,46,1642.5,9,240.0,0,0,3,-0.91,1.063126802444458,0
10714,10,train,714,46,1665.5,9,244.5,0,1,3,-0.91,0.9963133335113525,0
10715,10,train,715,46,1688.5,9,249.0,0,2,4,-0.91,1.099104881286621,1
10716,10,train,716,46,1711.5,9,253.5,0,0,4,-0.91,1.27555513381958,0
10717,10,train,717,46,1734.5,9,258.0,0,1,4,-0.91,0.7922220230102539,0
10718,10,train,718,47,1759.0,9,262.5,0,2,4,-0.9199999999999999,1.249500036239624,0
10719,10,train,719,47,1782.5,9,267.0,0,1,4,-0.9199999999999999,1.1874059438705444,0
10720,10,train,720,47,1806.0,9,271.5,0,0,4,-0.9199999999999999,1.510676383972168,0
10721,10,train,721,49,1832.5,9,276.0,0,2,4,-0.94,0.7828105688095093,0
10722,10,train,722,49,1857.0,9,280.5,0,0,4,-0.94,0.9556750059127808,0
10723,10,train,723,49,1881.5,9,285.0,1,0,4,-0.94,1.1672332286834717,0
10724,10,train,724,50,1907.5,9,289.5,0,0,4,-0.95,1.2503743171691895,0
10725,10,train,725,51,1934.0,9,294.0,0,3,4,-0.96,1.1593456268310547,0
10726,10,train,726,54,1964.0,9,298.5,0,1,4,-0.99,0.885887622833252,0
10727,10,train,727,52,1694.0,9,303.0,0,0,5,-0.97,1.2474807500839233,0
10728,10,train,728,49,1458.5,9,307.5,0,1,5,-0.94,1.3180159330368042,0
10729,10,train,729,45,1267.0,8,196.0,0,1,5,-0.8500000000000001,0.8439257144927979,0
10730,10,train,730,43,1158.0,8,200.0,0,0,5,-0.8300000000000001,0.952282190322876,0
10731,10,train,731,42,1129.0,8,204.0,0,1,5,-0.8200000000000001,0.9349968433380127,0
10732,10,train,732,39,1004.5,8,208.0,0,0,5,-0.79,1.0324816703796387,0
10733,10,train,733,36,919.5,8,212.0,0,0,5,-0.76,1.0075883865356445,0
10734,10,train,734,34,896.0,8,216.0,0,1,5,-0.74,1.0664372444152832,0
10735,10,train,735,32,875.0,7,183.5,0,2,5,-0.6699999999999999,1.2620694637298584,0
10736,10,train,736,30,862.0,7,187.0,0,0,5,-0.6499999999999999,1.3239703178405762,0
10737,10,train,737,28,857.5,5,126.0,0,0,5,-0.53,1.2714145183563232,0
10738,10,train,738,28,871.5,3,73.0,0,4,5,-0.43000000000000005,0.8991061449050903,0
10739,10,train,739,29,887.0,3,74.5,0,0,5,-0.43999999999999995,1.1466712951660156,0
10740,10,train,740,29,901.5,3,76.0,0,0,5,-0.43999999999999995,1.3720109462738037,0
10741,10,train,741,29,916.0,3,77.5,0,3,5,-0.43999999999999995,1.3753491640090942,0
10742,10,train,742,29,930.5,3,79.0,0,2,5,-0.43999999999999995,0.7541897892951965,0
10743,10,train,743,29,945.0,3,80.5,0,0,5,-0.43999999999999995,0.9806243181228638,0
10744,10,train,744,29,959.5,3,82.0,0,3,5,-0.43999999999999995,0.8125314116477966,0
10745,10,train,745,29,974.0,3,83.5,0,0,5,-0.43999999999999995,1.3243281841278076,0
10746,10,train,746,29,988.5,3,85.0,0,1,5,-0.43999999999999995,0.8402747511863708,0
10747,10,train,747,30,1004.5,3,86.5,0,3,5,-0.44999999999999996,1.3217988014221191,0
10748,10,train,748,31,1021.0,2,63.5,0,1,5,-0.41000000000000003,1.0042870044708252,0
10749,10,train,749,31,1036.5,2,64.5,0,0,5,-0.41000000000000003,1.2772448062896729,0
10750,10,train,750,31,1052.0,2,65.5,0,2,5,-0.41000000000000003,1.2172741889953613,0
10751,10,train,751,31,1067.5,2,66.5,0,1,5,-0.41000000000000003,1.564788579940796,0
10752,10,train,752,31,1083.0,2,67.5,0,1,5,-0.41000000000000003,1.254836916923523,0
10753,10,train,753,31,1098.5,2,68.5,0,1,5,-0.41000000000000003,0.8597564697265625,0
10754,10,train,754,31,1114.0,2,69.5,0,1,5,-0.41000000000000003,0.9937161803245544,0
10755,10,train,755,31,1129.5,2,70.5,0,0,5,-0.41000000000000003,1.0243079662322998,0
10756,10,train,756,31,1145.0,2,71.5,1,2,5,-0.41000000000000003,1.1273524761199951,0
10757,10,train,757,31,1160.5,2,72.5,0,0,5,-0.41000000000000003,1.377448320388794,0
10758,10,train,758,32,1177.5,2,73.5,0,0,5,-0.42000000000000004,1.0800175666809082,0
10759,10,train,759,33,1195.0,2,74.5,0,1,5,-0.43000000000000005,1.4033613204956055,0
10760,10,train,760,33,1211.5,2,75.5,1,1,5,-0.43000000000000005,0.6856922507286072,0
10761,10,train,761,33,1228.0,2,76.5,0,0,5,-0.43000000000000005,0.5917313098907471,0
10762,10,train,762,33,1244.5,2,77.5,0,0,5,-0.43000000000000005,1.046589970588684,0
10763,10,train,763,33,1261.0,2,78.5,0,3,5,-0.43000000000000005,0.9526556730270386,0
10764,10,train,764,33,1277.5,2,79.5,1,0,5,-0.43000000000000005,1.0018696784973145,0
10765,10,train,765,33,1294.0,2,80.5,0,0,5,-0.43000000000000005,1.0967388153076172,0
10766,10,train,766,33,1310.5,2,81.5,0,2,5,-0.43000000000000005,1.2966156005859375,0
10767,10,train,767,34,1328.5,2,82.5,0,0,5,-0.44000000000000006,0.8226786851882935,0
10768,10,train,768,33,1343.5,2,83.5,0,0,5,-0.43000000000000005,0.5086599588394165,0
10769,10,train,769,33,1360.0,2,84.5,1,2,5,-0.43000000000000005,1.143103003501892,0
10770,10,train,770,33,1376.5,2,85.5,0,0,5,-0.43000000000000005,0.7640399932861328,0
10771,10,train,771,34,1394.5,2,86.5,0,0,5,-0.44000000000000006,1.437912940979004,0
10772,10,train,772,35,1413.0,2,87.5,0,0,5,-0.44999999999999996,0.8077344298362732,0
10773,10,train,773,36,1432.0,2,88.5,0,0,5,-0.45999999999999996,0.8973827362060547,0
10774,10,train,774,36,1450.0,2,89.5,0,0,5,-0.45999999999999996,0.9773588180541992,0
10775,10,train,775,36,1468.0,2,90.5,0,0,5,-0.45999999999999996,1.5622975826263428,0
10776,10,train,776,37,1487.5,2,91.5,0,1,5,-0.47,1.0475512742996216,0
10777,10,train,777,35,1323.0,2,92.5,0,0,6,-0.44999999999999996,1.2097615003585815,0
10778,10,train,778,33,1275.0,2,93.5,0,0,6,-0.43000000000000005,1.603719711303711,0
10779,10,train,779,34,1293.0,2,94.5,1,0,6,-0.44000000000000006,0.7571840286254883,0
10780,10,train,780,34,1310.0,2,95.5,0,0,6,-0.44000000000000006,0.8525301218032837,0
10781,10,train,781,34,1327.0,2,96.5,0,0,6,-0.44000000000000006,1.2083674669265747,0
10782,10,train,782,34,1344.0,2,97.5,1,0,6,-0.44000000000000006,1.2928922176361084,0
10783,10,train,783,35,1362.5,2,98.5,0,0,6,-0.44999999999999996,1.0675477981567383,0
10784,10,train,784,35,1380.0,2,99.5,1,3,6,-0.44999999999999996,1.4144967794418335,0
10785,10,train,785,35,1397.5,2,100.5,0,0,6,-0.44999999999999996,0.8051122426986694,0
10786,10,train,786,35,1415.0,2,101.5,0,0,6,-0.44999999999999996,0.8682341575622559,0
10787,10,train,787,35,1432.5,2,102.5,0,1,6,-0.44999999999999996,1.4016048908233643,0
10788,10,train,788,36,1451.5,2,103.5,0,0,6,-0.45999999999999996,0.8845053315162659,0
10789,10,train,789,36,1469.5,2,104.5,0,0,6,-0.45999999999999996,1.074204921722412,0
10790,10,train,790,36,1487.5,2,105.5,0,1,6,-0.45999999999999996,1.2208421230316162,0
10791,10,train,791,36,1505.5,2,106.5,0,2,6,-0.45999999999999996,0.6716375946998596,0
10792,10,train,792,36,1523.5,2,107.5,0,0,6,-0.45999999999999996,1.1061761379241943,0
10793,10,train,793,36,1541.5,2,108.5,0,0,6,-0.45999999999999996,0.5749691724777222,0
10794,10,train,794,38,1562.5,2,109.5,0,0,6,-0.48,1.1511781215667725,0
10795,10,train,795,39,1583.0,2,110.5,0,1,6,-0.49,0.6955121755599976,0
10796,10,train,796,39,1602.5,2,111.5,0,0,6,-0.49,1.442813515663147,0
10797,10,train,797,39,1622.0,2,112.5,0,0,6,-0.49,1.4552881717681885,0
10798,10,train,798,40,1643.0,2,113.5,0,0,6,-0.5,1.1452527046203613,0
10799,10,train,799,40,1663.0,2,114.5,0,0,6,-0.5,0.708999514579773,0
10800,10,train,800,40,1683.0,2,115.5,0,1,6,-0.5,1.2276874780654907,0
10801,10,train,801,40,1703.0,2,116.5,0,0,6,-0.5,0.8339101672172546,0
10802,10,train,802,40,1723.0,2,117.5,0,0,6,-0.5,0.7342512607574463,0
10803,10,train,803,40,1743.0,2,118.5,0,0,6,-0.5,0.9795458316802979,0
10804,10,train,804,40,1763.0,2,119.5,0,0,6,-0.5,0.7798882126808167,0
10805,10,train,805,40,1783.0,2,120.5,0,0,6,-0.5,1.2879326343536377,0
10806,10,train,806,41,1804.5,2,121.5,0,0,6,-0.51,1.3641372919082642,0
10807,10,train,807,41,1825.0,2,122.5,0,3,6,-0.51,1.2512553930282593,0
10808,10,train,808,42,1847.0,3,125.0,0,0,6,-0.57,1.157800316810608,0
10809,10,train,809,42,1868.0,4,128.0,0,0,6,-0.62,1.362870216369629,0
10810,10,train,810,42,1889.0,4,130.0,0,1,6,-0.62,1.0533523559570312,0
10811,10,train,811,42,1910.0,4,132.0,0,0,6,-0.62,0.8472608923912048,0
10812,10,train,812,42,1931.0,4,134.0,0,0,6,-0.62,0.8406153321266174,0
10813,10,train,813,42,1952.0,3,132.5,0,1,6,-0.57,1.0574175119400024,0
10814,10,train,814,43,1974.5,3,134.0,0,0,6,-0.58,0.9716281890869141,0
10815,10,train,815,43,1996.0,3,135.5,0,0,6,-0.58,1.142061471939087,0
10816,10,train,816,45,2020.5,4,138.5,0,1,6,-0.65,1.1890759468078613,0
10817,10,train,817,45,2043.0,4,140.5,0,1,6,-0.65,0.9329288601875305,0
10818,10,train,818,45,2065.5,5,144.0,0,0,6,-0.7,1.1608216762542725,0
10819,10,train,819,45,2088.0,5,146.5,0,2,6,-0.7,1.1514854431152344,0
10820,10,train,820,45,2110.5,6,150.5,1,1,6,-0.75,0.996489405632019,0
10821,10,train,821,45,2133.0,6,153.5,0,1,6,-0.75,1.2211658954620361,0
10822,10,train,822,45,2155.5,6,156.5,0,0,6,-0.75,1.282958984375,0
10823,10,train,823,45,2178.0,6,159.5,0,0,6,-0.75,0.7879947423934937,0
10824,10,train,824,45,2200.5,6,162.5,0,0,6,-0.75,1.2058888673782349,0
10825,10,train,825,45,2223.0,6,165.5,0,0,6,-0.75,0.818610429763794,0
10826,10,train,826,45,2245.5,6,168.5,0,1,7,-0.75,1.2940689325332642,1
10827,10,train,827,47,2271.0,6,171.5,1,1,7,-0.77,0.8320096135139465,0
10828,10,train,828,47,2294.5,6,174.5,0,1,7,-0.77,1.2511413097381592,0
10829,10,train,829,47,2318.0,6,177.5,0,2,7,-0.77,1.2112727165222168,0
10830,10,train,830,48,2343.0,6,180.5,0,1,7,-0.78,1.1065696477890015,0
10831,10,train,831,48,2367.0,6,183.5,0,0,7,-0.78,1.4218829870224,0
10832,10,train,832,48,2391.0,6,186.5,0,2,7,-0.78,1.5748440027236938,0
10833,10,train,833,48,2415.0,6,189.5,0,1,7,-0.78,1.4707224369049072,0
10834,10,train,834,48,2439.0,6,192.5,0,1,7,-0.78,1.4287421703338623,0
10835,10,train,835,48,2463.0,6,195.5,0,1,7,-0.78,0.8254224061965942,0
10836,10,train,836,50,2490.0,6,198.5,0,1,7,-0.8,1.165696144104004,0
10837,10,train,837,50,2515.0,6,201.5,0,0,7,-0.8,1.2829313278198242,0
10838,10,train,838,49,2292.0,6,204.5,0,2,8,-0.79,1.2751408815383911,0
10839,10,train,839,49,2074.5,6,207.5,0,1,8,-0.79,0.5149272680282593,0
10840,10,train,840,47,1856.0,6,210.5,0,0,8,-0.77,1.4399789571762085,0
10841,10,train,841,46,1774.5,6,213.5,0,2,8,-0.76,0.9532527923583984,0
10842,10,train,842,47,1699.0,6,216.5,0,0,8,-0.77,0.9570378661155701,0
10843,10,train,843,47,1585.5,6,219.5,0,1,8,-0.77,1.0560178756713867,0
10844,10,train,844,45,1537.0,6,222.5,0,2,8,-0.75,1.0666484832763672,0
10845,10,train,845,44,1555.0,6,225.5,1,0,8,-0.74,0.748799204826355,0
10846,10,train,846,44,1573.0,6,228.5,0,1,8,-0.74,0.973371148109436,0
10847,10,train,847,45,1596.5,6,231.5,0,3,8,-0.75,0.7374040484428406,0
10848,10,train,848,46,1620.5,6,234.5,0,0,8,-0.76,0.9178555011749268,0
10849,10,train,849,47,1645.0,6,237.5,0,1,9,-0.77,0.8513681888580322,1
10850,10,train,850,47,1668.5,6,240.5,0,1,9,-0.77,1.3263821601867676,0
10851,10,train,851,47,1692.0,6,243.5,0,1,9,-0.77,1.1339805126190186,0
10852,10,train,852,47,1715.5,6,246.5,0,0,9,-0.77,1.3693244457244873,0
10853,10,train,853,47,1739.0,6,249.5,0,2,9,-0.77,1.1010807752609253,0
10854,10,train,854,47,1762.5,6,252.5,0,2,9,-0.77,1.1323702335357666,0
10855,10,train,855,44,1497.0,2,170.5,0,0,0,-0.54,1.0546854734420776,0
10856,10,train,856,41,1262.0,2,171.5,0,1,0,-0.51,1.1460893154144287,0
10857,10,train,857,37,1057.5,2,172.5,0,0,0,-0.47,1.0446629524230957,0
10858,10,train,858,35,943.5,2,173.5,0,3,0,-0.44999999999999996,0.9223053455352783,0
10859,10,train,859,38,933.0,2,174.5,0,0,0,-0.48,1.5208184719085693,0
10860,10,train,860,34,818.0,2,175.5,0,1,0,-0.44000000000000006,0.9203789234161377,0
10861,10,train,861,32,760.0,2,176.5,0,0,0,-0.42000000000000004,0.8503736257553101,0
10862,10,train,862,35,770.5,2,177.5,0,0,0,-0.44999999999999996,1.1264557838439941,0
10863,10,train,863,33,731.0,2,178.5,0,0,0,-0.43000000000000005,0.9962990283966064,0
10864,10,train,864,35,750.5,2,179.5,0,0,0,-0.44999999999999996,1.1393245458602905,0
10865,10,train,865,38,730.5,0,0.0,0,0,0,-0.38,0.6290922164916992,0
10866,10,train,866,39,751.0,1,1.5,0,0,0,-0.44,1.2937874794006348,0
10867,10,train,867,43,750.5,1,2.0,0,1,0,-0.48,1.085633635520935,0
10868,10,train,868,42,769.5,1,2.5,0,1,0,-0.47,1.0751729011535645,0
10869,10,train,869,45,782.0,0,0.0,0,0,0,-0.45,1.0000975131988525,0
10870,10,train,870,47,807.5,0,0.0,0,0,0,-0.47,1.546012282371521,0
10871,10,train,871,51,834.0,0,0.0,0,0,0,-0.51,1.3803966045379639,0
10872,10,train,872,51,859.5,0,0.0,0,0,0,-0.51,1.1957604885101318,0
10873,10,train,873,54,889.5,0,0.0,0,0,0,-0.54,1.1712441444396973,0
10874,10,train,874,56,919.5,0,0.0,0,0,0,-0.56,1.3006157875061035,0
10875,10,train,875,58,950.5,0,0.0,0,0,0,-0.58,1.1767215728759766,0
10876,10,train,876,58,979.5,0,0.0,0,0,0,-0.58,0.8010982871055603,0
10877,10,train,877,60,1011.5,0,0.0,0,0,0,-0.6,1.2049009799957275,0
10878,10,train,878,60,1041.5,1,1.5,1,3,0,-0.65,0.9870880842208862,0
10879,10,train,879,62,1074.5,1,2.0,0,2,0,-0.67,1.2428512573242188,0
10880,10,train,880,62,1105.5,0,0.0,1,0,0,-0.62,0.8431793451309204,0
10881,10,train,881,63,1138.0,0,0.0,1,0,0,-0.63,0.9052067995071411,0
10882,10,train,882,64,1171.0,0,0.0,0,0,0,-0.64,1.0447217226028442,0
10883,10,train,883,66,1206.0,0,0.0,0,0,0,-0.66,1.2931742668151855,0
10884,10,train,884,68,1242.0,0,0.0,0,1,0,-0.68,1.1167352199554443,0
10885,10,train,885,68,1276.0,2,3.0,0,0,0,-0.78,1.226991891860962,0
10886,10,train,886,69,1311.5,3,5.5,0,0,0,-0.84,1.1345298290252686,0
10887,10,train,887,69,1346.0,3,7.0,0,0,0,-0.84,1.1208782196044922,0
10888,10,train,888,69,1380.5,3,8.5,0,2,0,-0.84,0.664178729057312,0
10889,10,train,889,69,1415.0,3,10.0,0,0,0,-0.84,1.0061390399932861,0
10890,10,train,890,69,1449.5,3,11.5,0,0,0,-0.84,0.7675191760063171,0
10891,10,train,891,69,1484.0,4,14.5,0,0,0,-0.8899999999999999,0.9292336702346802,0
10892,10,train,892,69,1518.5,4,13.5,0,0,0,-0.8899999999999999,1.1846256256103516,0
10893,10,train,893,69,1553.0,5,17.0,1,0,0,-0.94,1.3376573324203491,0
10894,10,train,894,69,1587.5,5,19.5,0,0,0,-0.94,0.7460198402404785,0
10895,10,train,895,70,1623.5,5,22.0,0,0,0,-0.95,1.2494893074035645,0
10896,10,train,896,70,1658.5,5,24.5,0,0,0,-0.95,0.9305697679519653,0
10897,10,train,897,70,1693.5,5,27.0,0,1,0,-0.95,1.1198654174804688,0
10898,10,train,898,70,1728.5,5,29.5,0,1,0,-0.95,1.3303991556167603,0
10899,10,train,899,70,1763.5,3,21.5,0,0,0,-0.85,1.283698320388794,0
10900,10,train,900,70,1798.5,3,23.0,0,0,0,-0.85,1.0588476657867432,0
10901,10,train,901,72,1836.5,3,24.5,0,0,0,-0.87,1.181274175643921,0
10902,10,train,902,74,1875.5,3,26.0,0,0,0,-0.89,1.0432311296463013,0
10903,10,train,903,75,1914.0,2,21.0,0,0,0,-0.85,1.0264350175857544,0
10904,10,train,904,75,1951.5,2,22.0,0,0,0,-0.85,0.849810004234314,0
10905,10,train,905,74,1904.0,2,23.0,0,0,1,-0.84,0.9560200572013855,0
10906,10,train,906,75,1942.5,2,24.0,0,0,1,-0.85,0.6613293886184692,0
10907,10,train,907,75,1980.0,2,25.0,0,0,1,-0.85,1.368218183517456,0
10908,10,train,908,75,2017.5,2,26.0,0,0,1,-0.85,0.4876305162906647,0
10909,10,train,909,75,2055.0,2,27.0,0,0,1,-0.85,0.9560741186141968,0
10910,10,train,910,75,2092.5,2,28.0,0,0,1,-0.85,0.9314172267913818,0
10911,10,train,911,78,2134.5,2,29.0,0,0,1,-0.88,0.8562770485877991,0
10912,10,train,912,79,2175.0,2,30.0,0,0,1,-0.89,1.150190830230713,0
10913,10,train,913,80,2216.0,2,31.0,0,0,1,-0.9,1.3714044094085693,0
10914,10,train,914,82,2259.0,2,32.0,0,0,1,-0.9199999999999999,0.9299331307411194,0
10915,10,train,915,82,2300.0,2,33.0,0,0,1,-0.9199999999999999,0.9910606145858765,0
10916,10,train,916,82,2341.0,2,34.0,0,0,2,-0.9199999999999999,1.3941552639007568,1
10917,10,train,917,82,2382.0,2,35.0,0,0,2,-0.9199999999999999,1.0814485549926758,0
10918,10,train,918,83,2424.5,2,36.0,0,1,2,-0.9299999999999999,0.8403741121292114,0
10919,10,train,919,83,2466.0,2,37.0,0,0,2,-0.9299999999999999,1.0594494342803955,0
10920,10,train,920,84,2509.0,2,38.0,0,0,2,-0.94,1.2988059520721436,0
10921,10,train,921,84,2551.0,2,39.0,0,1,2,-0.94,0.7542054057121277,0
10922,10,train,922,86,2596.0,2,40.0,0,0,2,-0.96,0.9013548493385315,0
10923,10,train,923,87,2640.5,2,41.0,0,0,2,-0.97,0.9971573948860168,0
10924,10,train,924,87,2684.0,2,42.0,0,0,2,-0.97,0.8321714401245117,0
10925,10,train,925,87,2727.5,2,43.0,0,0,2,-0.97,1.1020400524139404,0
10926,10,train,926,87,2771.0,2,44.0,0,0,2,-0.97,1.2557597160339355,0
10927,10,train,927,87,2814.5,2,45.0,0,0,2,-0.97,0.6647554636001587,0
10928,10,train,928,85,2648.0,2,46.0,0,0,3,-0.95,1.2607386112213135,0
10929,10,train,929,83,2485.0,2,47.0,0,0,3,-0.9299999999999999,0.6665879487991333,0
10930,10,train,930,81,2350.0,2,48.0,0,0,3,-0.91,0.9439377784729004,0
10931,10,train,931,81,2247.5,2,49.0,0,0,3,-0.91,0.9819546341896057,0
10932,10,train,932,82,2289.5,2,50.0,0,0,3,-0.9199999999999999,1.2882870435714722,0
10933,10,train,933,81,2237.5,2,51.0,1,0,3,-0.91,0.7780295014381409,0
10934,10,train,934,81,2232.0,2,52.0,0,0,3,-0.91,1.2181634902954102,0
10935,10,train,935,80,2262.5,2,53.0,0,0,3,-0.9,1.2651937007904053,0
10936,10,train,936,81,2304.0,3,55.5,0,0,3,-0.9600000000000001,0.8491228818893433,0
10937,10,train,937,81,2344.5,3,57.0,0,0,3,-0.9600000000000001,0.5234963893890381,0
10938,10,train,938,81,2385.0,3,58.5,0,1,3,-0.9600000000000001,1.4070017337799072,0
10939,10,train,939,81,2425.5,3,60.0,0,0,4,-0.9600000000000001,0.8074535727500916,1
10940,10,train,940,81,2466.0,3,61.5,0,0,4,-0.9600000000000001,1.2974443435668945,0
10941,10,train,941,82,2508.0,3,63.0,0,0,4,-0.97,1.2173364162445068,0
10942,10,train,942,83,2550.5,3,64.5,0,0,4,-0.98,1.0944936275482178,0
10943,10,train,943,84,2593.5,3,66.0,0,0,4,-0.99,1.2522422075271606,0
10944,10,train,944,84,2635.5,3,67.5,0,0,4,-0.99,1.1182687282562256,0
10945,10,train,945,85,2679.0,4,70.5,0,0,4,-1.05,1.3811767101287842,0
10946,10,train,946,86,2723.0,4,72.5,0,0,4,-1.06,1.1431570053100586,0
10947,10,train,947,86,2766.0,4,74.5,0,0,4,-1.06,1.097440242767334,0
10948,10,train,948,86,2809.0,4,76.5,1,0,4,-1.06,1.1166064739227295,0
10949,10,train,949,90,2858.0,4,78.5,0,0,4,-1.1,0.9111197590827942,0
10950,10,train,950,91,2904.5,4,80.5,0,0,4,-1.11,1.2979590892791748,0
10951,10,train,951,88,2733.0,2,69.0,1,0,5,-0.98,1.4637317657470703,0
10952,10,train,952,85,2613.5,2,70.0,0,0,5,-0.95,0.9565140008926392,0
10953,10,train,953,81,2538.0,2,71.0,0,0,5,-0.91,1.149122714996338,0
10954,10,train,954,79,2489.0,2,72.0,0,0,5,-0.89,0.809108316898346,0
10955,10,train,955,78,2511.0,2,73.0,0,0,5,-0.88,0.8117632269859314,0
10956,10,train,956,76,2511.5,2,74.0,0,0,5,-0.86,1.1619553565979004,0
10957,10,train,957,75,2533.0,2,75.0,0,0,5,-0.85,1.2997180223464966,0
10958,10,train,958,74,2566.0,2,76.0,0,0,5,-0.84,1.5009880065917969,0
10959,10,train,959,74,2603.0,2,77.0,0,0,5,-0.84,1.2207705974578857,0
10960,10,train,960,74,2640.0,2,78.0,1,0,5,-0.84,0.8128316402435303,0
10961,10,train,961,74,2677.0,0,0.0,0,0,5,-0.74,1.1286242008209229,0
10962,10,train,962,74,2714.0,0,0.0,0,0,5,-0.74,1.169037938117981,0
10963,10,train,963,75,2752.5,0,0.0,0,0,5,-0.75,1.0695174932479858,0
10964,10,train,964,75,2790.0,0,0.0,0,0,5,-0.75,1.6077871322631836,0
10965,10,train,965,76,2829.0,0,0.0,0,0,5,-0.76,1.1885343790054321,0
10966,10,train,966,76,2867.0,0,0.0,0,0,5,-0.76,1.172014832496643,0
10967,10,train,967,76,2905.0,0,0.0,0,0,5,-0.76,1.2451292276382446,0
10968,10,train,968,76,2943.0,0,0.0,0,0,5,-0.76,1.4553472995758057,0
10969,10,train,969,76,2981.0,0,0.0,0,0,5,-0.76,1.2176730632781982,0
10970,10,train,970,76,3019.0,0,0.0,0,0,5,-0.76,0.856590211391449,0
10971,10,train,971,76,3057.0,0,0.0,0,0,5,-0.76,0.49444758892059326,0
10972,10,train,972,76,3095.0,0,0.0,0,0,5,-0.76,1.0893172025680542,0
10973,10,train,973,76,3133.0,0,0.0,0,0,5,-0.76,1.1707699298858643,0
10974,10,train,974,76,3171.0,0,0.0,0,0,5,-0.76,1.3941497802734375,0
10975,10,train,975,77,3210.5,0,0.0,0,0,5,-0.77,1.1632657051086426,0
10976,10,train,976,77,3249.0,0,0.0,0,0,5,-0.77,0.9596209526062012,0
10977,10,train,977,77,3287.5,0,0.0,0,0,5,-0.77,1.0006918907165527,0
10978,10,train,978,77,3326.0,0,0.0,0,0,5,-0.77,0.7662285566329956,0
10979,10,train,979,77,3364.5,0,0.0,0,0,5,-0.77,1.2404532432556152,0
10980,10,train,980,79,3406.0,0,0.0,0,0,5,-0.79,0.9942348003387451,0
10981,10,train,981,80,3447.0,0,0.0,0,0,5,-0.8,1.3067219257354736,0
10982,10,train,982,80,3487.0,0,0.0,0,0,5,-0.8,1.229975700378418,0
10983,10,train,983,80,3527.0,0,0.0,1,0,5,-0.8,0.7026239633560181,0
10984,10,train,984,81,3568.5,0,0.0,0,0,5,-0.81,1.3162848949432373,0
10985,10,train,985,81,3609.0,0,0.0,0,0,5,-0.81,0.962592601776123,0
10986,10,train,986,81,3649.5,0,0.0,0,0,5,-0.81,1.4614394903182983,0
10987,10,train,987,81,3690.0,0,0.0,0,0,5,-0.81,0.629169225692749,0
10988,10,train,988,81,3730.5,0,0.0,0,0,5,-0.81,1.045714259147644,0
10989,10,train,989,83,3774.0,0,0.0,0,0,5,-0.83,1.013055443763733,0
10990,10,train,990,83,3815.5,0,0.0,0,1,5,-0.83,1.0324089527130127,0
10991,10,train,991,84,3858.5,0,0.0,1,0,5,-0.84,0.911034345626831,0
10992,10,train,992,84,3900.5,0,0.0,0,0,5,-0.84,1.203942060470581,0
10993,10,train,993,84,3942.5,0,0.0,0,0,5,-0.84,0.8587607145309448,0
10994,10,train,994,85,3986.0,0,0.0,0,1,5,-0.85,0.7083538174629211,0
10995,10,train,995,85,4028.5,0,0.0,0,0,5,-0.85,1.1753095388412476,0
10996,10,train,996,86,4072.5,0,0.0,0,0,5,-0.86,0.8683556914329529,0
10997,10,train,997,86,4115.5,0,0.0,0,0,5,-0.86,0.8310062885284424,0
10998,10,train,998,86,4158.5,0,0.0,0,0,5,-0.86,1.3052561283111572,0
10999,10,train,999,86,4201.5,0,0.0,0,0,5,-0.86,1.2894662618637085,0
11000,11,train,0,0,0.0,0,0.0,0,0,0,-0.0,1.0350522994995117,0
11001,11,train,1,0,0.0,0,0.0,0,0,0,-0.0,1.2906980514526367,0
11002,11,train,2,0,0.0,0,0.0,0,0,0,-0.0,1.5557502508163452,0
11003,11,train,3,0,0.0,0,0.0,0,0,0,-0.0,1.5006542205810547,0
11004,11,train,4,0,0.0,0,0.0,0,0,0,-0.0,0.9853073358535767,0
11005,11,train,5,0,0.0,0,0.0,0,0,0,-0.0,1.2737021446228027,0
11006,11,train,6,0,0.0,0,0.0,0,0,0,-0.0,0.8932062387466431,0
11007,11,train,7,0,0.0,0,0.0,0,0,0,-0.0,1.300980806350708,0
11008,11,train,8,0,0.0,0,0.0,0,0,0,-0.0,0.5636110305786133,0
11009,11,train,9,0,0.0,0,0.0,0,0,0,-0.0,1.1806435585021973,0
11010,11,train,10,0,0.0,0,0.0,0,0,0,-0.0,0.9950300455093384,0
11011,11,train,11,0,0.0,0,0.0,0,0,0,-0.0,0.6075546741485596,0
11012,11,train,12,0,0.0,0,0.0,0,0,0,-0.0,0.8301993608474731,0
11013,11,train,13,0,0.0,0,0.0,0,0,0,-0.0,1.4052594900131226,0
11014,11,train,14,0,0.0,0,0.0,0,0,0,-0.0,1.5673089027404785,0
11015,11,train,15,0,0.0,0,0.0,0,0,0,-0.0,0.9740973711013794,0
11016,11,train,16,0,0.0,0,0.0,0,0,0,-0.0,1.2116115093231201,0
11017,11,train,17,0,0.0,0,0.0,0,0,0,-0.0,0.44272711873054504,0
11018,11,train,18,0,0.0,0,0.0,0,0,0,-0.0,1.3693146705627441,0
11019,11,train,19,0,0.0,0,0.0,0,0,0,-0.0,1.2019128799438477,0
11020,11,train,20,0,0.0,0,0.0,0,0,0,-0.0,1.4296422004699707,0
11021,11,train,21,0,0.0,0,0.0,0,0,0,-0.0,1.1959495544433594,0
11022,11,train,22,0,0.0,0,0.0,0,0,0,-0.0,1.4059162139892578,0
11023,11,train,23,0,0.0,0,0.0,0,0,0,-0.0,1.088334321975708,0
11024,11,train,24,0,0.0,0,0.0,0,0,0,-0.0,1.357250452041626,0
11025,11,train,25,0,0.0,0,0.0,0,0,0,-0.0,1.0844184160232544,0
11026,11,train,26,0,0.0,0,0.0,0,0,0,-0.0,1.2498117685317993,0
11027,11,train,27,0,0.0,0,0.0,0,0,0,-0.0,1.2673218250274658,0
11028,11,train,28,0,0.0,0,0.0,0,0,0,-0.0,1.0710911750793457,0
11029,11,train,29,0,0.0,0,0.0,0,0,0,-0.0,0.8285573124885559,0
11030,11,train,30,0,0.0,0,0.0,0,0,0,-0.0,1.4404016733169556,0
11031,11,train,31,0,0.0,0,0.0,0,0,0,-0.0,0.6973947286605835,0
11032,11,train,32,0,0.0,0,0.0,0,0,0,-0.0,1.1654913425445557,0
11033,11,train,33,0,0.0,0,0.0,0,0,0,-0.0,1.3209736347198486,0
11034,11,train,34,0,0.0,0,0.0,0,0,0,-0.0,1.0231337547302246,0
11035,11,train,35,0,0.0,0,0.0,0,0,0,-0.0,1.0389821529388428,0
11036,11,train,36,0,0.0,0,0.0,0,0,0,-0.0,1.079391598701477,0
11037,11,train,37,0,0.0,0,0.0,0,0,0,-0.0,1.1739356517791748,0
11038,11,train,38,0,0.0,0,0.0,0,0,0,-0.0,1.0736801624298096,0
11039,11,train,39,0,0.0,0,0.0,0,0,0,-0.0,1.2356635332107544,0
11040,11,train,40,0,0.0,0,0.0,0,0,0,-0.0,1.0350251197814941,0
11041,11,train,41,0,0.0,0,0.0,0,0,0,-0.0,1.5516059398651123,0
11042,11,train,42,0,0.0,0,0.0,0,0,0,-0.0,1.3566060066223145,0
11043,11,train,43,0,0.0,0,0.0,0,0,0,-0.0,1.1549382209777832,0
11044,11,train,44,0,0.0,0,0.0,0,0,0,-0.0,0.8488316535949707,0
11045,11,train,45,0,0.0,0,0.0,0,0,0,-0.0,1.0157667398452759,0
11046,11,train,46,0,0.0,0,0.0,0,0,0,-0.0,1.3028998374938965,0
11047,11,train,47,0,0.0,0,0.0,0,0,0,-0.0,1.1298794746398926,0
11048,11,train,48,0,0.0,0,0.0,0,0,0,-0.0,0.9910129308700562,0
11049,11,train,49,0,0.0,0,0.0,0,0,1,-0.0,1.2327532768249512,0
11050,11,train,50,0,0.0,0,0.0,0,0,1,-0.0,0.8332924842834473,0
11051,11,train,51,0,0.0,0,0.0,0,0,1,-0.0,1.2040135860443115,0
11052,11,train,52,0,0.0,0,0.0,0,0,1,-0.0,0.9392369985580444,0
11053,11,train,53,0,0.0,0,0.0,0,0,1,-0.0,1.0834112167358398,0
11054,11,train,54,0,0.0,0,0.0,0,0,1,-0.0,1.2540287971496582,0
11055,11,train,55,0,0.0,0,0.0,0,0,1,-0.0,0.9912558794021606,0
11056,11,train,56,0,0.0,0,0.0,0,0,1,-0.0,1.076218605041504,0
11057,11,train,57,0,0.0,0,0.0,0,0,1,-0.0,0.7840009927749634,0
11058,11,train,58,0,0.0,0,0.0,0,0,1,-0.0,1.3083946704864502,0
11059,11,train,59,0,0.0,0,0.0,0,0,1,-0.0,0.8204552531242371,0
11060,11,train,60,0,0.0,0,0.0,0,0,1,-0.0,1.3057211637496948,0
11061,11,train,61,0,0.0,0,0.0,0,0,1,-0.0,1.1412335634231567,0
11062,11,train,62,0,0.0,0,0.0,0,0,1,-0.0,1.0133395195007324,0
11063,11,train,63,0,0.0,0,0.0,0,0,1,-0.0,0.41535499691963196,0
11064,11,train,64,0,0.0,0,0.0,0,0,1,-0.0,0.8526753187179565,0
11065,11,train,65,0,0.0,0,0.0,0,0,1,-0.0,1.290171504020691,0
11066,11,train,66,0,0.0,0,0.0,0,0,1,-0.0,1.0023142099380493,0
11067,11,train,67,0,0.0,0,0.0,0,0,1,-0.0,1.2581151723861694,0
11068,11,train,68,0,0.0,0,0.0,0,0,1,-0.0,0.7978681325912476,0
11069,11,train,69,0,0.0,1,1.5,0,0,1,-0.05,1.436194658279419,0
11070,11,train,70,0,0.0,1,2.0,0,0,1,-0.05,1.3380930423736572,0
11071,11,train,71,0,0.0,1,2.5,0,0,1,-0.05,1.0371978282928467,0
11072,11,train,72,0,0.0,1,3.0,0,0,1,-0.05,1.4919428825378418,0
11073,11,train,73,0,0.0,1,3.5,0,0,1,-0.05,0.9990653991699219,0
11074,11,train,74,0,0.0,1,4.0,0,0,1,-0.05,0.9911693334579468,0
11075,11,train,75,0,0.0,1,4.5,0,0,1,-0.05,0.875280499458313,0
11076,11,train,76,0,0.0,1,5.0,0,0,1,-0.05,1.2980334758758545,0
11077,11,train,77,0,0.0,1,5.5,0,0,1,-0.05,0.990485429763794,0
11078,11,train,78,7,10.5,3,9.0,0,0,1,-0.22,1.2169883251190186,0
11079,11,train,79,7,14.0,3,10.5,0,0,1,-0.22,0.8607197999954224,0
11080,11,train,80,7,17.5,3,12.0,0,0,1,-0.22,1.2719297409057617,0
11081,11,train,81,7,21.0,3,13.5,0,0,1,-0.22,0.9428102374076843,0
11082,11,train,82,7,24.5,2,11.5,0,0,1,-0.17,1.2850466966629028,0
11083,11,train,83,7,28.0,2,12.5,0,0,1,-0.17,1.2442758083343506,0
11084,11,train,84,7,31.5,2,13.5,0,0,1,-0.17,0.887837290763855,0
11085,11,train,85,7,35.0,3,16.0,0,0,1,-0.22,1.0535109043121338,0
11086,11,train,86,7,38.5,3,17.5,0,0,1,-0.22,0.8805141448974609,0
11087,11,train,87,7,42.0,3,19.0,0,0,1,-0.22,1.1865712404251099,0
11088,11,train,88,7,45.5,3,20.5,0,0,1,-0.22,1.1487690210342407,0
11089,11,train,89,8,50.5,4,23.5,0,0,1,-0.28,1.1158312559127808,0
11090,11,train,90,8,54.5,4,25.5,0,0,1,-0.28,1.1526563167572021,0
11091,11,train,91,8,58.5,5,29.0,0,0,1,-0.33,1.0164579153060913,0
11092,11,train,92,8,62.5,6,33.0,0,0,1,-0.38,1.2428185939788818,0
11093,11,train,93,8,66.5,5,34.0,0,0,1,-0.33,1.1583030223846436,0
11094,11,train,94,8,70.5,5,36.5,0,0,1,-0.33,1.0125572681427002,0
11095,11,train,95,8,74.5,5,39.0,0,0,1,-0.33,1.0692723989486694,0
11096,11,train,96,8,78.5,6,43.0,0,0,1,-0.38,0.9257102012634277,0
11097,11,train,97,9,84.0,6,46.0,0,0,1,-0.39,1.202446460723877,0
11098,11,train,98,9,88.5,7,50.5,0,0,1,-0.43999999999999995,0.9161763191223145,0
11099,11,train,99,10,94.5,7,54.0,0,0,1,-0.44999999999999996,1.1365585327148438,0
11100,11,train,100,10,99.5,8,59.0,0,0,1,-0.5,0.9231628179550171,0
11101,11,train,101,11,106.0,8,63.0,0,0,1,-0.51,0.8400865793228149,0
11102,11,train,102,11,111.5,8,67.0,0,0,1,-0.51,0.6192502379417419,0
11103,11,train,103,11,117.0,8,71.0,0,0,1,-0.51,1.3128271102905273,0
11104,11,train,104,11,122.5,8,75.0,0,0,1,-0.51,0.9051224589347839,0
11105,11,train,105,11,128.0,8,79.0,0,0,1,-0.51,1.3733832836151123,0
11106,11,train,106,11,133.5,8,83.0,0,0,1,-0.51,1.0823657512664795,0
11107,11,train,107,11,139.0,8,87.0,0,0,1,-0.51,1.3623971939086914,0
11108,11,train,108,11,144.5,8,91.0,0,0,1,-0.51,1.478398084640503,0
11109,11,train,109,11,150.0,8,95.0,0,0,1,-0.51,0.9495968818664551,0
11110,11,train,110,11,155.5,8,99.0,0,0,1,-0.51,1.0551800727844238,0
11111,11,train,111,11,161.0,8,103.0,0,0,1,-0.51,1.1600035429000854,0
11112,11,train,112,11,166.5,8,107.0,0,0,1,-0.51,1.1069921255111694,0
11113,11,train,113,12,173.5,8,111.0,0,0,1,-0.52,1.0762479305267334,0
11114,11,train,114,12,179.5,8,115.0,0,0,1,-0.52,1.1406971216201782,0
11115,11,train,115,12,185.5,8,119.0,0,0,1,-0.52,1.097248911857605,0
11116,11,train,116,12,191.5,8,123.0,0,0,1,-0.52,1.0710270404815674,0
11117,11,train,117,12,197.5,8,127.0,0,0,1,-0.52,0.8404417634010315,0
11118,11,train,118,12,203.5,8,131.0,0,0,1,-0.52,1.3759973049163818,0
11119,11,train,119,12,209.5,8,135.0,0,0,1,-0.52,0.8914122581481934,0
11120,11,train,120,13,217.0,8,139.0,0,0,1,-0.53,1.3932456970214844,0
11121,11,train,121,13,223.5,8,143.0,0,0,1,-0.53,0.8387506008148193,0
11122,11,train,122,13,229.0,8,147.0,0,0,1,-0.53,1.2026443481445312,0
11123,11,train,123,13,235.5,8,151.0,0,0,1,-0.53,0.8213725090026855,0
11124,11,train,124,14,243.5,8,155.0,0,0,1,-0.54,0.8678946495056152,0
11125,11,train,125,14,250.5,8,159.0,0,0,1,-0.54,0.9853707551956177,0
11126,11,train,126,14,257.5,8,163.0,0,0,1,-0.54,0.8244867324829102,0
11127,11,train,127,15,266.0,8,167.0,0,0,1,-0.55,1.2020623683929443,0
11128,11,train,128,15,273.5,8,171.0,0,0,1,-0.55,1.2116889953613281,0
11129,11,train,129,15,281.0,8,175.0,0,0,1,-0.55,1.1459964513778687,0
11130,11,train,130,16,290.0,8,179.0,0,0,1,-0.56,1.1851725578308105,0
11131,11,train,131,16,298.0,8,183.0,0,0,1,-0.56,1.0369846820831299,0
11132,11,train,132,16,306.0,8,187.0,0,0,1,-0.56,1.3470547199249268,0
11133,11,train,133,16,314.0,8,191.0,0,0,1,-0.56,0.7945980429649353,0
11134,11,train,134,16,322.0,8,195.0,0,0,1,-0.56,1.3185887336730957,0
11135,11,train,135,16,330.0,8,199.0,0,0,1,-0.56,0.8566881418228149,0
11136,11,train,136,16,338.0,8,203.0,0,0,1,-0.56,1.3285925388336182,0
11137,11,train,137,16,346.0,8,207.0,0,0,1,-0.56,1.1704580783843994,0
11138,11,train,138,16,354.0,8,211.0,0,0,1,-0.56,1.520326852798462,0
11139,11,train,139,16,362.0,8,215.0,0,0,2,-0.56,1.1905014514923096,0
11140,11,train,140,16,370.0,8,219.0,0,0,2,-0.56,1.1561853885650635,0
11141,11,train,141,17,379.5,8,223.0,0,0,2,-0.5700000000000001,1.3389511108398438,0
11142,11,train,142,17,388.0,8,227.0,0,0,2,-0.5700000000000001,1.3669365644454956,0
11143,11,train,143,18,398.0,8,231.0,0,0,2,-0.5800000000000001,0.9495837688446045,0
11144,11,train,144,18,407.0,8,235.0,0,0,2,-0.5800000000000001,0.9968282580375671,0
11145,11,train,145,18,416.0,8,239.0,0,0,2,-0.5800000000000001,1.0370641946792603,0
11146,11,train,146,18,425.0,8,243.0,0,0,2,-0.5800000000000001,1.212829351425171,0
11147,11,train,147,18,434.0,8,247.0,0,0,2,-0.5800000000000001,0.9889919757843018,0
11148,11,train,148,19,444.5,8,251.0,0,1,2,-0.5900000000000001,0.9649291038513184,0
11149,11,train,149,21,457.0,8,255.0,0,0,2,-0.61,0.7112751007080078,0
11150,11,train,150,21,467.5,8,259.0,0,0,2,-0.61,1.139926552772522,0
11151,11,train,151,21,414.5,8,263.0,0,0,3,-0.61,1.0828794240951538,0
11152,11,train,152,22,426.5,8,267.0,0,0,3,-0.62,0.8735044002532959,0
11153,11,train,153,22,437.5,8,271.0,0,0,3,-0.62,1.31984543800354,0
11154,11,train,154,22,448.5,8,275.0,0,0,3,-0.62,1.131944179534912,0
11155,11,train,155,22,459.5,8,279.0,0,0,3,-0.62,1.1724441051483154,0
11156,11,train,156,22,470.5,8,283.0,0,0,3,-0.62,1.4729971885681152,0
11157,11,train,157,22,481.5,8,287.0,0,0,3,-0.62,1.0756986141204834,0
11158,11,train,158,22,492.5,8,291.0,0,0,3,-0.62,1.1717857122421265,0
11159,11,train,159,22,503.5,8,295.0,0,1,3,-0.62,0.8965858817100525,0
11160,11,train,160,24,517.5,8,299.0,0,0,3,-0.64,1.2272282838821411,0
11161,11,train,161,24,529.5,8,303.0,0,0,3,-0.64,1.4948533773422241,0
11162,11,train,162,24,541.5,8,307.0,0,0,3,-0.64,0.9995384812355042,0
11163,11,train,163,25,555.0,8,311.0,0,0,3,-0.65,1.1084917783737183,0
11164,11,train,164,29,573.5,8,315.0,0,0,3,-0.69,0.9120287895202637,0
11165,11,train,165,30,589.5,8,319.0,0,1,3,-0.7,0.681333601474762,0
11166,11,train,166,30,604.5,8,323.0,0,2,3,-0.7,0.9046801328659058,0
11167,11,train,167,30,619.5,8,327.0,0,0,3,-0.7,1.1185200214385986,0
11168,11,train,168,30,634.5,8,331.0,0,0,3,-0.7,1.0038065910339355,0
11169,11,train,169,32,652.5,8,335.0,0,0,3,-0.72,1.285667896270752,0
11170,11,train,170,32,668.5,8,339.0,0,2,4,-0.72,1.4295796155929565,1
11171,11,train,171,33,686.0,8,343.0,0,0,4,-0.73,1.1688077449798584,0
11172,11,train,172,35,705.5,8,347.0,0,0,4,-0.75,0.7265153527259827,0
11173,11,train,173,37,726.0,8,351.0,0,0,4,-0.77,1.3059234619140625,0
11174,11,train,174,39,747.5,8,355.0,0,0,4,-0.79,1.2980191707611084,0
11175,11,train,175,39,767.0,8,359.0,0,0,4,-0.79,1.1506011486053467,0
11176,11,train,176,40,788.0,8,363.0,0,0,4,-0.8,1.0215325355529785,0
11177,11,train,177,40,808.0,8,367.0,0,0,4,-0.8,1.1311935186386108,0
11178,11,train,178,40,828.0,8,371.0,0,0,4,-0.8,1.4514678716659546,0
11179,11,train,179,40,848.0,8,375.0,0,0,4,-0.8,1.027944803237915,0
11180,11,train,180,40,868.0,8,379.0,0,0,4,-0.8,1.5472053289413452,0
11181,11,train,181,40,888.0,8,383.0,0,1,4,-0.8,1.0752980709075928,0
11182,11,train,182,36,692.0,8,387.0,0,0,5,-0.76,0.9879286885261536,0
11183,11,train,183,33,569.5,8,391.0,0,0,5,-0.73,1.2956111431121826,0
11184,11,train,184,29,485.0,8,395.0,0,0,5,-0.69,1.2302501201629639,0
11185,11,train,185,26,427.0,8,399.0,0,0,5,-0.66,0.9772384166717529,0
11186,11,train,186,28,443.0,8,403.0,0,0,5,-0.68,0.8174461722373962,0
11187,11,train,187,24,410.0,8,407.0,0,0,5,-0.64,0.8456065654754639,0
11188,11,train,188,22,413.0,8,411.0,0,0,5,-0.62,0.9899959564208984,0
11189,11,train,189,22,424.0,8,415.0,0,0,5,-0.62,1.2360140085220337,0
11190,11,train,190,22,435.0,7,370.5,0,0,5,-0.57,0.8366190195083618,0
11191,11,train,191,23,447.5,6,316.0,0,1,5,-0.53,1.1154698133468628,0
11192,11,train,192,23,459.0,3,153.5,0,0,5,-0.38,0.9268436431884766,0
11193,11,train,193,23,470.5,3,155.0,0,0,5,-0.38,1.0657776594161987,0
11194,11,train,194,23,482.0,3,156.5,0,0,5,-0.38,1.169581413269043,0
11195,11,train,195,23,493.5,3,158.0,0,0,5,-0.38,1.0317647457122803,0
11196,11,train,196,24,506.5,3,159.5,0,0,5,-0.39,1.050840973854065,0
11197,11,train,197,24,518.5,3,161.0,0,2,5,-0.39,1.1367982625961304,0
11198,11,train,198,24,530.5,3,162.5,0,0,5,-0.39,1.2341413497924805,0
11199,11,train,199,24,542.5,3,164.0,0,0,5,-0.39,1.240004062652588,0
11200,11,train,200,24,554.5,2,108.5,0,0,5,-0.33999999999999997,0.9739984273910522,0
11201,11,train,201,24,566.5,2,109.5,0,0,5,-0.33999999999999997,0.8894227743148804,0
11202,11,train,202,24,578.5,2,110.5,0,1,5,-0.33999999999999997,1.0919928550720215,0
11203,11,train,203,24,590.5,2,111.5,0,0,5,-0.33999999999999997,0.9464284181594849,0
11204,11,train,204,25,604.0,2,112.5,0,0,5,-0.35,1.1804330348968506,0
11205,11,train,205,25,616.5,2,113.5,0,0,5,-0.35,1.1011881828308105,0
11206,11,train,206,25,629.0,2,114.5,0,0,5,-0.35,0.8586146831512451,0
11207,11,train,207,26,643.0,2,115.5,0,1,5,-0.36,0.9937162399291992,0
11208,11,train,208,26,656.0,2,116.5,0,0,5,-0.36,0.8609169721603394,0
11209,11,train,209,26,669.0,2,117.5,0,0,5,-0.36,0.8852621912956238,0
11210,11,train,210,26,682.0,2,118.5,0,0,5,-0.36,1.2711718082427979,0
11211,11,train,211,26,695.0,2,119.5,0,1,5,-0.36,0.9319846630096436,0
11212,11,train,212,26,708.0,2,120.5,0,0,5,-0.36,0.8781758546829224,0
11213,11,train,213,27,722.5,2,121.5,0,0,5,-0.37,1.3412572145462036,0
11214,11,train,214,28,737.5,2,122.5,0,0,5,-0.38,0.9181753396987915,0
11215,11,train,215,28,751.5,2,123.5,0,0,5,-0.38,1.4437079429626465,0
11216,11,train,216,30,768.5,2,124.5,0,0,5,-0.4,1.572436809539795,0
11217,11,train,217,30,783.5,2,125.5,0,0,5,-0.4,1.4958786964416504,0
11218,11,train,218,30,798.5,2,126.5,0,1,5,-0.4,1.2898526191711426,0
11219,11,train,219,32,816.5,2,127.5,0,0,5,-0.42000000000000004,0.6143538951873779,0
11220,11,train,220,32,832.5,2,128.5,0,0,5,-0.42000000000000004,0.5241806507110596,0
11221,11,train,221,32,848.5,2,129.5,0,0,5,-0.42000000000000004,1.2451350688934326,0
11222,11,train,222,32,864.5,2,130.5,0,0,5,-0.42000000000000004,0.8687056303024292,0
11223,11,train,223,32,880.5,2,131.5,0,0,5,-0.42000000000000004,0.8274142742156982,0
11224,11,train,224,33,898.0,2,132.5,0,0,5,-0.43000000000000005,1.2900103330612183,0
11225,11,train,225,33,914.5,2,133.5,0,0,5,-0.43000000000000005,0.840588390827179,0
11226,11,train,226,33,931.0,2,134.5,0,0,5,-0.43000000000000005,1.1256017684936523,0
11227,11,train,227,34,949.0,2,135.5,0,0,5,-0.44000000000000006,0.7144747972488403,0
11228,11,train,228,34,966.0,2,136.5,0,0,5,-0.44000000000000006,1.3624650239944458,0
11229,11,train,229,34,983.0,2,137.5,0,0,5,-0.44000000000000006,1.0818099975585938,0
11230,11,train,230,34,1000.0,2,138.5,0,0,5,-0.44000000000000006,0.9292144775390625,0
11231,11,train,231,34,1017.0,2,139.5,0,1,5,-0.44000000000000006,1.2150359153747559,0
11232,11,train,232,32,877.0,2,140.5,0,0,6,-0.42000000000000004,0.5068521499633789,0
11233,11,train,233,30,843.0,2,141.5,0,0,6,-0.4,1.1399030685424805,0
11234,11,train,234,30,858.0,2,142.5,0,0,6,-0.4,1.0596901178359985,0
11235,11,train,235,30,873.0,2,143.5,0,0,6,-0.4,0.7288835048675537,0
11236,11,train,236,32,891.0,2,144.5,0,0,6,-0.42000000000000004,0.7626216411590576,0
11237,11,train,237,32,907.0,2,145.5,0,0,6,-0.42000000000000004,1.0187797546386719,0
11238,11,train,238,32,923.0,2,146.5,0,0,6,-0.42000000000000004,0.7462624311447144,0
11239,11,train,239,32,939.0,2,147.5,0,0,6,-0.42000000000000004,0.8443325161933899,0
11240,11,train,240,32,955.0,2,148.5,0,0,6,-0.42000000000000004,0.6841854453086853,0
11241,11,train,241,33,972.5,2,149.5,0,0,6,-0.43000000000000005,0.9967204332351685,0
11242,11,train,242,34,990.5,2,150.5,0,0,6,-0.44000000000000006,0.9158896207809448,0
11243,11,train,243,34,1007.5,2,151.5,0,0,6,-0.44000000000000006,1.143462061882019,0
11244,11,train,244,34,1024.5,2,152.5,0,0,6,-0.44000000000000006,0.9723387956619263,0
11245,11,train,245,35,1043.0,2,153.5,0,0,6,-0.44999999999999996,0.8088524341583252,0
11246,11,train,246,35,1060.5,2,154.5,0,0,6,-0.44999999999999996,1.1260219812393188,0
11247,11,train,247,35,1078.0,2,155.5,0,0,6,-0.44999999999999996,0.7134817242622375,0
11248,11,train,248,35,1095.5,2,156.5,0,0,6,-0.44999999999999996,0.8101956844329834,0
11249,11,train,249,35,1113.0,2,157.5,0,0,6,-0.44999999999999996,1.0300004482269287,0
11250,11,train,250,35,1130.5,2,158.5,0,0,6,-0.44999999999999996,1.1584291458129883,0
11251,11,train,251,35,1148.0,2,159.5,0,1,6,-0.44999999999999996,1.2943297624588013,0
11252,11,train,252,36,1167.0,2,160.5,0,0,6,-0.45999999999999996,0.9162338972091675,0
11253,11,train,253,36,1185.0,2,161.5,0,0,6,-0.45999999999999996,0.9667584896087646,0
11254,11,train,254,37,1204.5,2,162.5,0,0,6,-0.47,1.2606950998306274,0
11255,11,train,255,37,1223.0,2,163.5,0,0,6,-0.47,1.1941300630569458,0
11256,11,train,256,38,1243.0,2,164.5,0,0,6,-0.48,1.1153473854064941,0
11257,11,train,257,38,1262.0,2,165.5,0,0,6,-0.48,0.8697661757469177,0
11258,11,train,258,38,1281.0,2,166.5,0,0,6,-0.48,1.0891249179840088,0
11259,11,train,259,38,1300.0,2,167.5,0,0,6,-0.48,1.1263113021850586,0
11260,11,train,260,38,1319.0,2,168.5,0,1,6,-0.48,1.2055797576904297,0
11261,11,train,261,38,1338.0,2,169.5,0,0,6,-0.48,1.3308005332946777,0
11262,11,train,262,38,1357.0,3,172.0,0,4,6,-0.53,0.9882857799530029,0
11263,11,train,263,39,1377.5,2,171.5,0,0,6,-0.49,0.892516016960144,0
11264,11,train,264,40,1398.5,2,172.5,0,0,6,-0.5,1.2482516765594482,0
11265,11,train,265,40,1418.5,2,173.5,0,2,6,-0.5,0.9449031352996826,0
11266,11,train,266,40,1438.5,2,174.5,0,0,6,-0.5,1.354442834854126,0
11267,11,train,267,40,1458.5,2,175.5,0,0,6,-0.5,0.8401148915290833,0
11268,11,train,268,40,1478.5,3,178.0,0,0,6,-0.55,1.2682067155838013,0
11269,11,train,269,40,1498.5,3,179.5,0,0,6,-0.55,1.2401405572891235,0
11270,11,train,270,40,1518.5,3,181.0,0,0,6,-0.55,0.8789594173431396,0
11271,11,train,271,40,1538.5,3,182.5,0,0,6,-0.55,1.153565526008606,0
11272,11,train,272,42,1561.5,4,185.5,0,0,6,-0.62,1.0389083623886108,0
11273,11,train,273,42,1582.5,4,187.5,0,0,6,-0.62,1.1477959156036377,0
11274,11,train,274,42,1603.5,5,191.0,0,1,6,-0.6699999999999999,0.784697413444519,0
11275,11,train,275,43,1626.0,7,196.5,0,0,6,-0.78,1.0839968919754028,0
11276,11,train,276,43,1647.5,7,200.0,0,0,7,-0.78,1.3154292106628418,1
11277,11,train,277,43,1669.0,9,206.5,0,3,7,-0.88,1.251880407333374,0
11278,11,train,278,43,1690.5,10,212.5,0,0,7,-0.9299999999999999,1.3333628177642822,0
11279,11,train,279,43,1712.0,10,217.5,0,1,7,-0.9299999999999999,1.4047311544418335,0
11280,11,train,280,43,1733.5,10,222.5,0,2,7,-0.9299999999999999,1.313856601715088,0
11281,11,train,281,43,1755.0,10,227.5,0,0,7,-0.9299999999999999,1.0129592418670654,0
11282,11,train,282,43,1776.5,10,232.5,0,1,7,-0.9299999999999999,1.2432230710983276,0
11283,11,train,283,43,1798.0,10,237.5,0,2,7,-0.9299999999999999,1.0398188829421997,0
11284,11,train,284,44,1821.0,11,244.0,0,0,7,-0.99,1.1479501724243164,0
11285,11,train,285,44,1843.0,10,247.5,0,2,7,-0.94,0.7075728178024292,0
11286,11,train,286,45,1866.5,10,252.5,0,2,7,-0.95,1.0795552730560303,0
11287,11,train,287,46,1890.5,10,257.5,0,0,7,-0.96,1.1988935470581055,0
11288,11,train,288,45,1702.0,10,262.5,0,2,8,-0.95,1.2256591320037842,0
11289,11,train,289,44,1603.0,10,267.5,0,1,8,-0.94,1.038634181022644,0
11290,11,train,290,43,1506.5,11,274.0,0,0,8,-0.98,1.2666763067245483,0
11291,11,train,291,41,1457.0,12,281.0,0,2,8,-1.01,1.3614120483398438,0
11292,11,train,292,41,1477.5,12,287.0,0,0,8,-1.01,1.4503587484359741,0
11293,11,train,293,41,1495.5,12,293.0,0,0,8,-1.01,1.213029146194458,0
11294,11,train,294,41,1516.0,12,299.0,0,2,8,-1.01,1.4199886322021484,0
11295,11,train,295,43,1539.5,12,305.0,0,1,8,-1.03,1.2026792764663696,0
11296,11,train,296,43,1561.0,12,311.0,0,0,8,-1.03,1.08762788772583,0
11297,11,train,297,43,1582.5,12,317.0,0,0,8,-1.03,1.3276264667510986,0
11298,11,train,298,44,1605.5,12,323.0,0,0,8,-1.04,0.9780045747756958,0
11299,11,train,299,45,1629.0,12,329.0,0,0,9,-1.05,0.8357338309288025,1
11300,11,train,300,46,1653.0,13,336.5,0,0,9,-1.11,1.2805899381637573,0
11301,11,train,301,46,1676.0,13,343.0,0,0,9,-1.11,1.300034523010254,0
11302,11,train,302,47,1700.5,13,349.5,0,1,9,-1.12,1.0262773036956787,0
11303,11,train,303,48,1725.5,13,356.0,0,1,9,-1.13,1.2643897533416748,0
11304,11,train,304,48,1749.5,14,364.0,0,0,9,-1.18,1.0385923385620117,0
11305,11,train,305,43,1326.5,10,300.0,0,0,0,-0.9299999999999999,1.2773040533065796,0
11306,11,train,306,41,1094.0,10,305.0,0,1,0,-0.9099999999999999,1.1146962642669678,0
11307,11,train,307,37,898.5,10,310.0,0,0,0,-0.87,1.2473902702331543,0
11308,11,train,308,33,733.5,10,315.0,0,0,0,-0.8300000000000001,1.258034586906433,0
11309,11,train,309,39,759.0,10,320.0,0,0,0,-0.89,0.9304324388504028,0
11310,11,train,310,35,626.0,10,325.0,0,2,0,-0.85,1.1190077066421509,0
11311,11,train,311,33,531.0,10,330.0,0,0,0,-0.8300000000000001,1.2533822059631348,0
11312,11,train,312,37,553.5,9,314.5,0,0,0,-0.8200000000000001,1.1221836805343628,0
11313,11,train,313,34,483.0,7,300.0,0,0,0,-0.69,1.156761646270752,0
11314,11,train,314,34,500.0,5,270.5,0,2,0,-0.5900000000000001,1.3544725179672241,0
11315,11,train,315,34,479.0,5,273.0,0,1,0,-0.5900000000000001,1.2187414169311523,0
11316,11,train,316,34,496.0,4,254.5,0,1,0,-0.54,1.062882900238037,0
11317,11,train,317,36,508.0,4,256.5,0,0,0,-0.56,0.7174845337867737,0
11318,11,train,318,37,527.5,4,258.5,0,0,0,-0.5700000000000001,1.0012013912200928,0
11319,11,train,319,42,553.5,4,260.5,0,0,0,-0.62,1.1013422012329102,0
11320,11,train,320,42,574.5,4,262.5,0,0,0,-0.62,1.006455659866333,0
11321,11,train,321,48,604.5,4,264.5,0,0,0,-0.6799999999999999,1.1522150039672852,0
11322,11,train,322,48,628.5,4,266.5,0,1,0,-0.6799999999999999,1.0435988903045654,0
11323,11,train,323,52,658.5,4,268.5,0,0,0,-0.72,0.971966564655304,0
11324,11,train,324,52,684.5,2,38.0,0,4,0,-0.62,1.2412948608398438,0
11325,11,train,325,56,716.5,2,39.0,0,0,0,-0.66,1.2898344993591309,0
11326,11,train,326,56,744.5,2,40.0,0,2,0,-0.66,1.3824738264083862,0
11327,11,train,327,60,778.5,2,41.0,0,0,0,-0.7,1.2361831665039062,0
11328,11,train,328,60,808.5,2,42.0,0,0,0,-0.7,1.1048519611358643,0
11329,11,train,329,60,838.5,2,43.0,0,0,0,-0.7,0.8623542785644531,0
11330,11,train,330,60,868.5,2,44.0,0,0,0,-0.7,1.3265403509140015,0
11331,11,train,331,60,898.5,2,45.0,0,0,0,-0.7,1.346358060836792,0
11332,11,train,332,60,928.5,2,46.0,0,0,0,-0.7,1.2853232622146606,0
11333,11,train,333,60,958.5,2,47.0,0,0,0,-0.7,1.2410476207733154,0
11334,11,train,334,61,990.0,2,48.0,0,1,0,-0.71,0.846389889717102,0
11335,11,train,335,62,1022.0,2,49.0,0,1,0,-0.72,1.0885511636734009,0
11336,11,train,336,62,1053.0,2,50.0,0,1,0,-0.72,1.290144681930542,0
11337,11,train,337,63,1085.5,2,51.0,0,0,0,-0.73,1.0783733129501343,0
11338,11,train,338,62,1115.0,2,52.0,0,0,0,-0.72,0.9842765927314758,0
11339,11,train,339,62,1146.0,2,53.0,0,0,0,-0.72,0.8893954753875732,0
11340,11,train,340,63,1178.5,2,54.0,0,1,0,-0.73,0.7130999565124512,0
11341,11,train,341,64,1211.5,2,55.0,0,0,0,-0.74,1.3889955282211304,0
11342,11,train,342,65,1245.0,2,56.0,0,0,0,-0.75,1.1178616285324097,0
11343,11,train,343,65,1277.5,2,57.0,0,0,0,-0.75,1.428808331489563,0
11344,11,train,344,67,1313.0,2,58.0,0,0,0,-0.77,0.9653800129890442,0
11345,11,train,345,67,1346.5,2,59.0,0,0,0,-0.77,1.2138848304748535,0
11346,11,train,346,67,1380.0,2,60.0,0,1,0,-0.77,1.065624475479126,0
11347,11,train,347,67,1413.5,2,61.0,0,0,0,-0.77,0.7105995416641235,0
11348,11,train,348,68,1448.5,2,62.0,0,0,0,-0.78,1.3773541450500488,0
11349,11,train,349,68,1482.5,2,63.0,0,0,0,-0.78,0.9301110506057739,0
11350,11,train,350,68,1516.5,2,64.0,0,0,0,-0.78,0.8053033947944641,0
11351,11,train,351,68,1550.5,2,65.0,0,0,0,-0.78,1.2833222150802612,0
11352,11,train,352,65,1515.5,2,66.0,0,0,0,-0.75,1.0524752140045166,0
11353,11,train,353,64,1505.5,2,67.0,0,0,0,-0.74,1.2815905809402466,0
11354,11,train,354,59,1423.5,2,68.0,0,0,0,-0.69,1.365838646888733,0
11355,11,train,355,53,1195.0,2,69.0,0,0,1,-0.63,1.26761794090271,0
11356,11,train,356,49,1117.0,2,70.0,0,0,1,-0.59,0.4539108872413635,0
11357,11,train,357,46,1059.0,2,71.0,0,0,1,-0.56,1.1551963090896606,0
11358,11,train,358,48,1048.0,2,72.0,0,0,1,-0.58,1.154076337814331,0
11359,11,train,359,45,1009.5,2,73.0,0,2,1,-0.55,0.812152624130249,0
11360,11,train,360,44,973.0,2,74.0,0,2,1,-0.54,1.0523016452789307,0
11361,11,train,361,41,935.5,2,75.0,0,0,1,-0.51,1.0021063089370728,0
11362,11,train,362,39,916.0,2,76.0,0,0,1,-0.49,0.8227092623710632,0
11363,11,train,363,38,878.0,2,77.0,0,0,1,-0.48,1.1434980630874634,0
11364,11,train,364,37,850.5,2,78.0,0,0,1,-0.47,1.2976105213165283,0
11365,11,train,365,35,836.5,2,79.0,0,0,1,-0.44999999999999996,1.0700740814208984,0
11366,11,train,366,31,824.0,2,80.0,0,0,1,-0.41000000000000003,0.9019266366958618,0
11367,11,train,367,30,836.5,2,81.0,0,0,1,-0.4,1.0009435415267944,0
11368,11,train,368,29,842.5,2,82.0,0,2,1,-0.39,0.8030953407287598,0
11369,11,train,369,28,852.5,2,83.0,0,0,1,-0.38,1.246411681175232,0
11370,11,train,370,28,866.5,2,84.0,0,0,1,-0.38,0.8094487190246582,0
11371,11,train,371,29,882.0,2,85.0,0,0,1,-0.39,1.1174896955490112,0
11372,11,train,372,29,896.5,2,86.0,0,0,1,-0.39,1.4813358783721924,0
11373,11,train,373,29,911.0,2,87.0,0,0,1,-0.39,1.3990970849990845,0
11374,11,train,374,29,925.5,2,88.0,0,0,1,-0.39,0.9875798225402832,0
11375,11,train,375,29,940.0,2,89.0,0,0,1,-0.39,0.6428820490837097,0
11376,11,train,376,29,954.5,2,90.0,0,0,1,-0.39,0.926739513874054,0
11377,11,train,377,31,972.0,2,91.0,0,0,1,-0.41000000000000003,0.8409878611564636,0
11378,11,train,378,32,989.0,2,92.0,0,0,1,-0.42000000000000004,0.9038999676704407,0
11379,11,train,379,32,1005.0,2,93.0,0,0,1,-0.42000000000000004,1.2114930152893066,0
11380,11,train,380,32,1021.0,2,94.0,0,0,1,-0.42000000000000004,0.905677318572998,0
11381,11,train,381,33,1038.5,2,95.0,0,0,1,-0.43000000000000005,1.1427161693572998,0
11382,11,train,382,34,1056.5,2,96.0,0,0,1,-0.44000000000000006,1.0721901655197144,0
11383,11,train,383,34,1073.5,2,97.0,0,0,1,-0.44000000000000006,1.3918555974960327,0
11384,11,train,384,34,1090.5,2,98.0,0,0,1,-0.44000000000000006,1.230215311050415,0
11385,11,train,385,34,1107.5,2,99.0,0,0,1,-0.44000000000000006,0.9306594133377075,0
11386,11,train,386,34,1124.5,2,100.0,0,0,1,-0.44000000000000006,0.5089330077171326,0
11387,11,train,387,34,1141.5,3,102.5,0,0,1,-0.49,1.2199835777282715,0
11388,11,train,388,34,1158.5,3,104.0,0,0,1,-0.49,1.008476972579956,0
11389,11,train,389,34,1175.5,3,105.5,0,0,1,-0.49,1.2133467197418213,0
11390,11,train,390,35,1194.0,4,108.5,0,0,1,-0.55,1.4017927646636963,0
11391,11,train,391,37,1214.5,5,112.0,0,0,1,-0.62,1.1100611686706543,0
11392,11,train,392,37,1233.0,5,114.5,0,0,1,-0.62,1.2116503715515137,0
11393,11,train,393,37,1251.5,5,117.0,0,0,1,-0.62,1.091516137123108,0
11394,11,train,394,37,1270.0,5,119.5,0,0,1,-0.62,0.813614547252655,0
11395,11,train,395,37,1288.5,5,122.0,0,0,1,-0.62,1.3019862174987793,0
11396,11,train,396,37,1307.0,5,124.5,0,0,1,-0.62,1.3054087162017822,0
11397,11,train,397,37,1325.5,5,127.0,0,0,1,-0.62,1.2164162397384644,0
11398,11,train,398,37,1344.0,5,129.5,0,0,1,-0.62,0.7530288696289062,0
11399,11,train,399,38,1364.0,5,132.0,0,0,1,-0.63,0.9975512623786926,0
11400,11,train,400,40,1386.0,5,134.5,0,0,1,-0.65,1.0179407596588135,0
11401,11,train,401,40,1406.0,5,137.0,0,0,1,-0.65,1.1812562942504883,0
11402,11,train,402,40,1426.0,5,139.5,0,0,1,-0.65,0.9521124958992004,0
11403,11,train,403,40,1446.0,5,142.0,0,0,1,-0.65,0.7648423314094543,0
11404,11,train,404,40,1466.0,5,144.5,0,0,1,-0.65,0.9751754999160767,0
11405,11,train,405,40,1486.0,6,148.5,0,0,1,-0.7,1.0413161516189575,0
11406,11,train,406,40,1506.0,6,151.5,0,0,2,-0.7,0.5295289754867554,1
11407,11,train,407,40,1526.0,6,154.5,0,0,2,-0.7,1.0326899290084839,0
11408,11,train,408,40,1546.0,6,157.5,0,0,2,-0.7,0.9528849124908447,0
11409,11,train,409,40,1566.0,6,160.5,0,0,2,-0.7,1.2272628545761108,0
11410,11,train,410,42,1589.0,6,163.5,0,0,2,-0.72,1.1472935676574707,0
11411,11,train,411,42,1610.0,6,166.5,0,0,2,-0.72,1.0132218599319458,0
11412,11,train,412,42,1631.0,6,169.5,0,0,2,-0.72,0.8889689445495605,0
11413,11,train,413,42,1652.0,6,172.5,0,0,2,-0.72,0.9826093912124634,0
11414,11,train,414,42,1673.0,6,175.5,0,0,2,-0.72,0.9741578102111816,0
11415,11,train,415,42,1694.0,6,178.5,0,0,2,-0.72,1.0085740089416504,0
11416,11,train,416,42,1715.0,6,181.5,0,0,2,-0.72,1.5377436876296997,0
11417,11,train,417,42,1736.0,6,184.5,0,0,2,-0.72,1.0849815607070923,0
11418,11,train,418,40,1541.0,6,187.5,0,0,3,-0.7,1.626845359802246,0
11419,11,train,419,39,1394.5,6,190.5,0,0,3,-0.69,1.0811233520507812,0
11420,11,train,420,38,1316.0,6,193.5,0,0,3,-0.6799999999999999,1.2088769674301147,0
11421,11,train,421,37,1302.0,6,196.5,0,0,3,-0.6699999999999999,1.321747899055481,0
11422,11,train,422,39,1323.5,6,199.5,0,0,3,-0.69,1.428757667541504,0
11423,11,train,423,39,1343.0,6,202.5,0,0,3,-0.69,1.1923861503601074,0
11424,11,train,424,39,1362.5,6,205.5,0,0,3,-0.69,1.0104118585586548,0
11425,11,train,425,39,1382.0,6,208.5,0,0,3,-0.69,1.0291498899459839,0
11426,11,train,426,40,1403.0,6,211.5,0,1,3,-0.7,0.9727715849876404,0
11427,11,train,427,41,1424.5,6,214.5,0,0,3,-0.71,1.2574501037597656,0
11428,11,train,428,41,1445.0,6,217.5,0,0,3,-0.71,1.3756911754608154,0
11429,11,train,429,41,1465.5,6,220.5,0,0,3,-0.71,1.0727460384368896,0
11430,11,train,430,43,1489.0,6,223.5,0,0,4,-0.73,1.2701311111450195,1
11431,11,train,431,43,1510.5,6,226.5,0,0,4,-0.73,1.1230554580688477,0
11432,11,train,432,43,1532.0,6,229.5,0,2,4,-0.73,1.17484712600708,0
11433,11,train,433,44,1555.0,6,232.5,0,0,4,-0.74,1.2482826709747314,0
11434,11,train,434,44,1577.0,6,235.5,0,2,4,-0.74,0.5719724893569946,0
11435,11,train,435,46,1602.0,6,238.5,0,1,4,-0.76,0.8992646932601929,0
11436,11,train,436,46,1625.0,6,241.5,0,0,4,-0.76,0.940717339515686,0
11437,11,train,437,46,1648.0,6,244.5,0,0,4,-0.76,0.5306060314178467,0
11438,11,train,438,46,1671.0,6,247.5,0,1,4,-0.76,1.0379483699798584,0
11439,11,train,439,47,1695.5,6,250.5,0,0,4,-0.77,1.2889008522033691,0
11440,11,train,440,48,1720.5,6,253.5,0,0,4,-0.78,0.988958477973938,0
11441,11,train,441,49,1746.0,6,256.5,0,2,4,-0.79,0.8418756723403931,0
11442,11,train,442,46,1462.5,3,176.0,0,0,5,-0.61,1.0940570831298828,0
11443,11,train,443,42,1224.0,3,177.5,0,1,5,-0.57,1.0642424821853638,0
11444,11,train,444,38,1025.5,3,179.0,0,2,5,-0.53,1.106491208076477,0
11445,11,train,445,34,868.5,3,180.5,0,0,5,-0.49,0.6918789148330688,0
11446,11,train,446,34,844.0,2,160.0,0,1,5,-0.44000000000000006,0.9373650550842285,0
11447,11,train,447,31,757.5,2,161.0,1,2,5,-0.41000000000000003,0.710106611251831,0
11448,11,train,448,27,650.5,2,162.0,0,0,5,-0.37,1.411420226097107,0
11449,11,train,449,25,612.0,2,163.0,0,0,5,-0.35,0.9618151187896729,0
11450,11,train,450,24,597.5,2,164.0,0,3,5,-0.33999999999999997,1.2731974124908447,0
11451,11,train,451,21,563.0,2,165.0,0,0,5,-0.31,1.0942529439926147,0
11452,11,train,452,19,558.5,1,88.5,0,0,5,-0.24,0.8110611438751221,0
11453,11,train,453,19,568.0,1,89.0,0,2,5,-0.24,1.6104724407196045,0
11454,11,train,454,19,577.5,1,89.5,0,1,5,-0.24,0.9251719117164612,0
11455,11,train,455,20,588.5,1,90.0,0,1,5,-0.25,1.0415804386138916,0
11456,11,train,456,20,598.5,0,0.0,0,1,5,-0.2,0.8908690214157104,0
11457,11,train,457,21,610.0,0,0.0,0,1,5,-0.21,1.2967625856399536,0
11458,11,train,458,21,620.5,0,0.0,0,1,5,-0.21,1.2356775999069214,0
11459,11,train,459,21,631.0,0,0.0,0,1,5,-0.21,0.7341946363449097,0
11460,11,train,460,21,641.5,0,0.0,0,1,5,-0.21,1.1054962873458862,0
11461,11,train,461,21,652.0,0,0.0,0,2,5,-0.21,0.8550755381584167,0
11462,11,train,462,21,662.5,1,1.5,0,2,5,-0.26,1.057558536529541,0
11463,11,train,463,21,673.0,1,2.0,0,1,5,-0.26,0.9149149060249329,0
11464,11,train,464,21,683.5,1,2.5,0,0,5,-0.26,1.1885721683502197,0
11465,11,train,465,22,695.5,1,3.0,1,2,5,-0.27,0.9736277461051941,0
11466,11,train,466,23,708.0,1,3.5,0,2,5,-0.28,0.7291984558105469,0
11467,11,train,467,23,719.5,1,4.0,0,0,5,-0.28,1.1564793586730957,0
11468,11,train,468,23,731.0,0,0.0,0,2,5,-0.23,0.8143219947814941,0
11469,11,train,469,23,742.5,0,0.0,0,1,5,-0.23,1.3402526378631592,0
11470,11,train,470,23,754.0,0,0.0,0,0,5,-0.23,1.2132524251937866,0
11471,11,train,471,23,765.5,0,0.0,0,1,5,-0.23,1.4984055757522583,0
11472,11,train,472,23,777.0,0,0.0,0,2,5,-0.23,0.9701441526412964,0
11473,11,train,473,23,788.5,1,1.5,0,1,5,-0.28,0.9057213068008423,0
11474,11,train,474,23,800.0,1,2.0,0,0,5,-0.28,1.2987899780273438,0
11475,11,train,475,23,811.5,1,2.5,0,1,5,-0.28,1.1429851055145264,0
11476,11,train,476,24,824.5,1,3.0,0,0,5,-0.29,0.7892647981643677,0
11477,11,train,477,25,838.0,0,0.0,0,1,5,-0.25,0.6888290643692017,0
11478,11,train,478,25,850.5,1,1.5,0,1,5,-0.3,1.7066237926483154,0
11479,11,train,479,25,863.0,1,2.0,0,1,5,-0.3,0.9468587636947632,0
11480,11,train,480,25,875.5,1,2.5,0,3,5,-0.3,0.8180955648422241,0
11481,11,train,481,25,888.0,1,3.0,0,1,5,-0.3,1.3014627695083618,0
11482,11,train,482,25,900.5,1,3.5,0,0,5,-0.3,1.0491899251937866,0
11483,11,train,483,25,913.0,1,4.0,0,2,5,-0.3,1.3365826606750488,0
11484,11,train,484,25,925.5,2,6.0,0,1,5,-0.35,0.8473233580589294,0
11485,11,train,485,26,939.5,3,8.5,0,0,5,-0.41000000000000003,1.0988901853561401,0
11486,11,train,486,27,954.0,3,10.0,1,1,5,-0.42000000000000004,1.338453769683838,0
11487,11,train,487,27,967.5,3,11.5,0,1,5,-0.42000000000000004,1.1755754947662354,0
11488,11,train,488,27,981.0,3,13.0,0,0,5,-0.42000000000000004,0.9210878610610962,0
11489,11,train,489,27,994.5,3,14.5,0,1,5,-0.42000000000000004,1.281935214996338,0
11490,11,train,490,27,1008.0,3,16.0,0,0,5,-0.42000000000000004,1.3505836725234985,0
11491,11,train,491,27,1021.5,2,12.5,0,1,5,-0.37,0.7718154191970825,0
11492,11,train,492,25,935.0,2,13.5,0,1,6,-0.35,1.2170910835266113,0
11493,11,train,493,25,947.5,2,14.5,0,0,6,-0.35,1.1590588092803955,0
11494,11,train,494,26,961.5,2,15.5,0,1,6,-0.36,1.418212652206421,0
11495,11,train,495,27,976.0,3,18.0,0,1,6,-0.42000000000000004,0.9386689066886902,0
11496,11,train,496,27,989.5,3,19.5,0,0,6,-0.42000000000000004,0.9735037684440613,0
11497,11,train,497,30,1007.5,3,21.0,0,0,6,-0.44999999999999996,1.209966778755188,0
11498,11,train,498,30,1022.5,3,22.5,0,0,6,-0.44999999999999996,0.5470970869064331,0
11499,11,train,499,30,1037.5,3,24.0,0,0,6,-0.44999999999999996,1.216210126876831,0
11500,11,train,500,30,1052.5,3,25.5,0,0,6,-0.44999999999999996,1.027352213859558,0
11501,11,train,501,30,1067.5,3,27.0,0,0,6,-0.44999999999999996,1.29881751537323,0
11502,11,train,502,30,1082.5,3,28.5,0,1,6,-0.44999999999999996,0.9563381671905518,0
11503,11,train,503,32,1100.5,3,30.0,0,0,6,-0.47,0.8173311948776245,0
11504,11,train,504,32,1116.5,3,31.5,0,0,6,-0.47,1.220594882965088,0
11505,11,train,505,33,1134.0,4,34.5,0,1,6,-0.53,1.1472804546356201,0
11506,11,train,506,34,1152.0,5,38.0,0,1,6,-0.5900000000000001,0.9994786977767944,0
11507,11,train,507,35,1170.5,4,38.5,0,2,6,-0.55,1.3660821914672852,0
11508,11,train,508,35,1188.0,4,40.5,0,1,6,-0.55,0.7389091849327087,0
11509,11,train,509,35,1205.5,4,42.5,0,0,6,-0.55,1.1663227081298828,0
11510,11,train,510,35,1223.0,4,44.5,0,0,6,-0.55,1.2303953170776367,0
11511,11,train,511,35,1240.5,5,48.0,0,0,6,-0.6,1.1325000524520874,0
11512,11,train,512,35,1258.0,5,50.5,0,0,6,-0.6,1.132190465927124,0
11513,11,train,513,35,1275.5,5,53.0,0,0,6,-0.6,1.2111130952835083,0
11514,11,train,514,36,1294.5,5,55.5,0,0,6,-0.61,1.1593097448349,0
11515,11,train,515,36,1312.5,5,58.0,0,0,6,-0.61,1.3882524967193604,0
11516,11,train,516,37,1332.0,5,60.5,0,0,6,-0.62,1.0863062143325806,0
11517,11,train,517,38,1352.0,5,63.0,0,0,6,-0.63,0.7868750691413879,0
11518,11,train,518,38,1371.0,5,65.5,0,1,6,-0.63,0.6231770515441895,0
11519,11,train,519,38,1390.0,5,68.0,0,0,6,-0.63,0.8788180351257324,0
11520,11,train,520,38,1409.0,5,70.5,1,0,6,-0.63,1.2971508502960205,0
11521,11,train,521,38,1428.0,5,73.0,0,1,6,-0.63,0.8875066041946411,0
11522,11,train,522,38,1447.0,5,75.5,0,1,6,-0.63,1.1013233661651611,0
11523,11,train,523,38,1466.0,5,78.0,0,0,6,-0.63,0.8533279895782471,0
11524,11,train,524,38,1485.0,5,80.5,0,0,6,-0.63,1.1394920349121094,0
11525,11,train,525,38,1504.0,5,83.0,0,2,6,-0.63,1.264655351638794,0
11526,11,train,526,39,1524.5,5,85.5,0,0,6,-0.64,1.1101707220077515,0
11527,11,train,527,39,1544.0,5,88.0,0,1,6,-0.64,0.9723001718521118,0
11528,11,train,528,39,1563.5,5,90.5,0,1,6,-0.64,1.1417059898376465,0
11529,11,train,529,39,1583.0,5,93.0,0,1,6,-0.64,1.167290210723877,0
11530,11,train,530,39,1602.5,5,95.5,0,1,6,-0.64,1.3370535373687744,0
11531,11,train,531,39,1622.0,5,98.0,0,2,6,-0.64,0.909822940826416,0
11532,11,train,532,39,1641.5,5,100.5,0,2,6,-0.64,1.1594237089157104,0
11533,11,train,533,39,1661.0,5,103.0,0,0,6,-0.64,1.493897795677185,0
11534,11,train,534,40,1682.0,5,105.5,0,0,6,-0.65,1.3580690622329712,0
11535,11,train,535,40,1702.0,5,108.0,0,1,6,-0.65,1.2172822952270508,0
11536,11,train,536,40,1722.0,5,110.5,0,0,6,-0.65,0.836068332195282,0
11537,11,train,537,42,1745.0,5,113.0,0,0,6,-0.6699999999999999,1.3311021327972412,0
11538,11,train,538,42,1766.0,6,117.0,0,1,6,-0.72,1.0646406412124634,0
11539,11,train,539,42,1787.0,6,120.0,0,1,6,-0.72,0.837871789932251,0
11540,11,train,540,42,1808.0,6,123.0,0,0,6,-0.72,1.0521725416183472,0
11541,11,train,541,42,1829.0,6,126.0,0,2,6,-0.72,1.1217788457870483,0
11542,11,train,542,42,1850.0,6,129.0,0,2,6,-0.72,0.8359940648078918,0
11543,11,train,543,42,1871.0,6,132.0,0,0,6,-0.72,1.352463722229004,0
11544,11,train,544,42,1892.0,6,135.0,0,2,7,-0.72,0.9581499099731445,1
11545,11,train,545,42,1913.0,6,138.0,0,1,7,-0.72,0.9277174472808838,0
11546,11,train,546,43,1935.5,6,141.0,0,0,7,-0.73,0.8458737730979919,0
11547,11,train,547,43,1957.0,6,144.0,0,2,7,-0.73,0.7995939254760742,0
11548,11,train,548,43,1978.5,6,147.0,0,1,7,-0.73,1.0263595581054688,0
11549,11,train,549,43,2000.0,6,150.0,0,1,7,-0.73,1.0863386392593384,0
11550,11,train,550,43,2021.5,6,153.0,0,1,7,-0.73,1.0242542028427124,0
11551,11,train,551,43,2043.0,6,156.0,0,1,7,-0.73,0.718542754650116,0
11552,11,train,552,44,2066.0,6,159.0,0,0,7,-0.74,0.5480810403823853,0
11553,11,train,553,44,2088.0,6,162.0,0,1,7,-0.74,1.0732777118682861,0
11554,11,train,554,44,2110.0,7,166.5,0,1,7,-0.79,1.3005622625350952,0
11555,11,train,555,45,2133.5,7,170.0,0,0,7,-0.8,1.155147671699524,0
11556,11,train,556,43,1903.0,7,173.5,0,1,8,-0.78,1.5592443943023682,0
11557,11,train,557,46,1683.0,7,177.0,0,2,8,-0.81,1.3417609930038452,0
11558,11,train,558,46,1515.5,7,180.5,0,1,8,-0.81,1.2413307428359985,0
11559,11,train,559,44,1403.0,7,184.0,0,1,8,-0.79,0.9263430833816528,0
11560,11,train,560,44,1425.0,7,187.5,0,2,8,-0.79,1.4676402807235718,0
11561,11,train,561,42,1377.5,7,191.0,0,0,8,-0.77,1.1085437536239624,0
11562,11,train,562,42,1398.5,7,194.5,0,2,8,-0.77,0.7652402520179749,0
11563,11,train,563,42,1419.5,7,198.0,0,1,8,-0.77,1.201073169708252,0
11564,11,train,564,42,1440.5,7,201.5,0,0,8,-0.77,0.7900664806365967,0
11565,11,train,565,43,1463.0,7,205.0,0,0,8,-0.78,0.9069632291793823,0
11566,11,train,566,45,1487.5,7,208.5,0,1,8,-0.8,0.9654668569564819,0
11567,11,train,567,45,1510.0,7,212.0,0,0,8,-0.8,1.3944330215454102,0
11568,11,train,568,46,1534.0,7,215.5,0,1,8,-0.81,0.877292275428772,0
11569,11,train,569,46,1557.0,7,219.0,0,0,8,-0.81,1.3242740631103516,0
11570,11,train,570,46,1580.0,7,222.5,0,1,9,-0.81,1.533929467201233,1
11571,11,train,571,46,1603.0,7,226.0,0,0,9,-0.81,1.1395812034606934,0
11572,11,train,572,46,1626.0,7,229.5,0,1,9,-0.81,1.1888165473937988,0
11573,11,train,573,46,1649.0,7,233.0,0,1,9,-0.81,0.9811457991600037,0
11574,11,train,574,46,1672.0,7,236.5,0,0,9,-0.81,1.1664443016052246,0
11575,11,train,575,47,1696.5,7,240.0,0,0,9,-0.82,1.0190348625183105,0
11576,11,train,576,43,1402.5,5,210.5,0,2,0,-0.6799999999999999,0.8018401861190796,0
11577,11,train,577,41,1178.5,5,213.0,0,0,0,-0.6599999999999999,0.8229297995567322,0
11578,11,train,578,37,989.0,5,215.5,0,0,0,-0.62,1.0005838871002197,0
11579,11,train,579,33,835.0,6,219.5,0,0,0,-0.63,0.9434595704078674,0
11580,11,train,580,36,856.0,5,220.5,0,0,0,-0.61,0.8121128082275391,0
11581,11,train,581,32,747.0,5,223.0,0,0,0,-0.5700000000000001,1.4985783100128174,0
11582,11,train,582,30,668.0,5,225.5,0,1,0,-0.55,1.3464984893798828,0
11583,11,train,583,31,653.0,5,228.0,0,0,0,-0.56,1.0292341709136963,0
11584,11,train,584,30,642.0,4,192.5,0,0,0,-0.5,0.6845974922180176,0
11585,11,train,585,29,649.5,4,194.5,0,0,0,-0.49,0.9592396020889282,0
11586,11,train,586,30,641.0,2,89.0,0,2,0,-0.4,1.4960203170776367,0
11587,11,train,587,30,656.0,1,42.5,0,0,0,-0.35,0.9106646180152893,0
11588,11,train,588,31,656.0,1,43.0,0,0,0,-0.36,1.064302682876587,0
11589,11,train,589,31,671.5,1,43.5,0,0,0,-0.36,0.9435606598854065,0
11590,11,train,590,33,682.5,1,44.0,0,1,0,-0.38,1.1930243968963623,0
11591,11,train,591,33,699.0,1,44.5,0,0,0,-0.38,1.4441814422607422,0
11592,11,train,592,36,720.0,1,45.0,0,0,0,-0.41,1.2301158905029297,0
11593,11,train,593,36,738.0,1,45.5,0,0,0,-0.41,1.1520841121673584,0
11594,11,train,594,38,759.0,1,46.0,0,0,0,-0.43,1.030348777770996,0
11595,11,train,595,38,778.0,1,46.5,0,1,0,-0.43,1.4491229057312012,0
11596,11,train,596,39,798.5,1,47.0,0,0,0,-0.44,1.3863732814788818,0
11597,11,train,597,40,819.5,1,47.5,0,0,0,-0.45,0.8569245934486389,0
11598,11,train,598,41,841.0,1,48.0,0,0,0,-0.45999999999999996,1.0929210186004639,0
11599,11,train,599,41,861.5,1,48.5,0,0,0,-0.45999999999999996,0.5896531939506531,0
11600,11,train,600,43,885.0,1,49.0,0,0,0,-0.48,0.9603680372238159,0
11601,11,train,601,46,911.0,1,49.5,0,0,0,-0.51,1.0269711017608643,0
11602,11,train,602,48,937.0,1,50.0,0,0,0,-0.53,1.1076757907867432,0
11603,11,train,603,48,961.0,1,50.5,0,0,0,-0.53,1.1883505582809448,0
11604,11,train,604,48,985.0,1,51.0,0,0,0,-0.53,0.32801395654678345,0
11605,11,train,605,50,1012.0,1,51.5,0,1,0,-0.55,0.9116106629371643,0
11606,11,train,606,50,1037.0,1,52.0,0,0,0,-0.55,1.0713307857513428,0
11607,11,train,607,50,1062.0,1,52.5,0,0,0,-0.55,1.2921197414398193,0
11608,11,train,608,50,1087.0,1,53.0,0,2,0,-0.55,0.736362874507904,0
11609,11,train,609,50,1112.0,1,53.5,0,0,0,-0.55,1.0026710033416748,0
11610,11,train,610,50,1137.0,1,54.0,0,0,0,-0.55,0.8132080435752869,0
11611,11,train,611,50,1162.0,1,54.5,0,0,0,-0.55,1.1866447925567627,0
11612,11,train,612,50,1181.5,1,55.0,0,0,0,-0.55,0.29918643832206726,0
11613,11,train,613,50,1206.5,1,55.5,0,1,0,-0.55,0.7479901313781738,0
11614,11,train,614,50,1231.5,1,56.0,0,0,0,-0.55,1.2390170097351074,0
11615,11,train,615,51,1258.0,1,56.5,0,0,0,-0.56,1.3640633821487427,0
11616,11,train,616,52,1285.0,1,57.0,0,0,0,-0.5700000000000001,1.3421074151992798,0
11617,11,train,617,53,1312.5,1,57.5,0,2,0,-0.5800000000000001,1.141550064086914,0
11618,11,train,618,53,1339.0,1,58.0,0,0,0,-0.5800000000000001,1.1385992765426636,0
11619,11,train,619,53,1365.5,1,58.5,0,0,0,-0.5800000000000001,0.7146493196487427,0
11620,11,train,620,53,1392.0,1,59.0,0,0,0,-0.5800000000000001,0.9793514609336853,0
11621,11,train,621,54,1420.0,1,59.5,0,0,0,-0.5900000000000001,1.5184547901153564,0
11622,11,train,622,54,1447.0,1,60.0,0,0,0,-0.5900000000000001,1.3361141681671143,0
11623,11,train,623,51,1405.0,1,60.5,0,0,0,-0.56,0.934125542640686,0
11624,11,train,624,49,1386.5,1,61.0,0,0,0,-0.54,0.8078184723854065,0
11625,11,train,625,48,1370.5,1,61.5,0,0,0,-0.53,0.48253875970840454,0
11626,11,train,626,44,1233.0,1,62.0,0,0,1,-0.49,1.0929574966430664,0
11627,11,train,627,42,1226.5,1,62.5,0,0,1,-0.47,0.9804148077964783,0
11628,11,train,628,40,1206.5,1,63.0,0,0,1,-0.45,1.1575913429260254,0
11629,11,train,629,38,1186.5,1,63.5,0,0,1,-0.43,1.3686699867248535,0
11630,11,train,630,39,1189.0,1,64.0,0,0,1,-0.44,0.7041257619857788,0
11631,11,train,631,38,1188.5,1,64.5,0,0,1,-0.43,1.2144801616668701,0
11632,11,train,632,37,1174.5,1,65.0,0,0,1,-0.42,0.7620744109153748,0
11633,11,train,633,37,1189.0,1,65.5,0,0,1,-0.42,1.0911015272140503,0
11634,11,train,634,37,1189.5,1,66.0,1,0,1,-0.42,1.384907841682434,0
11635,11,train,635,36,1189.0,1,66.5,0,1,1,-0.41,0.8682367205619812,0
11636,11,train,636,37,1208.5,1,67.0,0,0,1,-0.42,0.8732876181602478,0
11637,11,train,637,36,1208.0,1,67.5,0,0,1,-0.41,1.0647375583648682,0
11638,11,train,638,35,1213.0,1,68.0,0,0,1,-0.39999999999999997,1.0779609680175781,0
11639,11,train,639,35,1230.5,1,68.5,0,2,1,-0.39999999999999997,1.5203032493591309,0
11640,11,train,640,35,1248.0,1,69.0,0,0,1,-0.39999999999999997,0.583541750907898,0
11641,11,train,641,35,1265.5,1,69.5,0,0,1,-0.39999999999999997,1.3358182907104492,0
11642,11,train,642,36,1284.5,1,70.0,0,0,1,-0.41,1.184863805770874,0
11643,11,train,643,37,1304.0,1,70.5,0,0,1,-0.42,1.3839612007141113,0
11644,11,train,644,37,1322.5,1,71.0,0,1,1,-0.42,1.2400171756744385,0
11645,11,train,645,37,1341.0,1,71.5,0,1,1,-0.42,1.26495361328125,0
11646,11,train,646,37,1359.5,1,72.0,0,0,1,-0.42,1.2630856037139893,0
11647,11,train,647,37,1378.0,1,72.5,0,0,1,-0.42,1.0587044954299927,0
11648,11,train,648,37,1396.5,1,73.0,0,1,1,-0.42,1.0269893407821655,0
11649,11,train,649,38,1416.5,1,73.5,0,0,1,-0.43,1.308004379272461,0
11650,11,train,650,39,1437.0,1,74.0,0,0,1,-0.44,1.3548659086227417,0
11651,11,train,651,39,1456.5,1,74.5,0,0,1,-0.44,1.147731065750122,0
11652,11,train,652,39,1476.0,1,75.0,0,0,1,-0.44,0.9993679523468018,0
11653,11,train,653,39,1495.5,1,75.5,0,0,1,-0.44,1.045092225074768,0
11654,11,train,654,39,1515.0,1,76.0,0,0,1,-0.44,0.7692941427230835,0
11655,11,train,655,39,1534.5,1,76.5,1,0,1,-0.44,0.7157320976257324,0
11656,11,train,656,39,1554.0,1,77.0,0,2,1,-0.44,0.9931698441505432,0
11657,11,train,657,39,1573.5,1,77.5,0,0,1,-0.44,0.9732016324996948,0
11658,11,train,658,40,1594.5,1,78.0,0,0,1,-0.45,1.2257683277130127,0
11659,11,train,659,41,1616.0,1,78.5,0,2,1,-0.45999999999999996,1.071871042251587,0
11660,11,train,660,41,1636.5,1,79.0,0,0,1,-0.45999999999999996,0.9857125878334045,0
11661,11,train,661,42,1658.5,1,79.5,0,0,1,-0.47,1.1225910186767578,0
11662,11,train,662,43,1681.0,1,80.0,0,2,1,-0.48,1.1535284519195557,0
11663,11,train,663,43,1702.5,2,82.0,0,1,1,-0.53,1.1076794862747192,0
11664,11,train,664,43,1724.0,4,86.0,0,0,1,-0.63,1.0489914417266846,0
11665,11,train,665,43,1745.5,4,88.0,0,2,1,-0.63,1.3738970756530762,0
11666,11,train,666,43,1767.0,4,90.0,0,0,1,-0.63,1.2876348495483398,0
11667,11,train,667,43,1788.5,4,92.0,0,0,1,-0.63,1.331406831741333,0
11668,11,train,668,43,1810.0,4,94.0,0,2,1,-0.63,1.227339506149292,0
11669,11,train,669,44,1833.0,5,97.5,1,0,1,-0.69,1.0017894506454468,0
11670,11,train,670,45,1856.5,5,100.0,0,0,1,-0.7,1.473963975906372,0
11671,11,train,671,45,1879.0,5,102.5,0,2,1,-0.7,0.9872242212295532,0
11672,11,train,672,45,1901.5,5,105.0,0,0,1,-0.7,1.1821752786636353,0
11673,11,train,673,45,1924.0,5,107.5,0,0,1,-0.7,0.9327772259712219,0
11674,11,train,674,45,1946.5,5,110.0,0,2,1,-0.7,1.2343331575393677,0
11675,11,train,675,45,1969.0,7,115.5,0,0,1,-0.8,0.9391828775405884,0
11676,11,train,676,45,1991.5,7,119.0,0,0,2,-0.8,0.8837939500808716,1
11677,11,train,677,45,2014.0,7,122.5,0,1,2,-0.8,1.0135498046875,0
11678,11,train,678,45,2036.5,7,126.0,0,0,2,-0.8,1.0927293300628662,0
11679,11,train,679,45,2059.0,7,129.5,0,0,2,-0.8,1.2892751693725586,0
11680,11,train,680,45,2081.5,7,133.0,0,1,2,-0.8,0.8810825347900391,0
11681,11,train,681,46,2105.5,7,136.5,0,0,2,-0.81,0.45998984575271606,0
11682,11,train,682,46,2128.5,7,140.0,0,0,2,-0.81,1.2713615894317627,0
11683,11,train,683,46,2151.5,7,143.5,0,0,2,-0.81,0.7960741519927979,0
11684,11,train,684,46,2174.5,7,147.0,0,0,2,-0.81,1.197643756866455,0
11685,11,train,685,46,2197.5,7,150.5,0,0,2,-0.81,1.0145727396011353,0
11686,11,train,686,46,2220.5,7,154.0,0,0,2,-0.81,1.0179328918457031,0
11687,11,train,687,46,2243.5,8,159.0,0,0,2,-0.8600000000000001,0.9716756939888,0
11688,11,train,688,44,2010.5,9,164.5,0,0,3,-0.89,0.5802242755889893,0
11689,11,train,689,43,1782.5,8,167.0,0,0,3,-0.8300000000000001,1.0197293758392334,0
11690,11,train,690,42,1613.5,9,172.5,0,1,3,-0.87,0.9239484071731567,0
11691,11,train,691,43,1511.0,9,177.0,1,1,3,-0.88,1.4137930870056152,0
11692,11,train,692,43,1532.5,10,183.0,0,0,3,-0.9299999999999999,0.6722351908683777,0
11693,11,train,693,43,1499.0,9,186.0,0,0,3,-0.88,1.2241063117980957,0
11694,11,train,694,43,1520.5,10,192.0,0,1,3,-0.9299999999999999,1.2395398616790771,0
11695,11,train,695,43,1542.0,10,197.0,0,0,3,-0.9299999999999999,0.6971563100814819,0
11696,11,train,696,43,1563.5,11,203.5,0,0,3,-0.98,0.8775957822799683,0
11697,11,train,697,43,1585.0,11,209.0,0,1,3,-0.98,1.0592408180236816,0
11698,11,train,698,43,1606.5,11,214.5,0,1,3,-0.98,0.7232915163040161,0
11699,11,train,699,43,1628.0,11,220.0,0,0,4,-0.98,0.7455030679702759,1
11700,11,train,700,44,1651.0,11,225.5,0,0,4,-0.99,0.9896949529647827,0
11701,11,train,701,44,1673.0,11,231.0,0,1,4,-0.99,0.9685914516448975,0
11702,11,train,702,45,1696.5,11,236.5,0,0,4,-1.0,0.7710092067718506,0
11703,11,train,703,45,1719.0,11,242.0,0,1,4,-1.0,1.1902133226394653,0
11704,11,train,704,46,1743.0,11,247.5,1,0,4,-1.01,1.1351301670074463,0
11705,11,train,705,47,1767.5,11,253.0,0,0,4,-1.02,0.8549753427505493,0
11706,11,train,706,49,1794.0,11,258.5,0,0,4,-1.04,0.9250028133392334,0
11707,11,train,707,49,1818.5,11,264.0,0,0,4,-1.04,0.9613962769508362,0
11708,11,train,708,49,1843.0,11,269.5,0,0,4,-1.04,0.6333627700805664,0
11709,11,train,709,49,1867.5,11,275.0,0,0,4,-1.04,1.3132610321044922,0
11710,11,train,710,51,1895.0,11,280.5,0,0,4,-1.06,1.611236333847046,0
11711,11,train,711,47,1469.0,9,236.0,0,0,5,-0.9199999999999999,1.3393464088439941,0
11712,11,train,712,44,1255.5,9,240.5,0,1,5,-0.89,0.9469704031944275,0
11713,11,train,713,40,1081.5,9,245.0,0,0,5,-0.8500000000000001,1.3138185739517212,0
11714,11,train,714,38,945.5,9,249.5,1,1,5,-0.8300000000000001,1.2620079517364502,0
11715,11,train,715,39,966.0,9,254.0,0,1,5,-0.8400000000000001,0.9198259115219116,0
11716,11,train,716,35,844.0,9,258.5,0,1,5,-0.8,1.4461714029312134,0
11717,11,train,717,32,768.5,9,263.0,0,0,5,-0.77,1.4306541681289673,0
11718,11,train,718,30,752.5,9,267.5,0,2,5,-0.75,1.1524039506912231,0
11719,11,train,719,29,737.0,7,245.0,0,1,5,-0.6399999999999999,1.2889827489852905,0
11720,11,train,720,28,716.0,5,191.5,0,0,5,-0.53,1.2379966974258423,0
11721,11,train,721,27,727.0,5,194.0,0,3,5,-0.52,1.0888038873672485,0
11722,11,train,722,27,729.5,4,171.5,0,0,5,-0.47000000000000003,0.9349473118782043,0
11723,11,train,723,25,738.0,4,173.5,0,0,5,-0.45,1.2894736528396606,0
11724,11,train,724,27,753.5,4,175.5,0,1,5,-0.47000000000000003,1.348737120628357,0
11725,11,train,725,27,767.0,4,177.5,0,1,5,-0.47000000000000003,1.1684232950210571,0
11726,11,train,726,28,782.0,4,179.5,0,0,5,-0.48000000000000004,0.9859114289283752,0
11727,11,train,727,29,797.5,4,181.5,0,1,5,-0.49,0.988699197769165,0
11728,11,train,728,29,812.0,4,183.5,0,0,5,-0.49,1.557145595550537,0
11729,11,train,729,29,826.5,3,72.0,0,0,5,-0.43999999999999995,1.2276703119277954,0
11730,11,train,730,29,841.0,2,52.0,0,1,5,-0.39,0.8514959216117859,0
11731,11,train,731,29,855.5,2,53.0,0,0,5,-0.39,1.2871993780136108,0
11732,11,train,732,29,870.0,2,54.0,0,0,5,-0.39,1.2280157804489136,0
11733,11,train,733,29,884.5,2,55.0,0,1,5,-0.39,0.8880939483642578,0
11734,11,train,734,30,900.5,2,56.0,0,1,5,-0.4,1.5340971946716309,0
11735,11,train,735,30,915.5,2,57.0,0,1,5,-0.4,0.7725240588188171,0
11736,11,train,736,31,932.0,2,58.0,0,1,5,-0.41000000000000003,0.7212311625480652,0
11737,11,train,737,32,949.0,2,59.0,1,0,5,-0.42000000000000004,1.2918695211410522,0
11738,11,train,738,32,965.0,2,60.0,1,0,5,-0.42000000000000004,0.9422786831855774,0
11739,11,train,739,32,981.0,2,61.0,0,2,5,-0.42000000000000004,1.1664745807647705,0
11740,11,train,740,32,997.0,2,62.0,0,0,5,-0.42000000000000004,1.4436243772506714,0
11741,11,train,741,32,1013.0,2,63.0,0,0,5,-0.42000000000000004,0.8166831731796265,0
11742,11,train,742,32,1029.0,2,64.0,0,2,5,-0.42000000000000004,1.0861730575561523,0
11743,11,train,743,32,1045.0,2,65.0,0,0,5,-0.42000000000000004,1.097468376159668,0
11744,11,train,744,32,1061.0,2,66.0,1,1,5,-0.42000000000000004,1.1836309432983398,0
11745,11,train,745,32,1077.0,2,67.0,0,1,5,-0.42000000000000004,1.108710527420044,0
11746,11,train,746,32,1093.0,2,68.0,0,0,5,-0.42000000000000004,0.9499951004981995,0
11747,11,train,747,34,1112.0,2,69.0,0,1,5,-0.44000000000000006,0.7985584735870361,0
11748,11,train,748,34,1129.0,2,70.0,0,1,5,-0.44000000000000006,1.0699061155319214,0
11749,11,train,749,34,1146.0,2,71.0,0,0,5,-0.44000000000000006,1.0197465419769287,0
11750,11,train,750,34,1163.0,2,72.0,0,2,5,-0.44000000000000006,1.1981197595596313,0
11751,11,train,751,34,1180.0,2,73.0,0,1,5,-0.44000000000000006,0.9004004001617432,0
11752,11,train,752,34,1197.0,2,74.0,0,0,5,-0.44000000000000006,1.183760643005371,0
11753,11,train,753,34,1214.0,2,75.0,0,1,5,-0.44000000000000006,1.0364664793014526,0
11754,11,train,754,34,1231.0,2,76.0,0,3,5,-0.44000000000000006,0.6000503301620483,0
11755,11,train,755,34,1248.0,2,77.0,0,0,5,-0.44000000000000006,0.7952674627304077,0
11756,11,train,756,35,1266.5,2,78.0,0,0,5,-0.44999999999999996,1.202162504196167,0
11757,11,train,757,34,1282.0,2,79.0,0,0,5,-0.44000000000000006,1.44208824634552,0
11758,11,train,758,34,1299.0,2,80.0,0,0,5,-0.44000000000000006,1.0748298168182373,0
11759,11,train,759,34,1316.0,2,81.0,0,0,5,-0.44000000000000006,0.9395491480827332,0
11760,11,train,760,34,1333.0,2,82.0,0,0,5,-0.44000000000000006,1.144688367843628,0
11761,11,train,761,32,1193.0,2,83.0,0,0,6,-0.42000000000000004,1.2272286415100098,0
11762,11,train,762,31,1160.5,2,84.0,0,0,6,-0.41000000000000003,1.0284907817840576,0
11763,11,train,763,31,1176.0,2,85.0,0,0,6,-0.41000000000000003,0.8680973649024963,0
11764,11,train,764,31,1191.5,2,86.0,0,0,6,-0.41000000000000003,1.1418330669403076,0
11765,11,train,765,32,1208.5,2,87.0,0,0,6,-0.42000000000000004,1.0402946472167969,0
11766,11,train,766,32,1224.5,2,88.0,0,0,6,-0.42000000000000004,0.6399094462394714,0
11767,11,train,767,33,1242.0,2,89.0,0,0,6,-0.43000000000000005,0.9747955799102783,0
11768,11,train,768,33,1258.5,2,90.0,0,2,6,-0.43000000000000005,1.3271515369415283,0
11769,11,train,769,33,1275.0,2,91.0,0,0,6,-0.43000000000000005,1.4623997211456299,0
11770,11,train,770,33,1291.5,2,92.0,0,0,6,-0.43000000000000005,1.0729990005493164,0
11771,11,train,771,33,1308.0,2,93.0,0,2,6,-0.43000000000000005,0.6996434330940247,0
11772,11,train,772,33,1324.5,2,94.0,0,0,6,-0.43000000000000005,1.0790631771087646,0
11773,11,train,773,35,1344.0,2,95.0,0,0,6,-0.44999999999999996,1.2091429233551025,0
11774,11,train,774,36,1363.0,2,96.0,0,1,6,-0.45999999999999996,0.8865542411804199,0
11775,11,train,775,36,1381.0,2,97.0,0,0,6,-0.45999999999999996,1.0263793468475342,0
11776,11,train,776,37,1400.5,2,98.0,0,1,6,-0.47,1.104144811630249,0
11777,11,train,777,37,1419.0,2,99.0,0,0,6,-0.47,1.0862455368041992,0
11778,11,train,778,37,1437.5,2,100.0,0,0,6,-0.47,1.0020707845687866,0
11779,11,train,779,37,1456.0,2,101.0,0,0,6,-0.47,0.8310277462005615,0
11780,11,train,780,37,1474.5,2,102.0,0,0,6,-0.47,0.9150655269622803,0
11781,11,train,781,37,1493.0,2,103.0,0,0,6,-0.47,1.1308810710906982,0
11782,11,train,782,38,1513.0,2,104.0,0,1,6,-0.48,1.0916705131530762,0
11783,11,train,783,39,1533.5,2,105.0,0,0,6,-0.49,1.2696579694747925,0
11784,11,train,784,40,1554.5,2,106.0,0,0,6,-0.5,1.1424527168273926,0
11785,11,train,785,41,1576.0,2,107.0,0,0,6,-0.51,1.1100952625274658,0
11786,11,train,786,41,1596.5,2,108.0,1,0,6,-0.51,0.8758233785629272,0
11787,11,train,787,42,1618.5,2,109.0,0,0,6,-0.52,1.436362862586975,0
11788,11,train,788,42,1639.5,2,110.0,0,0,6,-0.52,1.1871974468231201,0
11789,11,train,789,42,1660.5,3,112.5,0,0,6,-0.57,1.3604563474655151,0
11790,11,train,790,42,1681.5,3,114.0,0,0,6,-0.57,0.7651766538619995,0
11791,11,train,791,42,1702.5,3,115.5,1,3,6,-0.57,1.1606390476226807,0
11792,11,train,792,42,1723.5,3,117.0,1,0,6,-0.57,1.349907636642456,0
11793,11,train,793,42,1744.5,3,118.5,0,0,6,-0.57,1.07399320602417,0
11794,11,train,794,43,1767.0,4,121.5,0,0,6,-0.63,1.1949692964553833,0
11795,11,train,795,43,1788.5,4,123.5,0,0,6,-0.63,1.0562151670455933,0
11796,11,train,796,44,1811.5,5,127.0,0,0,6,-0.69,0.7751715183258057,0
11797,11,train,797,44,1833.5,5,129.5,0,0,6,-0.69,1.1542226076126099,0
11798,11,train,798,44,1855.5,5,132.0,0,0,6,-0.69,1.149340033531189,0
11799,11,train,799,44,1877.5,5,134.5,0,0,6,-0.69,0.8784222602844238,0
11800,11,train,800,44,1899.5,5,137.0,0,2,6,-0.69,1.1813241243362427,0
11801,11,train,801,44,1921.5,5,139.5,0,1,6,-0.69,1.019942045211792,0
11802,11,train,802,44,1943.5,5,142.0,0,0,6,-0.69,1.093056082725525,0
11803,11,train,803,44,1965.5,5,144.5,0,3,6,-0.69,1.3427047729492188,0
11804,11,train,804,44,1987.5,5,147.0,0,1,6,-0.69,1.2319296598434448,0
11805,11,train,805,44,2009.5,5,149.5,0,0,6,-0.69,1.177648663520813,0
11806,11,train,806,45,2033.0,5,152.0,0,2,6,-0.7,0.8997225761413574,0
11807,11,train,807,45,2055.5,6,156.0,0,0,6,-0.75,1.4625446796417236,0
11808,11,train,808,46,2079.5,6,159.0,0,0,7,-0.76,1.3224174976348877,1
11809,11,train,809,46,2102.5,6,162.0,0,1,7,-0.76,0.6982192397117615,0
11810,11,train,810,46,2125.5,6,165.0,0,2,7,-0.76,1.1611361503601074,0
11811,11,train,811,47,2150.0,6,168.0,0,0,7,-0.77,1.2164115905761719,0
11812,11,train,812,47,2173.5,6,171.0,0,1,7,-0.77,1.2987172603607178,0
11813,11,train,813,47,2197.0,6,174.0,1,1,7,-0.77,1.0626769065856934,0
11814,11,train,814,47,2220.5,6,177.0,0,0,7,-0.77,1.1569113731384277,0
11815,11,train,815,49,2247.0,6,180.0,0,2,7,-0.79,1.3568686246871948,0
11816,11,train,816,50,2273.0,6,183.0,0,1,7,-0.8,1.0459973812103271,0
11817,11,train,817,50,2298.0,6,186.0,1,1,7,-0.8,1.0242009162902832,0
11818,11,train,818,51,2324.5,6,189.0,1,0,7,-0.81,1.1621609926223755,0
11819,11,train,819,51,2350.0,6,192.0,0,2,7,-0.81,0.698210597038269,0
11820,11,train,820,49,2129.0,6,195.0,0,1,8,-0.79,0.610049307346344,0
11821,11,train,821,47,1912.0,6,198.0,0,0,8,-0.77,1.2571042776107788,0
11822,11,train,822,45,1721.0,6,201.0,0,2,8,-0.75,1.3351409435272217,0
11823,11,train,823,43,1595.0,6,204.0,0,1,8,-0.73,0.9414821267127991,0
11824,11,train,824,44,1618.0,6,207.0,0,0,8,-0.74,0.8273717164993286,0
11825,11,train,825,43,1551.0,6,210.0,0,2,8,-0.73,1.2471253871917725,0
11826,11,train,826,43,1546.0,6,213.0,0,2,8,-0.73,1.2415273189544678,0
11827,11,train,827,43,1567.5,6,216.0,0,0,8,-0.73,1.2439818382263184,0
11828,11,train,828,44,1590.5,6,219.0,0,2,8,-0.74,0.639230489730835,0
11829,11,train,829,44,1612.5,6,222.0,0,1,8,-0.74,1.461940050125122,0
11830,11,train,830,44,1634.5,6,225.0,0,0,8,-0.74,1.2870737314224243,0
11831,11,train,831,44,1656.5,6,228.0,0,3,8,-0.74,0.8634734153747559,0
11832,11,train,832,45,1680.0,6,231.0,0,0,8,-0.75,1.1929912567138672,0
11833,11,train,833,45,1702.5,6,234.0,0,1,8,-0.75,1.0931737422943115,0
11834,11,train,834,46,1726.5,6,237.0,0,1,9,-0.76,1.2142423391342163,1
11835,11,train,835,47,1751.0,6,240.0,0,0,9,-0.77,1.0200467109680176,0
11836,11,train,836,48,1776.0,6,243.0,0,0,9,-0.78,1.224073886871338,0
11837,11,train,837,48,1800.0,6,246.0,0,1,9,-0.78,1.3009116649627686,0
11838,11,train,838,48,1824.0,6,249.0,0,2,9,-0.78,1.09421706199646,0
11839,11,train,839,48,1848.0,6,252.0,0,0,9,-0.78,1.0468754768371582,0
11840,11,train,840,45,1571.5,2,162.0,0,0,0,-0.55,1.305660367012024,0
11841,11,train,841,42,1343.0,2,163.0,0,0,0,-0.52,0.8594930768013,0
11842,11,train,842,40,1144.0,2,164.0,0,1,0,-0.5,1.428723931312561,0
11843,11,train,843,37,1024.5,2,165.0,0,0,0,-0.47,1.0438271760940552,0
11844,11,train,844,39,1012.0,2,166.0,0,1,0,-0.49,0.9576327800750732,0
11845,11,train,845,36,885.0,2,167.0,0,0,0,-0.45999999999999996,1.4928176403045654,0
11846,11,train,846,33,798.0,2,168.0,0,0,0,-0.43000000000000005,0.7896004915237427,0
11847,11,train,847,35,791.0,2,169.0,0,0,0,-0.44999999999999996,0.9087391495704651,0
11848,11,train,848,32,769.0,1,88.0,0,0,0,-0.37,1.0365442037582397,0
11849,11,train,849,32,763.5,1,88.5,0,0,0,-0.37,1.112523078918457,0
11850,11,train,850,32,752.0,0,0.0,0,0,0,-0.32,0.818570613861084,0
11851,11,train,851,32,768.0,0,0.0,0,0,0,-0.32,1.0560295581817627,0
11852,11,train,852,33,782.0,0,0.0,1,0,0,-0.33,1.2313331365585327,0
11853,11,train,853,34,800.0,0,0.0,0,1,0,-0.34,1.0317530632019043,0
11854,11,train,854,36,820.0,0,0.0,0,0,0,-0.36,0.7193847894668579,0
11855,11,train,855,36,838.0,0,0.0,0,0,0,-0.36,1.3471121788024902,0
11856,11,train,856,38,859.0,0,0.0,1,0,0,-0.38,1.030491828918457,0
11857,11,train,857,38,878.0,0,0.0,0,0,0,-0.38,1.199669599533081,0
11858,11,train,858,40,900.0,0,0.0,0,2,0,-0.4,1.2180200815200806,0
11859,11,train,859,40,920.0,0,0.0,0,1,0,-0.4,1.3001240491867065,0
11860,11,train,860,42,943.0,0,0.0,0,0,0,-0.42,1.4423103332519531,0
11861,11,train,861,42,964.0,0,0.0,0,0,0,-0.42,0.9528317451477051,0
11862,11,train,862,45,989.5,0,0.0,0,0,0,-0.45,1.1592661142349243,0
11863,11,train,863,45,1012.0,0,0.0,0,0,0,-0.45,1.0281156301498413,0
11864,11,train,864,45,1034.5,0,0.0,0,0,0,-0.45,1.210658073425293,0
11865,11,train,865,45,1057.0,0,0.0,0,1,0,-0.45,0.6941660642623901,0
11866,11,train,866,45,1079.5,0,0.0,0,1,0,-0.45,1.1152141094207764,0
11867,11,train,867,46,1103.5,1,1.5,0,0,0,-0.51,1.097733974456787,0
11868,11,train,868,46,1126.5,1,2.0,0,0,0,-0.51,0.9316424131393433,0
11869,11,train,869,46,1149.5,0,0.0,0,0,0,-0.46,0.8945745229721069,0
11870,11,train,870,47,1174.0,0,0.0,1,0,0,-0.47,1.0204343795776367,0
11871,11,train,871,47,1197.5,0,0.0,2,0,0,-0.47,0.8423019647598267,0
11872,11,train,872,48,1222.5,0,0.0,0,0,0,-0.48,0.9058364629745483,0
11873,11,train,873,49,1248.0,0,0.0,0,0,0,-0.49,1.017364740371704,0
11874,11,train,874,49,1272.5,0,0.0,0,0,0,-0.49,1.05696439743042,0
11875,11,train,875,49,1297.0,0,0.0,0,0,0,-0.49,1.2550811767578125,0
11876,11,train,876,50,1323.0,0,0.0,0,0,0,-0.5,1.1757330894470215,0
11877,11,train,877,50,1348.0,1,1.5,0,0,0,-0.55,1.169567346572876,0
11878,11,train,878,50,1373.0,1,2.0,0,0,0,-0.55,1.2061370611190796,0
11879,11,train,879,50,1398.0,2,4.0,0,2,0,-0.6,1.2484978437423706,0
11880,11,train,880,50,1423.0,2,5.0,0,0,0,-0.6,0.9117978811264038,0
11881,11,train,881,50,1448.0,2,6.0,0,1,0,-0.6,0.7860442399978638,0
11882,11,train,882,52,1476.0,2,7.0,0,0,0,-0.62,1.483591914176941,0
11883,11,train,883,52,1502.0,0,0.0,0,0,0,-0.52,1.120305061340332,0
11884,11,train,884,52,1528.0,0,0.0,0,0,0,-0.52,1.2441636323928833,0
11885,11,train,885,52,1554.0,1,1.5,0,2,0,-0.5700000000000001,1.2817096710205078,0
11886,11,train,886,53,1581.5,2,3.5,0,0,0,-0.63,1.2056615352630615,0
11887,11,train,887,53,1608.0,2,4.5,0,0,0,-0.63,1.0566056966781616,0
11888,11,train,888,53,1634.5,2,5.5,0,2,0,-0.63,0.9726614356040955,0
11889,11,train,889,54,1662.5,1,3.5,0,0,0,-0.5900000000000001,1.061172366142273,0
11890,11,train,890,53,1557.5,1,4.0,0,0,1,-0.5800000000000001,1.2943150997161865,0
11891,11,train,891,51,1494.0,1,4.5,0,0,1,-0.56,1.138425350189209,0
11892,11,train,892,49,1471.5,1,5.0,0,0,1,-0.54,1.2577533721923828,0
11893,11,train,893,47,1450.0,1,5.5,1,0,1,-0.52,0.9538518190383911,0
11894,11,train,894,45,1428.5,1,6.0,1,0,1,-0.5,1.1034910678863525,0
11895,11,train,895,45,1451.0,1,6.5,0,0,1,-0.5,1.3352952003479004,0
11896,11,train,896,43,1428.5,1,7.0,0,1,1,-0.48,0.8645222187042236,0
11897,11,train,897,41,1406.0,1,7.5,0,0,1,-0.45999999999999996,0.8193977475166321,0
11898,11,train,898,40,1405.0,1,8.0,0,0,1,-0.45,0.877727210521698,0
11899,11,train,899,39,1403.0,1,8.5,0,0,1,-0.44,1.1921782493591309,0
11900,11,train,900,38,1381.0,3,12.0,0,2,1,-0.53,0.9803581237792969,0
11901,11,train,901,37,1379.0,2,11.5,0,0,1,-0.47,1.1269018650054932,0
11902,11,train,902,36,1376.0,3,14.0,0,0,1,-0.51,1.2107608318328857,0
11903,11,train,903,35,1361.0,4,17.0,0,1,1,-0.55,1.0581634044647217,0
11904,11,train,904,34,1368.0,4,19.0,0,0,1,-0.54,0.8114639520645142,0
11905,11,train,905,33,1382.5,4,21.0,0,0,1,-0.53,1.0747661590576172,0
11906,11,train,906,33,1399.0,4,23.0,0,1,1,-0.53,1.1157827377319336,0
11907,11,train,907,33,1415.5,4,25.0,0,1,1,-0.53,1.088135838508606,0
11908,11,train,908,33,1432.0,4,27.0,0,0,1,-0.53,0.8734927177429199,0
11909,11,train,909,34,1450.0,4,29.0,0,0,1,-0.54,1.0170705318450928,0
11910,11,train,910,35,1468.5,4,31.0,0,0,1,-0.55,1.1496143341064453,0
11911,11,train,911,37,1489.0,4,33.0,0,1,1,-0.5700000000000001,1.323102355003357,0
11912,11,train,912,38,1509.0,4,35.0,0,0,1,-0.5800000000000001,1.1298362016677856,0
11913,11,train,913,39,1529.5,4,37.0,0,0,1,-0.5900000000000001,0.5738246440887451,0
11914,11,train,914,41,1552.0,4,39.0,0,0,1,-0.61,1.1403684616088867,0
11915,11,train,915,41,1572.5,4,41.0,0,0,1,-0.61,1.238159418106079,0
11916,11,train,916,41,1593.0,4,43.0,0,0,1,-0.61,1.0559200048446655,0
11917,11,train,917,41,1613.5,4,45.0,0,0,1,-0.61,0.9342366456985474,0
11918,11,train,918,41,1634.0,4,47.0,0,1,1,-0.61,1.2977582216262817,0
11919,11,train,919,41,1654.5,4,49.0,0,0,1,-0.61,0.9498122930526733,0
11920,11,train,920,43,1678.0,4,51.0,0,1,1,-0.63,1.1328670978546143,0
11921,11,train,921,43,1699.5,4,53.0,0,0,1,-0.63,0.9768440127372742,0
11922,11,train,922,44,1722.5,4,55.0,0,0,1,-0.64,1.5041487216949463,0
11923,11,train,923,44,1744.5,4,57.0,1,0,1,-0.64,1.0149827003479004,0
11924,11,train,924,44,1766.5,4,59.0,0,0,1,-0.64,1.1706531047821045,0
11925,11,train,925,44,1788.5,4,61.0,0,0,1,-0.64,1.1700615882873535,0
11926,11,train,926,44,1810.5,4,63.0,0,0,1,-0.64,0.7680081129074097,0
11927,11,train,927,44,1832.5,4,65.0,0,0,1,-0.64,1.203366756439209,0
11928,11,train,928,44,1854.5,4,67.0,0,0,1,-0.64,0.8470692038536072,0
11929,11,train,929,44,1876.5,4,69.0,0,0,1,-0.64,1.1851986646652222,0
11930,11,train,930,45,1900.0,4,71.0,0,1,1,-0.65,1.417283535003662,0
11931,11,train,931,45,1922.5,4,73.0,0,0,1,-0.65,0.5577770471572876,0
11932,11,train,932,46,1946.5,4,75.0,0,1,1,-0.66,0.7386875152587891,0
11933,11,train,933,46,1969.5,4,77.0,0,1,1,-0.66,1.2159409523010254,0
11934,11,train,934,46,1992.5,4,79.0,0,0,1,-0.66,1.3802785873413086,0
11935,11,train,935,46,2015.5,4,81.0,0,0,1,-0.66,0.8972308039665222,0
11936,11,train,936,46,2038.5,4,83.0,1,1,1,-0.66,1.2172558307647705,0
11937,11,train,937,46,2061.5,4,85.0,0,0,1,-0.66,1.0101792812347412,0
11938,11,train,938,46,2084.5,4,87.0,0,0,1,-0.66,1.0590388774871826,0
11939,11,train,939,46,2107.5,4,89.0,0,1,1,-0.66,1.2839781045913696,0
11940,11,train,940,47,2132.0,5,92.5,0,0,2,-0.72,0.655990481376648,1
11941,11,train,941,47,2155.5,5,95.0,0,0,2,-0.72,0.7338185906410217,0
11942,11,train,942,48,2180.5,5,97.5,0,2,2,-0.73,1.5253052711486816,0
11943,11,train,943,48,2204.5,5,100.0,0,0,2,-0.73,0.6735318899154663,0
11944,11,train,944,48,2228.5,5,102.5,0,0,2,-0.73,0.8633792400360107,0
11945,11,train,945,48,2252.5,5,105.0,0,1,2,-0.73,1.0035640001296997,0
11946,11,train,946,48,2276.5,5,107.5,0,1,2,-0.73,0.8357053995132446,0
11947,11,train,947,48,2300.5,5,110.0,0,0,2,-0.73,1.2575538158416748,0
11948,11,train,948,48,2324.5,5,112.5,0,1,2,-0.73,0.7862411737442017,0
11949,11,train,949,52,2354.5,5,115.0,0,1,2,-0.77,0.6021940112113953,0
11950,11,train,950,52,2380.5,5,117.5,0,0,2,-0.77,0.8292517066001892,0
11951,11,train,951,54,2409.5,5,120.0,0,2,2,-0.79,1.1186261177062988,0
11952,11,train,952,52,2186.0,5,122.5,0,0,3,-0.77,0.8644516468048096,0
11953,11,train,953,52,1969.5,5,125.0,0,0,3,-0.77,1.3315694332122803,0
11954,11,train,954,50,1752.5,5,127.5,0,1,3,-0.75,0.9135875105857849,0
11955,11,train,955,48,1597.5,5,130.0,0,0,3,-0.73,1.1477539539337158,0
11956,11,train,956,49,1623.0,5,132.5,0,0,3,-0.74,1.1657004356384277,0
11957,11,train,957,47,1533.5,5,135.0,0,2,3,-0.72,1.3355047702789307,0
11958,11,train,958,45,1507.0,5,137.5,0,0,3,-0.7,0.9286702871322632,0
11959,11,train,959,46,1531.0,5,140.0,0,0,3,-0.71,1.145023226737976,0
11960,11,train,960,47,1555.5,5,142.5,0,0,3,-0.72,1.474548578262329,0
11961,11,train,961,47,1579.0,5,145.0,0,1,3,-0.72,1.1729588508605957,0
11962,11,train,962,47,1602.5,5,147.5,0,1,3,-0.72,1.0597426891326904,0
11963,11,train,963,47,1626.0,5,150.0,0,1,3,-0.72,1.1506530046463013,0
11964,11,train,964,48,1651.0,5,152.5,0,0,3,-0.73,1.4349689483642578,0
11965,11,train,965,49,1676.5,5,155.0,0,1,3,-0.74,1.4849307537078857,0
11966,11,train,966,49,1701.0,5,157.5,1,0,4,-0.74,1.1100282669067383,1
11967,11,train,967,49,1725.5,5,160.0,0,0,4,-0.74,1.3871697187423706,0
11968,11,train,968,49,1750.0,5,162.5,0,0,4,-0.74,1.0725769996643066,0
11969,11,train,969,49,1774.5,5,165.0,0,1,4,-0.74,1.061378002166748,0
11970,11,train,970,50,1800.5,5,167.5,1,0,4,-0.75,1.024185299873352,0
11971,11,train,971,50,1825.5,5,170.0,0,3,4,-0.75,0.4003574848175049,0
11972,11,train,972,50,1850.5,5,172.5,0,0,4,-0.75,1.522038459777832,0
11973,11,train,973,52,1878.5,6,176.5,0,0,4,-0.8200000000000001,0.9531633257865906,0
11974,11,train,974,52,1904.5,6,179.5,0,0,4,-0.8200000000000001,1.3335559368133545,0
11975,11,train,975,53,1932.0,6,182.5,0,0,4,-0.8300000000000001,1.0968135595321655,0
11976,11,train,976,53,1958.5,6,185.5,0,0,4,-0.8300000000000001,1.3436238765716553,0
11977,11,train,977,54,1986.5,6,188.5,0,0,4,-0.8400000000000001,1.018118977546692,0
11978,11,train,978,50,1666.5,4,167.0,0,0,5,-0.7,1.6709575653076172,0
11979,11,train,979,47,1427.5,4,169.0,0,1,5,-0.6699999999999999,1.3746511936187744,0
11980,11,train,980,43,1219.0,4,171.0,0,1,5,-0.63,1.0944242477416992,0
11981,11,train,981,40,1087.0,4,173.0,0,1,5,-0.6000000000000001,1.2225112915039062,0
11982,11,train,982,42,1069.0,4,175.0,1,0,5,-0.62,0.7854596376419067,0
11983,11,train,983,38,925.0,4,177.0,0,3,5,-0.5800000000000001,1.0126702785491943,0
11984,11,train,984,35,808.5,4,179.0,0,0,5,-0.55,0.9315601587295532,0
11985,11,train,985,34,770.5,4,181.0,0,1,5,-0.54,1.1934994459152222,0
11986,11,train,986,32,752.0,4,183.0,0,1,5,-0.52,0.8286889791488647,0
11987,11,train,987,28,715.5,4,185.0,0,1,5,-0.48000000000000004,1.1321868896484375,0
11988,11,train,988,27,710.5,0,0.0,0,1,5,-0.27,1.156355857849121,0
11989,11,train,989,28,725.5,0,0.0,0,0,5,-0.28,1.549101710319519,0
11990,11,train,990,27,732.5,0,0.0,0,1,5,-0.27,1.1848220825195312,0
11991,11,train,991,28,747.5,0,0.0,0,1,5,-0.28,1.2067091464996338,0
11992,11,train,992,29,763.0,0,0.0,0,0,5,-0.29,1.0034105777740479,0
11993,11,train,993,29,777.5,0,0.0,0,1,5,-0.29,1.0602593421936035,0
11994,11,train,994,29,792.0,0,0.0,0,1,5,-0.29,1.3607484102249146,0
11995,11,train,995,29,806.5,0,0.0,0,0,5,-0.29,0.9451603293418884,0
11996,11,train,996,29,821.0,0,0.0,0,1,5,-0.29,0.8646494746208191,0
11997,11,train,997,29,833.0,0,0.0,0,0,5,-0.29,1.4967530965805054,0
11998,11,train,998,30,849.0,0,0.0,0,1,5,-0.3,0.7295599579811096,0
11999,11,train,999,30,864.0,0,0.0,0,0,5,-0.3,1.2450032234191895,0
12000,12,train,0,0,0.0,0,0.0,0,0,0,-0.0,0.9839946031570435,0
12001,12,train,1,0,0.0,0,0.0,0,0,0,-0.0,0.7135375738143921,0
12002,12,train,2,0,0.0,0,0.0,0,0,0,-0.0,1.3987030982971191,0
12003,12,train,3,0,0.0,0,0.0,0,0,0,-0.0,1.091597080230713,0
12004,12,train,4,0,0.0,0,0.0,0,0,0,-0.0,0.6634564995765686,0
12005,12,train,5,0,0.0,0,0.0,0,0,0,-0.0,0.6217496395111084,0
12006,12,train,6,0,0.0,0,0.0,0,0,0,-0.0,1.3896644115447998,0
12007,12,train,7,0,0.0,0,0.0,0,0,0,-0.0,0.9798998832702637,0
12008,12,train,8,0,0.0,0,0.0,0,0,0,-0.0,1.1696007251739502,0
12009,12,train,9,0,0.0,0,0.0,0,0,0,-0.0,1.0730867385864258,0
12010,12,train,10,0,0.0,0,0.0,0,0,0,-0.0,1.2761430740356445,0
12011,12,train,11,0,0.0,0,0.0,0,0,0,-0.0,0.9917380809783936,0
12012,12,train,12,0,0.0,0,0.0,0,0,0,-0.0,1.1478352546691895,0
12013,12,train,13,0,0.0,0,0.0,0,0,0,-0.0,1.3366222381591797,0
12014,12,train,14,0,0.0,0,0.0,0,0,0,-0.0,0.7516257166862488,0
12015,12,train,15,0,0.0,0,0.0,0,0,0,-0.0,1.2490078210830688,0
12016,12,train,16,0,0.0,0,0.0,0,0,0,-0.0,1.236217975616455,0
12017,12,train,17,0,0.0,0,0.0,0,0,0,-0.0,0.8769472241401672,0
12018,12,train,18,0,0.0,0,0.0,0,0,0,-0.0,0.7747074365615845,0
12019,12,train,19,0,0.0,0,0.0,0,0,0,-0.0,1.254103422164917,0
12020,12,train,20,0,0.0,0,0.0,0,0,0,-0.0,1.268171787261963,0
12021,12,train,21,0,0.0,0,0.0,0,0,0,-0.0,0.8894857168197632,0
12022,12,train,22,0,0.0,0,0.0,0,0,0,-0.0,1.1187400817871094,0
12023,12,train,23,0,0.0,0,0.0,0,0,0,-0.0,0.9963265657424927,0
12024,12,train,24,0,0.0,0,0.0,0,0,0,-0.0,0.7528501749038696,0
12025,12,train,25,0,0.0,0,0.0,0,0,0,-0.0,1.165494441986084,0
12026,12,train,26,0,0.0,0,0.0,0,0,0,-0.0,0.8256985545158386,0
12027,12,train,27,0,0.0,0,0.0,0,0,0,-0.0,1.1345717906951904,0
12028,12,train,28,0,0.0,0,0.0,0,0,0,-0.0,0.9686129093170166,0
12029,12,train,29,0,0.0,0,0.0,0,0,0,-0.0,0.9200968742370605,0
12030,12,train,30,0,0.0,0,0.0,0,0,0,-0.0,1.3192253112792969,0
12031,12,train,31,0,0.0,0,0.0,0,0,0,-0.0,1.1548943519592285,0
12032,12,train,32,0,0.0,0,0.0,0,0,0,-0.0,1.077717900276184,0
12033,12,train,33,0,0.0,0,0.0,0,0,0,-0.0,0.8407347202301025,0
12034,12,train,34,0,0.0,0,0.0,0,0,0,-0.0,0.6442973017692566,0
12035,12,train,35,0,0.0,0,0.0,0,0,0,-0.0,1.2422752380371094,0
12036,12,train,36,0,0.0,0,0.0,0,0,0,-0.0,0.8533143997192383,0
12037,12,train,37,0,0.0,0,0.0,0,0,0,-0.0,1.0534439086914062,0
12038,12,train,38,0,0.0,0,0.0,0,0,0,-0.0,1.4226865768432617,0
12039,12,train,39,0,0.0,0,0.0,0,0,0,-0.0,1.0225117206573486,0
12040,12,train,40,0,0.0,0,0.0,0,0,0,-0.0,1.0436762571334839,0
12041,12,train,41,0,0.0,0,0.0,0,0,0,-0.0,1.102818489074707,0
12042,12,train,42,0,0.0,0,0.0,0,0,0,-0.0,1.0611909627914429,0
12043,12,train,43,0,0.0,0,0.0,0,0,0,-0.0,1.2508000135421753,0
12044,12,train,44,0,0.0,0,0.0,0,0,0,-0.0,1.1485188007354736,0
12045,12,train,45,0,0.0,0,0.0,0,0,0,-0.0,1.438338279724121,0
12046,12,train,46,0,0.0,0,0.0,0,0,0,-0.0,1.264045238494873,0
12047,12,train,47,0,0.0,0,0.0,0,0,0,-0.0,1.1063251495361328,0
12048,12,train,48,0,0.0,0,0.0,0,0,0,-0.0,0.9023600816726685,0
12049,12,train,49,0,0.0,0,0.0,0,0,1,-0.0,0.9244980812072754,0
12050,12,train,50,0,0.0,0,0.0,0,0,1,-0.0,1.211836338043213,0
12051,12,train,51,0,0.0,0,0.0,0,0,1,-0.0,0.6850334405899048,0
12052,12,train,52,0,0.0,0,0.0,0,0,1,-0.0,1.2471723556518555,0
12053,12,train,53,0,0.0,0,0.0,0,0,1,-0.0,0.7476712465286255,0
12054,12,train,54,0,0.0,0,0.0,0,0,1,-0.0,1.243529200553894,0
12055,12,train,55,0,0.0,0,0.0,0,0,1,-0.0,1.3149065971374512,0
12056,12,train,56,0,0.0,0,0.0,0,0,1,-0.0,1.1243619918823242,0
12057,12,train,57,0,0.0,0,0.0,0,0,1,-0.0,1.0303739309310913,0
12058,12,train,58,0,0.0,0,0.0,0,0,1,-0.0,1.2252833843231201,0
12059,12,train,59,0,0.0,0,0.0,0,0,1,-0.0,0.7027536630630493,0
12060,12,train,60,0,0.0,0,0.0,0,0,1,-0.0,1.0400373935699463,0
12061,12,train,61,0,0.0,0,0.0,0,0,1,-0.0,1.4470763206481934,0
12062,12,train,62,0,0.0,0,0.0,0,0,1,-0.0,0.826557993888855,0
12063,12,train,63,0,0.0,0,0.0,0,0,1,-0.0,0.7697433233261108,0
12064,12,train,64,0,0.0,0,0.0,0,0,1,-0.0,1.1394695043563843,0
12065,12,train,65,0,0.0,1,1.5,0,0,1,-0.05,0.7088091969490051,0
12066,12,train,66,0,0.0,1,2.0,0,0,1,-0.05,0.8849737644195557,0
12067,12,train,67,0,0.0,1,2.5,0,0,1,-0.05,1.037471055984497,0
12068,12,train,68,0,0.0,1,3.0,0,0,1,-0.05,1.2677311897277832,0
12069,12,train,69,0,0.0,1,3.5,0,0,1,-0.05,0.8066710233688354,0
12070,12,train,70,0,0.0,2,5.5,0,0,1,-0.1,1.1082875728607178,0
12071,12,train,71,0,0.0,2,6.5,0,0,1,-0.1,1.5181348323822021,0
12072,12,train,72,0,0.0,3,9.0,0,0,1,-0.15,1.1981022357940674,0
12073,12,train,73,0,0.0,3,10.5,0,0,1,-0.15,1.194109559059143,0
12074,12,train,74,0,0.0,3,12.0,0,0,1,-0.15,0.8006182909011841,0
12075,12,train,75,0,0.0,3,13.5,0,0,1,-0.15,1.213671326637268,0
12076,12,train,76,1,1.5,3,15.0,0,0,1,-0.16,0.9494947791099548,0
12077,12,train,77,1,2.0,3,16.5,0,0,1,-0.16,1.286935806274414,0
12078,12,train,78,4,7.0,4,19.5,0,0,1,-0.24000000000000002,1.1673142910003662,0
12079,12,train,79,4,9.0,4,21.5,0,0,1,-0.24000000000000002,1.138157844543457,0
12080,12,train,80,4,11.0,4,23.5,0,0,1,-0.24000000000000002,1.0037147998809814,0
12081,12,train,81,4,13.0,4,25.5,0,0,1,-0.24000000000000002,1.0327563285827637,0
12082,12,train,82,4,15.0,4,27.5,0,0,1,-0.24000000000000002,1.359248399734497,0
12083,12,train,83,4,17.0,4,29.5,0,0,1,-0.24000000000000002,1.2383191585540771,0
12084,12,train,84,4,19.0,4,31.5,0,0,1,-0.24000000000000002,1.232405185699463,0
12085,12,train,85,4,21.0,4,33.5,0,0,1,-0.24000000000000002,0.9347536563873291,0
12086,12,train,86,8,29.0,4,35.5,0,0,1,-0.28,1.112198829650879,0
12087,12,train,87,8,33.0,5,39.0,0,0,1,-0.33,1.1557230949401855,0
12088,12,train,88,8,37.0,5,41.5,0,0,1,-0.33,0.8759137392044067,0
12089,12,train,89,10,44.0,6,45.5,0,0,1,-0.4,1.142181634902954,0
12090,12,train,90,10,49.0,7,50.0,0,0,1,-0.44999999999999996,1.1160223484039307,0
12091,12,train,91,10,54.0,7,53.5,0,0,1,-0.44999999999999996,1.3350872993469238,0
12092,12,train,92,10,59.0,7,57.0,0,0,1,-0.44999999999999996,1.1593029499053955,0
12093,12,train,93,10,64.0,7,60.5,0,0,1,-0.44999999999999996,1.0357918739318848,0
12094,12,train,94,10,69.0,7,64.0,0,0,1,-0.44999999999999996,1.4108974933624268,0
12095,12,train,95,10,74.0,7,67.5,0,0,1,-0.44999999999999996,0.7881538271903992,0
12096,12,train,96,10,79.0,7,71.0,0,0,1,-0.44999999999999996,0.7341450452804565,0
12097,12,train,97,10,84.0,7,74.5,0,0,1,-0.44999999999999996,1.250260353088379,0
12098,12,train,98,10,89.0,7,78.0,0,0,1,-0.44999999999999996,0.6477882862091064,0
12099,12,train,99,10,94.0,7,81.5,0,0,1,-0.44999999999999996,0.9374281764030457,0
12100,12,train,100,10,99.0,7,85.0,0,0,1,-0.44999999999999996,1.3609614372253418,0
12101,12,train,101,10,104.0,7,88.5,0,0,1,-0.44999999999999996,1.0957517623901367,0
12102,12,train,102,10,109.0,7,92.0,0,0,1,-0.44999999999999996,1.1611676216125488,0
12103,12,train,103,12,117.0,7,95.5,0,0,1,-0.47,1.0063797235488892,0
12104,12,train,104,12,123.0,7,99.0,0,0,1,-0.47,1.1516063213348389,0
12105,12,train,105,12,129.0,7,102.5,0,0,1,-0.47,0.9262310266494751,0
12106,12,train,106,12,135.0,8,107.5,0,0,1,-0.52,0.8480485677719116,0
12107,12,train,107,12,141.0,8,111.5,0,0,1,-0.52,1.1811137199401855,0
12108,12,train,108,12,147.0,8,115.5,0,0,1,-0.52,1.1144988536834717,0
12109,12,train,109,12,153.0,8,119.5,0,0,1,-0.52,1.216421365737915,0
12110,12,train,110,12,159.0,8,123.5,0,0,1,-0.52,0.9813257455825806,0
12111,12,train,111,12,165.0,8,127.5,0,0,1,-0.52,1.3196576833724976,0
12112,12,train,112,12,171.0,8,131.5,0,0,1,-0.52,0.9407303929328918,0
12113,12,train,113,12,177.0,8,135.5,0,0,1,-0.52,1.2900480031967163,0
12114,12,train,114,13,184.5,8,139.5,0,0,1,-0.53,1.3127622604370117,0
12115,12,train,115,13,191.0,8,143.5,0,0,1,-0.53,1.1309400796890259,0
12116,12,train,116,13,197.5,8,147.5,0,0,1,-0.53,1.3085622787475586,0
12117,12,train,117,13,204.0,8,151.5,0,0,1,-0.53,1.1232247352600098,0
12118,12,train,118,13,210.5,8,155.5,0,0,1,-0.53,0.500593900680542,0
12119,12,train,119,13,217.0,8,159.5,0,0,1,-0.53,0.9941924810409546,0
12120,12,train,120,13,223.5,8,163.5,0,0,1,-0.53,1.2600995302200317,0
12121,12,train,121,13,230.0,8,167.5,0,0,1,-0.53,0.9838371276855469,0
12122,12,train,122,14,238.0,8,171.5,0,0,1,-0.54,1.0024933815002441,0
12123,12,train,123,14,245.0,8,175.5,0,0,1,-0.54,0.7988463044166565,0
12124,12,train,124,14,252.0,8,179.5,0,0,1,-0.54,1.0806210041046143,0
12125,12,train,125,14,259.0,8,183.5,0,0,1,-0.54,1.3854107856750488,0
12126,12,train,126,14,266.0,8,187.5,0,0,1,-0.54,0.9880760908126831,0
12127,12,train,127,14,273.0,8,191.5,0,0,1,-0.54,0.9292929768562317,0
12128,12,train,128,14,280.0,8,195.5,0,0,1,-0.54,0.9678428173065186,0
12129,12,train,129,14,287.0,8,199.5,0,0,1,-0.54,0.9168844223022461,0
12130,12,train,130,15,295.5,8,203.5,0,0,1,-0.55,1.2615681886672974,0
12131,12,train,131,15,303.0,8,207.5,0,0,1,-0.55,1.041379451751709,0
12132,12,train,132,15,310.5,8,211.5,0,0,1,-0.55,0.9765123724937439,0
12133,12,train,133,15,318.0,8,215.5,0,0,1,-0.55,0.9122836589813232,0
12134,12,train,134,15,325.5,8,219.5,0,0,1,-0.55,1.188901662826538,0
12135,12,train,135,15,333.0,8,223.5,0,0,1,-0.55,1.2483294010162354,0
12136,12,train,136,15,340.5,8,227.5,0,0,1,-0.55,1.4596400260925293,0
12137,12,train,137,15,348.0,8,231.5,0,0,1,-0.55,1.0295383930206299,0
12138,12,train,138,15,355.5,8,235.5,0,0,1,-0.55,1.0630366802215576,0
12139,12,train,139,15,363.0,8,239.5,0,0,2,-0.55,1.3410942554473877,0
12140,12,train,140,16,372.0,8,243.5,0,0,2,-0.56,1.2596131563186646,0
12141,12,train,141,17,381.5,8,247.5,0,0,2,-0.5700000000000001,0.8533066511154175,0
12142,12,train,142,17,390.0,8,251.5,0,0,2,-0.5700000000000001,1.3391835689544678,0
12143,12,train,143,17,398.5,8,255.5,0,0,2,-0.5700000000000001,1.077812910079956,0
12144,12,train,144,18,408.5,8,259.5,0,0,2,-0.5800000000000001,0.5844271183013916,0
12145,12,train,145,18,417.5,8,263.5,0,0,2,-0.5800000000000001,0.8379907608032227,0
12146,12,train,146,19,428.0,8,267.5,0,0,2,-0.5900000000000001,0.7205374240875244,0
12147,12,train,147,19,437.5,8,271.5,0,0,2,-0.5900000000000001,1.0438451766967773,0
12148,12,train,148,19,447.0,8,275.5,0,1,2,-0.5900000000000001,0.42176130414009094,0
12149,12,train,149,20,458.0,8,279.5,0,0,2,-0.6000000000000001,1.2680004835128784,0
12150,12,train,150,20,468.0,8,283.5,0,0,2,-0.6000000000000001,1.3356963396072388,0
12151,12,train,151,19,403.5,8,287.5,0,1,3,-0.5900000000000001,0.9401874542236328,0
12152,12,train,152,19,413.0,8,291.5,0,0,3,-0.5900000000000001,1.0105925798416138,0
12153,12,train,153,20,424.0,8,295.5,0,0,3,-0.6000000000000001,1.2458311319351196,0
12154,12,train,154,21,435.5,8,299.5,0,0,3,-0.61,1.5073254108428955,0
12155,12,train,155,21,446.0,8,303.5,0,0,3,-0.61,1.1355094909667969,0
12156,12,train,156,22,458.0,8,307.5,0,0,3,-0.62,1.0817703008651733,0
12157,12,train,157,22,469.0,8,311.5,0,0,3,-0.62,1.332570195198059,0
12158,12,train,158,22,480.0,8,315.5,0,0,3,-0.62,1.070784330368042,0
12159,12,train,159,23,492.5,8,319.5,0,2,3,-0.63,1.3360850811004639,0
12160,12,train,160,23,504.0,8,323.5,0,0,3,-0.63,0.9043266177177429,0
12161,12,train,161,24,517.0,8,327.5,0,0,3,-0.64,1.1272473335266113,0
12162,12,train,162,25,530.5,8,331.5,0,0,3,-0.65,1.2356505393981934,0
12163,12,train,163,26,544.5,8,335.5,0,0,3,-0.66,1.274429440498352,0
12164,12,train,164,30,563.5,8,339.5,0,0,4,-0.7,1.1449923515319824,1
12165,12,train,165,30,578.5,8,343.5,0,0,4,-0.7,0.797816276550293,0
12166,12,train,166,30,593.5,8,347.5,0,1,4,-0.7,0.7471040487289429,0
12167,12,train,167,31,610.0,8,351.5,0,0,4,-0.71,1.0875331163406372,0
12168,12,train,168,30,623.5,8,355.5,0,0,4,-0.7,1.300387978553772,0
12169,12,train,169,31,640.0,8,359.5,0,1,4,-0.71,0.8328475952148438,0
12170,12,train,170,34,660.0,8,363.5,0,1,4,-0.74,0.992559015750885,0
12171,12,train,171,33,663.0,8,367.5,0,0,4,-0.73,1.0509775876998901,0
12172,12,train,172,34,681.0,8,371.5,0,0,4,-0.74,0.9920679330825806,0
12173,12,train,173,34,698.0,8,375.5,0,0,4,-0.74,1.2485092878341675,0
12174,12,train,174,36,718.0,8,379.5,0,0,4,-0.76,0.6526430249214172,0
12175,12,train,175,37,737.5,8,383.5,0,0,4,-0.77,1.3513296842575073,0
12176,12,train,176,31,553.0,8,387.5,0,0,5,-0.71,1.148385763168335,0
12177,12,train,177,27,429.5,8,391.5,0,0,5,-0.67,0.9371705651283264,0
12178,12,train,178,23,361.5,8,395.5,0,0,5,-0.63,1.1411218643188477,0
12179,12,train,179,19,311.0,8,399.5,0,0,5,-0.5900000000000001,1.0014872550964355,0
12180,12,train,180,19,320.5,8,403.5,0,1,5,-0.5900000000000001,1.2153044939041138,0
12181,12,train,181,17,303.0,8,407.5,0,1,5,-0.5700000000000001,0.786849856376648,0
12182,12,train,182,16,305.0,8,411.5,0,0,5,-0.56,1.5409867763519287,0
12183,12,train,183,17,314.5,8,415.5,0,0,5,-0.5700000000000001,1.1201390027999878,0
12184,12,train,184,17,323.0,6,312.0,0,0,5,-0.47,0.9531720280647278,0
12185,12,train,185,18,333.0,5,253.5,0,0,5,-0.43,0.9750230312347412,0
12186,12,train,186,20,345.0,3,147.0,0,0,5,-0.35,1.1622798442840576,0
12187,12,train,187,20,355.0,3,148.5,0,1,5,-0.35,1.0939455032348633,0
12188,12,train,188,20,365.0,3,150.0,0,0,5,-0.35,0.8715139031410217,0
12189,12,train,189,20,375.0,3,151.5,0,0,5,-0.35,1.0592169761657715,0
12190,12,train,190,22,388.0,3,153.0,0,0,5,-0.37,1.4394237995147705,0
12191,12,train,191,22,399.0,3,154.5,0,0,5,-0.37,1.1739075183868408,0
12192,12,train,192,23,411.5,3,156.0,0,0,5,-0.38,1.0672481060028076,0
12193,12,train,193,24,424.5,3,157.5,0,0,5,-0.39,1.1482789516448975,0
12194,12,train,194,25,438.0,2,113.5,0,0,5,-0.35,1.030259370803833,0
12195,12,train,195,28,455.0,2,114.5,0,0,5,-0.38,1.0487053394317627,0
12196,12,train,196,28,469.0,2,115.5,0,0,5,-0.38,0.940172553062439,0
12197,12,train,197,28,483.0,2,116.5,0,0,5,-0.38,1.3042576313018799,0
12198,12,train,198,28,497.0,2,117.5,0,0,5,-0.38,1.027984380722046,0
12199,12,train,199,28,511.0,2,118.5,0,0,5,-0.38,1.0485131740570068,0
12200,12,train,200,28,525.0,2,119.5,0,0,5,-0.38,1.1138911247253418,0
12201,12,train,201,28,539.0,2,120.5,0,0,5,-0.38,0.9317780137062073,0
12202,12,train,202,28,553.0,2,121.5,0,0,5,-0.38,1.2592175006866455,0
12203,12,train,203,28,567.0,2,122.5,0,0,5,-0.38,0.8161882162094116,0
12204,12,train,204,30,584.0,2,123.5,0,0,5,-0.4,0.4835463762283325,0
12205,12,train,205,30,599.0,2,124.5,0,0,5,-0.4,1.154418706893921,0
12206,12,train,206,30,614.0,2,125.5,0,0,5,-0.4,1.114575982093811,0
12207,12,train,207,30,629.0,2,126.5,0,1,5,-0.4,1.4120466709136963,0
12208,12,train,208,30,644.0,2,127.5,0,0,5,-0.4,1.2553151845932007,0
12209,12,train,209,30,659.0,2,128.5,0,0,5,-0.4,1.2630254030227661,0
12210,12,train,210,30,674.0,2,129.5,0,0,5,-0.4,0.7786818742752075,0
12211,12,train,211,30,689.0,2,130.5,0,0,5,-0.4,1.15260910987854,0
12212,12,train,212,30,704.0,2,131.5,0,0,5,-0.4,1.3315136432647705,0
12213,12,train,213,30,719.0,2,132.5,0,0,5,-0.4,0.5283201932907104,0
12214,12,train,214,30,734.0,2,133.5,0,1,5,-0.4,1.1900238990783691,0
12215,12,train,215,31,750.5,2,134.5,0,0,5,-0.41000000000000003,1.228742241859436,0
12216,12,train,216,31,766.0,2,135.5,0,0,5,-0.41000000000000003,1.293898105621338,0
12217,12,train,217,31,781.5,2,136.5,0,1,5,-0.41000000000000003,0.7049069404602051,0
12218,12,train,218,31,797.0,2,137.5,0,0,5,-0.41000000000000003,0.7947657704353333,0
12219,12,train,219,33,815.5,2,138.5,0,0,5,-0.43000000000000005,0.8843217492103577,0
12220,12,train,220,34,833.5,2,139.5,0,0,5,-0.44000000000000006,0.6112622022628784,0
12221,12,train,221,34,850.5,2,140.5,0,0,5,-0.44000000000000006,1.1792033910751343,0
12222,12,train,222,34,867.5,2,141.5,0,0,5,-0.44000000000000006,0.941267728805542,0
12223,12,train,223,34,884.5,2,142.5,0,0,5,-0.44000000000000006,1.48714017868042,0
12224,12,train,224,35,903.0,2,143.5,0,0,5,-0.44999999999999996,0.5691816806793213,0
12225,12,train,225,36,922.0,2,144.5,0,0,5,-0.45999999999999996,0.8111197352409363,0
12226,12,train,226,34,793.0,2,145.5,0,0,6,-0.44000000000000006,0.46663129329681396,0
12227,12,train,227,32,770.5,2,146.5,0,0,6,-0.42000000000000004,1.2825546264648438,0
12228,12,train,228,33,788.0,2,147.5,0,1,6,-0.43000000000000005,0.9802315831184387,0
12229,12,train,229,33,804.5,2,148.5,0,0,6,-0.43000000000000005,0.9876190423965454,0
12230,12,train,230,33,821.0,2,149.5,0,0,6,-0.43000000000000005,1.2041141986846924,0
12231,12,train,231,33,837.5,2,150.5,0,2,6,-0.43000000000000005,1.004042387008667,0
12232,12,train,232,34,855.5,2,151.5,0,0,6,-0.44000000000000006,1.0627152919769287,0
12233,12,train,233,34,872.5,2,152.5,0,0,6,-0.44000000000000006,1.1624610424041748,0
12234,12,train,234,35,891.0,2,153.5,0,0,6,-0.44999999999999996,1.3322181701660156,0
12235,12,train,235,36,910.0,2,154.5,0,0,6,-0.45999999999999996,1.2709259986877441,0
12236,12,train,236,36,928.0,2,155.5,0,0,6,-0.45999999999999996,1.1737332344055176,0
12237,12,train,237,36,946.0,2,156.5,0,0,6,-0.45999999999999996,0.8757995367050171,0
12238,12,train,238,36,964.0,2,157.5,0,0,6,-0.45999999999999996,0.9121735095977783,0
12239,12,train,239,36,982.0,2,158.5,0,0,6,-0.45999999999999996,1.4448704719543457,0
12240,12,train,240,36,1000.0,2,159.5,0,0,6,-0.45999999999999996,1.0659574270248413,0
12241,12,train,241,36,1018.0,2,160.5,0,0,6,-0.45999999999999996,1.010824203491211,0
12242,12,train,242,36,1036.0,2,161.5,0,0,6,-0.45999999999999996,1.6045273542404175,0
12243,12,train,243,37,1055.5,2,162.5,0,0,6,-0.47,1.2251791954040527,0
12244,12,train,244,38,1075.5,2,163.5,0,0,6,-0.48,1.269603967666626,0
12245,12,train,245,38,1094.5,2,164.5,0,0,6,-0.48,0.8402948379516602,0
12246,12,train,246,38,1113.5,2,165.5,0,0,6,-0.48,0.7771196365356445,0
12247,12,train,247,38,1132.5,2,166.5,0,0,6,-0.48,0.856552004814148,0
12248,12,train,248,38,1151.5,2,167.5,0,0,6,-0.48,1.309441089630127,0
12249,12,train,249,38,1170.5,2,168.5,0,0,6,-0.48,1.1526117324829102,0
12250,12,train,250,38,1189.5,2,169.5,0,0,6,-0.48,0.678493082523346,0
12251,12,train,251,38,1208.5,2,170.5,0,0,6,-0.48,0.8800948858261108,0
12252,12,train,252,38,1227.5,2,171.5,0,0,6,-0.48,1.1240286827087402,0
12253,12,train,253,38,1246.5,2,172.5,0,0,6,-0.48,1.2712628841400146,0
12254,12,train,254,39,1267.0,2,173.5,0,0,6,-0.49,0.9449288845062256,0
12255,12,train,255,40,1288.0,2,174.5,0,1,6,-0.5,1.125688910484314,0
12256,12,train,256,40,1308.0,2,175.5,0,2,6,-0.5,1.0338923931121826,0
12257,12,train,257,40,1328.0,3,178.0,0,0,6,-0.55,1.3618661165237427,0
12258,12,train,258,40,1348.0,3,179.5,0,0,6,-0.55,0.5988267660140991,0
12259,12,train,259,40,1368.0,3,181.0,0,2,6,-0.55,1.1680419445037842,0
12260,12,train,260,40,1388.0,3,182.5,0,0,6,-0.55,1.1263768672943115,0
12261,12,train,261,40,1408.0,4,185.5,0,0,6,-0.6000000000000001,1.0163815021514893,0
12262,12,train,262,40,1428.0,4,187.5,0,1,6,-0.6000000000000001,1.1623517274856567,0
12263,12,train,263,40,1448.0,5,191.0,0,0,6,-0.65,0.948722243309021,0
12264,12,train,264,41,1469.5,6,195.0,0,0,6,-0.71,0.838454008102417,0
12265,12,train,265,41,1490.0,6,198.0,0,1,7,-0.71,1.0013818740844727,1
12266,12,train,266,41,1510.5,6,201.0,0,1,7,-0.71,1.262969970703125,0
12267,12,train,267,41,1531.0,6,204.0,0,0,7,-0.71,1.3443422317504883,0
12268,12,train,268,41,1551.5,6,207.0,0,2,7,-0.71,1.1581714153289795,0
12269,12,train,269,41,1572.0,6,210.0,0,1,7,-0.71,0.9498130083084106,0
12270,12,train,270,41,1592.5,6,213.0,0,0,7,-0.71,0.9218142032623291,0
12271,12,train,271,41,1613.0,6,216.0,0,2,7,-0.71,1.1432377099990845,0
12272,12,train,272,42,1635.0,6,219.0,0,1,7,-0.72,0.9926618337631226,0
12273,12,train,273,43,1657.5,6,222.0,0,0,7,-0.73,1.2287206649780273,0
12274,12,train,274,44,1680.5,7,226.5,0,2,7,-0.79,0.8180001378059387,0
12275,12,train,275,45,1704.0,7,230.0,0,1,7,-0.8,0.3227253258228302,0
12276,12,train,276,46,1728.0,8,235.0,0,0,7,-0.8600000000000001,0.6829380989074707,0
12277,12,train,277,44,1557.0,8,239.0,0,1,8,-0.8400000000000001,1.0626189708709717,0
12278,12,train,278,41,1407.0,8,243.0,0,1,8,-0.81,0.8696522116661072,0
12279,12,train,279,38,1303.0,8,247.0,0,0,8,-0.78,0.6928838491439819,0
12280,12,train,280,36,1246.0,8,251.0,0,1,8,-0.76,0.7413774728775024,0
12281,12,train,281,36,1264.0,8,255.0,0,1,8,-0.76,0.9623340368270874,0
12282,12,train,282,35,1247.0,9,260.5,0,1,8,-0.8,1.282303810119629,0
12283,12,train,283,36,1266.0,10,266.5,0,1,8,-0.86,0.971163272857666,0
12284,12,train,284,37,1261.0,9,269.5,0,2,8,-0.8200000000000001,1.1657593250274658,0
12285,12,train,285,38,1281.0,10,275.5,0,0,8,-0.88,0.9521617889404297,0
12286,12,train,286,39,1301.5,10,280.5,0,1,8,-0.89,1.0223394632339478,0
12287,12,train,287,39,1305.0,11,287.0,0,1,8,-0.9400000000000001,0.9046854972839355,0
12288,12,train,288,40,1326.0,11,292.5,0,0,9,-0.9500000000000001,1.467291235923767,1
12289,12,train,289,40,1346.0,11,298.0,0,1,9,-0.9500000000000001,0.9398403167724609,0
12290,12,train,290,43,1370.5,13,306.5,0,0,9,-1.08,0.767288863658905,0
12291,12,train,291,45,1395.0,12,311.0,0,0,9,-1.05,1.3143128156661987,0
12292,12,train,292,46,1419.0,12,317.0,0,0,9,-1.06,0.9843770265579224,0
12293,12,train,293,47,1443.5,12,323.0,0,0,9,-1.0699999999999998,0.4509521722793579,0
12294,12,train,294,41,1073.0,9,270.0,0,1,0,-0.86,1.218159556388855,0
12295,12,train,295,40,934.0,9,274.5,0,0,0,-0.8500000000000001,0.8856321573257446,0
12296,12,train,296,38,800.5,9,279.0,0,0,0,-0.8300000000000001,0.9881668090820312,0
12297,12,train,297,37,684.0,9,283.5,0,0,0,-0.8200000000000001,0.9596557021141052,0
12298,12,train,298,39,705.5,10,289.5,0,0,0,-0.89,0.8386666178703308,0
12299,12,train,299,35,620.0,9,292.5,0,0,0,-0.8,0.9165772795677185,0
12300,12,train,300,33,563.5,9,297.0,0,0,0,-0.78,1.121179223060608,0
12301,12,train,301,33,537.5,9,301.5,0,0,0,-0.78,1.312394380569458,0
12302,12,train,302,32,543.5,8,190.5,0,0,0,-0.72,0.5994925498962402,0
12303,12,train,303,30,536.0,6,158.0,0,0,0,-0.6,0.7321975827217102,0
12304,12,train,304,29,543.5,6,161.0,0,1,0,-0.59,1.2499701976776123,0
12305,12,train,305,29,558.0,5,147.0,0,2,0,-0.54,1.090630054473877,0
12306,12,train,306,30,574.0,5,149.5,0,0,0,-0.55,1.129974126815796,0
12307,12,train,307,31,590.5,5,152.0,0,0,0,-0.56,1.0518757104873657,0
12308,12,train,308,31,606.0,5,154.5,0,0,0,-0.56,1.3152210712432861,0
12309,12,train,309,32,623.0,5,157.0,0,0,0,-0.5700000000000001,0.9388571977615356,0
12310,12,train,310,33,640.5,5,159.5,0,0,0,-0.5800000000000001,0.9079278111457825,0
12311,12,train,311,33,657.0,5,162.0,0,1,0,-0.5800000000000001,1.3210313320159912,0
12312,12,train,312,34,675.0,4,148.0,0,0,0,-0.54,0.8475687503814697,0
12313,12,train,313,34,692.0,3,31.0,0,0,0,-0.49,0.9706145524978638,0
12314,12,train,314,35,710.5,3,32.5,0,0,0,-0.5,0.8299473524093628,0
12315,12,train,315,35,728.0,3,34.0,0,2,0,-0.5,0.8138865232467651,0
12316,12,train,316,35,745.5,3,35.5,0,2,0,-0.5,0.9659759998321533,0
12317,12,train,317,35,763.0,3,37.0,0,0,0,-0.5,0.6671897172927856,0
12318,12,train,318,36,782.0,3,38.5,0,0,0,-0.51,1.185833215713501,0
12319,12,train,319,36,800.0,3,40.0,0,0,0,-0.51,1.3842847347259521,0
12320,12,train,320,36,818.0,3,41.5,0,0,0,-0.51,0.9217386245727539,0
12321,12,train,321,37,837.5,3,43.0,0,0,0,-0.52,0.8475185632705688,0
12322,12,train,322,37,856.0,3,44.5,0,0,0,-0.52,0.9988365173339844,0
12323,12,train,323,37,874.5,3,46.0,0,0,0,-0.52,0.8771698474884033,0
12324,12,train,324,37,893.0,3,47.5,0,4,0,-0.52,0.8314549922943115,0
12325,12,train,325,37,911.5,3,49.0,0,0,0,-0.52,1.320075273513794,0
12326,12,train,326,37,930.0,3,50.5,0,0,0,-0.52,1.1872057914733887,0
12327,12,train,327,37,948.5,3,52.0,0,0,0,-0.52,1.0137584209442139,0
12328,12,train,328,37,960.0,3,53.5,0,0,0,-0.52,1.2700495719909668,0
12329,12,train,329,35,931.5,3,55.0,0,0,0,-0.5,1.038813591003418,0
12330,12,train,330,35,949.0,3,56.5,0,0,0,-0.5,1.16782808303833,0
12331,12,train,331,33,923.0,3,58.0,0,0,0,-0.48,1.1508443355560303,0
12332,12,train,332,33,939.5,3,59.5,0,0,0,-0.48,0.8570064306259155,0
12333,12,train,333,31,907.0,3,61.0,0,1,0,-0.45999999999999996,1.2438182830810547,0
12334,12,train,334,31,922.5,3,62.5,0,0,0,-0.45999999999999996,1.061539649963379,0
12335,12,train,335,31,938.0,3,64.0,0,0,0,-0.45999999999999996,1.2581075429916382,0
12336,12,train,336,31,953.5,3,65.5,0,0,0,-0.45999999999999996,0.6436407566070557,0
12337,12,train,337,32,970.5,3,67.0,0,1,0,-0.47,1.1227073669433594,0
12338,12,train,338,32,986.5,3,68.5,0,0,0,-0.47,1.0781354904174805,0
12339,12,train,339,33,1004.0,3,70.0,0,0,0,-0.48,1.205864429473877,0
12340,12,train,340,34,1022.0,3,71.5,0,0,0,-0.49,0.7235455513000488,0
12341,12,train,341,34,1039.0,3,73.0,0,0,0,-0.49,0.9460736513137817,0
12342,12,train,342,34,1056.0,3,74.5,0,0,0,-0.49,0.825585126876831,0
12343,12,train,343,35,1074.5,3,76.0,0,1,0,-0.5,1.1615138053894043,0
12344,12,train,344,33,927.0,3,77.5,0,0,1,-0.48,1.105135440826416,0
12345,12,train,345,31,885.5,3,79.0,0,0,1,-0.45999999999999996,0.5735093951225281,0
12346,12,train,346,31,901.0,3,80.5,0,0,1,-0.45999999999999996,1.2578188180923462,0
12347,12,train,347,32,918.0,3,82.0,0,0,1,-0.47,1.3094202280044556,0
12348,12,train,348,33,935.5,3,83.5,0,0,1,-0.48,0.7392358779907227,0
12349,12,train,349,33,952.0,3,85.0,0,0,1,-0.48,0.7943870425224304,0
12350,12,train,350,32,965.5,3,86.5,0,0,1,-0.47,0.9853594899177551,0
12351,12,train,351,32,981.5,3,88.0,0,0,1,-0.47,1.3276393413543701,0
12352,12,train,352,32,997.5,3,89.5,0,0,1,-0.47,1.0380874872207642,0
12353,12,train,353,32,1013.5,3,91.0,0,3,1,-0.47,0.9243931174278259,0
12354,12,train,354,32,1029.5,3,92.5,0,0,1,-0.47,1.1391373872756958,0
12355,12,train,355,32,1045.5,3,94.0,0,0,1,-0.47,0.83390212059021,0
12356,12,train,356,33,1063.0,3,95.5,0,0,1,-0.48,1.062082290649414,0
12357,12,train,357,35,1082.5,3,97.0,0,0,1,-0.5,1.1613686084747314,0
12358,12,train,358,38,1104.5,3,98.5,0,0,1,-0.53,1.50211501121521,0
12359,12,train,359,39,1125.0,3,100.0,0,0,1,-0.54,1.346299171447754,0
12360,12,train,360,40,1146.0,3,101.5,0,0,1,-0.55,0.9371334314346313,0
12361,12,train,361,39,1164.0,3,103.0,0,0,1,-0.54,1.1738865375518799,0
12362,12,train,362,39,1183.5,3,104.5,0,2,1,-0.54,1.035973072052002,0
12363,12,train,363,39,1203.0,3,106.0,0,0,1,-0.54,0.7979051470756531,0
12364,12,train,364,39,1222.5,3,107.5,0,0,1,-0.54,1.0680197477340698,0
12365,12,train,365,39,1242.0,3,109.0,0,0,1,-0.54,1.3477952480316162,0
12366,12,train,366,39,1261.5,3,110.5,0,2,1,-0.54,1.158193588256836,0
12367,12,train,367,38,1267.5,3,112.0,0,0,1,-0.53,1.0374586582183838,0
12368,12,train,368,38,1286.5,3,113.5,0,0,1,-0.53,1.0348241329193115,0
12369,12,train,369,39,1307.0,3,115.0,0,0,1,-0.54,0.8774932622909546,0
12370,12,train,370,40,1328.0,3,116.5,0,0,1,-0.55,1.022796630859375,0
12371,12,train,371,40,1348.0,3,118.0,0,0,1,-0.55,1.0393269062042236,0
12372,12,train,372,40,1368.0,3,119.5,0,0,1,-0.55,1.5486950874328613,0
12373,12,train,373,40,1388.0,3,121.0,0,0,1,-0.55,0.7600827217102051,0
12374,12,train,374,40,1408.0,3,122.5,0,2,1,-0.55,1.0183875560760498,0
12375,12,train,375,40,1428.0,3,124.0,0,0,1,-0.55,1.434035301208496,0
12376,12,train,376,40,1448.0,4,127.0,0,0,1,-0.6000000000000001,0.7686082720756531,0
12377,12,train,377,39,1420.0,4,129.0,0,2,1,-0.5900000000000001,1.416089415550232,0
12378,12,train,378,39,1439.5,4,131.0,0,1,1,-0.5900000000000001,1.3118524551391602,0
12379,12,train,379,40,1460.5,4,133.0,0,0,1,-0.6000000000000001,1.242643117904663,0
12380,12,train,380,40,1480.5,4,135.0,0,2,1,-0.6000000000000001,1.2959513664245605,0
12381,12,train,381,40,1500.5,4,137.0,0,0,1,-0.6000000000000001,1.1873730421066284,0
12382,12,train,382,40,1520.5,4,139.0,0,0,1,-0.6000000000000001,1.2569899559020996,0
12383,12,train,383,40,1540.5,5,142.5,0,1,1,-0.65,1.3351433277130127,0
12384,12,train,384,40,1560.5,5,145.0,0,0,1,-0.65,1.0265706777572632,0
12385,12,train,385,40,1580.5,6,149.0,0,0,1,-0.7,0.9550961852073669,0
12386,12,train,386,40,1600.5,6,152.0,0,0,1,-0.7,0.8037493824958801,0
12387,12,train,387,40,1620.5,6,155.0,0,0,1,-0.7,1.0815085172653198,0
12388,12,train,388,41,1642.0,6,158.0,0,1,1,-0.71,1.6242680549621582,0
12389,12,train,389,41,1662.5,6,161.0,0,3,1,-0.71,1.1667399406433105,0
12390,12,train,390,41,1683.0,6,164.0,0,0,1,-0.71,1.0677402019500732,0
12391,12,train,391,41,1703.5,6,167.0,0,0,2,-0.71,1.3006929159164429,1
12392,12,train,392,41,1724.0,6,170.0,0,2,2,-0.71,1.0827757120132446,0
12393,12,train,393,41,1744.5,6,173.0,0,0,2,-0.71,1.365996241569519,0
12394,12,train,394,42,1766.5,6,176.0,0,1,2,-0.72,0.9470487833023071,0
12395,12,train,395,42,1787.5,6,179.0,0,1,2,-0.72,1.4619044065475464,0
12396,12,train,396,43,1810.0,6,182.0,0,0,2,-0.73,1.0603935718536377,0
12397,12,train,397,43,1831.5,6,185.0,0,0,2,-0.73,1.1133877038955688,0
12398,12,train,398,44,1854.5,6,188.0,0,1,2,-0.74,0.7461215257644653,0
12399,12,train,399,45,1878.0,6,191.0,0,0,2,-0.75,1.1926310062408447,0
12400,12,train,400,46,1902.0,6,194.0,0,1,2,-0.76,1.1232011318206787,0
12401,12,train,401,48,1928.0,6,197.0,0,0,2,-0.78,1.1157011985778809,0
12402,12,train,402,48,1952.0,6,200.0,0,0,2,-0.78,1.385085105895996,0
12403,12,train,403,46,1740.0,6,203.0,0,1,3,-0.76,0.8803777098655701,0
12404,12,train,404,45,1581.5,6,206.0,0,0,3,-0.75,1.1274627447128296,0
12405,12,train,405,43,1498.0,6,209.0,0,0,3,-0.73,0.7414569854736328,0
12406,12,train,406,41,1467.0,6,212.0,0,2,3,-0.71,1.0234792232513428,0
12407,12,train,407,42,1489.0,6,215.0,0,2,3,-0.72,0.8567699193954468,0
12408,12,train,408,42,1510.0,6,218.0,0,0,3,-0.72,1.367693305015564,0
12409,12,train,409,42,1531.0,6,221.0,0,0,3,-0.72,1.2219034433364868,0
12410,12,train,410,43,1553.5,6,224.0,0,4,3,-0.73,0.834553062915802,0
12411,12,train,411,43,1575.0,6,227.0,0,0,3,-0.73,0.8275173902511597,0
12412,12,train,412,44,1598.0,6,230.0,0,1,3,-0.74,1.156079649925232,0
12413,12,train,413,44,1620.0,6,233.0,0,2,3,-0.74,1.154374361038208,0
12414,12,train,414,44,1642.0,6,236.0,0,0,4,-0.74,1.1298327445983887,1
12415,12,train,415,45,1665.5,6,239.0,0,0,4,-0.75,0.7963955402374268,0
12416,12,train,416,46,1689.5,6,242.0,0,2,4,-0.76,1.1820547580718994,0
12417,12,train,417,46,1712.5,6,245.0,0,1,4,-0.76,1.425696849822998,0
12418,12,train,418,47,1737.0,6,248.0,0,1,4,-0.77,0.833717942237854,0
12419,12,train,419,47,1760.5,6,251.0,0,0,4,-0.77,0.7142301797866821,0
12420,12,train,420,48,1785.5,6,254.0,0,2,4,-0.78,1.491304636001587,0
12421,12,train,421,48,1809.5,6,257.0,0,2,4,-0.78,0.6709346175193787,0
12422,12,train,422,48,1833.5,6,260.0,0,1,4,-0.78,0.8960911631584167,0
12423,12,train,423,48,1857.5,6,263.0,0,0,4,-0.78,1.2067101001739502,0
12424,12,train,424,50,1884.5,6,266.0,0,1,4,-0.8,0.8356671333312988,0
12425,12,train,425,50,1909.5,6,269.0,0,1,4,-0.8,0.8592227101325989,0
12426,12,train,426,46,1643.0,3,200.5,0,1,5,-0.61,1.417129397392273,0
12427,12,train,427,43,1407.0,3,202.0,0,0,5,-0.58,0.9517929553985596,0
12428,12,train,428,39,1209.5,3,203.5,0,0,5,-0.54,1.0178145170211792,0
12429,12,train,429,38,1087.5,3,205.0,0,0,5,-0.53,0.5093247294425964,0
12430,12,train,430,38,1065.5,3,206.5,0,1,5,-0.53,1.4305076599121094,0
12431,12,train,431,35,940.0,3,208.0,0,0,5,-0.5,0.9106498956680298,0
12432,12,train,432,31,843.5,2,139.0,0,0,5,-0.41000000000000003,0.6794061660766602,0
12433,12,train,433,28,767.5,2,140.0,0,0,5,-0.38,0.8151544332504272,0
12434,12,train,434,27,760.5,2,141.0,0,1,5,-0.37,1.266552209854126,0
12435,12,train,435,27,752.0,2,142.0,0,0,5,-0.37,0.7099612355232239,0
12436,12,train,436,25,750.0,1,74.5,0,1,5,-0.3,0.8859726786613464,0
12437,12,train,437,25,762.5,1,75.0,0,0,5,-0.3,0.927386999130249,0
12438,12,train,438,25,775.0,1,75.5,1,0,5,-0.3,0.8661395311355591,0
12439,12,train,439,25,787.5,1,76.0,0,0,5,-0.3,0.9427703619003296,0
12440,12,train,440,25,800.0,0,0.0,0,1,5,-0.25,1.3452069759368896,0
12441,12,train,441,25,812.5,0,0.0,0,0,5,-0.25,1.0800933837890625,0
12442,12,train,442,25,825.0,0,0.0,0,0,5,-0.25,1.350499153137207,0
12443,12,train,443,26,839.0,0,0.0,0,0,5,-0.26,1.2069072723388672,0
12444,12,train,444,27,853.5,0,0.0,0,0,5,-0.27,1.0953068733215332,0
12445,12,train,445,27,867.0,0,0.0,0,1,5,-0.27,0.881242036819458,0
12446,12,train,446,28,882.0,0,0.0,0,0,5,-0.28,1.0747463703155518,0
12447,12,train,447,28,896.0,0,0.0,0,1,5,-0.28,0.7372021675109863,0
12448,12,train,448,28,910.0,0,0.0,0,0,5,-0.28,0.9244914650917053,0
12449,12,train,449,29,925.5,0,0.0,0,0,5,-0.29,1.3419350385665894,0
12450,12,train,450,29,940.0,0,0.0,0,2,5,-0.29,0.6528856754302979,0
12451,12,train,451,29,954.5,0,0.0,0,0,5,-0.29,0.7601542472839355,0
12452,12,train,452,29,969.0,0,0.0,0,0,5,-0.29,1.0487784147262573,0
12453,12,train,453,29,983.5,0,0.0,0,1,5,-0.29,0.41667261719703674,0
12454,12,train,454,29,998.0,0,0.0,0,0,5,-0.29,1.0922152996063232,0
12455,12,train,455,29,1012.5,0,0.0,0,0,5,-0.29,0.49635255336761475,0
12456,12,train,456,30,1028.5,0,0.0,0,0,5,-0.3,0.5161259770393372,0
12457,12,train,457,30,1043.5,0,0.0,0,0,5,-0.3,1.0258255004882812,0
12458,12,train,458,30,1058.5,0,0.0,0,0,5,-0.3,1.3310441970825195,0
12459,12,train,459,30,1073.5,0,0.0,0,1,5,-0.3,1.042255163192749,0
12460,12,train,460,30,1088.5,0,0.0,0,0,5,-0.3,1.0604487657546997,0
12461,12,train,461,31,1105.0,1,1.5,0,1,5,-0.36,1.2145065069198608,0
12462,12,train,462,31,1120.5,1,2.0,0,0,5,-0.36,1.3313090801239014,0
12463,12,train,463,31,1136.0,1,2.5,0,0,5,-0.36,1.2785831689834595,0
12464,12,train,464,31,1151.5,1,3.0,0,2,5,-0.36,0.7669397592544556,0
12465,12,train,465,32,1168.5,1,3.5,0,0,5,-0.37,1.3516086339950562,0
12466,12,train,466,32,1184.5,1,4.0,0,0,5,-0.37,0.6911278963088989,0
12467,12,train,467,33,1202.0,1,4.5,0,0,5,-0.38,1.1553013324737549,0
12468,12,train,468,33,1218.5,0,0.0,0,1,5,-0.33,0.5580809116363525,0
12469,12,train,469,33,1235.0,0,0.0,0,0,5,-0.33,1.0285100936889648,0
12470,12,train,470,33,1251.5,1,1.5,0,0,5,-0.38,0.7727620601654053,0
12471,12,train,471,33,1268.0,1,2.0,0,1,5,-0.38,1.3863599300384521,0
12472,12,train,472,33,1284.5,1,2.5,0,0,5,-0.38,1.0273674726486206,0
12473,12,train,473,32,1287.5,1,3.0,0,0,5,-0.37,0.9085720181465149,0
12474,12,train,474,33,1305.0,0,0.0,0,0,5,-0.33,0.5144038200378418,0
12475,12,train,475,34,1323.0,0,0.0,0,0,5,-0.34,1.0198838710784912,0
12476,12,train,476,32,1161.5,0,0.0,0,0,6,-0.32,1.0815205574035645,0
12477,12,train,477,30,1095.0,0,0.0,0,1,6,-0.3,0.8070250153541565,0
12478,12,train,478,30,1110.0,0,0.0,0,0,6,-0.3,0.6438066959381104,0
12479,12,train,479,30,1125.0,0,0.0,0,0,6,-0.3,1.1143673658370972,0
12480,12,train,480,30,1140.0,0,0.0,0,0,6,-0.3,0.8740835785865784,0
12481,12,train,481,30,1155.0,0,0.0,0,1,6,-0.3,1.3892384767532349,0
12482,12,train,482,30,1170.0,0,0.0,0,0,6,-0.3,0.5804376602172852,0
12483,12,train,483,30,1185.0,1,1.5,0,0,6,-0.35,1.010256290435791,0
12484,12,train,484,30,1200.0,1,2.0,0,0,6,-0.35,0.74856036901474,0
12485,12,train,485,31,1216.5,2,4.0,0,1,6,-0.41000000000000003,0.8976032733917236,0
12486,12,train,486,32,1233.5,2,5.0,0,0,6,-0.42000000000000004,1.0411244630813599,0
12487,12,train,487,32,1249.5,2,6.0,0,0,6,-0.42000000000000004,1.1621572971343994,0
12488,12,train,488,32,1265.5,5,11.5,0,0,6,-0.5700000000000001,0.9491102695465088,0
12489,12,train,489,32,1281.5,5,13.5,0,0,6,-0.5700000000000001,1.2208677530288696,0
12490,12,train,490,32,1297.5,5,16.0,0,0,6,-0.5700000000000001,1.3299552202224731,0
12491,12,train,491,32,1313.5,5,18.5,0,0,6,-0.5700000000000001,0.79300856590271,0
12492,12,train,492,32,1329.5,5,19.5,0,1,6,-0.5700000000000001,1.230701208114624,0
12493,12,train,493,32,1345.5,5,22.0,0,0,6,-0.5700000000000001,0.5035101175308228,0
12494,12,train,494,32,1361.5,5,24.5,0,0,6,-0.5700000000000001,1.1969645023345947,0
12495,12,train,495,36,1383.5,6,28.5,0,1,6,-0.6599999999999999,0.8607451915740967,0
12496,12,train,496,36,1401.5,6,31.0,0,0,6,-0.6599999999999999,0.7451359033584595,0
12497,12,train,497,38,1422.5,6,34.0,0,1,6,-0.6799999999999999,1.0943725109100342,0
12498,12,train,498,38,1441.5,6,37.0,0,0,6,-0.6799999999999999,0.6817496418952942,0
12499,12,train,499,38,1460.5,6,40.0,0,1,6,-0.6799999999999999,0.844062089920044,0
12500,12,train,500,38,1479.5,6,43.0,0,0,6,-0.6799999999999999,1.4568076133728027,0
12501,12,train,501,38,1498.5,6,46.0,0,0,6,-0.6799999999999999,0.7119698524475098,0
12502,12,train,502,39,1519.0,6,49.0,0,0,6,-0.69,1.185698390007019,0
12503,12,train,503,40,1540.0,6,52.0,0,0,6,-0.7,1.4612946510314941,0
12504,12,train,504,40,1560.0,6,55.0,0,0,6,-0.7,1.1953593492507935,0
12505,12,train,505,41,1581.5,6,58.0,0,0,6,-0.71,0.7272022366523743,0
12506,12,train,506,42,1603.5,6,61.0,0,2,6,-0.72,1.2669732570648193,0
12507,12,train,507,42,1624.5,6,64.0,0,0,6,-0.72,1.1832131147384644,0
12508,12,train,508,42,1645.5,6,67.0,0,0,6,-0.72,0.868460476398468,0
12509,12,train,509,42,1666.5,6,70.0,0,2,7,-0.72,0.7547346353530884,1
12510,12,train,510,42,1687.5,6,73.0,0,0,7,-0.72,0.5994573831558228,0
12511,12,train,511,42,1708.5,6,76.0,0,0,7,-0.72,1.1388403177261353,0
12512,12,train,512,42,1729.5,6,79.0,0,2,7,-0.72,0.8164751529693604,0
12513,12,train,513,42,1750.5,6,82.0,0,0,7,-0.72,0.9614567160606384,0
12514,12,train,514,43,1773.0,7,86.5,0,0,7,-0.78,0.8587775826454163,0
12515,12,train,515,44,1796.0,7,90.0,0,2,7,-0.79,0.8402367830276489,0
12516,12,train,516,44,1818.0,7,93.5,1,1,7,-0.79,0.9928278923034668,0
12517,12,train,517,44,1840.0,7,97.0,0,0,7,-0.79,1.1277289390563965,0
12518,12,train,518,44,1862.0,7,100.5,0,2,7,-0.79,1.0913574695587158,0
12519,12,train,519,44,1884.0,7,104.0,0,0,7,-0.79,1.137948751449585,0
12520,12,train,520,44,1906.0,7,107.5,0,0,7,-0.79,1.3530832529067993,0
12521,12,train,521,42,1698.0,7,111.0,0,2,8,-0.77,1.3919848203659058,0
12522,12,train,522,39,1373.5,7,114.5,0,0,8,-0.74,1.128137230873108,0
12523,12,train,523,36,1164.0,7,118.0,0,0,8,-0.71,1.3651630878448486,0
12524,12,train,524,35,1043.0,7,121.5,0,1,8,-0.7,0.9754071831703186,0
12525,12,train,525,35,1060.5,7,125.0,0,0,8,-0.7,1.1888622045516968,0
12526,12,train,526,34,1015.0,7,128.5,0,0,8,-0.69,1.3145244121551514,0
12527,12,train,527,33,1004.0,7,132.0,0,1,8,-0.6799999999999999,0.9911273121833801,0
12528,12,train,528,33,1020.5,7,135.5,0,1,8,-0.6799999999999999,0.5944896936416626,0
12529,12,train,529,32,1013.5,7,139.0,0,0,8,-0.6699999999999999,1.2429672479629517,0
12530,12,train,530,31,1015.5,7,142.5,0,1,8,-0.6599999999999999,0.8959819078445435,0
12531,12,train,531,31,1031.0,7,146.0,0,1,8,-0.6599999999999999,1.4868104457855225,0
12532,12,train,532,31,1042.5,7,149.5,0,2,8,-0.6599999999999999,1.3112633228302002,0
12533,12,train,533,31,1058.0,7,153.0,0,0,8,-0.6599999999999999,1.0998896360397339,0
12534,12,train,534,32,1075.0,7,156.5,0,3,8,-0.6699999999999999,1.3574090003967285,0
12535,12,train,535,32,1091.0,8,161.5,0,0,8,-0.72,1.1765238046646118,0
12536,12,train,536,33,1108.5,8,165.5,0,1,8,-0.73,0.8760590553283691,0
12537,12,train,537,35,1128.0,8,169.5,0,1,8,-0.75,0.9657765626907349,0
12538,12,train,538,36,1147.0,8,173.5,0,2,8,-0.76,0.8178962469100952,0
12539,12,train,539,37,1166.5,8,177.5,0,1,8,-0.77,1.2121069431304932,0
12540,12,train,540,37,1185.0,8,181.5,0,2,8,-0.77,0.9937692880630493,0
12541,12,train,541,37,1203.5,8,185.5,0,1,8,-0.77,0.9968136548995972,0
12542,12,train,542,38,1223.5,8,189.5,1,0,8,-0.78,1.2255549430847168,0
12543,12,train,543,38,1242.5,8,193.5,0,2,9,-0.78,0.5790148973464966,1
12544,12,train,544,40,1264.5,8,197.5,0,0,9,-0.8,1.1568338871002197,0
12545,12,train,545,40,1284.5,8,201.5,0,1,9,-0.8,1.2100603580474854,0
12546,12,train,546,40,1304.5,8,205.5,0,2,9,-0.8,1.388596534729004,0
12547,12,train,547,41,1326.0,8,209.5,0,0,9,-0.81,0.5721202492713928,0
12548,12,train,548,42,1348.0,8,213.5,0,0,9,-0.8200000000000001,0.5768786668777466,0
12549,12,train,549,40,1149.0,6,190.0,0,2,0,-0.7,1.248793601989746,0
12550,12,train,550,37,987.0,6,193.0,0,0,0,-0.6699999999999999,1.1899077892303467,0
12551,12,train,551,35,837.5,6,196.0,0,1,0,-0.6499999999999999,1.0956612825393677,0
12552,12,train,552,34,718.5,6,199.0,0,1,0,-0.64,1.3629735708236694,0
12553,12,train,553,35,737.0,6,202.0,0,0,0,-0.6499999999999999,0.5841514468193054,0
12554,12,train,554,33,641.5,6,205.0,0,1,0,-0.63,0.9856417179107666,0
12555,12,train,555,30,582.5,6,208.0,0,1,0,-0.6,0.561509907245636,0
12556,12,train,556,29,574.0,5,173.0,0,1,0,-0.54,1.247990369796753,0
12557,12,train,557,30,568.5,5,175.5,0,1,0,-0.55,1.1702055931091309,0
12558,12,train,558,27,563.0,4,143.5,0,0,0,-0.47000000000000003,1.214787244796753,0
12559,12,train,559,28,578.0,2,70.0,0,1,0,-0.38,0.9452899694442749,0
12560,12,train,560,28,592.0,2,71.0,0,0,0,-0.38,0.7691797018051147,0
12561,12,train,561,29,607.5,2,72.0,1,0,0,-0.39,1.0358914136886597,0
12562,12,train,562,29,622.0,2,73.0,0,0,0,-0.39,1.0005080699920654,0
12563,12,train,563,30,638.0,2,74.0,0,0,0,-0.4,1.3407478332519531,0
12564,12,train,564,30,653.0,2,75.0,0,0,0,-0.4,1.0756946802139282,0
12565,12,train,565,31,669.5,2,76.0,0,1,0,-0.41000000000000003,0.8367891311645508,0
12566,12,train,566,32,686.5,2,77.0,0,0,0,-0.42000000000000004,1.2719223499298096,0
12567,12,train,567,33,704.0,2,78.0,0,0,0,-0.43000000000000005,1.0346412658691406,0
12568,12,train,568,33,720.5,2,79.0,0,0,0,-0.43000000000000005,1.257248878479004,0
12569,12,train,569,33,737.0,2,80.0,0,0,0,-0.43000000000000005,1.3053045272827148,0
12570,12,train,570,34,755.0,2,81.0,0,0,0,-0.44000000000000006,1.1047357320785522,0
12571,12,train,571,34,772.0,2,82.0,0,1,0,-0.44000000000000006,1.1899267435073853,0
12572,12,train,572,33,761.0,2,83.0,0,0,0,-0.43000000000000005,1.2670965194702148,0
12573,12,train,573,32,764.0,2,84.0,1,0,0,-0.42000000000000004,1.0543924570083618,0
12574,12,train,574,30,765.0,2,85.0,0,0,0,-0.4,1.2517197132110596,0
12575,12,train,575,29,768.0,2,86.0,0,1,0,-0.39,1.1671298742294312,0
12576,12,train,576,29,782.5,2,87.0,0,2,0,-0.39,0.49739527702331543,0
12577,12,train,577,28,788.5,2,88.0,0,0,0,-0.38,1.1407229900360107,0
12578,12,train,578,28,802.5,2,89.0,0,0,0,-0.38,1.074418306350708,0
12579,12,train,579,30,819.5,2,90.0,0,0,0,-0.4,1.1798648834228516,0
12580,12,train,580,31,836.0,2,91.0,0,1,0,-0.41000000000000003,1.0145831108093262,0
12581,12,train,581,31,851.5,2,92.0,0,1,0,-0.41000000000000003,1.2071692943572998,0
12582,12,train,582,32,868.5,2,93.0,0,1,0,-0.42000000000000004,1.1129454374313354,0
12583,12,train,583,33,886.0,2,94.0,0,0,0,-0.43000000000000005,0.541642963886261,0
12584,12,train,584,34,904.0,2,95.0,0,0,0,-0.44000000000000006,1.0973646640777588,0
12585,12,train,585,34,921.0,2,96.0,0,0,0,-0.44000000000000006,1.4434257745742798,0
12586,12,train,586,35,939.5,2,97.0,0,1,0,-0.44999999999999996,0.9020152688026428,0
12587,12,train,587,35,957.0,2,98.0,0,0,0,-0.44999999999999996,1.3522791862487793,0
12588,12,train,588,34,972.0,2,99.0,0,0,0,-0.44000000000000006,0.8898800611495972,0
12589,12,train,589,34,989.0,2,100.0,0,0,0,-0.44000000000000006,0.8738580346107483,0
12590,12,train,590,34,997.5,2,101.0,0,0,0,-0.44000000000000006,0.9340779781341553,0
12591,12,train,591,34,1014.5,2,102.0,0,0,0,-0.44000000000000006,1.1612510681152344,0
12592,12,train,592,32,977.0,2,103.0,0,0,0,-0.42000000000000004,1.159472942352295,0
12593,12,train,593,32,993.0,2,104.0,0,1,0,-0.42000000000000004,1.150083303451538,0
12594,12,train,594,32,1009.0,2,105.0,0,0,0,-0.42000000000000004,0.928061842918396,0
12595,12,train,595,32,1025.0,2,106.0,0,0,0,-0.42000000000000004,0.938879132270813,0
12596,12,train,596,32,1041.0,2,107.0,0,0,0,-0.42000000000000004,0.803680419921875,0
12597,12,train,597,32,1057.0,2,108.0,0,0,0,-0.42000000000000004,1.233457088470459,0
12598,12,train,598,32,1073.0,2,109.0,0,0,0,-0.42000000000000004,0.8674519062042236,0
12599,12,train,599,31,987.5,2,110.0,0,0,1,-0.41000000000000003,1.1431407928466797,0
12600,12,train,600,31,1003.0,2,111.0,0,1,1,-0.41000000000000003,1.2831528186798096,0
12601,12,train,601,31,1018.5,2,112.0,0,2,1,-0.41000000000000003,0.6581180691719055,0
12602,12,train,602,32,1035.5,2,113.0,0,0,1,-0.42000000000000004,1.3426719903945923,0
12603,12,train,603,32,1051.5,2,114.0,0,0,1,-0.42000000000000004,0.8908511400222778,0
12604,12,train,604,32,1067.5,2,115.0,0,1,1,-0.42000000000000004,0.8728475570678711,0
12605,12,train,605,32,1083.5,2,116.0,0,0,1,-0.42000000000000004,1.3952492475509644,0
12606,12,train,606,33,1101.0,2,117.0,0,0,1,-0.43000000000000005,1.0242763757705688,0
12607,12,train,607,36,1122.0,2,118.0,0,1,1,-0.45999999999999996,1.0076076984405518,0
12608,12,train,608,36,1140.0,2,119.0,0,0,1,-0.45999999999999996,0.9462490081787109,0
12609,12,train,609,37,1159.5,2,120.0,0,0,1,-0.47,1.011230707168579,0
12610,12,train,610,39,1181.0,2,121.0,0,0,1,-0.49,0.9261382818222046,0
12611,12,train,611,40,1202.0,2,122.0,0,0,1,-0.5,1.2656546831130981,0
12612,12,train,612,39,1220.0,2,123.0,0,0,1,-0.49,1.0689040422439575,0
12613,12,train,613,39,1239.5,2,124.0,0,1,1,-0.49,1.4529482126235962,0
12614,12,train,614,37,1249.5,2,125.0,0,0,1,-0.47,1.1675597429275513,0
12615,12,train,615,37,1268.0,2,126.0,0,0,1,-0.47,0.9549156427383423,0
12616,12,train,616,35,1236.5,2,127.0,0,0,1,-0.44999999999999996,1.2446236610412598,0
12617,12,train,617,35,1254.0,2,128.0,0,1,1,-0.44999999999999996,1.2099019289016724,0
12618,12,train,618,35,1271.5,2,129.0,0,1,1,-0.44999999999999996,0.9607774615287781,0
12619,12,train,619,36,1290.5,2,130.0,0,1,1,-0.45999999999999996,0.8232474327087402,0
12620,12,train,620,37,1310.0,2,131.0,0,0,1,-0.47,1.2051169872283936,0
12621,12,train,621,37,1328.5,2,132.0,2,0,1,-0.47,1.0659308433532715,0
12622,12,train,622,38,1348.5,2,133.0,0,0,1,-0.48,1.1400487422943115,0
12623,12,train,623,38,1367.5,2,134.0,0,0,1,-0.48,0.8827478885650635,0
12624,12,train,624,38,1386.5,3,136.5,0,0,1,-0.53,1.057040810585022,0
12625,12,train,625,38,1405.5,3,138.0,0,0,1,-0.53,1.1333730220794678,0
12626,12,train,626,39,1426.0,4,141.0,0,0,1,-0.5900000000000001,0.5865532159805298,0
12627,12,train,627,38,1443.5,4,143.0,0,0,1,-0.5800000000000001,1.2833616733551025,0
12628,12,train,628,38,1462.5,4,145.0,0,0,1,-0.5800000000000001,0.9675376415252686,0
12629,12,train,629,39,1483.0,4,147.0,0,2,1,-0.5900000000000001,1.22800612449646,0
12630,12,train,630,40,1504.0,4,149.0,0,0,1,-0.6000000000000001,1.3226561546325684,0
12631,12,train,631,40,1524.0,4,151.0,0,0,1,-0.6000000000000001,1.0875502824783325,0
12632,12,train,632,40,1544.0,4,153.0,0,1,1,-0.6000000000000001,1.0218183994293213,0
12633,12,train,633,40,1564.0,4,155.0,0,1,1,-0.6000000000000001,1.2772200107574463,0
12634,12,train,634,41,1585.5,4,157.0,0,0,1,-0.61,1.1200380325317383,0
12635,12,train,635,41,1606.0,4,159.0,0,1,1,-0.61,1.1638156175613403,0
12636,12,train,636,41,1626.5,4,161.0,0,0,1,-0.61,0.8805023431777954,0
12637,12,train,637,42,1648.5,4,163.0,0,0,1,-0.62,1.0070022344589233,0
12638,12,train,638,43,1671.0,4,165.0,0,2,1,-0.63,1.1659775972366333,0
12639,12,train,639,43,1692.5,4,167.0,0,1,1,-0.63,0.8790026307106018,0
12640,12,train,640,43,1714.0,4,169.0,0,0,1,-0.63,1.077484130859375,0
12641,12,train,641,44,1737.0,4,171.0,0,3,1,-0.64,1.2257483005523682,0
12642,12,train,642,44,1759.0,4,173.0,0,0,1,-0.64,1.1741716861724854,0
12643,12,train,643,45,1782.5,4,175.0,0,0,1,-0.65,0.8241055011749268,0
12644,12,train,644,45,1805.0,4,177.0,0,2,1,-0.65,1.3721070289611816,0
12645,12,train,645,45,1827.5,4,179.0,0,0,1,-0.65,0.719863772392273,0
12646,12,train,646,45,1850.0,4,181.0,0,0,1,-0.65,1.476914882659912,0
12647,12,train,647,45,1872.5,4,183.0,1,3,1,-0.65,0.9978359341621399,0
12648,12,train,648,45,1895.0,4,185.0,0,0,1,-0.65,0.7268633842468262,0
12649,12,train,649,46,1919.0,4,187.0,0,0,1,-0.66,1.5004581212997437,0
12650,12,train,650,46,1942.0,4,189.0,0,3,1,-0.66,1.0257704257965088,0
12651,12,train,651,47,1966.5,4,191.0,0,1,1,-0.6699999999999999,0.7753666639328003,0
12652,12,train,652,47,1990.0,4,193.0,0,0,1,-0.6699999999999999,1.028443694114685,0
12653,12,train,653,47,2013.5,4,195.0,0,3,1,-0.6699999999999999,1.0018483400344849,0
12654,12,train,654,47,2037.0,4,197.0,1,1,1,-0.6699999999999999,1.0275423526763916,0
12655,12,train,655,48,2062.0,4,199.0,0,0,1,-0.6799999999999999,0.9400843381881714,0
12656,12,train,656,49,2087.5,4,201.0,0,1,1,-0.69,1.1329982280731201,0
12657,12,train,657,49,2112.0,4,203.0,0,0,1,-0.69,1.1813758611679077,0
12658,12,train,658,49,2135.0,4,205.0,0,0,1,-0.69,1.158499836921692,0
12659,12,train,659,50,2161.0,5,208.5,0,0,2,-0.75,1.4271645545959473,1
12660,12,train,660,50,2186.0,5,211.0,0,0,2,-0.75,1.3481500148773193,0
12661,12,train,661,50,2211.0,6,215.0,0,0,2,-0.8,1.0644110441207886,0
12662,12,train,662,50,2236.0,6,218.0,0,0,2,-0.8,1.2368519306182861,0
12663,12,train,663,51,2262.5,6,221.0,0,1,2,-0.81,1.2412493228912354,0
12664,12,train,664,51,2288.0,5,220.0,0,0,2,-0.76,0.866260290145874,0
12665,12,train,665,51,2313.5,5,222.5,0,0,2,-0.76,1.1091468334197998,0
12666,12,train,666,51,2339.0,5,225.0,0,1,2,-0.76,1.328021764755249,0
12667,12,train,667,51,2364.5,5,227.5,0,0,2,-0.76,0.8298776149749756,0
12668,12,train,668,51,2390.0,5,230.0,0,0,2,-0.76,1.2998048067092896,0
12669,12,train,669,51,2415.5,5,232.5,0,0,2,-0.76,1.2803833484649658,0
12670,12,train,670,51,2441.0,5,235.0,0,2,2,-0.76,1.0783188343048096,0
12671,12,train,671,50,2216.0,5,237.5,0,0,3,-0.75,1.2300379276275635,0
12672,12,train,672,49,1997.5,5,240.0,0,0,3,-0.74,1.1384508609771729,0
12673,12,train,673,47,1843.0,5,242.5,0,0,3,-0.72,0.9934524893760681,0
12674,12,train,674,45,1764.5,7,248.0,0,0,3,-0.8,1.1242787837982178,0
12675,12,train,675,46,1788.5,7,251.5,0,0,3,-0.81,1.021746039390564,0
12676,12,train,676,45,1771.5,7,255.0,0,2,3,-0.8,1.3831770420074463,0
12677,12,train,677,45,1794.0,7,258.5,0,2,3,-0.8,1.0962039232254028,0
12678,12,train,678,46,1818.0,7,262.0,0,0,3,-0.81,1.1841896772384644,0
12679,12,train,679,47,1842.5,7,265.5,0,0,3,-0.82,1.376845359802246,0
12680,12,train,680,47,1866.0,7,269.0,0,2,3,-0.82,1.2280755043029785,0
12681,12,train,681,47,1889.5,7,272.5,0,2,3,-0.82,1.0994495153427124,0
12682,12,train,682,48,1914.5,7,276.0,0,0,4,-0.83,0.9682375192642212,1
12683,12,train,683,48,1938.5,7,279.5,0,0,4,-0.83,1.2547502517700195,0
12684,12,train,684,48,1962.5,7,283.0,0,1,4,-0.83,1.0032389163970947,0
12685,12,train,685,48,1986.5,7,286.5,0,1,4,-0.83,1.0330421924591064,0
12686,12,train,686,49,2012.0,7,290.0,0,0,4,-0.84,0.6493514180183411,0
12687,12,train,687,51,2039.5,7,293.5,0,0,4,-0.86,0.6989902257919312,0
12688,12,train,688,51,2065.0,7,297.0,1,1,4,-0.86,0.7723510265350342,0
12689,12,train,689,51,2090.5,7,300.5,0,0,4,-0.86,1.0099492073059082,0
12690,12,train,690,52,2117.5,8,305.5,0,1,4,-0.92,1.3780269622802734,0
12691,12,train,691,52,2143.5,8,309.5,0,2,4,-0.92,1.1362791061401367,0
12692,12,train,692,52,2169.5,8,313.5,0,0,4,-0.92,0.6757283210754395,0
12693,12,train,693,53,2197.0,8,317.5,0,0,4,-0.93,0.9432072639465332,0
12694,12,train,694,47,1752.5,6,249.5,0,0,5,-0.77,1.2840940952301025,0
12695,12,train,695,44,1496.5,7,254.0,0,0,5,-0.79,0.8095405101776123,0
12696,12,train,696,40,1275.0,9,260.5,0,0,5,-0.8500000000000001,0.7951516509056091,0
12697,12,train,697,37,1093.5,9,265.0,0,1,5,-0.8200000000000001,0.9483983516693115,0
12698,12,train,698,38,1113.5,9,269.5,0,0,5,-0.8300000000000001,0.5117577314376831,0
12699,12,train,699,34,957.5,9,274.0,0,1,5,-0.79,0.8875530958175659,0
12700,12,train,700,30,831.5,9,278.5,0,0,5,-0.75,0.9447156190872192,0
12701,12,train,701,27,760.0,8,261.5,0,0,5,-0.67,1.2781665325164795,0
12702,12,train,702,26,758.5,6,156.5,0,2,5,-0.56,1.1509367227554321,0
12703,12,train,703,26,716.0,5,143.5,0,0,5,-0.51,1.4883291721343994,0
12704,12,train,704,25,693.0,3,30.5,0,0,5,-0.4,1.131995439529419,0
12705,12,train,705,28,710.0,2,15.0,0,0,5,-0.38,1.0674926042556763,0
12706,12,train,706,29,712.0,2,16.0,0,0,5,-0.39,1.261554479598999,0
12707,12,train,707,28,720.5,2,17.0,0,1,5,-0.38,1.0306110382080078,0
12708,12,train,708,29,736.0,2,18.0,0,1,5,-0.39,1.1800367832183838,0
12709,12,train,709,28,748.5,3,20.5,0,0,5,-0.43000000000000005,1.0572826862335205,0
12710,12,train,710,28,762.5,3,22.0,0,0,5,-0.43000000000000005,0.8887355327606201,0
12711,12,train,711,28,776.5,3,23.5,0,0,5,-0.43000000000000005,0.7932708263397217,0
12712,12,train,712,28,790.5,3,25.0,0,0,5,-0.43000000000000005,1.2817268371582031,0
12713,12,train,713,29,806.0,3,26.5,0,0,5,-0.43999999999999995,1.1183905601501465,0
12714,12,train,714,31,823.5,3,28.0,0,0,5,-0.45999999999999996,0.8097948431968689,0
12715,12,train,715,31,839.0,2,18.5,1,0,5,-0.41000000000000003,0.9113242626190186,0
12716,12,train,716,31,854.5,2,19.5,0,0,5,-0.41000000000000003,1.1827237606048584,0
12717,12,train,717,31,870.0,2,20.5,0,0,5,-0.41000000000000003,0.5874651670455933,0
12718,12,train,718,32,887.0,2,21.5,0,1,5,-0.42000000000000004,1.3521432876586914,0
12719,12,train,719,32,903.0,2,22.5,0,1,5,-0.42000000000000004,1.3471806049346924,0
12720,12,train,720,32,919.0,2,23.5,1,0,5,-0.42000000000000004,0.9486199021339417,0
12721,12,train,721,32,935.0,2,24.5,1,1,5,-0.42000000000000004,1.143212080001831,0
12722,12,train,722,32,951.0,2,25.5,0,0,5,-0.42000000000000004,1.1712989807128906,0
12723,12,train,723,33,968.5,2,26.5,0,0,5,-0.43000000000000005,1.0913482904434204,0
12724,12,train,724,33,985.0,2,27.5,0,0,5,-0.43000000000000005,0.7862354516983032,0
12725,12,train,725,34,1003.0,2,28.5,1,2,5,-0.44000000000000006,1.1891746520996094,0
12726,12,train,726,35,1021.5,2,29.5,1,0,5,-0.44999999999999996,0.8187536001205444,0
12727,12,train,727,35,1039.0,2,30.5,0,0,5,-0.44999999999999996,1.384882926940918,0
12728,12,train,728,35,1056.5,2,31.5,0,1,5,-0.44999999999999996,1.0458383560180664,0
12729,12,train,729,35,1074.0,2,32.5,0,1,5,-0.44999999999999996,1.0608092546463013,0
12730,12,train,730,35,1091.5,2,33.5,0,0,5,-0.44999999999999996,1.348814845085144,0
12731,12,train,731,35,1109.0,2,34.5,1,0,5,-0.44999999999999996,0.6761966943740845,0
12732,12,train,732,35,1126.5,2,35.5,0,1,5,-0.44999999999999996,1.0594329833984375,0
12733,12,train,733,35,1144.0,2,36.5,0,0,5,-0.44999999999999996,0.7284639477729797,0
12734,12,train,734,35,1161.5,2,37.5,0,0,5,-0.44999999999999996,0.6095601916313171,0
12735,12,train,735,35,1179.0,2,38.5,0,0,5,-0.44999999999999996,1.3157312870025635,0
12736,12,train,736,35,1196.5,2,39.5,0,0,5,-0.44999999999999996,1.2342044115066528,0
12737,12,train,737,35,1214.0,2,40.5,0,0,5,-0.44999999999999996,1.1263924837112427,0
12738,12,train,738,36,1233.0,2,41.5,0,0,5,-0.45999999999999996,0.9389599561691284,0
12739,12,train,739,36,1251.0,2,42.5,1,0,5,-0.45999999999999996,1.2868123054504395,0
12740,12,train,740,36,1269.0,2,43.5,0,0,5,-0.45999999999999996,1.0563459396362305,0
12741,12,train,741,36,1287.0,2,44.5,0,0,5,-0.45999999999999996,1.1143722534179688,0
12742,12,train,742,36,1305.0,2,45.5,0,0,5,-0.45999999999999996,0.35498422384262085,0
12743,12,train,743,37,1324.5,2,46.5,0,0,5,-0.47,0.9559363126754761,0
12744,12,train,744,35,1199.0,2,47.5,0,0,6,-0.44999999999999996,1.0066637992858887,0
12745,12,train,745,34,1176.0,2,48.5,0,0,6,-0.44000000000000006,1.1902838945388794,0
12746,12,train,746,34,1193.0,2,49.5,0,0,6,-0.44000000000000006,0.985237717628479,0
12747,12,train,747,34,1210.0,2,50.5,0,0,6,-0.44000000000000006,1.365062952041626,0
12748,12,train,748,34,1227.0,2,51.5,0,0,6,-0.44000000000000006,0.9647961258888245,0
12749,12,train,749,34,1244.0,2,52.5,0,0,6,-0.44000000000000006,1.246196985244751,0
12750,12,train,750,34,1261.0,2,53.5,0,0,6,-0.44000000000000006,1.3629103899002075,0
12751,12,train,751,34,1278.0,2,54.5,0,2,6,-0.44000000000000006,0.4211124777793884,0
12752,12,train,752,34,1295.0,2,55.5,0,0,6,-0.44000000000000006,1.524327278137207,0
12753,12,train,753,35,1313.5,2,56.5,0,0,6,-0.44999999999999996,1.1419644355773926,0
12754,12,train,754,35,1331.0,2,57.5,0,2,6,-0.44999999999999996,1.1365242004394531,0
12755,12,train,755,36,1350.0,2,58.5,0,0,6,-0.45999999999999996,1.1676275730133057,0
12756,12,train,756,36,1368.0,2,59.5,0,0,6,-0.45999999999999996,1.2960293292999268,0
12757,12,train,757,36,1386.0,2,60.5,0,2,6,-0.45999999999999996,0.9232540130615234,0
12758,12,train,758,36,1404.0,2,61.5,0,0,6,-0.45999999999999996,0.8825798630714417,0
12759,12,train,759,36,1422.0,2,62.5,0,0,6,-0.45999999999999996,0.8240628838539124,0
12760,12,train,760,36,1440.0,2,63.5,0,0,6,-0.45999999999999996,1.140063762664795,0
12761,12,train,761,36,1458.0,2,64.5,0,0,6,-0.45999999999999996,1.2113277912139893,0
12762,12,train,762,36,1476.0,2,65.5,0,0,6,-0.45999999999999996,0.8610658049583435,0
12763,12,train,763,37,1495.5,2,66.5,0,0,6,-0.47,1.1570446491241455,0
12764,12,train,764,37,1514.0,2,67.5,0,0,6,-0.47,1.47711980342865,0
12765,12,train,765,38,1534.0,2,68.5,0,0,6,-0.48,1.1192803382873535,0
12766,12,train,766,38,1553.0,2,69.5,0,0,6,-0.48,1.1864551305770874,0
12767,12,train,767,38,1572.0,2,70.5,0,0,6,-0.48,1.0123233795166016,0
12768,12,train,768,38,1591.0,2,71.5,0,0,6,-0.48,0.8904958963394165,0
12769,12,train,769,38,1610.0,2,72.5,0,0,6,-0.48,0.7685136795043945,0
12770,12,train,770,38,1629.0,3,75.0,0,0,6,-0.53,1.1971359252929688,0
12771,12,train,771,38,1648.0,3,76.5,0,0,6,-0.53,1.0433614253997803,0
12772,12,train,772,40,1670.0,3,78.0,0,0,6,-0.55,0.7349650859832764,0
12773,12,train,773,41,1691.5,3,79.5,0,0,6,-0.5599999999999999,1.117267370223999,0
12774,12,train,774,44,1716.5,3,81.0,0,4,6,-0.59,0.9798871874809265,0
12775,12,train,775,44,1738.5,3,82.5,0,0,6,-0.59,0.8469513058662415,0
12776,12,train,776,44,1760.5,3,84.0,0,0,6,-0.59,1.0201553106307983,0
12777,12,train,777,44,1782.5,3,85.5,0,2,6,-0.59,0.8999139070510864,0
12778,12,train,778,44,1804.5,3,87.0,0,0,6,-0.59,1.177717924118042,0
12779,12,train,779,44,1826.5,4,90.0,0,0,6,-0.64,1.088372826576233,0
12780,12,train,780,44,1848.5,4,92.0,0,1,6,-0.64,1.3982625007629395,0
12781,12,train,781,45,1872.0,4,94.0,0,0,6,-0.65,1.504597544670105,0
12782,12,train,782,45,1894.5,4,96.0,0,0,6,-0.65,0.8882958889007568,0
12783,12,train,783,45,1917.0,4,98.0,0,1,6,-0.65,0.9855180978775024,0
12784,12,train,784,46,1941.0,5,101.5,0,0,6,-0.71,0.9936494827270508,0
12785,12,train,785,46,1964.0,6,105.5,0,0,7,-0.76,1.1861127614974976,1
12786,12,train,786,46,1987.0,6,108.5,0,2,7,-0.76,0.5305055379867554,0
12787,12,train,787,46,2010.0,6,111.5,0,0,7,-0.76,1.3558886051177979,0
12788,12,train,788,46,2033.0,6,114.5,0,0,7,-0.76,1.24992835521698,0
12789,12,train,789,46,2056.0,6,117.5,0,1,7,-0.76,0.7421884536743164,0
12790,12,train,790,46,2079.0,6,120.5,0,0,7,-0.76,0.9151203036308289,0
12791,12,train,791,46,2102.0,6,123.5,0,0,7,-0.76,0.9552826881408691,0
12792,12,train,792,47,2126.5,6,126.5,0,1,7,-0.77,1.347346305847168,0
12793,12,train,793,47,2150.0,6,129.5,0,0,7,-0.77,1.3312560319900513,0
12794,12,train,794,47,2173.5,6,132.5,0,0,7,-0.77,1.2108831405639648,0
12795,12,train,795,51,2203.0,6,135.5,0,1,7,-0.81,1.1085193157196045,0
12796,12,train,796,51,2228.5,6,138.5,0,0,7,-0.81,1.4705579280853271,0
12797,12,train,797,49,2010.5,6,141.5,0,0,8,-0.79,1.1104358434677124,0
12798,12,train,798,47,1829.0,6,144.5,0,2,8,-0.77,0.8889575600624084,0
12799,12,train,799,45,1686.5,6,147.5,0,0,8,-0.75,0.7604718208312988,0
12800,12,train,800,43,1614.5,6,150.5,0,0,8,-0.73,1.2710485458374023,0
12801,12,train,801,43,1636.0,6,153.5,0,3,8,-0.73,1.0855027437210083,0
12802,12,train,802,42,1606.5,6,156.5,0,1,8,-0.72,0.6068653464317322,0
12803,12,train,803,41,1610.5,6,159.5,0,0,8,-0.71,1.270334005355835,0
12804,12,train,804,41,1631.0,6,162.5,0,1,8,-0.71,0.9126793742179871,0
12805,12,train,805,42,1653.0,6,165.5,0,2,8,-0.72,0.9437928795814514,0
12806,12,train,806,43,1675.5,6,168.5,0,1,8,-0.73,1.1865205764770508,0
12807,12,train,807,43,1697.0,6,171.5,0,2,8,-0.73,0.6710476875305176,0
12808,12,train,808,43,1718.5,6,174.5,0,1,8,-0.73,0.8692862391471863,0
12809,12,train,809,43,1740.0,6,177.5,0,0,8,-0.73,1.135990858078003,0
12810,12,train,810,43,1761.5,6,180.5,0,2,8,-0.73,1.2204288244247437,0
12811,12,train,811,45,1786.0,6,183.5,0,0,8,-0.75,1.3614747524261475,0
12812,12,train,812,45,1808.5,6,186.5,0,1,8,-0.75,0.9009848833084106,0
12813,12,train,813,46,1832.5,6,189.5,0,2,8,-0.76,1.2759463787078857,0
12814,12,train,814,46,1855.5,6,192.5,0,0,9,-0.76,0.9774878621101379,1
12815,12,train,815,46,1878.5,6,195.5,0,2,9,-0.76,1.1848804950714111,0
12816,12,train,816,46,1901.5,6,198.5,0,0,9,-0.76,1.5049394369125366,0
12817,12,train,817,46,1924.5,6,201.5,0,1,9,-0.76,0.8211331367492676,0
12818,12,train,818,47,1949.0,6,204.5,0,1,9,-0.77,0.9508911371231079,0
12819,12,train,819,48,1974.0,6,207.5,0,2,9,-0.78,1.3962286710739136,0
12820,12,train,820,46,1773.5,2,123.5,0,0,0,-0.56,1.141686201095581,0
12821,12,train,821,45,1611.0,2,124.5,0,1,0,-0.55,1.200606346130371,0
12822,12,train,822,43,1472.5,2,125.5,0,3,0,-0.53,0.7506442070007324,0
12823,12,train,823,41,1408.5,2,126.5,0,0,0,-0.51,0.6460415124893188,0
12824,12,train,824,41,1379.5,2,127.5,0,1,0,-0.51,1.0072379112243652,0
12825,12,train,825,39,1291.0,2,128.5,0,1,0,-0.49,1.2587649822235107,0
12826,12,train,826,37,1254.5,2,129.5,0,1,0,-0.47,0.799466609954834,0
12827,12,train,827,35,1231.0,2,130.5,0,2,0,-0.44999999999999996,0.9853223562240601,0
12828,12,train,828,34,1207.0,2,131.5,0,0,0,-0.44000000000000006,1.346973180770874,0
12829,12,train,829,34,1220.0,2,132.5,0,1,0,-0.44000000000000006,1.1574959754943848,0
12830,12,train,830,32,1217.5,0,0.0,0,0,0,-0.32,1.1070716381072998,0
12831,12,train,831,32,1233.5,0,0.0,1,0,0,-0.32,1.287935495376587,0
12832,12,train,832,33,1251.0,0,0.0,0,2,0,-0.33,0.9043869376182556,0
12833,12,train,833,33,1267.5,0,0.0,0,1,0,-0.33,0.857414960861206,0
12834,12,train,834,33,1284.0,0,0.0,0,0,0,-0.33,1.0093951225280762,0
12835,12,train,835,33,1300.5,0,0.0,0,0,0,-0.33,1.055398941040039,0
12836,12,train,836,33,1317.0,0,0.0,0,1,0,-0.33,1.3224453926086426,0
12837,12,train,837,33,1333.5,0,0.0,0,1,0,-0.33,1.1379971504211426,0
12838,12,train,838,33,1350.0,0,0.0,0,0,0,-0.33,1.2028155326843262,0
12839,12,train,839,33,1366.5,0,0.0,0,0,0,-0.33,0.7371290922164917,0
12840,12,train,840,34,1384.5,0,0.0,1,0,0,-0.34,0.9828273057937622,0
12841,12,train,841,34,1401.5,0,0.0,0,0,0,-0.34,1.3873252868652344,0
12842,12,train,842,37,1423.0,0,0.0,0,0,0,-0.37,1.3754054307937622,0
12843,12,train,843,37,1441.5,0,0.0,0,0,0,-0.37,1.1366193294525146,0
12844,12,train,844,37,1460.0,0,0.0,0,0,0,-0.37,1.0217149257659912,0
12845,12,train,845,37,1478.5,0,0.0,0,0,0,-0.37,0.708293080329895,0
12846,12,train,846,37,1497.0,0,0.0,0,2,0,-0.37,1.067517876625061,0
12847,12,train,847,37,1515.5,0,0.0,0,0,0,-0.37,1.0308972597122192,0
12848,12,train,848,37,1534.0,0,0.0,0,0,0,-0.37,1.1883751153945923,0
12849,12,train,849,36,1441.5,0,0.0,0,0,0,-0.36,1.2101147174835205,0
12850,12,train,850,35,1415.5,0,0.0,0,0,0,-0.35,1.1598018407821655,0
12851,12,train,851,34,1403.5,0,0.0,0,0,0,-0.34,1.0600433349609375,0
12852,12,train,852,32,1241.0,0,0.0,0,0,0,-0.32,1.0087366104125977,0
12853,12,train,853,31,1188.0,0,0.0,0,0,0,-0.31,1.271270751953125,0
12854,12,train,854,30,1187.0,0,0.0,0,0,0,-0.3,1.199791669845581,0
12855,12,train,855,30,1202.0,0,0.0,1,0,0,-0.3,1.1489143371582031,0
12856,12,train,856,30,1217.0,0,0.0,0,0,0,-0.3,1.3508013486862183,0
12857,12,train,857,30,1232.0,0,0.0,0,0,0,-0.3,1.3154500722885132,0
12858,12,train,858,30,1247.0,0,0.0,0,1,0,-0.3,1.140095591545105,0
12859,12,train,859,30,1262.0,0,0.0,0,0,0,-0.3,1.1013052463531494,0
12860,12,train,860,33,1281.5,0,0.0,0,0,0,-0.33,1.1837341785430908,0
12861,12,train,861,34,1299.5,0,0.0,0,0,0,-0.34,0.9833853244781494,0
12862,12,train,862,34,1316.5,0,0.0,0,0,0,-0.34,1.3918912410736084,0
12863,12,train,863,36,1336.5,1,1.5,0,0,0,-0.41,0.8377339243888855,0
12864,12,train,864,36,1354.5,1,2.0,0,0,0,-0.41,0.8674291372299194,0
12865,12,train,865,36,1372.5,1,2.5,0,1,0,-0.41,0.7257401347160339,0
12866,12,train,866,37,1392.0,0,0.0,0,0,0,-0.37,0.8530120849609375,0
12867,12,train,867,37,1410.5,0,0.0,0,0,0,-0.37,1.5410475730895996,0
12868,12,train,868,37,1429.0,0,0.0,0,0,0,-0.37,1.2383474111557007,0
12869,12,train,869,38,1449.0,1,1.5,0,0,0,-0.43,0.6078374981880188,0
12870,12,train,870,36,1298.0,1,2.0,0,0,1,-0.41,1.1993999481201172,0
12871,12,train,871,34,1253.0,1,2.5,0,2,1,-0.39,0.6659355163574219,0
12872,12,train,872,35,1271.5,1,3.0,0,0,1,-0.39999999999999997,0.9241010546684265,0
12873,12,train,873,35,1289.0,1,3.5,0,0,1,-0.39999999999999997,1.158459186553955,0
12874,12,train,874,33,1300.0,1,4.0,0,0,1,-0.38,1.1611452102661133,0
12875,12,train,875,33,1316.5,1,4.5,0,0,1,-0.38,1.3806543350219727,0
12876,12,train,876,33,1333.0,1,5.0,1,0,1,-0.38,1.1126980781555176,0
12877,12,train,877,31,1334.0,1,5.5,0,2,1,-0.36,0.7552684545516968,0
12878,12,train,878,33,1352.5,1,6.0,0,2,1,-0.38,1.4103288650512695,0
12879,12,train,879,33,1369.0,1,6.5,0,0,1,-0.38,0.9005193710327148,0
12880,12,train,880,33,1385.5,2,8.5,1,1,1,-0.43000000000000005,1.080836296081543,0
12881,12,train,881,34,1403.5,1,7.5,0,0,1,-0.39,1.1059372425079346,0
12882,12,train,882,34,1420.5,1,8.0,0,0,1,-0.39,0.7564550638198853,0
12883,12,train,883,34,1437.5,1,8.5,0,2,1,-0.39,1.5729318857192993,0
12884,12,train,884,34,1454.5,1,9.0,0,0,1,-0.39,0.572329044342041,0
12885,12,train,885,34,1471.5,1,9.5,0,1,1,-0.39,0.9162914156913757,0
12886,12,train,886,34,1488.5,1,10.0,0,0,1,-0.39,1.407257318496704,0
12887,12,train,887,34,1505.5,1,10.5,0,0,1,-0.39,1.1926026344299316,0
12888,12,train,888,35,1524.0,1,11.0,0,0,1,-0.39999999999999997,1.1410324573516846,0
12889,12,train,889,35,1541.5,1,11.5,0,0,1,-0.39999999999999997,1.0014238357543945,0
12890,12,train,890,35,1559.0,1,12.0,0,0,1,-0.39999999999999997,0.7734065651893616,0
12891,12,train,891,37,1579.5,2,14.0,0,0,1,-0.47,1.2609138488769531,0
12892,12,train,892,38,1599.5,2,15.0,0,1,1,-0.48,1.050560712814331,0
12893,12,train,893,36,1612.0,2,16.0,0,0,1,-0.45999999999999996,1.0591737031936646,0
12894,12,train,894,37,1631.5,2,17.0,1,0,1,-0.47,1.2857348918914795,0
12895,12,train,895,37,1650.0,4,21.0,0,0,1,-0.5700000000000001,0.7845304608345032,0
12896,12,train,896,37,1668.5,5,24.5,0,0,1,-0.62,1.1005940437316895,0
12897,12,train,897,37,1687.0,5,27.0,0,0,1,-0.62,0.7569161653518677,0
12898,12,train,898,37,1705.5,5,29.5,0,0,1,-0.62,0.78810054063797,0
12899,12,train,899,37,1724.0,5,32.0,0,0,1,-0.62,1.0159268379211426,0
12900,12,train,900,37,1742.5,5,34.5,0,1,1,-0.62,0.966802179813385,0
12901,12,train,901,37,1761.0,5,37.0,0,0,1,-0.62,1.1394022703170776,0
12902,12,train,902,37,1779.5,5,39.5,0,1,1,-0.62,1.1201173067092896,0
12903,12,train,903,37,1798.0,5,42.0,0,1,1,-0.62,0.6830216646194458,0
12904,12,train,904,37,1816.5,5,44.5,0,0,1,-0.62,0.9612472057342529,0
12905,12,train,905,37,1835.0,6,48.5,0,0,1,-0.6699999999999999,0.7313752770423889,0
12906,12,train,906,37,1853.5,5,49.5,1,0,2,-0.62,1.3045146465301514,1
12907,12,train,907,37,1872.0,5,52.0,0,0,2,-0.62,1.2257051467895508,0
12908,12,train,908,39,1893.5,5,54.5,0,0,2,-0.64,0.9002352356910706,0
12909,12,train,909,39,1913.0,6,58.5,0,0,2,-0.69,0.8305023908615112,0
12910,12,train,910,40,1934.0,6,61.5,0,0,2,-0.7,1.0953353643417358,0
12911,12,train,911,42,1957.0,7,66.0,0,0,2,-0.77,1.0194118022918701,0
12912,12,train,912,46,1984.0,7,69.5,0,0,2,-0.81,1.0885069370269775,0
12913,12,train,913,46,2007.0,7,73.0,1,0,2,-0.81,0.7930571436882019,0
12914,12,train,914,46,2030.0,7,76.5,0,0,2,-0.81,0.7954345941543579,0
12915,12,train,915,47,2054.5,7,80.0,0,0,2,-0.82,1.2045825719833374,0
12916,12,train,916,47,2078.0,7,83.5,0,0,2,-0.82,1.0019752979278564,0
12917,12,train,917,48,2103.0,7,87.0,0,0,2,-0.83,1.1700079441070557,0
12918,12,train,918,47,1896.0,7,90.5,0,0,3,-0.82,0.6296570897102356,0
12919,12,train,919,45,1691.5,7,94.0,0,0,3,-0.8,1.3210034370422363,0
12920,12,train,920,46,1500.0,7,97.5,0,0,3,-0.81,1.192507028579712,0
12921,12,train,921,45,1448.0,7,101.0,0,1,3,-0.8,1.3010189533233643,0
12922,12,train,922,45,1396.0,7,104.5,0,2,3,-0.8,1.1443474292755127,0
12923,12,train,923,43,1338.0,7,108.0,0,0,3,-0.78,1.0492185354232788,0
12924,12,train,924,42,1345.0,7,111.5,0,0,3,-0.77,1.1525880098342896,0
12925,12,train,925,42,1366.0,7,115.0,0,1,3,-0.77,1.2856827974319458,0
12926,12,train,926,42,1387.0,7,118.5,0,1,3,-0.77,0.9411935806274414,0
12927,12,train,927,42,1408.0,7,122.0,0,2,3,-0.77,1.110694169998169,0
12928,12,train,928,42,1429.0,7,125.5,0,0,3,-0.77,1.4127719402313232,0
12929,12,train,929,42,1450.0,7,129.0,0,2,4,-0.77,0.7719775438308716,1
12930,12,train,930,42,1471.0,7,132.5,0,0,4,-0.77,1.1215500831604004,0
12931,12,train,931,42,1492.0,7,136.0,1,1,4,-0.77,1.5432965755462646,0
12932,12,train,932,43,1514.5,7,139.5,0,2,4,-0.78,1.0020147562026978,0
12933,12,train,933,43,1536.0,7,143.0,1,0,4,-0.78,0.790642499923706,0
12934,12,train,934,44,1559.0,7,146.5,0,2,4,-0.79,0.8294890522956848,0
12935,12,train,935,46,1584.0,7,150.0,0,2,4,-0.81,1.4152960777282715,0
12936,12,train,936,46,1607.0,7,153.5,0,0,4,-0.81,1.2800555229187012,0
12937,12,train,937,47,1631.5,8,158.5,0,2,4,-0.87,0.36857229471206665,0
12938,12,train,938,47,1655.0,8,162.5,0,2,4,-0.87,1.026794672012329,0
12939,12,train,939,47,1678.5,8,166.5,0,0,4,-0.87,1.0004624128341675,0
12940,12,train,940,50,1706.5,8,170.5,0,1,4,-0.9,1.139357089996338,0
12941,12,train,941,47,1452.0,7,171.0,0,3,5,-0.82,0.8238497972488403,0
12942,12,train,942,43,1241.0,7,174.5,0,0,5,-0.78,1.2995482683181763,0
12943,12,train,943,40,1067.0,6,139.5,0,0,5,-0.7,0.5053103566169739,0
12944,12,train,944,38,922.5,6,142.5,0,2,5,-0.6799999999999999,0.8552875518798828,0
12945,12,train,945,37,921.5,6,145.5,0,1,5,-0.6699999999999999,1.2575035095214844,0
12946,12,train,946,34,842.0,6,148.5,0,0,5,-0.64,0.6634611487388611,0
12947,12,train,947,31,766.0,6,151.5,1,0,5,-0.61,1.2610818147659302,0
12948,12,train,948,29,759.0,6,154.5,0,3,5,-0.59,0.9370240569114685,0
12949,12,train,949,29,740.0,6,157.5,0,0,5,-0.59,1.0471700429916382,0
12950,12,train,950,27,732.5,6,160.5,0,1,5,-0.5700000000000001,0.5986977219581604,0
12951,12,train,951,27,745.5,4,103.0,0,1,5,-0.47000000000000003,0.7437517642974854,0
12952,12,train,952,27,759.0,4,105.0,0,1,5,-0.47000000000000003,1.1258450746536255,0
12953,12,train,953,27,772.5,4,107.0,0,0,5,-0.47000000000000003,0.7541497945785522,0
12954,12,train,954,28,787.5,4,109.0,0,1,5,-0.48000000000000004,1.430589199066162,0
12955,12,train,955,29,803.0,4,111.0,0,0,5,-0.49,1.374028205871582,0
12956,12,train,956,29,817.5,4,113.0,0,0,5,-0.49,1.203923225402832,0
12957,12,train,957,29,832.0,4,115.0,0,0,5,-0.49,1.4021053314208984,0
12958,12,train,958,29,846.5,4,117.0,0,0,5,-0.49,0.9491746425628662,0
12959,12,train,959,29,861.0,4,119.0,0,0,5,-0.49,1.1002533435821533,0
12960,12,train,960,29,875.5,4,121.0,0,0,5,-0.49,0.9959179162979126,0
12961,12,train,961,29,890.0,4,123.0,0,0,5,-0.49,1.4909741878509521,0
12962,12,train,962,29,904.5,4,125.0,0,0,5,-0.49,0.3813880681991577,0
12963,12,train,963,29,919.0,4,127.0,0,0,5,-0.49,0.9352010488510132,0
12964,12,train,964,29,933.5,4,129.0,0,0,5,-0.49,1.288960337638855,0
12965,12,train,965,29,948.0,4,131.0,0,0,5,-0.49,1.175374150276184,0
12966,12,train,966,29,962.5,4,133.0,0,0,5,-0.49,1.0081673860549927,0
12967,12,train,967,30,978.5,4,135.0,0,0,5,-0.5,1.3058481216430664,0
12968,12,train,968,30,993.5,4,137.0,0,0,5,-0.5,0.8636886477470398,0
12969,12,train,969,30,1008.5,4,139.0,0,1,5,-0.5,0.43937838077545166,0
12970,12,train,970,30,1023.5,4,141.0,0,1,5,-0.5,1.4085240364074707,0
12971,12,train,971,30,1038.5,4,143.0,0,0,5,-0.5,1.122124433517456,0
12972,12,train,972,31,1055.0,4,145.0,0,0,5,-0.51,1.2986109256744385,0
12973,12,train,973,31,1070.5,4,147.0,0,1,5,-0.51,1.258151650428772,0
12974,12,train,974,32,1087.5,4,149.0,0,1,5,-0.52,1.1725013256072998,0
12975,12,train,975,33,1105.0,4,151.0,1,0,5,-0.53,0.949188232421875,0
12976,12,train,976,33,1121.5,4,153.0,0,2,5,-0.53,1.1304714679718018,0
12977,12,train,977,33,1138.0,4,155.0,0,0,5,-0.53,1.1377062797546387,0
12978,12,train,978,33,1154.5,4,157.0,0,0,5,-0.53,1.070357084274292,0
12979,12,train,979,33,1171.0,4,159.0,0,4,5,-0.53,1.0591480731964111,0
12980,12,train,980,33,1187.5,4,161.0,1,0,5,-0.53,1.0608596801757812,0
12981,12,train,981,34,1205.5,4,163.0,0,0,5,-0.54,0.6758517026901245,0
12982,12,train,982,35,1224.0,4,165.0,0,1,5,-0.55,1.5114418268203735,0
12983,12,train,983,36,1243.0,4,167.0,0,2,5,-0.56,1.1031479835510254,0
12984,12,train,984,37,1262.5,4,169.0,0,0,5,-0.5700000000000001,1.1271822452545166,0
12985,12,train,985,38,1282.5,4,171.0,0,2,5,-0.5800000000000001,1.409288763999939,0
12986,12,train,986,38,1301.5,4,173.0,0,0,5,-0.5800000000000001,1.1682409048080444,0
12987,12,train,987,39,1322.0,4,175.0,0,0,5,-0.5900000000000001,1.0394198894500732,0
12988,12,train,988,39,1341.5,4,177.0,0,0,5,-0.5900000000000001,1.3159301280975342,0
12989,12,train,989,39,1361.0,4,179.0,0,0,5,-0.5900000000000001,1.1132149696350098,0
12990,12,train,990,39,1380.5,4,181.0,0,1,5,-0.5900000000000001,0.7231343984603882,0
12991,12,train,991,38,1319.5,4,183.0,0,0,6,-0.5800000000000001,1.2213799953460693,0
12992,12,train,992,38,1338.5,4,185.0,0,0,6,-0.5800000000000001,1.0277965068817139,0
12993,12,train,993,38,1357.5,4,187.0,1,0,6,-0.5800000000000001,1.2571154832839966,0
12994,12,train,994,38,1376.5,4,189.0,0,0,6,-0.5800000000000001,0.8844419717788696,0
12995,12,train,995,39,1397.0,4,191.0,0,0,6,-0.5900000000000001,0.8533053398132324,0
12996,12,train,996,39,1416.5,4,193.0,0,0,6,-0.5900000000000001,1.1814852952957153,0
12997,12,train,997,39,1436.0,4,195.0,0,0,6,-0.5900000000000001,0.855806291103363,0
12998,12,train,998,39,1455.5,4,197.0,0,1,6,-0.5900000000000001,0.8721776008605957,0
12999,12,train,999,39,1475.0,4,199.0,1,0,6,-0.5900000000000001,1.0835011005401611,0
