global_step,episode,step_in_episode,vehicle_queue,vehicle_wait,ped_queue,ped_wait,ped_thru_step,veh_thru_step,phase,reward
0,0,0,0,0.0,0,0.0,0,0,0,-0.0
1,0,1,0,0.0,0,0.0,0,0,0,-0.0
2,0,2,0,0.0,0,0.0,0,0,0,-0.0
3,0,3,0,0.0,0,0.0,0,0,0,-0.0
4,0,4,0,0.0,0,0.0,0,0,0,-0.0
5,0,5,0,0.0,0,0.0,0,0,0,-0.0
6,0,6,0,0.0,0,0.0,0,0,0,-0.0
7,0,7,0,0.0,0,0.0,0,0,0,-0.0
8,0,8,0,0.0,0,0.0,0,0,0,-0.0
9,0,9,0,0.0,0,0.0,0,0,0,-0.0
10,0,10,0,0.0,0,0.0,0,0,0,-0.0
11,0,11,0,0.0,0,0.0,0,0,0,-0.0
12,0,12,0,0.0,0,0.0,0,0,0,-0.0
13,0,13,0,0.0,0,0.0,0,0,0,-0.0
14,0,14,0,0.0,0,0.0,0,0,0,-0.0
15,0,15,0,0.0,0,0.0,0,0,0,-0.0
16,0,16,0,0.0,0,0.0,0,0,0,-0.0
17,0,17,0,0.0,0,0.0,0,0,0,-0.0
18,0,18,0,0.0,0,0.0,0,0,0,-0.0
19,0,19,0,0.0,0,0.0,0,0,0,-0.0
20,0,20,0,0.0,0,0.0,0,0,0,-0.0
21,0,21,0,0.0,0,0.0,0,0,0,-0.0
22,0,22,0,0.0,0,0.0,0,0,0,-0.0
23,0,23,0,0.0,0,0.0,0,0,0,-0.0
24,0,24,0,0.0,0,0.0,0,0,0,-0.0
25,0,25,0,0.0,0,0.0,0,0,0,-0.0
26,0,26,0,0.0,0,0.0,0,0,0,-0.0
27,0,27,0,0.0,0,0.0,0,0,0,-0.0
28,0,28,0,0.0,0,0.0,0,0,0,-0.0
29,0,29,0,0.0,0,0.0,0,0,0,-0.0
30,0,30,0,0.0,0,0.0,0,0,0,-0.0
31,0,31,0,0.0,0,0.0,0,0,0,-0.0
32,0,32,0,0.0,0,0.0,0,0,0,-0.0
33,0,33,0,0.0,0,0.0,0,0,0,-0.0
34,0,34,0,0.0,0,0.0,0,0,0,-0.0
35,0,35,0,0.0,0,0.0,0,0,0,-0.0
36,0,36,0,0.0,0,0.0,0,0,0,-0.0
37,0,37,0,0.0,0,0.0,0,0,0,-0.0
38,0,38,0,0.0,0,0.0,0,0,0,-0.0
39,0,39,0,0.0,0,0.0,0,0,0,-0.0
40,0,40,0,0.0,0,0.0,0,0,0,-0.0
41,0,41,0,0.0,0,0.0,0,0,0,-0.0
42,0,42,0,0.0,0,0.0,0,0,0,-0.0
43,0,43,0,0.0,0,0.0,0,0,0,-0.0
44,0,44,0,0.0,0,0.0,0,0,0,-0.0
45,0,45,0,0.0,0,0.0,0,0,0,-0.0
46,0,46,0,0.0,0,0.0,0,0,0,-0.0
47,0,47,0,0.0,0,0.0,0,0,0,-0.0
48,0,48,0,0.0,0,0.0,0,0,0,-0.0
49,0,49,0,0.0,0,0.0,0,0,1,-0.0
50,0,50,0,0.0,0,0.0,0,0,1,-0.0
51,0,51,0,0.0,0,0.0,0,0,1,-0.0
52,0,52,0,0.0,0,0.0,0,0,1,-0.0
53,0,53,0,0.0,0,0.0,0,0,1,-0.0
54,0,54,0,0.0,0,0.0,0,0,1,-0.0
55,0,55,0,0.0,0,0.0,0,0,1,-0.0
56,0,56,0,0.0,0,0.0,0,0,1,-0.0
57,0,57,0,0.0,0,0.0,0,0,1,-0.0
58,0,58,0,0.0,0,0.0,0,0,1,-0.0
59,0,59,0,0.0,0,0.0,0,0,1,-0.0
60,0,60,0,0.0,1,1.5,0,0,1,-0.015
61,0,61,0,0.0,1,2.0,0,0,1,-0.015
62,0,62,0,0.0,1,2.5,0,0,1,-0.015
63,0,63,0,0.0,1,3.0,0,0,1,-0.015
64,0,64,0,0.0,1,3.5,0,0,1,-0.015
65,0,65,0,0.0,1,4.0,0,0,1,-0.015
66,0,66,0,0.0,1,4.5,0,0,1,-0.015
67,0,67,0,0.0,2,6.5,0,0,1,-0.03
68,0,68,0,0.0,1,5.5,0,0,1,-0.015
69,0,69,0,0.0,1,6.0,0,0,1,-0.015
70,0,70,0,0.0,1,6.5,0,0,1,-0.015
71,0,71,0,0.0,2,8.5,0,0,1,-0.03
72,0,72,0,0.0,2,9.5,0,0,1,-0.03
73,0,73,0,0.0,2,10.5,0,0,1,-0.03
74,0,74,0,0.0,2,11.5,0,0,1,-0.03
75,0,75,0,0.0,2,12.5,0,0,1,-0.03
76,0,76,1,1.5,2,13.5,0,0,1,-0.04
77,0,77,1,2.0,2,14.5,0,0,1,-0.04
78,0,78,5,8.5,2,15.5,0,0,1,-0.08
79,0,79,5,11.0,3,18.0,0,0,1,-0.095
80,0,80,5,13.5,3,19.5,0,0,1,-0.095
81,0,81,5,16.0,2,18.5,0,0,1,-0.08
82,0,82,5,18.5,2,19.5,0,0,1,-0.08
83,0,83,5,21.0,2,20.5,0,0,1,-0.08
84,0,84,5,23.5,3,23.0,0,0,1,-0.095
85,0,85,5,26.0,3,24.5,0,0,1,-0.095
86,0,86,7,31.5,3,26.0,0,0,1,-0.115
87,0,87,7,35.0,3,27.5,0,0,1,-0.115
88,0,88,7,38.5,3,29.0,0,0,1,-0.115
89,0,89,9,45.0,4,32.0,0,0,1,-0.15
90,0,90,9,49.5,4,34.0,0,0,1,-0.15
91,0,91,9,54.0,3,33.5,0,0,1,-0.135
92,0,92,9,58.5,3,35.0,0,0,1,-0.135
93,0,93,9,63.0,4,38.0,0,0,1,-0.15
94,0,94,9,67.5,6,43.0,0,0,1,-0.18
95,0,95,9,72.0,6,46.0,0,0,1,-0.18
96,0,96,9,76.5,6,49.0,0,0,1,-0.18
97,0,97,10,82.5,6,52.0,0,0,1,-0.19
98,0,98,10,87.5,6,55.0,0,0,1,-0.19
99,0,99,10,92.5,7,59.5,0,0,1,-0.20500000000000002
100,0,100,10,97.5,6,61.0,0,0,1,-0.19
101,0,101,10,102.5,6,64.0,0,0,1,-0.19
102,0,102,11,109.0,6,67.0,0,0,1,-0.2
103,0,103,12,116.0,6,70.0,0,0,1,-0.21
104,0,104,12,122.0,7,74.5,0,0,1,-0.22499999999999998
105,0,105,12,128.0,7,78.0,0,0,1,-0.22499999999999998
106,0,106,12,134.0,7,81.5,0,0,1,-0.22499999999999998
107,0,107,12,140.0,7,85.0,0,0,1,-0.22499999999999998
108,0,108,12,146.0,7,88.5,0,0,1,-0.22499999999999998
109,0,109,12,152.0,7,92.0,0,0,1,-0.22499999999999998
110,0,110,12,158.0,8,97.0,0,0,1,-0.24
111,0,111,12,164.0,8,101.0,0,0,1,-0.24
112,0,112,12,170.0,8,105.0,0,0,1,-0.24
113,0,113,12,176.0,8,109.0,0,0,1,-0.24
114,0,114,14,185.0,8,113.0,0,0,1,-0.26
115,0,115,14,192.0,8,117.0,0,0,1,-0.26
116,0,116,14,199.0,8,121.0,0,0,1,-0.26
117,0,117,14,206.0,8,125.0,0,0,1,-0.26
118,0,118,14,213.0,8,129.0,0,0,1,-0.26
119,0,119,14,220.0,8,133.0,0,0,1,-0.26
120,0,120,14,227.0,8,137.0,0,0,1,-0.26
121,0,121,15,235.5,8,141.0,0,0,1,-0.27
122,0,122,15,243.0,8,145.0,0,0,1,-0.27
123,0,123,15,250.5,8,149.0,0,0,1,-0.27
124,0,124,15,258.0,8,153.0,0,0,1,-0.27
125,0,125,15,265.5,8,157.0,0,0,1,-0.27
126,0,126,15,273.0,8,161.0,0,0,1,-0.27
127,0,127,15,280.5,8,165.0,0,0,1,-0.27
128,0,128,15,288.0,8,169.0,0,0,1,-0.27
129,0,129,15,295.5,8,173.0,0,0,1,-0.27
130,0,130,16,304.5,8,177.0,0,0,1,-0.28
131,0,131,16,312.5,8,181.0,0,0,1,-0.28
132,0,132,16,320.5,8,185.0,0,0,1,-0.28
133,0,133,16,328.5,8,189.0,0,0,1,-0.28
134,0,134,16,336.5,8,193.0,0,0,1,-0.28
135,0,135,16,344.5,8,197.0,0,0,1,-0.28
136,0,136,16,352.5,8,201.0,0,0,1,-0.28
137,0,137,16,360.5,8,205.0,0,0,1,-0.28
138,0,138,17,370.0,8,209.0,0,0,1,-0.29000000000000004
139,0,139,17,378.5,8,213.0,0,0,2,-0.29000000000000004
140,0,140,17,387.0,8,217.0,0,0,2,-0.29000000000000004
141,0,141,18,397.0,8,221.0,0,0,2,-0.3
142,0,142,18,406.0,8,225.0,0,0,2,-0.3
143,0,143,19,416.5,8,229.0,0,0,2,-0.31
144,0,144,19,426.0,8,233.0,0,0,2,-0.31
145,0,145,19,435.5,8,237.0,0,0,2,-0.31
146,0,146,19,445.0,8,241.0,0,0,2,-0.31
147,0,147,19,454.5,8,245.0,0,0,2,-0.31
148,0,148,19,464.0,8,249.0,0,1,2,-0.31
149,0,149,21,476.5,8,253.0,0,0,2,-0.32999999999999996
150,0,150,21,487.0,8,257.0,0,0,2,-0.32999999999999996
151,0,151,20,426.0,8,261.0,0,1,3,-0.32
152,0,152,21,437.5,8,265.0,0,0,3,-0.32999999999999996
153,0,153,21,448.0,8,269.0,0,0,3,-0.32999999999999996
154,0,154,21,458.5,8,273.0,0,0,3,-0.32999999999999996
155,0,155,21,469.0,8,277.0,0,0,3,-0.32999999999999996
156,0,156,21,479.5,8,281.0,0,0,3,-0.32999999999999996
157,0,157,21,490.0,8,285.0,0,0,3,-0.32999999999999996
158,0,158,21,500.5,8,289.0,0,0,3,-0.32999999999999996
159,0,159,21,511.0,8,293.0,0,1,3,-0.32999999999999996
160,0,160,22,523.0,8,297.0,0,0,3,-0.33999999999999997
161,0,161,22,534.0,8,301.0,0,0,3,-0.33999999999999997
162,0,162,23,546.5,8,305.0,0,0,3,-0.35
163,0,163,24,559.5,8,309.0,0,0,3,-0.36
164,0,164,28,577.5,8,313.0,0,0,3,-0.4
165,0,165,29,593.0,8,317.0,0,1,3,-0.41
166,0,166,29,607.5,8,321.0,0,1,3,-0.41
167,0,167,29,622.0,8,325.0,0,0,3,-0.41
168,0,168,29,636.5,8,329.0,0,0,3,-0.41
169,0,169,31,654.0,8,333.0,0,0,3,-0.43
170,0,170,31,669.5,8,337.0,0,2,3,-0.43
171,0,171,32,686.5,8,341.0,0,0,3,-0.44
172,0,172,33,704.0,8,345.0,0,0,3,-0.45
173,0,173,37,726.5,8,349.0,0,0,3,-0.49
174,0,174,38,746.5,8,353.0,0,0,3,-0.5
175,0,175,38,765.5,8,357.0,0,0,3,-0.5
176,0,176,38,784.5,8,361.0,0,1,3,-0.5
177,0,177,38,803.5,8,365.0,0,0,3,-0.5
178,0,178,38,822.5,8,369.0,0,0,3,-0.5
179,0,179,38,841.5,8,373.0,0,0,3,-0.5
180,0,180,38,860.5,8,377.0,0,2,3,-0.5
181,0,181,39,881.0,8,381.0,0,0,3,-0.51
182,0,182,40,902.0,8,385.0,0,0,3,-0.52
183,0,183,40,922.0,8,389.0,0,0,3,-0.52
184,0,184,42,945.0,8,393.0,0,0,3,-0.54
185,0,185,42,966.0,8,397.0,0,0,3,-0.54
186,0,186,45,991.5,8,401.0,0,0,3,-0.5700000000000001
187,0,187,45,1014.0,8,405.0,0,0,3,-0.5700000000000001
188,0,188,46,1038.0,8,409.0,0,0,3,-0.5800000000000001
189,0,189,46,1061.0,8,413.0,0,0,3,-0.5800000000000001
190,0,190,46,1084.0,8,417.0,0,0,3,-0.5800000000000001
191,0,191,46,1107.0,8,421.0,0,0,3,-0.5800000000000001
192,0,192,47,1131.5,8,425.0,0,0,3,-0.59
193,0,193,47,1155.0,8,429.0,0,0,3,-0.59
194,0,194,47,1178.5,8,433.0,0,0,3,-0.59
195,0,195,48,1203.5,8,437.0,0,0,3,-0.6
196,0,196,49,1229.0,8,441.0,0,0,3,-0.61
197,0,197,49,1253.5,8,445.0,0,0,3,-0.61
198,0,198,49,1278.0,8,449.0,0,0,3,-0.61
199,0,199,49,1302.5,8,453.0,0,0,3,-0.61
200,0,200,50,1328.5,8,457.0,0,0,3,-0.62
201,0,201,51,1355.0,8,461.0,0,0,3,-0.63
202,0,202,51,1380.5,8,465.0,0,0,3,-0.63
203,0,203,51,1406.0,8,469.0,0,0,3,-0.63
204,0,204,52,1433.0,8,473.0,0,0,3,-0.64
205,0,205,52,1459.0,8,477.0,0,0,3,-0.64
206,0,206,52,1485.0,8,481.0,0,0,3,-0.64
207,0,207,52,1511.0,8,485.0,0,0,3,-0.64
208,0,208,52,1537.0,8,489.0,0,0,3,-0.64
209,0,209,53,1564.5,8,493.0,0,0,3,-0.65
210,0,210,53,1591.0,8,497.0,0,0,3,-0.65
211,0,211,53,1617.5,8,501.0,0,1,4,-0.65
212,0,212,55,1647.0,8,505.0,0,0,4,-0.67
213,0,213,55,1674.5,8,509.0,0,0,4,-0.67
214,0,214,55,1702.0,8,513.0,0,0,4,-0.67
215,0,215,56,1731.0,8,517.0,0,0,4,-0.68
216,0,216,57,1760.5,8,521.0,0,0,4,-0.69
217,0,217,57,1789.0,8,525.0,0,0,4,-0.69
218,0,218,58,1819.0,8,529.0,0,0,4,-0.7
219,0,219,59,1849.5,8,533.0,0,0,4,-0.71
220,0,220,59,1879.0,8,537.0,0,1,4,-0.71
221,0,221,60,1910.0,8,541.0,0,0,4,-0.72
222,0,222,61,1941.5,8,545.0,0,0,4,-0.73
223,0,223,55,1625.0,8,549.0,0,0,5,-0.67
224,0,224,52,1416.5,8,553.0,0,0,5,-0.64
225,0,225,48,1251.5,8,557.0,0,0,5,-0.6
226,0,226,44,1129.5,8,561.0,0,0,5,-0.56
227,0,227,44,1151.5,8,565.0,0,0,5,-0.56
228,0,228,40,1057.0,8,569.0,0,0,5,-0.52
229,0,229,36,994.5,7,509.0,0,3,5,-0.46499999999999997
230,0,230,32,962.5,7,512.5,0,0,5,-0.425
231,0,231,32,978.5,6,434.5,0,0,5,-0.41000000000000003
232,0,232,32,979.5,5,350.0,0,0,5,-0.395
233,0,233,31,993.5,3,205.0,0,0,5,-0.355
234,0,234,31,1009.0,3,206.5,0,0,5,-0.355
235,0,235,31,1024.5,3,208.0,0,0,5,-0.355
236,0,236,31,1040.0,3,209.5,0,0,5,-0.355
237,0,237,32,1057.0,3,211.0,0,0,5,-0.365
238,0,238,32,1073.0,2,139.0,0,0,5,-0.35
239,0,239,32,1089.0,2,140.0,0,0,5,-0.35
240,0,240,32,1105.0,2,141.0,0,1,5,-0.35
241,0,241,32,1121.0,2,142.0,0,0,5,-0.35
242,0,242,32,1137.0,2,143.0,0,0,5,-0.35
243,0,243,33,1154.5,2,144.0,0,0,5,-0.36
244,0,244,33,1171.0,2,145.0,0,0,5,-0.36
245,0,245,33,1187.5,2,146.0,0,0,5,-0.36
246,0,246,34,1205.5,2,147.0,0,0,5,-0.37
247,0,247,34,1222.5,2,148.0,0,0,5,-0.37
248,0,248,34,1239.5,2,149.0,0,0,5,-0.37
249,0,249,34,1256.5,2,150.0,0,0,5,-0.37
250,0,250,34,1273.5,2,151.0,0,0,5,-0.37
251,0,251,35,1292.0,2,152.0,0,1,5,-0.38
252,0,252,36,1311.0,2,153.0,0,0,5,-0.39
253,0,253,36,1329.0,2,154.0,0,1,5,-0.39
254,0,254,36,1347.0,2,155.0,0,0,5,-0.39
255,0,255,37,1366.5,3,157.5,0,0,5,-0.415
256,0,256,37,1385.0,2,157.0,0,2,5,-0.4
257,0,257,37,1403.5,2,158.0,0,0,5,-0.4
258,0,258,37,1422.0,2,159.0,0,0,5,-0.4
259,0,259,37,1440.5,2,160.0,0,0,5,-0.4
260,0,260,37,1459.0,2,161.0,0,0,5,-0.4
261,0,261,37,1477.5,2,162.0,0,0,5,-0.4
262,0,262,38,1497.5,2,163.0,0,0,5,-0.41000000000000003
263,0,263,39,1518.0,2,164.0,0,0,5,-0.42000000000000004
264,0,264,39,1537.5,2,165.0,0,0,5,-0.42000000000000004
265,0,265,39,1557.0,2,166.0,0,0,5,-0.42000000000000004
266,0,266,39,1576.5,3,168.5,0,0,5,-0.435
267,0,267,39,1596.0,4,171.5,0,0,5,-0.45
268,0,268,39,1615.5,4,173.5,0,0,5,-0.45
269,0,269,39,1635.0,3,172.5,0,0,5,-0.435
270,0,270,39,1654.5,3,174.0,0,0,5,-0.435
271,0,271,40,1675.5,3,175.5,0,0,5,-0.445
272,0,272,41,1697.0,3,177.0,0,0,5,-0.45499999999999996
273,0,273,39,1523.5,4,180.0,0,0,6,-0.45
274,0,274,37,1452.0,3,180.0,0,0,6,-0.415
275,0,275,37,1470.5,3,181.5,0,0,6,-0.415
276,0,276,37,1489.0,3,183.0,0,0,6,-0.415
277,0,277,37,1507.5,3,184.5,0,0,6,-0.415
278,0,278,37,1526.0,5,189.0,0,0,6,-0.445
279,0,279,37,1544.5,4,189.5,0,0,6,-0.43
280,0,280,37,1563.0,5,193.0,0,0,6,-0.445
281,0,281,38,1583.0,6,197.0,0,0,6,-0.47
282,0,282,38,1602.0,7,201.5,0,0,6,-0.485
283,0,283,38,1621.0,8,206.5,0,0,6,-0.5
284,0,284,39,1641.5,7,208.5,0,0,6,-0.495
285,0,285,40,1662.5,7,212.0,0,0,6,-0.505
286,0,286,40,1682.5,7,215.5,0,0,6,-0.505
287,0,287,45,1710.0,8,220.5,0,2,6,-0.5700000000000001
288,0,288,45,1732.5,6,218.0,0,0,6,-0.54
289,0,289,45,1755.0,6,221.0,0,0,6,-0.54
290,0,290,45,1777.5,6,224.0,0,0,6,-0.54
291,0,291,45,1800.0,8,230.0,0,0,6,-0.5700000000000001
292,0,292,45,1822.5,7,232.0,0,0,6,-0.555
293,0,293,46,1846.5,8,237.0,0,0,6,-0.5800000000000001
294,0,294,47,1871.0,7,239.0,0,0,6,-0.575
295,0,295,48,1896.0,8,244.0,0,0,6,-0.6
296,0,296,48,1920.0,8,248.0,0,0,6,-0.6
297,0,297,48,1944.0,10,255.0,0,0,6,-0.63
298,0,298,48,1968.0,10,260.0,0,0,6,-0.63
299,0,299,48,1992.0,10,265.0,0,0,6,-0.63
300,0,300,48,2016.0,10,270.0,0,0,6,-0.63
301,0,301,48,2040.0,10,275.0,0,0,6,-0.63
302,0,302,48,2064.0,10,280.0,0,0,6,-0.63
303,0,303,48,2088.0,10,285.0,0,4,6,-0.63
304,0,304,50,2115.0,10,290.0,0,0,6,-0.65
305,0,305,50,2140.0,10,295.0,0,0,6,-0.65
306,0,306,50,2165.0,10,300.0,0,4,6,-0.65
307,0,307,50,2190.0,10,305.0,0,0,6,-0.65
308,0,308,50,2215.0,10,310.0,0,0,6,-0.65
309,0,309,50,2240.0,11,316.5,0,2,6,-0.665
310,0,310,50,2265.0,11,322.0,0,0,6,-0.665
311,0,311,50,2290.0,11,327.5,0,0,6,-0.665
312,0,312,50,2315.0,12,334.5,0,2,6,-0.6799999999999999
313,0,313,50,2340.0,12,340.5,0,0,6,-0.6799999999999999
314,0,314,51,2366.5,13,348.0,0,0,6,-0.7050000000000001
315,0,315,51,2392.0,13,354.5,0,2,6,-0.7050000000000001
316,0,316,51,2417.5,13,361.0,0,0,6,-0.7050000000000001
317,0,317,51,2443.0,13,367.5,0,0,6,-0.7050000000000001
318,0,318,51,2468.5,13,374.0,0,4,6,-0.7050000000000001
319,0,319,51,2494.0,13,380.5,0,0,6,-0.7050000000000001
320,0,320,52,2521.0,13,387.0,0,0,6,-0.7150000000000001
321,0,321,52,2547.0,13,393.5,0,0,6,-0.7150000000000001
322,0,322,52,2573.0,13,400.0,0,1,6,-0.7150000000000001
323,0,323,53,2600.5,13,406.5,0,0,6,-0.7250000000000001
324,0,324,53,2627.0,13,413.0,0,4,6,-0.7250000000000001
325,0,325,53,2653.5,13,419.5,0,1,6,-0.7250000000000001
326,0,326,53,2680.0,13,426.0,0,0,6,-0.7250000000000001
327,0,327,53,2706.5,13,432.5,0,0,6,-0.7250000000000001
328,0,328,53,2733.0,13,439.0,0,2,6,-0.7250000000000001
329,0,329,53,2759.5,13,445.5,0,0,6,-0.7250000000000001
330,0,330,54,2787.5,13,452.0,0,0,6,-0.7350000000000001
331,0,331,54,2814.5,13,458.5,0,2,6,-0.7350000000000001
332,0,332,54,2841.5,13,465.0,0,1,6,-0.7350000000000001
333,0,333,54,2868.5,13,471.5,0,3,6,-0.7350000000000001
334,0,334,55,2897.0,13,478.0,0,1,6,-0.7450000000000001
335,0,335,55,2924.5,13,484.5,0,1,6,-0.7450000000000001
336,0,336,55,2952.0,13,491.0,0,1,6,-0.7450000000000001
337,0,337,55,2979.5,13,497.5,0,2,6,-0.7450000000000001
338,0,338,55,3007.0,13,504.0,0,0,6,-0.7450000000000001
339,0,339,55,3034.5,13,510.5,0,2,6,-0.7450000000000001
340,0,340,56,3063.5,13,517.0,0,2,6,-0.7550000000000001
341,0,341,56,3091.5,13,523.5,0,0,6,-0.7550000000000001
342,0,342,56,3119.5,13,530.0,0,0,6,-0.7550000000000001
343,0,343,57,3149.0,13,536.5,0,1,6,-0.7649999999999999
344,0,344,57,3177.5,13,543.0,0,1,6,-0.7649999999999999
345,0,345,57,3206.0,13,549.5,0,1,6,-0.7649999999999999
346,0,346,57,3234.5,14,557.5,0,1,6,-0.7799999999999999
347,0,347,57,3263.0,13,562.5,0,0,6,-0.7649999999999999
348,0,348,57,3291.5,13,569.0,0,0,6,-0.7649999999999999
349,0,349,57,3320.0,13,575.5,0,0,6,-0.7649999999999999
350,0,350,58,3350.0,13,582.0,0,0,6,-0.7749999999999999
351,0,351,58,3379.0,14,590.0,0,1,6,-0.7899999999999999
352,0,352,58,3408.0,14,597.0,0,0,6,-0.7899999999999999
353,0,353,61,3441.5,14,604.0,0,0,6,-0.82
354,0,354,61,3472.0,14,611.0,0,0,6,-0.82
355,0,355,61,3502.5,14,618.0,0,1,6,-0.82
356,0,356,61,3533.0,14,625.0,0,0,6,-0.82
357,0,357,61,3563.5,14,632.0,0,1,6,-0.82
358,0,358,61,3594.0,14,639.0,0,2,6,-0.82
359,0,359,61,3624.5,14,646.0,0,0,6,-0.82
360,0,360,61,3655.0,14,653.0,0,0,6,-0.82
361,0,361,61,3685.5,14,660.0,0,0,6,-0.82
362,0,362,61,3716.0,14,667.0,0,1,6,-0.82
363,0,363,63,3749.5,14,674.0,0,0,7,-0.84
364,0,364,63,3781.0,14,681.0,0,0,7,-0.84
365,0,365,63,3812.5,14,688.0,0,0,7,-0.84
366,0,366,63,3844.0,14,695.0,0,0,7,-0.84
367,0,367,63,3875.5,14,702.0,0,1,7,-0.84
368,0,368,65,3910.0,14,709.0,0,1,7,-0.86
369,0,369,65,3942.5,14,716.0,0,0,7,-0.86
370,0,370,66,3976.5,14,723.0,0,0,7,-0.87
371,0,371,66,4009.5,14,730.0,0,0,7,-0.87
372,0,372,66,4042.5,14,737.0,0,0,7,-0.87
373,0,373,68,4078.5,14,744.0,0,0,7,-0.89
374,0,374,68,4112.5,14,751.0,0,0,7,-0.89
375,0,375,66,3856.0,14,758.0,0,1,8,-0.87
376,0,376,64,3680.0,14,765.0,0,0,8,-0.85
377,0,377,62,3505.5,14,772.0,0,1,8,-0.83
378,0,378,61,3464.5,14,779.0,0,1,8,-0.82
379,0,379,60,3413.0,14,786.0,0,0,8,-0.8099999999999999
380,0,380,58,3351.0,14,793.0,0,1,8,-0.7899999999999999
381,0,381,57,3355.5,14,800.0,0,0,8,-0.7799999999999999
382,0,382,58,3385.5,14,807.0,0,0,8,-0.7899999999999999
383,0,383,59,3416.0,14,814.0,0,0,8,-0.7999999999999999
384,0,384,59,3445.5,14,821.0,0,0,8,-0.7999999999999999
385,0,385,59,3475.0,14,828.0,0,0,8,-0.7999999999999999
386,0,386,59,3504.5,14,835.0,0,0,8,-0.7999999999999999
387,0,387,59,3534.0,14,842.0,0,0,8,-0.7999999999999999
388,0,388,59,3563.5,14,849.0,0,2,8,-0.7999999999999999
389,0,389,60,3594.5,14,856.0,0,0,8,-0.8099999999999999
390,0,390,60,3624.5,14,863.0,0,0,8,-0.8099999999999999
391,0,391,62,3657.5,14,870.0,0,0,8,-0.83
392,0,392,62,3688.5,14,877.0,0,0,8,-0.83
393,0,393,62,3719.5,14,884.0,0,0,8,-0.83
394,0,394,62,3750.5,14,891.0,0,0,8,-0.83
395,0,395,62,3781.5,14,898.0,0,0,8,-0.83
396,0,396,62,3812.5,14,905.0,0,0,8,-0.83
397,0,397,62,3843.5,14,912.0,0,2,8,-0.83
398,0,398,62,3874.5,14,919.0,0,1,8,-0.83
399,0,399,63,3907.0,14,926.0,0,0,8,-0.84
400,0,400,63,3938.5,14,933.0,0,2,8,-0.84
401,0,401,63,3970.0,14,940.0,0,0,8,-0.84
402,0,402,63,4001.5,14,947.0,0,0,8,-0.84
403,0,403,65,4036.0,14,954.0,0,0,8,-0.86
404,0,404,67,4071.5,14,961.0,0,0,8,-0.88
405,0,405,67,4105.0,14,968.0,0,0,8,-0.88
406,0,406,67,4138.5,14,975.0,0,0,8,-0.88
407,0,407,67,4172.0,14,982.0,0,0,8,-0.88
408,0,408,68,4207.0,14,989.0,0,0,8,-0.89
409,0,409,68,4241.0,14,996.0,0,1,8,-0.89
410,0,410,69,4276.5,14,1003.0,0,0,8,-0.8999999999999999
411,0,411,69,4311.0,14,1010.0,0,0,8,-0.8999999999999999
412,0,412,69,4345.5,14,1017.0,0,0,8,-0.8999999999999999
413,0,413,71,4383.0,14,1024.0,0,0,8,-0.9199999999999999
414,0,414,71,4418.5,14,1031.0,0,0,8,-0.9199999999999999
415,0,415,71,4454.0,14,1038.0,0,0,8,-0.9199999999999999
416,0,416,73,4492.5,14,1045.0,0,0,8,-0.94
417,0,417,73,4529.0,14,1052.0,0,0,8,-0.94
418,0,418,73,4565.5,14,1059.0,0,1,8,-0.94
419,0,419,73,4602.0,14,1066.0,0,0,8,-0.94
420,0,420,73,4638.5,14,1073.0,0,1,8,-0.94
421,0,421,73,4675.0,14,1080.0,0,0,8,-0.94
422,0,422,73,4711.5,14,1087.0,0,0,8,-0.94
423,0,423,73,4748.0,14,1094.0,0,0,8,-0.94
424,0,424,74,4786.0,14,1101.0,0,0,8,-0.95
425,0,425,74,4823.0,14,1108.0,1,0,8,-0.95
426,0,426,74,4860.0,14,1115.0,0,1,8,-0.95
427,0,427,75,4898.5,14,1122.0,0,0,8,-0.96
428,0,428,75,4936.0,14,1129.0,0,0,8,-0.96
429,0,429,75,4973.5,14,1136.0,0,2,8,-0.96
430,0,430,76,5012.5,14,1143.0,0,0,8,-0.97
431,0,431,76,5050.5,14,1150.0,0,0,8,-0.97
432,0,432,78,5091.5,14,1157.0,0,0,8,-0.99
433,0,433,78,5130.5,14,1164.0,0,0,8,-0.99
434,0,434,79,5171.0,14,1171.0,0,0,8,-1.0
435,0,435,79,5210.5,14,1178.0,0,0,9,-1.0
436,0,436,82,5254.5,14,1185.0,0,0,9,-1.03
437,0,437,83,5297.0,14,1192.0,0,0,9,-1.04
438,0,438,83,5338.5,14,1199.0,0,0,9,-1.04
439,0,439,83,5380.0,14,1206.0,0,0,9,-1.04
440,0,440,83,5421.5,14,1213.0,0,2,9,-1.04
441,0,441,78,4602.0,10,948.0,0,0,0,-0.93
442,0,442,75,4105.5,10,953.0,0,0,0,-0.9
443,0,443,71,3642.0,10,958.0,0,0,0,-0.86
444,0,444,68,3208.5,8,825.0,0,0,0,-0.8
445,0,445,68,3242.5,8,829.0,0,0,0,-0.8
446,0,446,64,2846.5,8,833.0,0,0,0,-0.76
447,0,447,61,2494.5,7,760.5,0,0,0,-0.715
448,0,448,59,2337.5,7,764.0,0,0,0,-0.695
449,0,449,57,2202.0,5,601.0,0,0,0,-0.6449999999999999
450,0,450,53,1910.0,4,524.5,0,0,0,-0.5900000000000001
451,0,451,51,1771.5,4,526.5,0,0,0,-0.5700000000000001
452,0,452,50,1675.0,4,528.5,0,0,0,-0.56
453,0,453,46,1448.5,4,530.5,0,0,0,-0.52
454,0,454,44,1346.5,4,532.5,0,0,0,-0.5
455,0,455,44,1285.0,4,534.5,0,1,0,-0.5
456,0,456,40,1127.5,3,354.0,0,0,0,-0.445
457,0,457,40,1147.5,3,355.5,0,0,0,-0.445
458,0,458,36,1031.0,3,357.0,0,0,0,-0.40499999999999997
459,0,459,35,971.0,2,182.5,0,0,0,-0.38
460,0,460,34,977.5,2,183.5,0,0,0,-0.37
461,0,461,31,939.5,2,184.5,0,0,0,-0.33999999999999997
462,0,462,30,922.5,2,185.5,0,0,0,-0.32999999999999996
463,0,463,30,927.0,3,188.0,0,0,0,-0.345
464,0,464,29,923.0,3,189.5,0,1,0,-0.33499999999999996
465,0,465,28,935.5,3,191.0,0,0,0,-0.325
466,0,466,27,941.0,2,189.5,0,0,0,-0.30000000000000004
467,0,467,27,954.5,2,190.5,0,0,0,-0.30000000000000004
468,0,468,27,968.0,2,191.5,0,0,0,-0.30000000000000004
469,0,469,27,981.5,2,192.5,0,0,0,-0.30000000000000004
470,0,470,28,996.5,2,193.5,0,0,0,-0.31000000000000005
471,0,471,28,1010.5,2,194.5,0,1,0,-0.31000000000000005
472,0,472,29,1026.0,3,197.0,0,0,0,-0.33499999999999996
473,0,473,29,1040.5,3,198.5,0,0,0,-0.33499999999999996
474,0,474,29,1055.0,3,200.0,1,0,0,-0.33499999999999996
475,0,475,29,1069.5,3,201.5,0,1,0,-0.33499999999999996
476,0,476,29,1084.0,2,199.5,0,0,0,-0.31999999999999995
477,0,477,29,1098.5,2,200.5,0,0,0,-0.31999999999999995
478,0,478,29,1113.0,3,203.0,0,0,0,-0.33499999999999996
479,0,479,29,1127.5,3,204.5,0,3,0,-0.33499999999999996
480,0,480,29,1142.0,3,206.0,0,0,0,-0.33499999999999996
481,0,481,29,1156.5,3,207.5,0,1,0,-0.33499999999999996
482,0,482,30,1172.5,3,209.0,0,1,0,-0.345
483,0,483,30,1187.5,3,208.0,0,0,0,-0.345
484,0,484,31,1204.0,2,207.5,0,0,0,-0.33999999999999997
485,0,485,32,1221.0,2,208.5,0,0,0,-0.35
486,0,486,32,1237.0,4,212.5,0,0,0,-0.38
487,0,487,32,1253.0,6,217.5,0,0,0,-0.41000000000000003
488,0,488,32,1269.0,6,220.5,0,1,0,-0.41000000000000003
489,0,489,32,1285.0,6,223.5,0,0,0,-0.41000000000000003
490,0,490,33,1302.5,5,223.0,0,1,0,-0.405
491,0,491,31,1112.0,5,225.5,0,1,1,-0.385
492,0,492,29,1035.5,5,228.0,0,0,1,-0.365
493,0,493,31,1053.0,5,230.5,0,0,1,-0.385
494,0,494,31,1068.5,4,227.5,0,1,1,-0.37
495,0,495,33,1087.0,4,229.5,0,0,1,-0.39
496,0,496,34,1105.0,4,231.5,1,0,1,-0.4
497,0,497,34,1122.0,5,235.0,0,0,1,-0.41500000000000004
498,0,498,34,1139.0,5,237.5,0,0,1,-0.41500000000000004
499,0,499,35,1157.5,5,240.0,0,0,1,-0.425
500,0,500,35,1175.0,5,242.5,0,0,1,-0.425
501,0,501,36,1194.0,5,245.0,0,0,1,-0.435
502,0,502,36,1212.0,5,247.5,1,0,1,-0.435
503,0,503,36,1230.0,5,250.0,0,0,1,-0.435
504,0,504,36,1248.0,5,252.5,0,0,1,-0.435
505,0,505,35,1254.0,5,255.0,0,0,1,-0.425
506,0,506,36,1273.0,6,259.0,0,0,1,-0.44999999999999996
507,0,507,36,1291.0,5,260.0,0,0,1,-0.435
508,0,508,36,1309.0,5,262.5,0,0,1,-0.435
509,0,509,36,1327.0,5,265.0,0,0,1,-0.435
510,0,510,36,1345.0,6,269.0,0,0,1,-0.44999999999999996
511,0,511,37,1364.5,6,272.0,0,0,1,-0.45999999999999996
512,0,512,37,1383.0,7,276.5,0,1,1,-0.475
513,0,513,38,1403.0,7,280.0,0,0,1,-0.485
514,0,514,39,1423.5,7,283.5,0,0,1,-0.495
515,0,515,40,1444.5,7,287.0,0,0,1,-0.505
516,0,516,40,1464.5,7,290.5,0,0,1,-0.505
517,0,517,40,1484.5,8,295.5,0,0,1,-0.52
518,0,518,40,1504.5,8,299.5,0,0,1,-0.52
519,0,519,40,1524.5,8,303.5,0,0,1,-0.52
520,0,520,40,1544.5,8,307.5,0,0,1,-0.52
521,0,521,40,1564.5,8,311.5,0,2,1,-0.52
522,0,522,40,1584.5,8,315.5,0,0,1,-0.52
523,0,523,41,1606.0,9,321.0,0,0,1,-0.5449999999999999
524,0,524,42,1628.0,9,325.5,0,0,1,-0.5549999999999999
525,0,525,42,1649.0,8,327.5,0,0,1,-0.54
526,0,526,42,1670.0,8,331.5,0,0,1,-0.54
527,0,527,42,1691.0,8,335.5,0,0,1,-0.54
528,0,528,42,1712.0,9,341.0,0,0,1,-0.5549999999999999
529,0,529,42,1733.0,9,345.5,0,0,1,-0.5549999999999999
530,0,530,42,1754.0,9,350.0,0,0,1,-0.5549999999999999
531,0,531,42,1775.0,9,354.5,0,2,1,-0.5549999999999999
532,0,532,43,1797.5,9,359.0,0,0,1,-0.565
533,0,533,43,1819.0,9,363.5,0,2,1,-0.565
534,0,534,43,1840.5,10,369.5,0,2,1,-0.58
535,0,535,44,1863.5,10,374.5,0,0,1,-0.59
536,0,536,44,1885.5,10,379.5,0,3,1,-0.59
537,0,537,44,1907.5,10,384.5,0,0,1,-0.59
538,0,538,44,1929.5,10,389.5,0,0,1,-0.59
539,0,539,44,1951.5,10,394.5,0,3,1,-0.59
540,0,540,44,1973.5,10,399.5,0,0,1,-0.59
541,0,541,44,1995.5,10,404.5,0,0,1,-0.59
542,0,542,45,2019.0,10,409.5,0,3,1,-0.6
543,0,543,45,2041.5,10,414.5,0,0,1,-0.6
544,0,544,45,2064.0,10,419.5,0,0,1,-0.6
545,0,545,45,2086.5,10,424.5,0,2,1,-0.6
546,0,546,45,2109.0,10,429.5,0,1,1,-0.6
547,0,547,45,2131.5,10,434.5,0,0,1,-0.6
548,0,548,45,2154.0,10,439.5,0,1,1,-0.6
549,0,549,45,2176.5,10,444.5,0,3,1,-0.6
550,0,550,45,2199.0,10,449.5,0,0,1,-0.6
551,0,551,46,2223.0,10,454.5,0,1,1,-0.61
552,0,552,46,2246.0,11,461.0,0,2,1,-0.625
553,0,553,46,2269.0,11,466.5,0,1,1,-0.625
554,0,554,47,2293.5,11,472.0,0,1,1,-0.635
555,0,555,48,2318.5,11,477.5,0,1,1,-0.645
556,0,556,48,2342.5,11,483.0,0,1,1,-0.645
557,0,557,50,2369.5,11,488.5,0,2,1,-0.665
558,0,558,50,2394.5,11,494.0,0,1,1,-0.665
559,0,559,50,2419.5,11,499.5,0,0,1,-0.665
560,0,560,50,2444.5,11,505.0,0,0,1,-0.665
561,0,561,50,2469.5,12,512.0,0,4,1,-0.6799999999999999
562,0,562,50,2494.5,12,518.0,0,0,1,-0.6799999999999999
563,0,563,51,2521.0,12,524.0,0,1,1,-0.69
564,0,564,51,2546.5,12,530.0,0,3,1,-0.69
565,0,565,52,2573.5,12,536.0,0,0,1,-0.7
566,0,566,52,2599.5,12,542.0,0,2,1,-0.7
567,0,567,52,2625.5,12,548.0,0,1,1,-0.7
568,0,568,54,2654.5,12,554.0,0,1,1,-0.72
569,0,569,54,2681.5,12,560.0,0,1,1,-0.72
570,0,570,55,2710.0,12,566.0,0,2,1,-0.73
571,0,571,56,2739.0,12,572.0,0,2,1,-0.74
572,0,572,56,2767.0,12,578.0,0,0,1,-0.74
573,0,573,57,2796.5,12,584.0,0,1,1,-0.75
574,0,574,58,2826.5,12,590.0,0,3,1,-0.76
575,0,575,58,2855.5,12,596.0,0,0,1,-0.76
576,0,576,58,2884.5,12,602.0,0,1,1,-0.76
577,0,577,58,2913.5,12,608.0,0,1,1,-0.76
578,0,578,58,2942.5,12,614.0,0,1,1,-0.76
579,0,579,58,2971.5,12,620.0,0,0,1,-0.76
580,0,580,58,3000.5,12,626.0,0,2,1,-0.76
581,0,581,58,3029.5,12,632.0,0,2,2,-0.76
582,0,582,58,3058.5,12,638.0,0,1,2,-0.76
583,0,583,58,3087.5,12,644.0,0,1,2,-0.76
584,0,584,58,3116.5,12,650.0,0,2,2,-0.76
585,0,585,59,3147.0,12,656.0,0,0,2,-0.77
586,0,586,59,3176.5,12,662.0,0,2,2,-0.77
587,0,587,59,3206.0,12,668.0,0,2,2,-0.77
588,0,588,59,3235.5,12,674.0,0,0,2,-0.77
589,0,589,60,3266.5,12,680.0,0,1,2,-0.78
590,0,590,60,3296.5,12,686.0,0,2,2,-0.78
591,0,591,60,3326.5,12,692.0,0,1,2,-0.78
592,0,592,61,3358.0,12,698.0,0,2,2,-0.79
593,0,593,60,3081.0,12,704.0,0,0,3,-0.78
594,0,594,58,2882.0,12,710.0,0,2,3,-0.76
595,0,595,56,2754.5,12,716.0,0,1,3,-0.74
596,0,596,54,2688.0,12,722.0,0,1,3,-0.72
597,0,597,55,2716.5,12,728.0,0,1,3,-0.73
598,0,598,53,2707.0,12,734.0,0,0,3,-0.71
599,0,599,56,2738.0,12,740.0,0,1,3,-0.74
600,0,600,56,2766.0,12,746.0,1,0,3,-0.74
601,0,601,56,2794.0,12,752.0,0,0,3,-0.74
602,0,602,57,2823.5,12,758.0,0,0,3,-0.75
603,0,603,58,2853.5,12,764.0,0,1,3,-0.76
604,0,604,58,2882.5,12,770.0,0,0,3,-0.76
605,0,605,58,2911.5,12,776.0,0,0,3,-0.76
606,0,606,58,2940.5,12,782.0,0,0,3,-0.76
607,0,607,58,2969.5,12,788.0,0,1,3,-0.76
608,0,608,58,2998.5,12,794.0,0,1,3,-0.76
609,0,609,58,3027.5,12,800.0,0,0,3,-0.76
610,0,610,58,3056.5,12,806.0,1,0,3,-0.76
611,0,611,59,3087.0,12,812.0,0,0,3,-0.77
612,0,612,60,3118.0,12,818.0,0,0,3,-0.78
613,0,613,62,3151.0,12,824.0,0,1,3,-0.8
614,0,614,63,3183.5,12,830.0,1,0,3,-0.81
615,0,615,63,3215.0,12,836.0,0,0,3,-0.81
616,0,616,63,3246.5,12,842.0,0,0,3,-0.81
617,0,617,63,3278.0,12,848.0,0,1,3,-0.81
618,0,618,63,3309.5,12,854.0,0,2,3,-0.81
619,0,619,64,3342.5,12,860.0,0,0,3,-0.8200000000000001
620,0,620,64,3374.5,12,866.0,0,0,3,-0.8200000000000001
621,0,621,64,3406.5,12,872.0,0,0,3,-0.8200000000000001
622,0,622,64,3438.5,12,878.0,0,0,3,-0.8200000000000001
623,0,623,65,3472.0,12,884.0,0,0,3,-0.8300000000000001
624,0,624,67,3507.5,12,890.0,0,0,3,-0.8500000000000001
625,0,625,67,3541.0,12,896.0,0,0,3,-0.8500000000000001
626,0,626,67,3574.5,12,902.0,0,0,3,-0.8500000000000001
627,0,627,67,3608.0,12,908.0,0,0,3,-0.8500000000000001
628,0,628,67,3641.5,12,914.0,0,0,3,-0.8500000000000001
629,0,629,67,3675.0,12,920.0,0,0,3,-0.8500000000000001
630,0,630,67,3708.5,12,926.0,0,0,3,-0.8500000000000001
631,0,631,67,3742.0,12,932.0,0,0,3,-0.8500000000000001
632,0,632,69,3778.5,12,938.0,0,0,3,-0.8699999999999999
633,0,633,69,3813.0,12,944.0,0,0,3,-0.8699999999999999
634,0,634,70,3849.0,12,950.0,0,1,3,-0.8799999999999999
635,0,635,71,3885.5,12,956.0,0,0,3,-0.8899999999999999
636,0,636,72,3922.5,12,962.0,0,0,3,-0.8999999999999999
637,0,637,72,3958.5,12,968.0,0,0,3,-0.8999999999999999
638,0,638,72,3994.5,12,974.0,0,1,3,-0.8999999999999999
639,0,639,74,4033.5,12,980.0,0,0,3,-0.9199999999999999
640,0,640,73,4065.0,12,986.0,0,0,3,-0.9099999999999999
641,0,641,73,4101.5,12,992.0,0,0,3,-0.9099999999999999
642,0,642,74,4139.5,12,998.0,0,0,3,-0.9199999999999999
643,0,643,75,4178.0,12,1004.0,0,0,3,-0.9299999999999999
644,0,644,77,4218.5,12,1010.0,0,0,3,-0.95
645,0,645,77,4257.0,12,1016.0,0,1,3,-0.95
646,0,646,77,4295.5,12,1022.0,0,0,3,-0.95
647,0,647,77,4334.0,12,1028.0,0,0,3,-0.95
648,0,648,77,4372.5,12,1034.0,0,1,3,-0.95
649,0,649,77,4411.0,12,1040.0,0,0,3,-0.95
650,0,650,77,4449.5,12,1046.0,0,0,3,-0.95
651,0,651,77,4488.0,12,1052.0,0,0,3,-0.95
652,0,652,80,4531.0,12,1058.0,0,0,3,-0.98
653,0,653,81,4572.5,12,1064.0,0,1,4,-0.99
654,0,654,81,4613.0,12,1070.0,0,0,4,-0.99
655,0,655,81,4653.5,12,1076.0,0,0,4,-0.99
656,0,656,81,4694.0,12,1082.0,0,1,4,-0.99
657,0,657,81,4734.5,12,1088.0,0,0,4,-0.99
658,0,658,81,4775.0,12,1094.0,0,0,4,-0.99
659,0,659,81,4815.5,12,1100.0,0,0,4,-0.99
660,0,660,82,4857.5,12,1106.0,0,0,4,-1.0
661,0,661,82,4898.5,13,1113.5,0,0,4,-1.015
662,0,662,84,4942.5,13,1120.0,0,0,4,-1.035
663,0,663,84,4984.5,13,1126.5,0,0,4,-1.035
664,0,664,86,5029.5,14,1134.5,0,0,4,-1.07
665,0,665,80,4401.5,9,741.0,0,0,5,-0.935
666,0,666,76,3928.0,9,745.5,0,0,5,-0.895
667,0,667,72,3490.0,9,750.0,0,1,5,-0.855
668,0,668,68,3092.0,9,754.5,0,0,5,-0.8150000000000001
669,0,669,68,3126.0,9,759.0,0,0,5,-0.8150000000000001
670,0,670,64,2763.5,9,763.5,0,0,5,-0.775
671,0,671,60,2423.0,9,768.0,0,0,5,-0.735
672,0,672,59,2206.5,9,772.5,0,2,5,-0.725
673,0,673,58,2159.5,7,599.5,0,2,5,-0.6849999999999999
674,0,674,54,1892.0,5,589.0,0,0,5,-0.615
675,0,675,51,1721.0,5,591.5,0,0,5,-0.585
676,0,676,50,1692.0,4,586.5,0,0,5,-0.56
677,0,677,46,1506.0,4,588.5,0,0,5,-0.52
678,0,678,43,1382.5,4,590.5,0,0,5,-0.49
679,0,679,42,1369.0,4,592.5,0,0,5,-0.48
680,0,680,39,1258.0,5,596.0,0,0,5,-0.465
681,0,681,37,1207.0,5,598.5,0,0,5,-0.445
682,0,682,36,1187.5,5,601.0,0,0,5,-0.435
683,0,683,34,1142.0,5,603.5,0,1,5,-0.41500000000000004
684,0,684,33,1115.0,5,606.0,0,2,5,-0.405
685,0,685,33,1131.5,3,399.5,0,0,5,-0.375
686,0,686,31,1131.5,2,197.0,0,1,5,-0.33999999999999997
687,0,687,31,1147.0,3,199.5,0,1,5,-0.355
688,0,688,30,1158.0,3,201.0,1,0,5,-0.345
689,0,689,30,1173.0,4,204.0,0,0,5,-0.36
690,0,690,30,1188.0,4,206.0,0,0,5,-0.36
691,0,691,31,1204.5,4,208.0,0,0,5,-0.37
692,0,692,31,1220.0,4,210.0,0,1,5,-0.37
693,0,693,31,1235.5,4,212.0,0,0,5,-0.37
694,0,694,31,1251.0,3,210.0,0,0,5,-0.355
695,0,695,31,1266.5,4,213.0,0,0,5,-0.37
696,0,696,31,1282.0,4,215.0,0,0,5,-0.37
697,0,697,31,1297.5,4,217.0,0,0,5,-0.37
698,0,698,31,1313.0,4,219.0,0,0,5,-0.37
699,0,699,31,1328.5,4,221.0,0,1,5,-0.37
700,0,700,32,1345.5,4,223.0,0,0,5,-0.38
701,0,701,33,1363.0,4,225.0,0,0,5,-0.39
702,0,702,33,1379.5,4,227.0,0,0,5,-0.39
703,0,703,37,1402.0,4,229.0,0,0,5,-0.43
704,0,704,37,1420.5,4,231.0,1,2,5,-0.43
705,0,705,39,1442.0,4,233.0,1,0,5,-0.45
706,0,706,39,1461.5,4,235.0,0,0,5,-0.45
707,0,707,39,1481.0,4,237.0,0,0,5,-0.45
708,0,708,39,1500.5,4,239.0,0,0,5,-0.45
709,0,709,39,1520.0,4,241.0,0,0,5,-0.45
710,0,710,39,1539.5,4,243.0,0,0,5,-0.45
711,0,711,40,1560.5,4,245.0,0,0,5,-0.46
712,0,712,41,1582.0,4,247.0,0,0,5,-0.47
713,0,713,42,1604.0,4,249.0,0,0,5,-0.48
714,0,714,42,1625.0,4,251.0,0,0,5,-0.48
715,0,715,40,1422.0,4,253.0,0,0,6,-0.46
716,0,716,38,1329.5,4,255.0,0,0,6,-0.44
717,0,717,36,1337.5,4,257.0,0,0,6,-0.42
718,0,718,36,1355.5,4,259.0,0,0,6,-0.42
719,0,719,36,1373.5,4,261.0,0,0,6,-0.42
720,0,720,37,1393.0,4,263.0,0,0,6,-0.43
721,0,721,37,1411.5,4,265.0,0,0,6,-0.43
722,0,722,38,1431.5,4,267.0,0,0,6,-0.44
723,0,723,39,1452.0,4,269.0,0,0,6,-0.45
724,0,724,39,1471.5,4,271.0,0,0,6,-0.45
725,0,725,39,1491.0,4,273.0,0,2,6,-0.45
726,0,726,39,1510.5,4,275.0,0,0,6,-0.45
727,0,727,39,1530.0,4,277.0,0,0,6,-0.45
728,0,728,39,1549.5,4,279.0,0,0,6,-0.45
729,0,729,39,1569.0,4,281.0,0,0,6,-0.45
730,0,730,40,1590.0,4,283.0,0,0,6,-0.46
731,0,731,40,1610.0,4,285.0,0,0,6,-0.46
732,0,732,40,1630.0,4,287.0,0,0,6,-0.46
733,0,733,41,1651.5,4,289.0,0,0,6,-0.47
734,0,734,41,1672.0,4,291.0,0,0,6,-0.47
735,0,735,41,1692.5,4,293.0,0,0,6,-0.47
736,0,736,41,1713.0,4,295.0,0,0,6,-0.47
737,0,737,41,1733.5,5,298.5,0,0,6,-0.485
738,0,738,41,1754.0,5,301.0,0,0,6,-0.485
739,0,739,41,1774.5,5,303.5,0,0,6,-0.485
740,0,740,42,1796.5,6,307.5,0,0,6,-0.51
741,0,741,43,1819.0,7,312.0,0,0,6,-0.535
742,0,742,43,1840.5,7,315.5,0,1,6,-0.535
743,0,743,44,1863.5,7,319.0,0,0,6,-0.545
744,0,744,44,1885.5,7,322.5,0,0,6,-0.545
745,0,745,44,1907.5,7,326.0,0,3,6,-0.545
746,0,746,44,1929.5,8,331.0,0,0,6,-0.56
747,0,747,44,1951.5,8,335.0,0,0,6,-0.56
748,0,748,44,1973.5,8,339.0,0,2,6,-0.56
749,0,749,44,1995.5,8,343.0,0,0,6,-0.56
750,0,750,44,2017.5,8,347.0,0,0,6,-0.56
751,0,751,44,2039.5,8,351.0,0,2,6,-0.56
752,0,752,45,2063.0,8,355.0,0,0,6,-0.5700000000000001
753,0,753,46,2087.0,8,359.0,0,0,6,-0.5800000000000001
754,0,754,46,2110.0,8,363.0,0,2,6,-0.5800000000000001
755,0,755,46,2133.0,8,367.0,0,1,6,-0.5800000000000001
756,0,756,46,2156.0,8,371.0,0,0,6,-0.5800000000000001
757,0,757,46,2179.0,8,375.0,0,3,6,-0.5800000000000001
758,0,758,46,2202.0,8,379.0,0,1,6,-0.5800000000000001
759,0,759,46,2225.0,8,383.0,0,0,6,-0.5800000000000001
760,0,760,46,2248.0,8,387.0,0,3,6,-0.5800000000000001
761,0,761,46,2271.0,8,391.0,0,1,6,-0.5800000000000001
762,0,762,47,2295.5,8,395.0,0,0,6,-0.59
763,0,763,48,2320.5,8,399.0,0,2,6,-0.6
764,0,764,48,2344.5,8,403.0,0,1,6,-0.6
765,0,765,48,2368.5,8,407.0,0,0,6,-0.6
766,0,766,48,2392.5,8,411.0,0,2,6,-0.6
767,0,767,48,2416.5,8,415.0,0,1,6,-0.6
768,0,768,48,2440.5,8,419.0,0,0,6,-0.6
769,0,769,48,2464.5,8,423.0,0,3,6,-0.6
770,0,770,49,2490.0,8,427.0,0,0,6,-0.61
771,0,771,49,2514.5,8,431.0,0,0,6,-0.61
772,0,772,49,2539.0,8,435.0,0,2,6,-0.61
773,0,773,49,2563.5,8,439.0,0,1,6,-0.61
774,0,774,49,2588.0,8,443.0,0,0,6,-0.61
775,0,775,49,2612.5,8,447.0,0,4,6,-0.61
776,0,776,50,2638.5,8,451.0,0,0,6,-0.62
777,0,777,50,2663.5,8,455.0,0,0,6,-0.62
778,0,778,50,2688.5,8,459.0,0,2,6,-0.62
779,0,779,51,2715.0,8,463.0,0,2,6,-0.63
780,0,780,51,2740.5,8,467.0,0,0,6,-0.63
781,0,781,52,2767.5,8,471.0,0,2,6,-0.64
782,0,782,54,2796.5,8,475.0,0,1,6,-0.66
783,0,783,54,2823.5,8,479.0,0,1,6,-0.66
784,0,784,54,2850.5,8,483.0,0,2,6,-0.66
785,0,785,54,2877.5,8,487.0,0,2,6,-0.66
786,0,786,54,2904.5,8,491.0,0,0,6,-0.66
787,0,787,54,2931.5,8,495.0,0,2,6,-0.66
788,0,788,54,2958.5,8,499.0,0,1,6,-0.66
789,0,789,54,2985.5,8,503.0,0,0,6,-0.66
790,0,790,54,3012.5,8,507.0,0,2,6,-0.66
791,0,791,55,3041.0,8,511.0,0,0,6,-0.67
792,0,792,55,3068.5,8,515.0,0,2,6,-0.67
793,0,793,55,3096.0,8,519.0,0,2,6,-0.67
794,0,794,55,3123.5,8,523.0,0,0,6,-0.67
795,0,795,56,3152.5,8,527.0,0,0,6,-0.68
796,0,796,56,3180.5,8,531.0,0,2,6,-0.68
797,0,797,56,3208.5,8,535.0,0,1,6,-0.68
798,0,798,57,3238.0,8,539.0,0,0,6,-0.69
799,0,799,58,3268.0,8,543.0,0,2,6,-0.7
800,0,800,58,3297.0,8,547.0,0,1,6,-0.7
801,0,801,58,3326.0,8,551.0,0,1,6,-0.7
802,0,802,58,3355.0,8,555.0,0,2,6,-0.7
803,0,803,58,3384.0,8,559.0,0,2,6,-0.7
804,0,804,58,3413.0,8,563.0,0,1,6,-0.7
805,0,805,58,3442.0,8,567.0,0,1,7,-0.7
806,0,806,58,3471.0,8,571.0,0,2,7,-0.7
807,0,807,58,3500.0,8,575.0,0,2,7,-0.7
808,0,808,59,3530.5,8,579.0,0,1,7,-0.71
809,0,809,59,3560.0,8,583.0,0,1,7,-0.71
810,0,810,60,3591.0,8,587.0,0,1,7,-0.72
811,0,811,62,3624.0,8,591.0,0,1,7,-0.74
812,0,812,62,3655.0,8,595.0,0,0,7,-0.74
813,0,813,62,3686.0,8,599.0,0,0,7,-0.74
814,0,814,62,3717.0,8,603.0,0,0,7,-0.74
815,0,815,62,3748.0,8,607.0,0,1,7,-0.74
816,0,816,62,3779.0,8,611.0,0,0,7,-0.74
817,0,817,61,3494.5,8,615.0,0,0,8,-0.73
818,0,818,60,3273.5,8,619.0,0,0,8,-0.72
819,0,819,59,3118.5,8,623.0,0,0,8,-0.71
820,0,820,57,3033.5,8,627.0,0,0,8,-0.69
821,0,821,58,3063.5,8,631.0,1,0,8,-0.7
822,0,822,56,3053.5,8,635.0,1,0,8,-0.68
823,0,823,57,3083.0,8,639.0,0,0,8,-0.69
824,0,824,57,3111.5,8,643.0,0,0,8,-0.69
825,0,825,57,3140.0,8,647.0,0,0,8,-0.69
826,0,826,58,3170.0,8,651.0,0,1,8,-0.7
827,0,827,58,3199.0,8,655.0,0,0,8,-0.7
828,0,828,60,3231.0,8,659.0,0,0,8,-0.72
829,0,829,60,3261.0,8,663.0,0,0,8,-0.72
830,0,830,61,3292.5,8,667.0,0,0,8,-0.73
831,0,831,61,3323.0,8,671.0,0,0,8,-0.73
832,0,832,61,3353.5,8,675.0,0,0,8,-0.73
833,0,833,61,3384.0,8,679.0,0,0,8,-0.73
834,0,834,61,3414.5,8,683.0,0,0,8,-0.73
835,0,835,61,3445.0,8,687.0,0,0,8,-0.73
836,0,836,61,3475.5,8,691.0,1,1,8,-0.73
837,0,837,62,3507.5,8,695.0,0,0,8,-0.74
838,0,838,62,3538.5,8,699.0,0,0,8,-0.74
839,0,839,62,3569.5,8,703.0,0,0,8,-0.74
840,0,840,62,3600.5,8,707.0,0,0,8,-0.74
841,0,841,62,3631.5,8,711.0,0,0,8,-0.74
842,0,842,64,3665.5,8,715.0,1,2,8,-0.76
843,0,843,65,3699.0,8,719.0,0,0,8,-0.77
844,0,844,66,3733.0,8,723.0,0,1,8,-0.78
845,0,845,66,3766.0,8,727.0,0,0,8,-0.78
846,0,846,66,3799.0,8,731.0,0,2,8,-0.78
847,0,847,67,3833.5,8,735.0,0,0,8,-0.79
848,0,848,68,3868.5,8,739.0,0,0,8,-0.8
849,0,849,68,3902.5,8,743.0,0,0,8,-0.8
850,0,850,68,3936.5,8,747.0,0,0,8,-0.8
851,0,851,68,3970.5,8,751.0,0,0,8,-0.8
852,0,852,70,4007.5,8,755.0,0,0,8,-0.82
853,0,853,71,4044.0,8,759.0,0,0,8,-0.83
854,0,854,71,4079.5,8,763.0,0,2,8,-0.83
855,0,855,71,4115.0,8,767.0,0,0,8,-0.83
856,0,856,71,4150.5,8,771.0,0,0,8,-0.83
857,0,857,71,4186.0,9,776.5,0,0,8,-0.845
858,0,858,71,4221.5,9,781.0,0,0,8,-0.845
859,0,859,72,4258.5,9,785.5,0,0,8,-0.855
860,0,860,72,4294.5,9,790.0,0,0,8,-0.855
861,0,861,73,4332.0,9,794.5,0,0,8,-0.865
862,0,862,74,4370.0,9,799.0,0,0,8,-0.875
863,0,863,75,4408.5,10,805.0,0,0,8,-0.9
864,0,864,75,4446.0,10,810.0,0,0,8,-0.9
865,0,865,75,4483.5,10,815.0,0,0,8,-0.9
866,0,866,75,4521.0,10,820.0,0,0,8,-0.9
867,0,867,75,4558.5,10,825.0,0,2,8,-0.9
868,0,868,76,4597.5,10,830.0,0,0,8,-0.91
869,0,869,76,4635.5,10,835.0,0,0,8,-0.91
870,0,870,76,4673.5,10,840.0,1,0,8,-0.91
871,0,871,76,4711.5,11,846.5,0,0,8,-0.925
872,0,872,78,4752.5,11,852.0,0,0,8,-0.9450000000000001
873,0,873,79,4793.0,11,857.5,1,0,8,-0.9550000000000001
874,0,874,79,4832.5,11,863.0,1,1,8,-0.9550000000000001
875,0,875,79,4872.0,11,868.5,0,0,8,-0.9550000000000001
876,0,876,79,4911.5,12,875.5,0,0,8,-0.97
877,0,877,79,4951.0,12,881.0,0,1,9,-0.97
878,0,878,79,4990.5,12,887.0,0,0,9,-0.97
879,0,879,79,5030.0,12,893.0,0,1,9,-0.97
880,0,880,79,5069.5,13,900.5,0,0,9,-0.9850000000000001
881,0,881,80,5110.5,13,906.5,0,1,9,-0.9950000000000001
882,0,882,80,5150.5,13,913.0,0,0,9,-0.9950000000000001
883,0,883,76,4610.5,9,507.5,0,0,0,-0.895
884,0,884,72,4115.5,9,512.0,0,0,0,-0.855
885,0,885,68,3662.5,10,518.0,0,0,0,-0.8300000000000001
886,0,886,64,3238.5,10,323.5,0,0,0,-0.79
887,0,887,65,3272.0,10,328.5,0,0,0,-0.8
888,0,888,61,2882.5,10,333.5,0,0,0,-0.76
889,0,889,57,2527.5,10,338.5,0,0,0,-0.72
890,0,890,56,2307.0,9,340.0,0,0,0,-0.6950000000000001
891,0,891,56,2249.5,7,261.5,0,0,0,-0.665
892,0,892,52,1970.5,5,234.0,1,0,0,-0.595
893,0,893,51,1793.0,5,236.5,0,0,0,-0.585
894,0,894,50,1751.0,4,222.0,0,0,0,-0.56
895,0,895,46,1536.5,4,224.0,0,0,0,-0.52
896,0,896,44,1407.0,4,226.0,1,2,0,-0.5
897,0,897,43,1387.5,4,228.0,0,2,0,-0.49
898,0,898,40,1256.5,4,230.0,0,0,0,-0.46
899,0,899,38,1209.5,4,232.0,0,0,0,-0.44
900,0,900,37,1161.5,4,234.0,0,2,0,-0.43
901,0,901,33,1090.5,3,127.5,0,0,0,-0.375
902,0,902,32,1090.5,2,24.0,0,1,0,-0.35
903,0,903,29,1073.0,2,25.0,0,1,0,-0.31999999999999995
904,0,904,27,1075.0,2,26.0,0,0,0,-0.30000000000000004
905,0,905,27,1088.5,2,27.0,0,0,0,-0.30000000000000004
906,0,906,26,1097.5,2,28.0,0,1,0,-0.29000000000000004
907,0,907,26,1110.5,2,29.0,0,0,0,-0.29000000000000004
908,0,908,26,1123.5,2,30.0,0,0,0,-0.29000000000000004
909,0,909,26,1136.5,2,31.0,0,0,0,-0.29000000000000004
910,0,910,26,1149.5,2,32.0,0,0,0,-0.29000000000000004
911,0,911,26,1162.5,3,34.5,0,0,0,-0.305
912,0,912,30,1181.5,3,36.0,0,0,0,-0.345
913,0,913,31,1198.0,3,37.5,1,0,0,-0.355
914,0,914,33,1216.5,3,39.0,0,1,0,-0.375
915,0,915,33,1233.0,3,40.5,0,0,0,-0.375
916,0,916,33,1249.5,3,42.0,0,1,0,-0.375
917,0,917,33,1266.0,3,43.5,0,1,0,-0.375
918,0,918,33,1282.5,3,45.0,0,0,0,-0.375
919,0,919,35,1302.0,3,46.5,0,0,0,-0.39499999999999996
920,0,920,35,1319.5,2,42.0,0,0,0,-0.38
921,0,921,35,1337.0,2,43.0,0,0,0,-0.38
922,0,922,35,1354.5,2,44.0,0,0,0,-0.38
923,0,923,35,1372.0,2,45.0,1,0,0,-0.38
924,0,924,35,1389.5,2,46.0,0,0,0,-0.38
925,0,925,36,1408.5,2,47.0,0,0,0,-0.39
926,0,926,36,1426.5,2,48.0,0,0,0,-0.39
927,0,927,37,1446.0,2,49.0,0,0,0,-0.4
928,0,928,37,1464.5,2,50.0,0,1,0,-0.4
929,0,929,37,1483.0,2,51.0,0,0,0,-0.4
930,0,930,39,1504.5,2,52.0,0,0,0,-0.42000000000000004
931,0,931,40,1525.5,2,53.0,0,0,0,-0.43000000000000005
932,0,932,40,1545.5,2,54.0,0,0,0,-0.43000000000000005
933,0,933,38,1336.5,2,55.0,0,0,1,-0.41000000000000003
934,0,934,37,1231.0,2,56.0,0,0,1,-0.4
935,0,935,35,1225.5,2,57.0,0,0,1,-0.38
936,0,936,35,1243.0,2,58.0,1,0,1,-0.38
937,0,937,35,1260.5,2,59.0,1,0,1,-0.38
938,0,938,35,1278.0,2,60.0,0,0,1,-0.38
939,0,939,35,1295.5,2,61.0,0,0,1,-0.38
940,0,940,36,1314.5,2,62.0,0,0,1,-0.39
941,0,941,38,1335.5,2,63.0,0,0,1,-0.41000000000000003
942,0,942,39,1356.0,2,64.0,0,0,1,-0.42000000000000004
943,0,943,40,1377.0,2,65.0,0,0,1,-0.43000000000000005
944,0,944,41,1398.5,2,66.0,0,0,1,-0.43999999999999995
945,0,945,41,1419.0,2,67.0,0,0,1,-0.43999999999999995
946,0,946,39,1431.5,2,68.0,0,0,1,-0.42000000000000004
947,0,947,37,1444.5,2,69.0,0,0,1,-0.4
948,0,948,37,1463.0,2,70.0,0,0,1,-0.4
949,0,949,40,1486.0,2,71.0,0,0,1,-0.43000000000000005
950,0,950,40,1506.0,2,72.0,0,1,1,-0.43000000000000005
951,0,951,40,1526.0,2,73.0,0,0,1,-0.43000000000000005
952,0,952,40,1546.0,2,74.0,0,0,1,-0.43000000000000005
953,0,953,40,1566.0,3,76.5,0,0,1,-0.445
954,0,954,40,1586.0,3,78.0,0,0,1,-0.445
955,0,955,40,1606.0,4,81.0,0,0,1,-0.46
956,0,956,40,1626.0,4,83.0,0,0,1,-0.46
957,0,957,40,1646.0,4,85.0,0,0,1,-0.46
958,0,958,40,1666.0,4,87.0,0,0,1,-0.46
959,0,959,40,1686.0,4,89.0,0,0,1,-0.46
960,0,960,41,1707.5,5,92.5,0,0,1,-0.485
961,0,961,42,1729.5,5,95.0,0,0,1,-0.495
962,0,962,42,1750.5,5,97.5,0,0,1,-0.495
963,0,963,42,1771.5,5,100.0,0,3,1,-0.495
964,0,964,42,1792.5,6,104.0,0,0,1,-0.51
965,0,965,43,1815.0,5,105.0,0,0,1,-0.505
966,0,966,43,1836.5,5,107.5,0,2,1,-0.505
967,0,967,44,1859.5,6,111.5,0,0,1,-0.53
968,0,968,44,1881.5,6,114.5,0,0,1,-0.53
969,0,969,44,1903.5,6,117.5,0,2,1,-0.53
970,0,970,44,1925.5,7,122.0,0,0,1,-0.545
971,0,971,45,1949.0,7,125.5,0,0,1,-0.555
972,0,972,45,1971.5,7,129.0,0,2,1,-0.555
973,0,973,45,1994.0,7,132.5,0,1,1,-0.555
974,0,974,45,2016.5,7,136.0,0,0,1,-0.555
975,0,975,45,2039.0,7,139.5,0,3,1,-0.555
976,0,976,45,2061.5,7,143.0,0,1,1,-0.555
977,0,977,45,2084.0,7,146.5,0,0,1,-0.555
978,0,978,45,2106.5,7,150.0,0,3,1,-0.555
979,0,979,46,2130.5,7,153.5,0,1,1,-0.5650000000000001
980,0,980,46,2153.5,7,157.0,0,0,1,-0.5650000000000001
981,0,981,47,2178.0,7,160.5,0,2,1,-0.575
982,0,982,47,2201.5,7,164.0,0,1,1,-0.575
983,0,983,47,2225.0,7,167.5,0,0,1,-0.575
984,0,984,49,2251.5,7,171.0,0,2,1,-0.595
985,0,985,49,2276.0,7,174.5,0,2,1,-0.595
986,0,986,50,2302.0,7,178.0,0,0,1,-0.605
987,0,987,50,2327.0,7,181.5,0,1,1,-0.605
988,0,988,50,2352.0,7,185.0,0,1,1,-0.605
989,0,989,50,2377.0,7,188.5,0,1,1,-0.605
990,0,990,50,2402.0,7,192.0,0,2,1,-0.605
991,0,991,51,2428.5,7,195.5,0,0,1,-0.615
992,0,992,51,2454.0,7,199.0,0,2,1,-0.615
993,0,993,51,2479.5,7,202.5,0,0,1,-0.615
994,0,994,51,2505.0,7,206.0,0,0,1,-0.615
995,0,995,51,2530.5,7,209.5,0,2,1,-0.615
996,0,996,51,2556.0,7,213.0,0,0,1,-0.615
997,0,997,52,2583.0,7,216.5,0,0,1,-0.625
998,0,998,54,2612.0,7,220.0,0,2,1,-0.645
999,0,999,54,2639.0,7,223.5,0,0,1,-0.645
1000,1,0,0,0.0,0,0.0,0,0,0,-0.0
1001,1,1,0,0.0,0,0.0,0,0,0,-0.0
1002,1,2,0,0.0,0,0.0,0,0,0,-0.0
1003,1,3,0,0.0,0,0.0,0,0,0,-0.0
1004,1,4,0,0.0,0,0.0,0,0,0,-0.0
1005,1,5,0,0.0,0,0.0,0,0,0,-0.0
1006,1,6,0,0.0,0,0.0,0,0,0,-0.0
1007,1,7,0,0.0,0,0.0,0,0,0,-0.0
1008,1,8,0,0.0,0,0.0,0,0,0,-0.0
1009,1,9,0,0.0,0,0.0,0,0,0,-0.0
1010,1,10,0,0.0,0,0.0,0,0,0,-0.0
1011,1,11,0,0.0,0,0.0,0,0,0,-0.0
1012,1,12,0,0.0,0,0.0,0,0,0,-0.0
1013,1,13,0,0.0,0,0.0,0,0,0,-0.0
1014,1,14,0,0.0,0,0.0,0,0,0,-0.0
1015,1,15,0,0.0,0,0.0,0,0,0,-0.0
1016,1,16,0,0.0,0,0.0,0,0,0,-0.0
1017,1,17,0,0.0,0,0.0,0,0,0,-0.0
1018,1,18,0,0.0,0,0.0,0,0,0,-0.0
1019,1,19,0,0.0,0,0.0,0,0,0,-0.0
1020,1,20,0,0.0,0,0.0,0,0,0,-0.0
1021,1,21,0,0.0,0,0.0,0,0,0,-0.0
1022,1,22,0,0.0,0,0.0,0,0,0,-0.0
1023,1,23,0,0.0,0,0.0,0,0,0,-0.0
1024,1,24,0,0.0,0,0.0,0,0,0,-0.0
1025,1,25,0,0.0,0,0.0,0,0,0,-0.0
1026,1,26,0,0.0,0,0.0,0,0,0,-0.0
1027,1,27,0,0.0,0,0.0,0,0,0,-0.0
1028,1,28,0,0.0,0,0.0,0,0,0,-0.0
1029,1,29,0,0.0,0,0.0,0,0,0,-0.0
1030,1,30,0,0.0,0,0.0,0,0,0,-0.0
1031,1,31,0,0.0,0,0.0,0,0,0,-0.0
1032,1,32,0,0.0,0,0.0,0,0,0,-0.0
1033,1,33,0,0.0,0,0.0,0,0,0,-0.0
1034,1,34,0,0.0,0,0.0,0,0,0,-0.0
1035,1,35,0,0.0,0,0.0,0,0,0,-0.0
1036,1,36,0,0.0,0,0.0,0,0,0,-0.0
1037,1,37,0,0.0,0,0.0,0,0,0,-0.0
1038,1,38,0,0.0,0,0.0,0,0,0,-0.0
1039,1,39,0,0.0,0,0.0,0,0,0,-0.0
1040,1,40,0,0.0,0,0.0,0,0,0,-0.0
1041,1,41,0,0.0,0,0.0,0,0,0,-0.0
1042,1,42,0,0.0,0,0.0,0,0,0,-0.0
1043,1,43,0,0.0,0,0.0,0,0,0,-0.0
1044,1,44,0,0.0,0,0.0,0,0,0,-0.0
1045,1,45,0,0.0,0,0.0,0,0,0,-0.0
1046,1,46,0,0.0,0,0.0,0,0,0,-0.0
1047,1,47,0,0.0,0,0.0,0,0,0,-0.0
1048,1,48,0,0.0,0,0.0,0,0,0,-0.0
1049,1,49,0,0.0,0,0.0,0,0,1,-0.0
1050,1,50,0,0.0,0,0.0,0,0,1,-0.0
1051,1,51,0,0.0,0,0.0,0,0,1,-0.0
1052,1,52,0,0.0,0,0.0,0,0,1,-0.0
1053,1,53,0,0.0,0,0.0,0,0,1,-0.0
1054,1,54,0,0.0,0,0.0,0,0,1,-0.0
1055,1,55,0,0.0,0,0.0,0,0,1,-0.0
1056,1,56,0,0.0,0,0.0,0,0,1,-0.0
1057,1,57,0,0.0,0,0.0,0,0,1,-0.0
1058,1,58,0,0.0,0,0.0,0,0,1,-0.0
1059,1,59,0,0.0,0,0.0,0,0,1,-0.0
1060,1,60,0,0.0,0,0.0,0,0,1,-0.0
1061,1,61,0,0.0,1,1.5,0,0,1,-0.015
1062,1,62,0,0.0,1,2.0,0,0,1,-0.015
1063,1,63,0,0.0,1,2.5,0,0,1,-0.015
1064,1,64,0,0.0,1,3.0,0,0,1,-0.015
1065,1,65,0,0.0,1,3.5,0,0,1,-0.015
1066,1,66,0,0.0,1,4.0,0,0,1,-0.015
1067,1,67,0,0.0,1,4.5,0,0,1,-0.015
1068,1,68,0,0.0,1,5.0,0,0,1,-0.015
1069,1,69,0,0.0,1,5.5,0,0,1,-0.015
1070,1,70,0,0.0,2,7.5,0,0,1,-0.03
1071,1,71,0,0.0,2,8.5,0,0,1,-0.03
1072,1,72,0,0.0,2,9.5,0,0,1,-0.03
1073,1,73,0,0.0,2,10.5,0,0,1,-0.03
1074,1,74,0,0.0,3,13.0,0,0,1,-0.045
1075,1,75,0,0.0,3,14.5,0,0,1,-0.045
1076,1,76,0,0.0,3,16.0,0,0,1,-0.045
1077,1,77,0,0.0,3,17.5,0,0,1,-0.045
1078,1,78,8,12.0,3,19.0,0,0,1,-0.125
1079,1,79,8,16.0,3,20.5,0,0,1,-0.125
1080,1,80,8,20.0,3,22.0,0,0,1,-0.125
1081,1,81,8,24.0,3,23.5,0,0,1,-0.125
1082,1,82,8,28.0,4,26.5,0,0,1,-0.14
1083,1,83,8,32.0,4,28.5,0,0,1,-0.14
1084,1,84,8,36.0,4,30.5,0,0,1,-0.14
1085,1,85,8,40.0,4,32.5,0,0,1,-0.14
1086,1,86,8,44.0,4,34.5,0,0,1,-0.14
1087,1,87,8,48.0,4,36.5,0,0,1,-0.14
1088,1,88,8,52.0,4,38.5,0,0,1,-0.14
1089,1,89,9,57.5,4,40.5,0,0,1,-0.15
1090,1,90,9,62.0,4,42.5,0,0,1,-0.15
1091,1,91,9,66.5,4,44.5,0,0,1,-0.15
1092,1,92,9,71.0,5,48.0,0,0,1,-0.16499999999999998
1093,1,93,9,75.5,6,52.0,0,0,1,-0.18
1094,1,94,9,80.0,6,55.0,0,0,1,-0.18
1095,1,95,9,84.5,8,61.0,0,0,1,-0.21
1096,1,96,9,89.0,7,63.0,0,0,1,-0.195
1097,1,97,9,93.5,7,66.5,0,0,1,-0.195
1098,1,98,9,98.0,7,70.0,0,0,1,-0.195
1099,1,99,10,104.0,8,75.0,0,0,1,-0.22
1100,1,100,10,109.0,8,79.0,0,0,1,-0.22
1101,1,101,11,115.5,8,83.0,0,0,1,-0.22999999999999998
1102,1,102,11,121.0,8,87.0,0,0,1,-0.22999999999999998
1103,1,103,11,126.5,8,91.0,0,0,1,-0.22999999999999998
1104,1,104,11,132.0,8,95.0,0,0,1,-0.22999999999999998
1105,1,105,11,137.5,8,99.0,0,0,1,-0.22999999999999998
1106,1,106,11,143.0,8,103.0,0,0,1,-0.22999999999999998
1107,1,107,11,148.5,8,107.0,0,0,1,-0.22999999999999998
1108,1,108,11,154.0,8,111.0,0,0,1,-0.22999999999999998
1109,1,109,11,159.5,8,115.0,0,0,1,-0.22999999999999998
1110,1,110,11,165.0,8,119.0,0,0,1,-0.22999999999999998
1111,1,111,11,170.5,8,123.0,0,0,1,-0.22999999999999998
1112,1,112,11,176.0,8,127.0,0,0,1,-0.22999999999999998
1113,1,113,12,183.0,8,131.0,0,0,1,-0.24
1114,1,114,13,190.5,8,135.0,0,0,1,-0.25
1115,1,115,13,197.0,8,139.0,0,0,1,-0.25
1116,1,116,13,203.5,8,143.0,0,0,1,-0.25
1117,1,117,13,210.0,8,147.0,0,0,1,-0.25
1118,1,118,13,216.5,8,151.0,0,0,1,-0.25
1119,1,119,13,223.0,8,155.0,0,0,1,-0.25
1120,1,120,14,231.0,8,159.0,0,0,1,-0.26
1121,1,121,14,238.0,8,163.0,0,0,1,-0.26
1122,1,122,14,245.0,8,167.0,0,0,1,-0.26
1123,1,123,15,253.5,8,171.0,0,0,1,-0.27
1124,1,124,16,262.5,8,175.0,0,0,1,-0.28
1125,1,125,16,270.5,8,179.0,0,0,1,-0.28
1126,1,126,16,278.5,8,183.0,0,0,1,-0.28
1127,1,127,16,286.5,8,187.0,0,0,1,-0.28
1128,1,128,16,294.5,8,191.0,0,0,1,-0.28
1129,1,129,16,302.5,8,195.0,0,0,1,-0.28
1130,1,130,16,310.5,8,199.0,0,0,1,-0.28
1131,1,131,16,318.5,8,203.0,0,0,1,-0.28
1132,1,132,16,326.5,8,207.0,0,0,1,-0.28
1133,1,133,16,334.5,8,211.0,0,0,1,-0.28
1134,1,134,17,344.0,8,215.0,0,0,1,-0.29000000000000004
1135,1,135,17,352.5,8,219.0,0,0,1,-0.29000000000000004
1136,1,136,17,361.0,8,223.0,0,0,1,-0.29000000000000004
1137,1,137,17,369.5,8,227.0,0,0,1,-0.29000000000000004
1138,1,138,17,378.0,8,231.0,0,0,1,-0.29000000000000004
1139,1,139,17,386.5,8,235.0,0,0,2,-0.29000000000000004
1140,1,140,17,395.0,8,239.0,0,0,2,-0.29000000000000004
1141,1,141,17,403.5,8,243.0,0,0,2,-0.29000000000000004
1142,1,142,17,412.0,8,247.0,0,0,2,-0.29000000000000004
1143,1,143,17,420.5,8,251.0,0,0,2,-0.29000000000000004
1144,1,144,17,429.0,8,255.0,0,0,2,-0.29000000000000004
1145,1,145,17,437.5,8,259.0,0,0,2,-0.29000000000000004
1146,1,146,18,447.5,8,263.0,0,0,2,-0.3
1147,1,147,18,456.5,8,267.0,0,0,2,-0.3
1148,1,148,18,465.5,8,271.0,0,1,2,-0.3
1149,1,149,19,476.0,8,275.0,0,0,2,-0.31
1150,1,150,20,487.0,8,279.0,0,0,2,-0.32
1151,1,151,19,422.5,8,283.0,0,2,3,-0.31
1152,1,152,19,432.0,8,287.0,0,0,3,-0.31
1153,1,153,21,444.5,8,291.0,0,0,3,-0.32999999999999996
1154,1,154,21,455.0,8,295.0,0,0,3,-0.32999999999999996
1155,1,155,21,465.5,8,299.0,0,0,3,-0.32999999999999996
1156,1,156,21,476.0,8,303.0,0,0,3,-0.32999999999999996
1157,1,157,21,486.5,8,307.0,0,0,3,-0.32999999999999996
1158,1,158,21,497.0,8,311.0,0,0,3,-0.32999999999999996
1159,1,159,22,509.0,8,315.0,0,2,3,-0.33999999999999997
1160,1,160,23,521.5,8,319.0,0,0,3,-0.35
1161,1,161,23,533.0,8,323.0,0,0,3,-0.35
1162,1,162,23,544.5,8,327.0,0,0,3,-0.35
1163,1,163,23,556.0,8,331.0,0,0,3,-0.35
1164,1,164,27,573.5,8,335.0,0,0,3,-0.39
1165,1,165,27,587.0,8,339.0,0,1,3,-0.39
1166,1,166,28,602.0,8,343.0,0,0,3,-0.4
1167,1,167,28,616.0,8,347.0,0,0,3,-0.4
1168,1,168,28,630.0,8,351.0,0,2,3,-0.4
1169,1,169,31,648.5,8,355.0,0,0,3,-0.43
1170,1,170,31,664.0,8,359.0,0,0,3,-0.43
1171,1,171,32,681.0,8,363.0,0,0,3,-0.44
1172,1,172,34,700.0,8,367.0,0,0,3,-0.46
1173,1,173,36,720.0,8,371.0,0,0,3,-0.48
1174,1,174,37,739.5,8,375.0,0,0,3,-0.49
1175,1,175,37,758.0,8,379.0,0,0,3,-0.49
1176,1,176,37,776.5,8,383.0,0,0,3,-0.49
1177,1,177,37,795.0,8,387.0,0,0,3,-0.49
1178,1,178,37,813.5,8,391.0,0,0,3,-0.49
1179,1,179,37,832.0,8,395.0,0,0,3,-0.49
1180,1,180,38,852.0,8,399.0,0,0,3,-0.5
1181,1,181,40,874.0,8,403.0,0,2,3,-0.52
1182,1,182,40,894.0,8,407.0,0,0,3,-0.52
1183,1,183,40,914.0,8,411.0,0,0,3,-0.52
1184,1,184,41,935.5,8,415.0,0,0,3,-0.53
1185,1,185,41,956.0,8,419.0,0,0,3,-0.53
1186,1,186,44,981.0,8,423.0,0,0,3,-0.56
1187,1,187,44,1003.0,8,427.0,0,0,3,-0.56
1188,1,188,44,1025.0,8,431.0,0,0,3,-0.56
1189,1,189,44,1047.0,8,435.0,0,0,3,-0.56
1190,1,190,44,1069.0,8,439.0,0,1,3,-0.56
1191,1,191,45,1092.5,8,443.0,0,0,3,-0.5700000000000001
1192,1,192,45,1115.0,8,447.0,0,0,3,-0.5700000000000001
1193,1,193,45,1137.5,8,451.0,0,0,3,-0.5700000000000001
1194,1,194,45,1160.0,8,455.0,0,0,3,-0.5700000000000001
1195,1,195,45,1182.5,8,459.0,0,0,3,-0.5700000000000001
1196,1,196,45,1205.0,8,463.0,0,0,3,-0.5700000000000001
1197,1,197,46,1229.0,8,467.0,0,0,3,-0.5800000000000001
1198,1,198,46,1252.0,8,471.0,0,0,3,-0.5800000000000001
1199,1,199,46,1275.0,8,475.0,0,0,3,-0.5800000000000001
1200,1,200,46,1298.0,8,479.0,0,0,3,-0.5800000000000001
1201,1,201,47,1322.5,8,483.0,0,1,3,-0.59
1202,1,202,48,1347.5,8,487.0,0,0,3,-0.6
1203,1,203,48,1371.5,8,491.0,0,0,3,-0.6
1204,1,204,50,1398.5,8,495.0,0,0,3,-0.62
1205,1,205,51,1425.0,8,499.0,0,0,3,-0.63
1206,1,206,51,1450.5,8,503.0,0,0,3,-0.63
1207,1,207,51,1476.0,8,507.0,0,0,3,-0.63
1208,1,208,51,1501.5,8,511.0,0,0,3,-0.63
1209,1,209,51,1527.0,8,515.0,0,0,3,-0.63
1210,1,210,53,1555.5,8,519.0,0,0,3,-0.65
1211,1,211,54,1583.5,8,523.0,0,1,4,-0.66
1212,1,212,54,1610.5,8,527.0,0,1,4,-0.66
1213,1,213,54,1637.5,8,531.0,0,0,4,-0.66
1214,1,214,55,1666.0,8,535.0,0,0,4,-0.67
1215,1,215,55,1693.5,8,539.0,0,0,4,-0.67
1216,1,216,55,1721.0,8,543.0,0,0,4,-0.67
1217,1,217,55,1748.5,8,547.0,0,0,4,-0.67
1218,1,218,55,1776.0,8,551.0,0,0,4,-0.67
1219,1,219,56,1805.0,8,555.0,0,0,4,-0.68
1220,1,220,56,1833.0,8,559.0,0,0,4,-0.68
1221,1,221,56,1861.0,8,563.0,0,0,4,-0.68
1222,1,222,57,1890.5,8,567.0,0,0,4,-0.69
1223,1,223,51,1577.0,8,571.0,0,0,5,-0.63
1224,1,224,47,1374.5,8,575.0,0,0,5,-0.59
1225,1,225,44,1205.0,8,579.0,0,0,5,-0.56
1226,1,226,42,1079.5,8,583.0,0,0,5,-0.54
1227,1,227,43,1102.0,8,587.0,0,0,5,-0.55
1228,1,228,39,1007.5,8,591.0,0,0,5,-0.51
1229,1,229,36,946.0,7,528.5,0,1,5,-0.46499999999999997
1230,1,230,32,918.5,7,532.0,0,0,5,-0.425
1231,1,231,32,934.5,7,535.5,0,2,5,-0.425
1232,1,232,31,942.5,6,456.5,0,0,5,-0.4
1233,1,233,31,958.0,3,219.0,0,0,5,-0.355
1234,1,234,31,973.5,3,220.5,0,0,5,-0.355
1235,1,235,32,990.5,3,222.0,0,0,5,-0.365
1236,1,236,34,1009.5,3,223.5,0,0,5,-0.385
1237,1,237,35,1028.0,3,225.0,0,0,5,-0.39499999999999996
1238,1,238,35,1045.5,2,152.5,0,0,5,-0.38
1239,1,239,35,1063.0,2,153.5,0,0,5,-0.38
1240,1,240,35,1080.5,2,154.5,0,0,5,-0.38
1241,1,241,35,1098.0,2,155.5,0,0,5,-0.38
1242,1,242,35,1115.5,2,156.5,0,0,5,-0.38
1243,1,243,35,1133.0,2,157.5,0,0,5,-0.38
1244,1,244,36,1152.0,2,158.5,0,0,5,-0.39
1245,1,245,37,1171.5,2,159.5,0,0,5,-0.4
1246,1,246,37,1190.0,2,160.5,0,0,5,-0.4
1247,1,247,37,1208.5,2,161.5,0,0,5,-0.4
1248,1,248,37,1227.0,2,162.5,0,0,5,-0.4
1249,1,249,37,1245.5,2,163.5,0,0,5,-0.4
1250,1,250,37,1264.0,2,164.5,0,0,5,-0.4
1251,1,251,37,1282.5,2,165.5,0,0,5,-0.4
1252,1,252,37,1301.0,2,166.5,0,1,5,-0.4
1253,1,253,37,1319.5,2,167.5,0,0,5,-0.4
1254,1,254,37,1338.0,2,168.5,0,0,5,-0.4
1255,1,255,39,1359.5,2,169.5,0,0,5,-0.42000000000000004
1256,1,256,39,1379.0,2,170.5,0,1,5,-0.42000000000000004
1257,1,257,39,1398.5,2,171.5,0,0,5,-0.42000000000000004
1258,1,258,39,1418.0,2,172.5,0,0,5,-0.42000000000000004
1259,1,259,39,1437.5,2,173.5,0,0,5,-0.42000000000000004
1260,1,260,39,1457.0,2,174.5,0,1,5,-0.42000000000000004
1261,1,261,39,1476.5,2,175.5,0,0,5,-0.42000000000000004
1262,1,262,39,1496.0,2,176.5,0,0,5,-0.42000000000000004
1263,1,263,39,1515.5,2,177.5,0,0,5,-0.42000000000000004
1264,1,264,39,1535.0,2,178.5,0,0,5,-0.42000000000000004
1265,1,265,40,1556.0,2,179.5,0,0,5,-0.43000000000000005
1266,1,266,40,1576.0,2,180.5,0,0,5,-0.43000000000000005
1267,1,267,40,1596.0,2,181.5,0,0,5,-0.43000000000000005
1268,1,268,40,1616.0,2,182.5,0,0,5,-0.43000000000000005
1269,1,269,40,1636.0,3,185.0,0,0,5,-0.445
1270,1,270,40,1656.0,3,186.5,0,0,5,-0.445
1271,1,271,41,1677.5,3,188.0,0,1,5,-0.45499999999999996
1272,1,272,41,1698.0,4,191.0,0,0,5,-0.47
1273,1,273,39,1520.5,4,193.0,0,0,6,-0.45
1274,1,274,39,1452.0,4,195.0,0,0,6,-0.45
1275,1,275,39,1471.5,4,197.0,0,0,6,-0.45
1276,1,276,39,1491.0,4,199.0,0,0,6,-0.45
1277,1,277,39,1510.5,4,201.0,0,0,6,-0.45
1278,1,278,39,1530.0,4,203.0,0,0,6,-0.45
1279,1,279,39,1549.5,4,205.0,0,0,6,-0.45
1280,1,280,39,1569.0,4,207.0,0,0,6,-0.45
1281,1,281,39,1588.5,4,209.0,0,0,6,-0.45
1282,1,282,39,1608.0,4,211.0,0,0,6,-0.45
1283,1,283,39,1627.5,4,213.0,0,0,6,-0.45
1284,1,284,39,1647.0,4,215.0,0,0,6,-0.45
1285,1,285,40,1668.0,4,217.0,0,0,6,-0.46
1286,1,286,40,1688.0,4,219.0,0,0,6,-0.46
1287,1,287,43,1712.5,4,221.0,0,0,6,-0.49
1288,1,288,44,1735.5,4,223.0,0,0,6,-0.5
1289,1,289,44,1757.5,4,225.0,0,0,6,-0.5
1290,1,290,45,1781.0,4,227.0,0,0,6,-0.51
1291,1,291,46,1805.0,5,230.5,0,0,6,-0.535
1292,1,292,46,1828.0,4,231.0,0,0,6,-0.52
1293,1,293,46,1851.0,5,234.5,0,0,6,-0.535
1294,1,294,48,1877.0,6,238.5,0,0,6,-0.57
1295,1,295,48,1901.0,7,242.5,0,0,6,-0.585
1296,1,296,49,1926.5,7,245.5,0,0,6,-0.595
1297,1,297,49,1951.0,7,249.0,0,0,6,-0.595
1298,1,298,49,1975.5,8,254.0,0,0,6,-0.61
1299,1,299,49,2000.0,7,256.0,0,0,6,-0.595
1300,1,300,49,2024.5,8,261.0,0,0,6,-0.61
1301,1,301,49,2049.0,9,266.5,0,0,6,-0.625
1302,1,302,49,2073.5,10,272.5,0,0,6,-0.64
1303,1,303,49,2098.0,11,279.0,0,4,6,-0.655
1304,1,304,50,2124.0,11,284.5,0,0,6,-0.665
1305,1,305,51,2150.5,11,290.0,0,0,6,-0.675
1306,1,306,51,2176.0,11,295.5,0,3,6,-0.675
1307,1,307,51,2201.5,11,301.0,0,0,6,-0.675
1308,1,308,51,2227.0,11,306.5,0,0,6,-0.675
1309,1,309,51,2252.5,11,312.0,0,2,6,-0.675
1310,1,310,51,2278.0,11,317.5,0,0,6,-0.675
1311,1,311,51,2303.5,11,323.0,0,0,6,-0.675
1312,1,312,51,2329.0,11,328.5,0,1,6,-0.675
1313,1,313,51,2354.5,12,335.5,0,0,6,-0.69
1314,1,314,51,2380.0,13,343.0,0,0,6,-0.7050000000000001
1315,1,315,51,2405.5,13,349.5,0,2,6,-0.7050000000000001
1316,1,316,51,2431.0,13,356.0,0,0,6,-0.7050000000000001
1317,1,317,51,2456.5,13,362.5,0,0,6,-0.7050000000000001
1318,1,318,51,2482.0,13,369.0,0,0,6,-0.7050000000000001
1319,1,319,51,2507.5,13,375.5,0,0,6,-0.7050000000000001
1320,1,320,51,2533.0,14,383.5,0,0,6,-0.72
1321,1,321,51,2558.5,14,390.5,0,0,6,-0.72
1322,1,322,52,2585.5,14,397.5,0,1,6,-0.73
1323,1,323,52,2611.5,14,404.5,0,1,6,-0.73
1324,1,324,54,2640.5,14,411.5,0,4,6,-0.75
1325,1,325,54,2667.5,14,418.5,0,1,6,-0.75
1326,1,326,54,2694.5,14,425.5,0,1,6,-0.75
1327,1,327,54,2721.5,14,432.5,0,0,6,-0.75
1328,1,328,54,2748.5,14,439.5,0,0,6,-0.75
1329,1,329,55,2777.0,14,446.5,0,1,6,-0.76
1330,1,330,55,2804.5,14,453.5,0,2,6,-0.76
1331,1,331,55,2832.0,14,460.5,0,0,6,-0.76
1332,1,332,55,2859.5,14,467.5,0,1,6,-0.76
1333,1,333,55,2887.0,14,474.5,0,1,6,-0.76
1334,1,334,56,2916.0,14,481.5,0,3,6,-0.77
1335,1,335,56,2944.0,14,488.5,0,0,6,-0.77
1336,1,336,56,2972.0,14,495.5,0,1,6,-0.77
1337,1,337,56,3000.0,14,502.5,0,1,6,-0.77
1338,1,338,56,3028.0,14,509.5,0,1,6,-0.77
1339,1,339,56,3056.0,14,516.5,0,2,6,-0.77
1340,1,340,56,3084.0,14,523.5,0,1,6,-0.77
1341,1,341,56,3112.0,14,530.5,0,0,6,-0.77
1342,1,342,56,3140.0,14,537.5,0,1,6,-0.77
1343,1,343,56,3168.0,14,544.5,0,1,6,-0.77
1344,1,344,58,3199.0,14,551.5,0,1,6,-0.7899999999999999
1345,1,345,58,3228.0,14,558.5,0,0,6,-0.7899999999999999
1346,1,346,58,3257.0,14,565.5,0,2,6,-0.7899999999999999
1347,1,347,59,3287.5,14,572.5,0,2,6,-0.7999999999999999
1348,1,348,59,3317.0,14,579.5,0,0,6,-0.7999999999999999
1349,1,349,59,3346.5,14,586.5,0,2,6,-0.7999999999999999
1350,1,350,59,3376.0,14,593.5,0,0,6,-0.7999999999999999
1351,1,351,59,3405.5,14,600.5,0,2,6,-0.7999999999999999
1352,1,352,59,3435.0,14,607.5,0,2,6,-0.7999999999999999
1353,1,353,60,3466.0,14,614.5,0,1,6,-0.8099999999999999
1354,1,354,60,3496.0,14,621.5,0,0,6,-0.8099999999999999
1355,1,355,61,3527.5,14,628.5,0,2,6,-0.82
1356,1,356,61,3558.0,14,635.5,0,0,6,-0.82
1357,1,357,61,3588.5,14,642.5,0,2,6,-0.82
1358,1,358,63,3622.0,14,649.5,0,0,6,-0.84
1359,1,359,63,3653.5,14,656.5,0,0,6,-0.84
1360,1,360,63,3685.0,14,663.5,0,0,6,-0.84
1361,1,361,63,3716.5,14,670.5,0,1,6,-0.84
1362,1,362,64,3749.5,14,677.5,0,0,6,-0.85
1363,1,363,65,3783.0,14,684.5,0,0,7,-0.86
1364,1,364,66,3817.0,14,691.5,0,0,7,-0.87
1365,1,365,66,3850.0,14,698.5,0,0,7,-0.87
1366,1,366,66,3883.0,14,705.5,0,0,7,-0.87
1367,1,367,66,3916.0,14,712.5,0,2,7,-0.87
1368,1,368,66,3949.0,14,719.5,0,0,7,-0.87
1369,1,369,66,3982.0,14,726.5,0,0,7,-0.87
1370,1,370,67,4016.5,14,733.5,0,0,7,-0.88
1371,1,371,67,4050.0,14,740.5,0,0,7,-0.88
1372,1,372,67,4083.5,14,747.5,0,0,7,-0.88
1373,1,373,67,4117.0,14,754.5,0,0,7,-0.88
1374,1,374,67,4150.5,14,761.5,0,0,7,-0.88
1375,1,375,66,3885.5,14,768.5,0,1,8,-0.87
1376,1,376,64,3708.5,14,775.5,0,0,8,-0.85
1377,1,377,62,3533.5,14,782.5,0,0,8,-0.83
1378,1,378,60,3415.5,14,789.5,0,0,8,-0.8099999999999999
1379,1,379,60,3445.5,14,796.5,0,0,8,-0.8099999999999999
1380,1,380,58,3384.0,14,803.5,0,0,8,-0.7899999999999999
1381,1,381,58,3391.5,14,810.5,0,0,8,-0.7899999999999999
1382,1,382,58,3420.5,14,817.5,0,0,8,-0.7899999999999999
1383,1,383,59,3451.0,14,824.5,0,0,8,-0.7999999999999999
1384,1,384,59,3480.5,14,831.5,0,0,8,-0.7999999999999999
1385,1,385,59,3510.0,14,838.5,0,0,8,-0.7999999999999999
1386,1,386,59,3539.5,14,845.5,0,0,8,-0.7999999999999999
1387,1,387,59,3569.0,14,852.5,0,1,8,-0.7999999999999999
1388,1,388,60,3600.0,14,859.5,0,0,8,-0.8099999999999999
1389,1,389,61,3631.5,14,866.5,0,0,8,-0.82
1390,1,390,61,3662.0,14,873.5,0,0,8,-0.82
1391,1,391,63,3695.5,14,880.5,0,0,8,-0.84
1392,1,392,63,3727.0,14,887.5,0,0,8,-0.84
1393,1,393,63,3758.5,14,894.5,0,0,8,-0.84
1394,1,394,64,3791.5,14,901.5,0,0,8,-0.85
1395,1,395,65,3825.0,14,908.5,0,2,8,-0.86
1396,1,396,65,3857.5,14,915.5,0,0,8,-0.86
1397,1,397,65,3890.0,14,922.5,0,0,8,-0.86
1398,1,398,65,3922.5,14,929.5,0,1,8,-0.86
1399,1,399,65,3955.0,14,936.5,0,0,8,-0.86
1400,1,400,66,3989.0,14,943.5,0,2,8,-0.87
1401,1,401,66,4022.0,14,950.5,0,0,8,-0.87
1402,1,402,66,4055.0,14,957.5,0,0,8,-0.87
1403,1,403,67,4089.5,14,964.5,0,0,8,-0.88
1404,1,404,69,4126.0,14,971.5,0,0,8,-0.8999999999999999
1405,1,405,69,4160.5,14,978.5,0,0,8,-0.8999999999999999
1406,1,406,70,4196.5,14,985.5,0,0,8,-0.9099999999999999
1407,1,407,70,4231.5,14,992.5,0,0,8,-0.9099999999999999
1408,1,408,70,4266.5,14,999.5,0,0,8,-0.9099999999999999
1409,1,409,70,4301.5,14,1006.5,0,1,8,-0.9099999999999999
1410,1,410,70,4336.5,14,1013.5,0,0,8,-0.9099999999999999
1411,1,411,71,4373.0,14,1020.5,0,0,8,-0.9199999999999999
1412,1,412,71,4408.5,14,1027.5,0,0,8,-0.9199999999999999
1413,1,413,71,4444.0,14,1034.5,0,1,8,-0.9199999999999999
1414,1,414,72,4481.0,14,1041.5,0,0,8,-0.9299999999999999
1415,1,415,72,4517.0,14,1048.5,0,0,8,-0.9299999999999999
1416,1,416,73,4554.5,14,1055.5,0,1,8,-0.94
1417,1,417,73,4591.0,14,1062.5,0,0,8,-0.94
1418,1,418,73,4627.5,14,1069.5,1,0,8,-0.94
1419,1,419,74,4665.5,14,1076.5,0,1,8,-0.95
1420,1,420,74,4702.5,14,1083.5,0,1,8,-0.95
1421,1,421,75,4741.0,14,1090.5,0,0,8,-0.96
1422,1,422,76,4780.0,14,1097.5,0,0,8,-0.97
1423,1,423,76,4818.0,14,1104.5,0,0,8,-0.97
1424,1,424,76,4856.0,14,1111.5,0,0,8,-0.97
1425,1,425,78,4897.0,14,1118.5,0,0,8,-0.99
1426,1,426,79,4937.5,14,1125.5,0,1,8,-1.0
1427,1,427,81,4980.0,14,1132.5,0,0,8,-1.02
1428,1,428,81,5020.5,14,1139.5,0,0,8,-1.02
1429,1,429,81,5061.0,14,1146.5,0,0,8,-1.02
1430,1,430,81,5101.5,14,1153.5,0,1,8,-1.02
1431,1,431,82,5143.5,14,1160.5,0,0,8,-1.03
1432,1,432,82,5184.5,14,1167.5,0,0,8,-1.03
1433,1,433,83,5227.0,14,1174.5,0,0,8,-1.04
1434,1,434,83,5268.5,14,1181.5,0,0,8,-1.04
1435,1,435,84,5311.5,14,1188.5,0,0,9,-1.05
1436,1,436,84,5353.5,14,1195.5,0,0,9,-1.05
1437,1,437,84,5395.5,14,1202.5,0,0,9,-1.05
1438,1,438,84,5437.5,14,1209.5,0,0,9,-1.05
1439,1,439,84,5479.5,14,1216.5,0,0,9,-1.05
1440,1,440,84,5521.5,14,1223.5,0,1,9,-1.05
1441,1,441,80,4714.5,10,958.0,0,1,0,-0.9500000000000001
1442,1,442,76,4225.0,10,963.0,0,0,0,-0.91
1443,1,443,72,3770.5,10,968.0,0,0,0,-0.87
1444,1,444,68,3349.5,9,884.0,0,0,0,-0.8150000000000001
1445,1,445,69,3385.0,9,888.5,0,0,0,-0.825
1446,1,446,65,3005.5,8,804.5,0,0,0,-0.77
1447,1,447,61,2655.5,8,808.5,0,1,0,-0.73
1448,1,448,59,2514.5,8,812.5,0,0,0,-0.71
1449,1,449,57,2361.5,5,587.5,0,0,0,-0.6449999999999999
1450,1,450,53,2075.0,5,590.0,0,0,0,-0.605
1451,1,451,52,1972.5,5,592.5,0,0,0,-0.595
1452,1,452,50,1857.0,5,595.0,0,0,0,-0.575
1453,1,453,46,1655.0,5,597.5,0,0,0,-0.535
1454,1,454,47,1624.5,5,600.0,0,0,0,-0.5449999999999999
1455,1,455,44,1519.5,5,602.5,0,2,0,-0.515
1456,1,456,40,1385.0,5,605.0,0,0,0,-0.47500000000000003
1457,1,457,39,1356.5,5,607.5,0,0,0,-0.465
1458,1,458,36,1305.5,5,610.0,0,0,0,-0.435
1459,1,459,34,1262.5,4,429.0,0,0,0,-0.4
1460,1,460,33,1230.0,3,240.5,0,0,0,-0.375
1461,1,461,32,1217.0,3,242.0,0,0,0,-0.365
1462,1,462,32,1205.0,3,243.5,0,0,0,-0.365
1463,1,463,32,1206.0,3,245.0,0,0,0,-0.365
1464,1,464,31,1197.5,3,246.5,0,1,0,-0.355
1465,1,465,30,1199.5,3,248.0,0,0,0,-0.345
1466,1,466,31,1216.0,4,251.0,0,0,0,-0.37
1467,1,467,30,1227.0,5,254.5,0,0,0,-0.375
1468,1,468,30,1242.0,5,257.0,0,0,0,-0.375
1469,1,469,30,1257.0,5,259.5,0,0,0,-0.375
1470,1,470,30,1272.0,3,255.5,0,0,0,-0.345
1471,1,471,30,1287.0,3,257.0,0,1,0,-0.345
1472,1,472,30,1302.0,3,258.5,0,0,0,-0.345
1473,1,473,30,1317.0,3,260.0,0,0,0,-0.345
1474,1,474,32,1335.0,3,261.5,0,0,0,-0.365
1475,1,475,32,1351.0,3,263.0,0,0,0,-0.365
1476,1,476,32,1367.0,3,264.5,0,0,0,-0.365
1477,1,477,32,1383.0,3,266.0,0,0,0,-0.365
1478,1,478,32,1399.0,3,267.5,0,0,0,-0.365
1479,1,479,32,1415.0,3,269.0,0,2,0,-0.365
1480,1,480,32,1431.0,5,273.5,0,0,0,-0.395
1481,1,481,32,1447.0,4,274.0,0,0,0,-0.38
1482,1,482,32,1463.0,4,276.0,0,2,0,-0.38
1483,1,483,32,1479.0,4,278.0,0,0,0,-0.38
1484,1,484,34,1498.0,4,280.0,0,0,0,-0.4
1485,1,485,34,1515.0,5,283.5,0,1,0,-0.41500000000000004
1486,1,486,34,1532.0,5,286.0,0,0,0,-0.41500000000000004
1487,1,487,34,1549.0,4,283.5,0,0,0,-0.4
1488,1,488,34,1566.0,4,285.5,0,1,0,-0.4
1489,1,489,34,1583.0,5,289.0,0,0,0,-0.41500000000000004
1490,1,490,34,1600.0,5,291.5,0,0,0,-0.41500000000000004
1491,1,491,32,1410.0,5,294.0,0,1,1,-0.395
1492,1,492,30,1325.5,5,296.5,0,0,1,-0.375
1493,1,493,31,1342.0,5,299.0,0,0,1,-0.385
1494,1,494,33,1360.5,5,301.5,0,0,1,-0.405
1495,1,495,36,1381.5,5,304.0,0,0,1,-0.435
1496,1,496,36,1399.5,5,306.5,0,0,1,-0.435
1497,1,497,36,1417.5,5,309.0,1,0,1,-0.435
1498,1,498,36,1435.5,5,311.5,0,0,1,-0.435
1499,1,499,36,1453.5,5,314.0,0,0,1,-0.435
1500,1,500,36,1471.5,6,318.0,0,0,1,-0.44999999999999996
1501,1,501,36,1489.5,6,321.0,0,1,1,-0.44999999999999996
1502,1,502,37,1509.0,6,324.0,0,0,1,-0.45999999999999996
1503,1,503,38,1529.0,7,328.5,0,0,1,-0.485
1504,1,504,40,1551.0,7,332.0,0,0,1,-0.505
1505,1,505,40,1571.0,7,335.5,0,0,1,-0.505
1506,1,506,40,1591.0,7,339.0,0,0,1,-0.505
1507,1,507,40,1611.0,8,344.0,0,0,1,-0.52
1508,1,508,40,1631.0,8,348.0,0,0,1,-0.52
1509,1,509,40,1651.0,8,352.0,0,0,1,-0.52
1510,1,510,40,1671.0,7,353.0,0,0,1,-0.505
1511,1,511,40,1691.0,7,356.5,0,0,1,-0.505
1512,1,512,40,1711.0,7,360.0,0,2,1,-0.505
1513,1,513,40,1731.0,7,363.5,0,0,1,-0.505
1514,1,514,41,1752.5,8,368.5,0,0,1,-0.53
1515,1,515,41,1773.0,8,372.5,0,0,1,-0.53
1516,1,516,41,1793.5,8,376.5,0,0,1,-0.53
1517,1,517,41,1814.0,8,380.5,0,0,1,-0.53
1518,1,518,41,1834.5,8,384.5,0,0,1,-0.53
1519,1,519,41,1855.0,8,388.5,0,0,1,-0.53
1520,1,520,41,1875.5,8,392.5,0,0,1,-0.53
1521,1,521,41,1896.0,8,396.5,0,2,1,-0.53
1522,1,522,41,1916.5,9,402.0,0,0,1,-0.5449999999999999
1523,1,523,42,1938.5,10,408.0,0,0,1,-0.57
1524,1,524,43,1961.0,10,413.0,0,1,1,-0.58
1525,1,525,43,1982.5,11,419.5,0,0,1,-0.595
1526,1,526,43,2004.0,11,425.0,0,0,1,-0.595
1527,1,527,43,2025.5,11,430.5,0,1,1,-0.595
1528,1,528,43,2047.0,11,436.0,0,0,1,-0.595
1529,1,529,43,2068.5,11,441.5,0,0,1,-0.595
1530,1,530,44,2091.5,11,447.0,0,1,1,-0.605
1531,1,531,44,2113.5,11,452.5,0,2,1,-0.605
1532,1,532,44,2135.5,11,458.0,0,0,1,-0.605
1533,1,533,44,2157.5,11,463.5,0,2,1,-0.605
1534,1,534,46,2182.5,11,469.0,0,2,1,-0.625
1535,1,535,46,2205.5,11,474.5,0,0,1,-0.625
1536,1,536,46,2228.5,11,480.0,0,2,1,-0.625
1537,1,537,46,2251.5,11,485.5,0,1,1,-0.625
1538,1,538,46,2274.5,11,491.0,0,0,1,-0.625
1539,1,539,46,2297.5,11,496.5,0,1,1,-0.625
1540,1,540,46,2320.5,11,502.0,0,2,1,-0.625
1541,1,541,46,2343.5,11,507.5,0,0,1,-0.625
1542,1,542,46,2366.5,12,514.5,0,1,1,-0.64
1543,1,543,48,2392.5,13,522.0,0,2,1,-0.675
1544,1,544,48,2416.5,11,524.0,0,0,1,-0.645
1545,1,545,48,2440.5,11,529.5,0,1,1,-0.645
1546,1,546,48,2464.5,11,535.0,0,2,1,-0.645
1547,1,547,48,2488.5,13,543.5,0,0,1,-0.675
1548,1,548,48,2512.5,13,550.0,0,2,1,-0.675
1549,1,549,48,2536.5,13,556.5,1,2,1,-0.675
1550,1,550,48,2560.5,13,563.0,0,0,1,-0.675
1551,1,551,48,2584.5,13,569.5,0,1,1,-0.675
1552,1,552,48,2608.5,13,576.0,0,2,1,-0.675
1553,1,553,48,2632.5,13,582.5,0,3,1,-0.675
1554,1,554,48,2656.5,14,590.5,0,0,1,-0.69
1555,1,555,48,2680.5,13,595.5,0,1,1,-0.675
1556,1,556,48,2704.5,13,602.0,0,1,1,-0.675
1557,1,557,50,2731.5,13,608.5,0,2,1,-0.6950000000000001
1558,1,558,50,2756.5,14,616.5,0,1,1,-0.71
1559,1,559,50,2781.5,14,623.5,0,1,1,-0.71
1560,1,560,51,2808.0,14,630.5,0,1,1,-0.72
1561,1,561,52,2835.0,14,637.5,0,2,1,-0.73
1562,1,562,52,2861.0,14,644.5,0,1,1,-0.73
1563,1,563,52,2887.0,14,651.5,0,0,1,-0.73
1564,1,564,55,2917.5,14,658.5,0,2,1,-0.76
1565,1,565,55,2945.0,14,665.5,0,1,1,-0.76
1566,1,566,55,2972.5,14,672.5,0,0,1,-0.76
1567,1,567,55,3000.0,14,679.5,0,1,1,-0.76
1568,1,568,57,3030.5,14,686.5,0,2,1,-0.7799999999999999
1569,1,569,57,3059.0,14,693.5,0,1,1,-0.7799999999999999
1570,1,570,58,3089.0,14,700.5,0,1,1,-0.7899999999999999
1571,1,571,58,3118.0,14,707.5,0,0,1,-0.7899999999999999
1572,1,572,58,3147.0,14,714.5,0,2,1,-0.7899999999999999
1573,1,573,58,3176.0,14,721.5,0,1,1,-0.7899999999999999
1574,1,574,58,3205.0,14,728.5,0,1,1,-0.7899999999999999
1575,1,575,58,3234.0,14,735.5,0,0,1,-0.7899999999999999
1576,1,576,58,3263.0,14,742.5,0,2,1,-0.7899999999999999
1577,1,577,58,3292.0,14,749.5,0,3,1,-0.7899999999999999
1578,1,578,58,3321.0,14,756.5,0,0,1,-0.7899999999999999
1579,1,579,60,3353.0,14,763.5,0,1,1,-0.8099999999999999
1580,1,580,60,3383.0,14,770.5,0,2,1,-0.8099999999999999
1581,1,581,60,3413.0,14,777.5,0,3,2,-0.8099999999999999
1582,1,582,60,3443.0,14,784.5,0,1,2,-0.8099999999999999
1583,1,583,61,3474.5,14,791.5,0,3,2,-0.82
1584,1,584,62,3506.5,14,798.5,0,1,2,-0.83
1585,1,585,62,3537.5,14,805.5,0,0,2,-0.83
1586,1,586,62,3568.5,14,812.5,0,3,2,-0.83
1587,1,587,62,3599.5,14,819.5,0,1,2,-0.83
1588,1,588,62,3630.5,14,826.5,0,0,2,-0.83
1589,1,589,64,3664.5,14,833.5,0,3,2,-0.85
1590,1,590,65,3698.0,14,840.5,0,0,2,-0.86
1591,1,591,65,3730.5,14,847.5,0,0,2,-0.86
1592,1,592,65,3763.0,14,854.5,1,0,2,-0.86
1593,1,593,64,3431.5,14,861.5,0,0,3,-0.85
1594,1,594,62,3155.5,14,868.5,0,2,3,-0.83
1595,1,595,60,2946.5,14,875.5,0,0,3,-0.8099999999999999
1596,1,596,59,2890.5,14,882.5,0,0,3,-0.7999999999999999
1597,1,597,58,2832.5,14,889.5,0,1,3,-0.7899999999999999
1598,1,598,56,2759.0,14,896.5,0,0,3,-0.77
1599,1,599,55,2750.5,14,903.5,0,0,3,-0.76
1600,1,600,55,2778.0,14,910.5,0,0,3,-0.76
1601,1,601,56,2807.0,14,917.5,0,0,3,-0.77
1602,1,602,57,2836.5,14,924.5,0,0,3,-0.7799999999999999
1603,1,603,57,2865.0,14,931.5,0,1,3,-0.7799999999999999
1604,1,604,57,2893.5,14,938.5,0,0,3,-0.7799999999999999
1605,1,605,57,2922.0,14,945.5,0,0,3,-0.7799999999999999
1606,1,606,57,2950.5,14,952.5,0,0,3,-0.7799999999999999
1607,1,607,57,2979.0,14,959.5,0,1,3,-0.7799999999999999
1608,1,608,58,3009.0,14,966.5,0,0,3,-0.7899999999999999
1609,1,609,58,3038.0,14,973.5,0,0,3,-0.7899999999999999
1610,1,610,58,3067.0,14,980.5,0,0,3,-0.7899999999999999
1611,1,611,59,3097.5,14,987.5,0,0,3,-0.7999999999999999
1612,1,612,59,3127.0,14,994.5,0,0,3,-0.7999999999999999
1613,1,613,60,3158.0,14,1001.5,0,0,3,-0.8099999999999999
1614,1,614,61,3189.5,14,1008.5,0,0,3,-0.82
1615,1,615,61,3220.0,14,1015.5,0,0,3,-0.82
1616,1,616,61,3250.5,14,1022.5,0,0,3,-0.82
1617,1,617,61,3281.0,14,1029.5,0,0,3,-0.82
1618,1,618,61,3311.5,14,1036.5,0,4,3,-0.82
1619,1,619,63,3345.0,14,1043.5,0,0,3,-0.84
1620,1,620,64,3378.0,14,1050.5,0,0,3,-0.85
1621,1,621,64,3410.0,14,1057.5,0,0,3,-0.85
1622,1,622,64,3442.0,14,1064.5,0,0,3,-0.85
1623,1,623,64,3474.0,14,1071.5,0,0,3,-0.85
1624,1,624,66,3509.0,14,1078.5,0,1,3,-0.87
1625,1,625,66,3542.0,14,1085.5,0,0,3,-0.87
1626,1,626,66,3575.0,14,1092.5,0,0,3,-0.87
1627,1,627,66,3608.0,14,1099.5,0,0,3,-0.87
1628,1,628,66,3641.0,14,1106.5,0,0,3,-0.87
1629,1,629,66,3674.0,14,1113.5,0,0,3,-0.87
1630,1,630,67,3708.5,14,1120.5,0,0,3,-0.88
1631,1,631,67,3742.0,14,1127.5,0,0,3,-0.88
1632,1,632,69,3778.5,14,1134.5,0,0,3,-0.8999999999999999
1633,1,633,70,3814.5,14,1141.5,0,0,3,-0.9099999999999999
1634,1,634,71,3851.0,14,1148.5,0,0,3,-0.9199999999999999
1635,1,635,71,3886.5,14,1155.5,0,1,3,-0.9199999999999999
1636,1,636,72,3923.5,14,1162.5,0,0,3,-0.9299999999999999
1637,1,637,72,3959.5,14,1169.5,0,0,3,-0.9299999999999999
1638,1,638,72,3995.5,14,1176.5,0,0,3,-0.9299999999999999
1639,1,639,73,4033.0,14,1183.5,0,2,3,-0.94
1640,1,640,73,4069.5,14,1190.5,0,0,3,-0.94
1641,1,641,73,4106.0,14,1197.5,0,0,3,-0.94
1642,1,642,75,4145.5,14,1204.5,0,0,3,-0.96
1643,1,643,75,4183.0,14,1211.5,0,0,3,-0.96
1644,1,644,77,4223.5,14,1218.5,0,0,3,-0.98
1645,1,645,77,4262.0,14,1225.5,0,1,3,-0.98
1646,1,646,77,4300.5,14,1232.5,0,0,3,-0.98
1647,1,647,77,4339.0,14,1239.5,0,1,3,-0.98
1648,1,648,77,4377.5,14,1246.5,0,1,3,-0.98
1649,1,649,77,4416.0,14,1253.5,0,0,3,-0.98
1650,1,650,78,4456.0,14,1260.5,0,0,3,-0.99
1651,1,651,79,4496.5,14,1267.5,0,0,3,-1.0
1652,1,652,81,4539.0,14,1274.5,0,0,3,-1.02
1653,1,653,81,4579.5,14,1281.5,0,0,4,-1.02
1654,1,654,82,4621.5,14,1288.5,0,0,4,-1.03
1655,1,655,82,4662.5,14,1295.5,0,0,4,-1.03
1656,1,656,82,4703.5,14,1302.5,0,0,4,-1.03
1657,1,657,82,4744.5,14,1309.5,0,0,4,-1.03
1658,1,658,82,4785.5,14,1316.5,0,0,4,-1.03
1659,1,659,82,4826.5,14,1323.5,1,0,4,-1.03
1660,1,660,82,4867.5,14,1330.5,0,0,4,-1.03
1661,1,661,82,4908.5,14,1337.5,0,0,4,-1.03
1662,1,662,84,4952.5,14,1344.5,0,0,4,-1.05
1663,1,663,84,4994.5,15,1353.0,0,0,4,-1.065
1664,1,664,86,5039.5,15,1360.5,0,0,4,-1.085
1665,1,665,80,4406.5,10,1035.5,0,0,5,-0.9500000000000001
1666,1,666,76,3927.5,10,1040.5,0,0,5,-0.91
1667,1,667,72,3496.5,10,1045.5,0,1,5,-0.87
1668,1,668,68,3107.5,11,991.5,0,0,5,-0.8450000000000001
1669,1,669,67,3032.5,11,997.0,0,0,5,-0.8350000000000001
1670,1,670,64,2773.5,11,1002.5,1,0,5,-0.805
1671,1,671,60,2435.5,10,928.0,0,0,5,-0.75
1672,1,672,57,2137.5,9,929.5,0,2,5,-0.705
1673,1,673,57,2166.0,8,838.5,0,0,5,-0.69
1674,1,674,53,1911.0,7,835.5,0,0,5,-0.635
1675,1,675,49,1685.5,7,839.0,0,0,5,-0.595
1676,1,676,49,1710.0,7,842.5,0,0,5,-0.595
1677,1,677,45,1512.5,7,846.0,0,0,5,-0.555
1678,1,678,42,1400.0,8,851.0,0,1,5,-0.54
1679,1,679,43,1392.5,7,848.0,0,0,5,-0.535
1680,1,680,40,1273.0,6,656.5,0,0,5,-0.49
1681,1,681,39,1261.0,6,659.5,1,1,5,-0.48
1682,1,682,37,1207.0,6,662.5,0,1,5,-0.45999999999999996
1683,1,683,33,1159.5,7,667.0,0,1,5,-0.435
1684,1,684,33,1155.0,6,471.5,0,0,5,-0.42000000000000004
1685,1,685,32,1148.5,5,472.5,1,1,5,-0.395
1686,1,686,30,1137.5,5,475.0,0,0,5,-0.375
1687,1,687,29,1148.5,5,475.5,0,1,5,-0.365
1688,1,688,29,1163.0,6,479.5,0,1,5,-0.38
1689,1,689,29,1177.5,6,482.5,0,1,5,-0.38
1690,1,690,29,1192.0,5,483.0,0,0,5,-0.365
1691,1,691,29,1206.5,5,485.5,0,0,5,-0.365
1692,1,692,30,1222.5,6,489.5,0,0,5,-0.39
1693,1,693,30,1237.5,7,494.0,0,2,5,-0.40499999999999997
1694,1,694,30,1252.5,7,497.5,0,0,5,-0.40499999999999997
1695,1,695,30,1267.5,7,501.0,0,0,5,-0.40499999999999997
1696,1,696,30,1282.5,7,504.5,1,0,5,-0.40499999999999997
1697,1,697,30,1297.5,7,508.0,0,1,5,-0.40499999999999997
1698,1,698,30,1312.5,5,316.5,0,0,5,-0.375
1699,1,699,30,1327.5,5,319.0,0,1,5,-0.375
1700,1,700,32,1345.5,5,321.5,0,0,5,-0.395
1701,1,701,32,1361.5,5,324.0,0,0,5,-0.395
1702,1,702,34,1380.5,5,326.5,0,0,5,-0.41500000000000004
1703,1,703,38,1403.5,5,329.0,0,0,5,-0.455
1704,1,704,39,1424.0,5,331.5,0,0,5,-0.465
1705,1,705,41,1446.5,5,334.0,0,0,5,-0.485
1706,1,706,41,1467.0,5,336.5,0,0,5,-0.485
1707,1,707,41,1487.5,5,339.0,0,0,5,-0.485
1708,1,708,41,1508.0,5,341.5,0,0,5,-0.485
1709,1,709,41,1528.5,5,344.0,0,0,5,-0.485
1710,1,710,41,1549.0,5,346.5,0,0,5,-0.485
1711,1,711,42,1571.0,5,349.0,0,0,5,-0.495
1712,1,712,43,1593.5,5,351.5,0,0,5,-0.505
1713,1,713,43,1615.0,5,354.0,0,0,5,-0.505
1714,1,714,43,1636.5,5,356.5,0,0,5,-0.505
1715,1,715,41,1434.0,5,359.0,0,0,6,-0.485
1716,1,716,39,1342.0,5,361.5,0,0,6,-0.465
1717,1,717,37,1346.5,5,364.0,0,0,6,-0.445
1718,1,718,37,1365.0,5,366.5,0,0,6,-0.445
1719,1,719,37,1383.5,5,369.0,0,0,6,-0.445
1720,1,720,37,1402.0,5,371.5,0,2,6,-0.445
1721,1,721,38,1422.0,5,374.0,0,0,6,-0.455
1722,1,722,39,1442.5,5,376.5,0,0,6,-0.465
1723,1,723,39,1462.0,5,379.0,0,0,6,-0.465
1724,1,724,39,1481.5,5,381.5,0,0,6,-0.465
1725,1,725,39,1501.0,5,384.0,0,2,6,-0.465
1726,1,726,39,1520.5,5,386.5,0,0,6,-0.465
1727,1,727,39,1540.0,5,389.0,0,0,6,-0.465
1728,1,728,39,1559.5,6,393.0,0,0,6,-0.48
1729,1,729,39,1579.0,6,396.0,0,0,6,-0.48
1730,1,730,40,1600.0,5,396.5,0,0,6,-0.47500000000000003
1731,1,731,40,1620.0,5,399.0,0,0,6,-0.47500000000000003
1732,1,732,40,1640.0,5,401.5,0,0,6,-0.47500000000000003
1733,1,733,41,1661.5,5,404.0,0,0,6,-0.485
1734,1,734,41,1682.0,5,406.5,0,0,6,-0.485
1735,1,735,41,1702.5,5,409.0,0,0,6,-0.485
1736,1,736,41,1723.0,5,411.5,0,0,6,-0.485
1737,1,737,41,1743.5,5,414.0,0,0,6,-0.485
1738,1,738,41,1764.0,5,416.5,0,0,6,-0.485
1739,1,739,41,1784.5,5,419.0,0,0,6,-0.485
1740,1,740,42,1806.5,5,421.5,0,0,6,-0.495
1741,1,741,42,1827.5,5,424.0,0,0,6,-0.495
1742,1,742,42,1848.5,5,426.5,0,0,6,-0.495
1743,1,743,44,1872.5,5,429.0,0,0,6,-0.515
1744,1,744,44,1894.5,5,431.5,0,1,6,-0.515
1745,1,745,44,1916.5,6,435.5,0,3,6,-0.53
1746,1,746,44,1938.5,7,440.0,0,0,6,-0.545
1747,1,747,44,1960.5,7,443.5,0,0,6,-0.545
1748,1,748,44,1982.5,7,447.0,0,4,6,-0.545
1749,1,749,44,2004.5,7,450.5,0,0,6,-0.545
1750,1,750,44,2026.5,7,454.0,0,1,6,-0.545
1751,1,751,44,2048.5,7,457.5,0,2,6,-0.545
1752,1,752,45,2072.0,7,461.0,0,0,6,-0.555
1753,1,753,46,2096.0,7,464.5,0,0,6,-0.5650000000000001
1754,1,754,46,2119.0,7,468.0,0,1,6,-0.5650000000000001
1755,1,755,46,2142.0,8,473.0,0,0,6,-0.5800000000000001
1756,1,756,46,2165.0,8,477.0,0,1,6,-0.5800000000000001
1757,1,757,46,2188.0,9,482.5,0,0,6,-0.595
1758,1,758,46,2211.0,9,487.0,0,0,6,-0.595
1759,1,759,46,2234.0,9,491.5,0,2,6,-0.595
1760,1,760,46,2257.0,9,496.0,0,0,6,-0.595
1761,1,761,46,2280.0,9,500.5,0,0,6,-0.595
1762,1,762,46,2303.0,9,505.0,0,2,6,-0.595
1763,1,763,48,2329.0,9,509.5,0,1,6,-0.615
1764,1,764,48,2353.0,9,514.0,0,0,6,-0.615
1765,1,765,48,2377.0,9,518.5,0,1,6,-0.615
1766,1,766,48,2401.0,9,523.0,0,1,6,-0.615
1767,1,767,48,2425.0,9,527.5,0,0,6,-0.615
1768,1,768,48,2449.0,9,532.0,0,2,6,-0.615
1769,1,769,48,2473.0,9,536.5,0,0,6,-0.615
1770,1,770,48,2497.0,9,541.0,0,0,6,-0.615
1771,1,771,48,2521.0,9,545.5,0,2,6,-0.615
1772,1,772,50,2548.0,9,550.0,0,1,6,-0.635
1773,1,773,50,2573.0,9,554.5,1,0,6,-0.635
1774,1,774,50,2598.0,9,559.0,0,2,6,-0.635
1775,1,775,50,2623.0,9,563.5,0,1,6,-0.635
1776,1,776,51,2649.5,9,568.0,0,1,6,-0.645
1777,1,777,51,2675.0,9,572.5,0,2,6,-0.645
1778,1,778,51,2700.5,9,577.0,0,2,6,-0.645
1779,1,779,52,2727.5,9,581.5,0,0,6,-0.655
1780,1,780,52,2753.5,9,586.0,0,1,6,-0.655
1781,1,781,53,2781.0,9,590.5,0,1,6,-0.665
1782,1,782,54,2809.0,9,595.0,0,0,6,-0.675
1783,1,783,54,2836.0,9,599.5,0,0,6,-0.675
1784,1,784,54,2863.0,9,604.0,0,2,6,-0.675
1785,1,785,55,2891.5,9,608.5,0,0,6,-0.685
1786,1,786,55,2919.0,9,613.0,0,1,6,-0.685
1787,1,787,55,2946.5,9,617.5,0,1,6,-0.685
1788,1,788,55,2974.0,9,622.0,0,1,6,-0.685
1789,1,789,55,3001.5,9,626.5,0,1,6,-0.685
1790,1,790,56,3030.5,9,631.0,0,1,6,-0.6950000000000001
1791,1,791,57,3060.0,9,635.5,0,2,6,-0.705
1792,1,792,58,3090.0,9,640.0,0,2,6,-0.715
1793,1,793,58,3119.0,10,646.0,0,2,6,-0.73
1794,1,794,58,3148.0,10,651.0,0,2,6,-0.73
1795,1,795,58,3177.0,10,656.0,0,0,6,-0.73
1796,1,796,58,3206.0,10,661.0,0,2,6,-0.73
1797,1,797,58,3235.0,10,666.0,0,2,6,-0.73
1798,1,798,58,3264.0,10,671.0,0,0,6,-0.73
1799,1,799,58,3293.0,10,676.0,0,1,6,-0.73
1800,1,800,58,3322.0,10,681.0,0,3,6,-0.73
1801,1,801,58,3351.0,10,686.0,0,0,6,-0.73
1802,1,802,58,3380.0,10,691.0,0,4,6,-0.73
1803,1,803,59,3410.5,10,696.0,0,1,6,-0.74
1804,1,804,59,3440.0,10,701.0,0,1,6,-0.74
1805,1,805,59,3469.5,10,706.0,0,2,7,-0.74
1806,1,806,59,3499.0,10,711.0,0,1,7,-0.74
1807,1,807,59,3528.5,10,716.0,0,2,7,-0.74
1808,1,808,59,3558.0,10,721.0,0,1,7,-0.74
1809,1,809,59,3587.5,10,726.0,1,0,7,-0.74
1810,1,810,59,3617.0,10,731.0,0,3,7,-0.74
1811,1,811,60,3648.0,10,736.0,0,1,7,-0.75
1812,1,812,60,3678.0,10,741.0,0,0,7,-0.75
1813,1,813,61,3709.5,10,746.0,0,2,7,-0.76
1814,1,814,61,3740.0,10,751.0,0,0,7,-0.76
1815,1,815,61,3770.5,10,756.0,0,0,7,-0.76
1816,1,816,61,3801.0,10,761.0,0,1,7,-0.76
1817,1,817,59,3510.5,10,766.0,0,0,8,-0.74
1818,1,818,60,3291.5,10,771.0,0,0,8,-0.75
1819,1,819,58,3139.5,10,776.0,0,0,8,-0.73
1820,1,820,57,3060.0,10,781.0,0,0,8,-0.72
1821,1,821,58,3090.0,10,786.0,0,0,8,-0.73
1822,1,822,57,3072.0,10,791.0,0,0,8,-0.72
1823,1,823,57,3100.5,10,796.0,0,0,8,-0.72
1824,1,824,57,3129.0,10,801.0,0,0,8,-0.72
1825,1,825,57,3157.5,10,806.0,0,0,8,-0.72
1826,1,826,58,3187.5,10,811.0,0,2,8,-0.73
1827,1,827,59,3218.0,10,816.0,0,0,8,-0.74
1828,1,828,60,3249.0,10,821.0,0,0,8,-0.75
1829,1,829,60,3279.0,10,826.0,0,0,8,-0.75
1830,1,830,60,3309.0,10,831.0,0,0,8,-0.75
1831,1,831,60,3339.0,10,836.0,0,0,8,-0.75
1832,1,832,60,3369.0,10,841.0,1,0,8,-0.75
1833,1,833,61,3400.5,10,846.0,0,0,8,-0.76
1834,1,834,61,3431.0,10,851.0,0,0,8,-0.76
1835,1,835,61,3461.5,10,856.0,0,0,8,-0.76
1836,1,836,61,3492.0,10,861.0,0,0,8,-0.76
1837,1,837,61,3522.5,10,866.0,0,0,8,-0.76
1838,1,838,61,3553.0,10,871.0,0,0,8,-0.76
1839,1,839,61,3583.5,10,876.0,0,0,8,-0.76
1840,1,840,61,3614.0,10,881.0,0,0,8,-0.76
1841,1,841,61,3644.5,10,886.0,0,0,8,-0.76
1842,1,842,62,3676.5,10,891.0,0,2,8,-0.77
1843,1,843,62,3707.5,10,896.0,0,0,8,-0.77
1844,1,844,65,3743.0,10,901.0,0,0,8,-0.8
1845,1,845,65,3775.5,10,906.0,0,0,8,-0.8
1846,1,846,66,3809.5,10,911.0,0,1,8,-0.81
1847,1,847,66,3842.5,10,916.0,0,0,8,-0.81
1848,1,848,67,3877.0,10,921.0,0,0,8,-0.8200000000000001
1849,1,849,68,3912.0,10,926.0,0,0,8,-0.8300000000000001
1850,1,850,68,3946.0,10,931.0,0,0,8,-0.8300000000000001
1851,1,851,68,3980.0,10,936.0,0,0,8,-0.8300000000000001
1852,1,852,69,4015.5,10,941.0,0,0,8,-0.84
1853,1,853,71,4053.0,10,946.0,0,1,8,-0.86
1854,1,854,71,4088.5,10,951.0,0,2,8,-0.86
1855,1,855,71,4124.0,10,956.0,0,0,8,-0.86
1856,1,856,71,4159.5,10,961.0,1,0,8,-0.86
1857,1,857,71,4195.0,10,966.0,1,0,8,-0.86
1858,1,858,71,4230.5,10,971.0,0,2,8,-0.86
1859,1,859,71,4266.0,10,976.0,0,0,8,-0.86
1860,1,860,72,4303.0,10,981.0,0,0,8,-0.87
1861,1,861,74,4342.0,10,986.0,0,0,8,-0.89
1862,1,862,74,4379.0,10,991.0,0,0,8,-0.89
1863,1,863,74,4416.0,10,996.0,0,1,8,-0.89
1864,1,864,74,4453.0,10,1001.0,0,0,8,-0.89
1865,1,865,74,4490.0,10,1006.0,0,0,8,-0.89
1866,1,866,74,4527.0,10,1011.0,1,0,8,-0.89
1867,1,867,74,4564.0,10,1016.0,0,1,8,-0.89
1868,1,868,75,4602.5,10,1021.0,0,0,8,-0.9
1869,1,869,75,4640.0,12,1029.0,0,0,8,-0.9299999999999999
1870,1,870,76,4679.0,12,1035.0,0,0,8,-0.94
1871,1,871,77,4718.5,12,1041.0,0,0,8,-0.95
1872,1,872,79,4760.0,12,1047.0,0,0,8,-0.97
1873,1,873,79,4799.5,12,1053.0,0,0,8,-0.97
1874,1,874,79,4839.0,12,1059.0,0,0,8,-0.97
1875,1,875,79,4878.5,12,1065.0,0,0,8,-0.97
1876,1,876,79,4918.0,12,1071.0,0,0,8,-0.97
1877,1,877,79,4957.5,13,1078.5,0,1,9,-0.9850000000000001
1878,1,878,79,4997.0,13,1085.0,0,1,9,-0.9850000000000001
1879,1,879,79,5036.5,13,1091.5,0,1,9,-0.9850000000000001
1880,1,880,80,5077.5,13,1098.0,0,0,9,-0.9950000000000001
1881,1,881,82,5120.5,13,1104.5,0,1,9,-1.015
1882,1,882,82,5161.5,13,1111.0,0,0,9,-1.015
1883,1,883,80,4626.0,8,800.5,2,0,0,-0.92
1884,1,884,76,4133.5,9,806.0,0,1,0,-0.895
1885,1,885,72,3678.0,9,810.5,0,0,0,-0.855
1886,1,886,68,3250.5,9,815.0,0,0,0,-0.8150000000000001
1887,1,887,68,3284.5,9,819.5,0,0,0,-0.8150000000000001
1888,1,888,65,2902.0,9,824.0,0,0,0,-0.785
1889,1,889,61,2552.5,7,623.0,0,0,0,-0.715
1890,1,890,58,2315.5,8,628.0,0,0,0,-0.7
1891,1,891,58,2264.0,8,530.0,0,0,0,-0.7
1892,1,892,55,1984.0,9,524.0,0,0,0,-0.685
1893,1,893,53,1803.0,8,526.5,0,0,0,-0.65
1894,1,894,52,1762.5,6,506.5,0,0,0,-0.61
1895,1,895,48,1554.0,5,506.0,0,0,0,-0.5549999999999999
1896,1,896,45,1427.5,5,508.5,0,0,0,-0.525
1897,1,897,44,1401.5,5,511.0,0,1,0,-0.515
1898,1,898,40,1261.0,5,513.5,0,0,0,-0.47500000000000003
1899,1,899,37,1199.5,4,511.0,0,0,0,-0.43
1900,1,900,36,1183.0,4,513.0,0,1,0,-0.42
1901,1,901,33,1121.0,4,515.0,1,0,0,-0.39
1902,1,902,34,1139.0,3,411.0,1,1,0,-0.385
1903,1,903,31,1104.0,3,412.5,0,1,0,-0.355
1904,1,904,29,1098.5,3,414.0,0,0,0,-0.33499999999999996
1905,1,905,28,1104.5,4,417.0,0,1,0,-0.34
1906,1,906,27,1108.0,4,419.0,0,1,0,-0.33
1907,1,907,27,1121.5,4,421.0,0,0,0,-0.33
1908,1,908,27,1135.0,4,423.0,0,0,0,-0.33
1909,1,909,27,1148.5,4,425.0,0,0,0,-0.33
1910,1,910,27,1162.0,3,222.0,0,0,0,-0.315
1911,1,911,27,1175.5,3,223.5,0,0,0,-0.315
1912,1,912,31,1195.0,3,225.0,0,2,0,-0.355
1913,1,913,33,1213.5,2,18.5,0,0,0,-0.36
1914,1,914,33,1230.0,2,19.5,0,1,0,-0.36
1915,1,915,33,1246.5,2,20.5,0,0,0,-0.36
1916,1,916,33,1263.0,2,21.5,0,1,0,-0.36
1917,1,917,33,1279.5,2,22.5,0,0,0,-0.36
1918,1,918,34,1297.5,2,23.5,0,0,0,-0.37
1919,1,919,34,1314.5,2,24.5,0,0,0,-0.37
1920,1,920,36,1334.5,2,25.5,0,0,0,-0.39
1921,1,921,36,1352.5,2,26.5,0,0,0,-0.39
1922,1,922,39,1375.0,2,27.5,0,0,0,-0.42000000000000004
1923,1,923,39,1394.5,2,28.5,0,0,0,-0.42000000000000004
1924,1,924,39,1414.0,2,29.5,0,0,0,-0.42000000000000004
1925,1,925,39,1433.5,2,30.5,0,0,0,-0.42000000000000004
1926,1,926,39,1453.0,2,31.5,0,1,0,-0.42000000000000004
1927,1,927,39,1472.5,2,32.5,0,0,0,-0.42000000000000004
1928,1,928,39,1492.0,2,33.5,0,0,0,-0.42000000000000004
1929,1,929,39,1511.5,2,34.5,0,1,0,-0.42000000000000004
1930,1,930,39,1531.0,2,35.5,0,0,0,-0.42000000000000004
1931,1,931,39,1550.5,2,36.5,0,0,0,-0.42000000000000004
1932,1,932,40,1571.5,2,37.5,0,0,0,-0.43000000000000005
1933,1,933,39,1360.0,2,38.5,0,0,1,-0.42000000000000004
1934,1,934,37,1258.0,2,39.5,0,0,1,-0.4
1935,1,935,35,1260.5,2,40.5,1,0,1,-0.38
1936,1,936,35,1278.0,2,41.5,0,0,1,-0.38
1937,1,937,35,1295.5,2,42.5,0,0,1,-0.38
1938,1,938,36,1314.5,2,43.5,1,0,1,-0.39
1939,1,939,36,1332.5,2,44.5,0,0,1,-0.39
1940,1,940,36,1350.5,2,45.5,0,0,1,-0.39
1941,1,941,38,1371.5,2,46.5,0,0,1,-0.41000000000000003
1942,1,942,40,1393.5,2,47.5,0,0,1,-0.43000000000000005
1943,1,943,42,1416.5,2,48.5,0,0,1,-0.44999999999999996
1944,1,944,42,1437.5,2,49.5,0,0,1,-0.44999999999999996
1945,1,945,42,1458.5,2,50.5,0,0,1,-0.44999999999999996
1946,1,946,40,1471.5,2,51.5,0,0,1,-0.43000000000000005
1947,1,947,38,1484.5,2,52.5,0,0,1,-0.41000000000000003
1948,1,948,38,1503.5,2,53.5,0,0,1,-0.41000000000000003
1949,1,949,40,1525.5,2,54.5,0,0,1,-0.43000000000000005
1950,1,950,40,1545.5,2,55.5,0,0,1,-0.43000000000000005
1951,1,951,42,1568.5,2,56.5,0,0,1,-0.44999999999999996
1952,1,952,42,1589.5,2,57.5,0,0,1,-0.44999999999999996
1953,1,953,42,1610.5,2,58.5,0,0,1,-0.44999999999999996
1954,1,954,42,1631.5,2,59.5,0,0,1,-0.44999999999999996
1955,1,955,42,1652.5,2,60.5,0,0,1,-0.44999999999999996
1956,1,956,42,1673.5,2,61.5,0,0,1,-0.44999999999999996
1957,1,957,42,1694.5,2,62.5,0,0,1,-0.44999999999999996
1958,1,958,42,1715.5,2,63.5,0,0,1,-0.44999999999999996
1959,1,959,42,1736.5,2,64.5,0,0,1,-0.44999999999999996
1960,1,960,42,1757.5,2,65.5,0,0,1,-0.44999999999999996
1961,1,961,42,1778.5,2,66.5,0,0,1,-0.44999999999999996
1962,1,962,42,1799.5,2,67.5,0,0,1,-0.44999999999999996
1963,1,963,42,1820.5,2,68.5,0,3,1,-0.44999999999999996
1964,1,964,42,1841.5,3,71.0,0,0,1,-0.46499999999999997
1965,1,965,42,1862.5,3,72.5,0,0,1,-0.46499999999999997
1966,1,966,42,1883.5,3,74.0,0,3,1,-0.46499999999999997
1967,1,967,42,1904.5,3,75.5,0,0,1,-0.46499999999999997
1968,1,968,43,1927.0,3,77.0,0,0,1,-0.475
1969,1,969,43,1948.5,4,80.0,0,3,1,-0.49
1970,1,970,44,1971.5,4,82.0,0,0,1,-0.5
1971,1,971,45,1995.0,4,84.0,0,0,1,-0.51
1972,1,972,45,2017.5,4,86.0,0,2,1,-0.51
1973,1,973,45,2040.0,5,89.5,0,1,1,-0.525
1974,1,974,45,2062.5,5,92.0,0,0,1,-0.525
1975,1,975,45,2085.0,5,94.5,0,1,1,-0.525
1976,1,976,45,2107.5,5,97.0,0,1,1,-0.525
1977,1,977,45,2130.0,6,101.0,0,0,1,-0.54
1978,1,978,45,2152.5,6,104.0,0,1,1,-0.54
1979,1,979,45,2175.0,6,107.0,0,0,1,-0.54
1980,1,980,45,2197.5,6,110.0,0,1,1,-0.54
1981,1,981,47,2223.0,6,113.0,0,1,1,-0.5599999999999999
1982,1,982,49,2249.5,6,116.0,0,0,1,-0.58
1983,1,983,51,2277.0,6,119.0,0,3,1,-0.6
1984,1,984,51,2302.5,6,122.0,0,1,1,-0.6
1985,1,985,51,2328.0,6,125.0,0,0,1,-0.6
1986,1,986,51,2353.5,6,128.0,0,2,1,-0.6
1987,1,987,51,2379.0,6,131.0,0,1,1,-0.6
1988,1,988,52,2406.0,6,134.0,0,0,1,-0.61
1989,1,989,52,2432.0,6,137.0,0,2,1,-0.61
1990,1,990,53,2459.5,6,140.0,0,1,1,-0.62
1991,1,991,54,2487.5,6,143.0,0,1,1,-0.63
1992,1,992,54,2514.5,6,146.0,0,1,1,-0.63
1993,1,993,54,2541.5,6,149.0,0,2,1,-0.63
1994,1,994,54,2568.5,7,153.5,0,1,1,-0.645
1995,1,995,54,2595.5,6,155.0,0,2,1,-0.63
1996,1,996,54,2622.5,6,158.0,0,1,1,-0.63
1997,1,997,54,2649.5,6,161.0,0,1,1,-0.63
1998,1,998,54,2676.5,7,165.5,0,0,1,-0.645
1999,1,999,55,2705.0,7,169.0,0,3,1,-0.655
2000,2,0,0,0.0,0,0.0,0,0,0,-0.0
2001,2,1,0,0.0,0,0.0,0,0,0,-0.0
2002,2,2,0,0.0,0,0.0,0,0,0,-0.0
2003,2,3,0,0.0,0,0.0,0,0,0,-0.0
2004,2,4,0,0.0,0,0.0,0,0,0,-0.0
2005,2,5,0,0.0,0,0.0,0,0,0,-0.0
2006,2,6,0,0.0,0,0.0,0,0,0,-0.0
2007,2,7,0,0.0,0,0.0,0,0,0,-0.0
2008,2,8,0,0.0,0,0.0,0,0,0,-0.0
2009,2,9,0,0.0,0,0.0,0,0,0,-0.0
2010,2,10,0,0.0,0,0.0,0,0,0,-0.0
2011,2,11,0,0.0,0,0.0,0,0,0,-0.0
2012,2,12,0,0.0,0,0.0,0,0,0,-0.0
2013,2,13,0,0.0,0,0.0,0,0,0,-0.0
2014,2,14,0,0.0,0,0.0,0,0,0,-0.0
2015,2,15,0,0.0,0,0.0,0,0,0,-0.0
2016,2,16,0,0.0,0,0.0,0,0,0,-0.0
2017,2,17,0,0.0,0,0.0,0,0,0,-0.0
2018,2,18,0,0.0,0,0.0,0,0,0,-0.0
2019,2,19,0,0.0,0,0.0,0,0,0,-0.0
2020,2,20,0,0.0,0,0.0,0,0,0,-0.0
2021,2,21,0,0.0,0,0.0,0,0,0,-0.0
2022,2,22,0,0.0,0,0.0,0,0,0,-0.0
2023,2,23,0,0.0,0,0.0,0,0,0,-0.0
2024,2,24,0,0.0,0,0.0,0,0,0,-0.0
2025,2,25,0,0.0,0,0.0,0,0,0,-0.0
2026,2,26,0,0.0,0,0.0,0,0,0,-0.0
2027,2,27,0,0.0,0,0.0,0,0,0,-0.0
2028,2,28,0,0.0,0,0.0,0,0,0,-0.0
2029,2,29,0,0.0,0,0.0,0,0,0,-0.0
2030,2,30,0,0.0,0,0.0,0,0,0,-0.0
2031,2,31,0,0.0,0,0.0,0,0,0,-0.0
2032,2,32,0,0.0,0,0.0,0,0,0,-0.0
2033,2,33,0,0.0,0,0.0,0,0,0,-0.0
2034,2,34,0,0.0,0,0.0,0,0,0,-0.0
2035,2,35,0,0.0,0,0.0,0,0,0,-0.0
2036,2,36,0,0.0,0,0.0,0,0,0,-0.0
2037,2,37,0,0.0,0,0.0,0,0,0,-0.0
2038,2,38,0,0.0,0,0.0,0,0,0,-0.0
2039,2,39,0,0.0,0,0.0,0,0,0,-0.0
2040,2,40,0,0.0,0,0.0,0,0,0,-0.0
2041,2,41,0,0.0,0,0.0,0,0,0,-0.0
2042,2,42,0,0.0,0,0.0,0,0,0,-0.0
2043,2,43,0,0.0,0,0.0,0,0,0,-0.0
2044,2,44,0,0.0,0,0.0,0,0,0,-0.0
2045,2,45,0,0.0,0,0.0,0,0,0,-0.0
2046,2,46,0,0.0,0,0.0,0,0,0,-0.0
2047,2,47,0,0.0,0,0.0,0,0,0,-0.0
2048,2,48,0,0.0,0,0.0,0,0,0,-0.0
2049,2,49,0,0.0,0,0.0,0,0,1,-0.0
2050,2,50,0,0.0,0,0.0,0,0,1,-0.0
2051,2,51,0,0.0,0,0.0,0,0,1,-0.0
2052,2,52,0,0.0,0,0.0,0,0,1,-0.0
2053,2,53,0,0.0,0,0.0,0,0,1,-0.0
2054,2,54,0,0.0,0,0.0,0,0,1,-0.0
2055,2,55,0,0.0,0,0.0,0,0,1,-0.0
2056,2,56,0,0.0,0,0.0,0,0,1,-0.0
2057,2,57,0,0.0,0,0.0,0,0,1,-0.0
2058,2,58,0,0.0,0,0.0,0,0,1,-0.0
2059,2,59,0,0.0,0,0.0,0,0,1,-0.0
2060,2,60,0,0.0,0,0.0,0,0,1,-0.0
2061,2,61,0,0.0,0,0.0,0,0,1,-0.0
2062,2,62,0,0.0,0,0.0,0,0,1,-0.0
2063,2,63,0,0.0,0,0.0,0,0,1,-0.0
2064,2,64,0,0.0,0,0.0,0,0,1,-0.0
2065,2,65,0,0.0,0,0.0,0,0,1,-0.0
2066,2,66,0,0.0,0,0.0,0,0,1,-0.0
2067,2,67,0,0.0,1,1.5,0,0,1,-0.015
2068,2,68,0,0.0,1,2.0,0,0,1,-0.015
2069,2,69,0,0.0,2,4.0,0,0,1,-0.03
2070,2,70,0,0.0,3,6.5,0,0,1,-0.045
2071,2,71,0,0.0,3,8.0,0,0,1,-0.045
2072,2,72,0,0.0,3,9.5,0,0,1,-0.045
2073,2,73,0,0.0,3,11.0,0,0,1,-0.045
2074,2,74,0,0.0,3,12.5,0,0,1,-0.045
2075,2,75,0,0.0,3,14.0,0,0,1,-0.045
2076,2,76,1,1.5,3,15.5,0,0,1,-0.055
2077,2,77,2,3.5,3,17.0,0,0,1,-0.065
2078,2,78,5,9.0,3,18.5,0,0,1,-0.095
2079,2,79,5,11.5,4,21.5,0,0,1,-0.11
2080,2,80,5,14.0,4,23.5,0,0,1,-0.11
2081,2,81,5,16.5,4,25.5,0,0,1,-0.11
2082,2,82,5,19.0,5,29.0,0,0,1,-0.125
2083,2,83,5,21.5,5,31.5,0,0,1,-0.125
2084,2,84,5,24.0,5,34.0,0,0,1,-0.125
2085,2,85,5,26.5,5,36.5,0,0,1,-0.125
2086,2,86,7,32.0,6,40.5,0,0,1,-0.16
2087,2,87,7,35.5,6,43.5,0,0,1,-0.16
2088,2,88,7,39.0,6,46.5,0,0,1,-0.16
2089,2,89,7,42.5,7,51.0,0,0,1,-0.175
2090,2,90,7,46.0,6,52.5,0,0,1,-0.16
2091,2,91,7,49.5,6,55.5,0,0,1,-0.16
2092,2,92,7,53.0,7,60.0,0,0,1,-0.175
2093,2,93,7,56.5,8,65.0,0,0,1,-0.19
2094,2,94,7,60.0,8,69.0,0,0,1,-0.19
2095,2,95,7,63.5,8,73.0,0,0,1,-0.19
2096,2,96,7,67.0,8,77.0,0,0,1,-0.19
2097,2,97,8,72.0,8,81.0,0,0,1,-0.2
2098,2,98,9,77.5,8,85.0,0,0,1,-0.21
2099,2,99,9,82.0,8,89.0,0,0,1,-0.21
2100,2,100,9,86.5,8,93.0,0,0,1,-0.21
2101,2,101,9,91.0,8,97.0,0,0,1,-0.21
2102,2,102,9,95.5,8,101.0,0,0,1,-0.21
2103,2,103,9,100.0,8,105.0,0,0,1,-0.21
2104,2,104,9,104.5,8,109.0,0,0,1,-0.21
2105,2,105,9,109.0,8,113.0,0,0,1,-0.21
2106,2,106,9,113.5,8,117.0,0,0,1,-0.21
2107,2,107,10,119.5,8,121.0,0,0,1,-0.22
2108,2,108,10,124.5,8,125.0,0,0,1,-0.22
2109,2,109,10,129.5,8,129.0,0,0,1,-0.22
2110,2,110,10,134.5,8,133.0,0,0,1,-0.22
2111,2,111,11,141.0,8,137.0,0,0,1,-0.22999999999999998
2112,2,112,11,146.5,8,141.0,0,0,1,-0.22999999999999998
2113,2,113,11,152.0,8,145.0,0,0,1,-0.22999999999999998
2114,2,114,13,160.5,8,149.0,0,0,1,-0.25
2115,2,115,13,167.0,8,153.0,0,0,1,-0.25
2116,2,116,13,173.5,8,157.0,0,0,1,-0.25
2117,2,117,13,180.0,8,161.0,0,0,1,-0.25
2118,2,118,13,186.5,8,165.0,0,0,1,-0.25
2119,2,119,13,193.0,8,169.0,0,0,1,-0.25
2120,2,120,13,199.5,8,173.0,0,0,1,-0.25
2121,2,121,13,206.0,8,177.0,0,0,1,-0.25
2122,2,122,13,212.5,8,181.0,0,0,1,-0.25
2123,2,123,15,222.0,8,185.0,0,0,1,-0.27
2124,2,124,15,229.5,8,189.0,0,0,1,-0.27
2125,2,125,15,237.0,8,193.0,0,0,1,-0.27
2126,2,126,15,244.5,8,197.0,0,0,1,-0.27
2127,2,127,15,252.0,8,201.0,0,0,1,-0.27
2128,2,128,15,259.5,8,205.0,0,0,1,-0.27
2129,2,129,15,267.0,8,209.0,0,0,1,-0.27
2130,2,130,15,274.5,8,213.0,0,0,1,-0.27
2131,2,131,16,283.5,8,217.0,0,0,1,-0.28
2132,2,132,16,291.5,8,221.0,0,0,1,-0.28
2133,2,133,16,299.5,8,225.0,0,0,1,-0.28
2134,2,134,16,307.5,8,229.0,0,0,1,-0.28
2135,2,135,16,315.5,8,233.0,0,0,1,-0.28
2136,2,136,16,323.5,8,237.0,0,0,1,-0.28
2137,2,137,16,331.5,8,241.0,0,0,1,-0.28
2138,2,138,17,341.0,8,245.0,0,0,1,-0.29000000000000004
2139,2,139,17,349.5,8,249.0,0,0,2,-0.29000000000000004
2140,2,140,18,359.5,8,253.0,0,0,2,-0.3
2141,2,141,18,368.5,8,257.0,0,0,2,-0.3
2142,2,142,18,377.5,8,261.0,0,0,2,-0.3
2143,2,143,20,389.5,8,265.0,0,0,2,-0.32
2144,2,144,20,399.5,8,269.0,0,0,2,-0.32
2145,2,145,20,409.5,8,273.0,0,0,2,-0.32
2146,2,146,20,419.5,8,277.0,0,0,2,-0.32
2147,2,147,20,429.5,8,281.0,0,0,2,-0.32
2148,2,148,20,439.5,8,285.0,0,2,2,-0.32
2149,2,149,21,451.0,8,289.0,0,0,2,-0.32999999999999996
2150,2,150,21,461.5,8,293.0,0,0,2,-0.32999999999999996
2151,2,151,20,401.5,8,297.0,0,1,3,-0.32
2152,2,152,21,413.0,8,301.0,0,0,3,-0.32999999999999996
2153,2,153,21,423.5,8,305.0,0,0,3,-0.32999999999999996
2154,2,154,22,435.5,8,309.0,0,0,3,-0.33999999999999997
2155,2,155,22,446.5,8,313.0,0,0,3,-0.33999999999999997
2156,2,156,22,457.5,8,317.0,0,0,3,-0.33999999999999997
2157,2,157,22,468.5,8,321.0,0,0,3,-0.33999999999999997
2158,2,158,22,479.5,8,325.0,0,0,3,-0.33999999999999997
2159,2,159,24,493.5,8,329.0,0,0,3,-0.36
2160,2,160,24,505.5,8,333.0,0,0,3,-0.36
2161,2,161,24,517.5,8,337.0,0,0,3,-0.36
2162,2,162,22,521.0,8,341.0,0,0,3,-0.33999999999999997
2163,2,163,24,535.0,8,345.0,0,0,3,-0.36
2164,2,164,28,553.0,8,349.0,0,0,3,-0.4
2165,2,165,28,567.0,8,353.0,0,0,3,-0.4
2166,2,166,28,581.0,8,357.0,0,1,3,-0.4
2167,2,167,29,596.5,8,361.0,0,0,3,-0.41
2168,2,168,29,611.0,8,365.0,0,0,3,-0.41
2169,2,169,30,627.0,8,369.0,0,0,3,-0.42
2170,2,170,31,643.5,8,373.0,0,2,3,-0.43
2171,2,171,31,659.0,8,377.0,0,0,3,-0.43
2172,2,172,33,677.5,8,381.0,0,0,3,-0.45
2173,2,173,35,697.0,8,385.0,0,0,3,-0.47
2174,2,174,35,714.5,8,389.0,0,0,3,-0.47
2175,2,175,36,733.5,8,393.0,0,0,3,-0.48
2176,2,176,36,751.5,8,397.0,0,2,3,-0.48
2177,2,177,36,769.5,8,401.0,0,0,3,-0.48
2178,2,178,36,787.5,8,405.0,0,0,3,-0.48
2179,2,179,36,805.5,8,409.0,0,0,3,-0.48
2180,2,180,37,825.0,8,413.0,0,1,3,-0.49
2181,2,181,39,846.5,8,417.0,0,0,3,-0.51
2182,2,182,39,866.0,8,421.0,0,0,3,-0.51
2183,2,183,40,887.0,8,425.0,0,0,3,-0.52
2184,2,184,41,908.5,8,429.0,0,0,3,-0.53
2185,2,185,42,930.5,8,433.0,0,0,3,-0.54
2186,2,186,43,953.0,8,437.0,0,0,3,-0.55
2187,2,187,44,976.0,8,441.0,0,0,3,-0.56
2188,2,188,44,998.0,8,445.0,0,0,3,-0.56
2189,2,189,44,1020.0,8,449.0,0,1,3,-0.56
2190,2,190,45,1043.5,8,453.0,0,0,3,-0.5700000000000001
2191,2,191,45,1066.0,8,457.0,0,0,3,-0.5700000000000001
2192,2,192,47,1091.5,8,461.0,0,0,3,-0.59
2193,2,193,48,1116.5,8,465.0,0,0,3,-0.6
2194,2,194,48,1140.5,8,469.0,0,0,3,-0.6
2195,2,195,49,1166.0,8,473.0,0,0,3,-0.61
2196,2,196,49,1190.5,8,477.0,0,0,3,-0.61
2197,2,197,49,1215.0,8,481.0,0,1,3,-0.61
2198,2,198,50,1241.0,8,485.0,0,0,3,-0.62
2199,2,199,50,1266.0,8,489.0,0,0,3,-0.62
2200,2,200,50,1291.0,8,493.0,0,0,3,-0.62
2201,2,201,50,1316.0,8,497.0,0,1,3,-0.62
2202,2,202,51,1342.5,8,501.0,0,0,3,-0.63
2203,2,203,51,1368.0,8,505.0,0,0,3,-0.63
2204,2,204,51,1393.5,8,509.0,0,0,3,-0.63
2205,2,205,51,1419.0,8,513.0,0,0,3,-0.63
2206,2,206,51,1444.5,8,517.0,0,0,3,-0.63
2207,2,207,51,1470.0,8,521.0,0,1,3,-0.63
2208,2,208,51,1495.5,8,525.0,0,0,3,-0.63
2209,2,209,53,1524.0,8,529.0,0,0,3,-0.65
2210,2,210,54,1552.0,8,533.0,0,0,3,-0.66
2211,2,211,54,1579.0,8,537.0,0,0,4,-0.66
2212,2,212,55,1607.5,8,541.0,0,0,4,-0.67
2213,2,213,55,1635.0,8,545.0,0,0,4,-0.67
2214,2,214,56,1664.0,8,549.0,0,0,4,-0.68
2215,2,215,57,1693.5,8,553.0,0,0,4,-0.69
2216,2,216,57,1722.0,8,557.0,0,0,4,-0.69
2217,2,217,58,1752.0,8,561.0,0,0,4,-0.7
2218,2,218,59,1782.5,8,565.0,0,0,4,-0.71
2219,2,219,60,1813.5,8,569.0,0,0,4,-0.72
2220,2,220,60,1843.5,8,573.0,0,0,4,-0.72
2221,2,221,61,1875.0,8,577.0,0,0,4,-0.73
2222,2,222,62,1907.0,8,581.0,0,0,4,-0.74
2223,2,223,56,1608.0,8,585.0,0,0,5,-0.68
2224,2,224,53,1414.5,8,589.0,0,0,5,-0.65
2225,2,225,49,1253.5,8,593.0,0,0,5,-0.61
2226,2,226,45,1121.5,8,597.0,0,0,5,-0.5700000000000001
2227,2,227,44,1105.0,8,601.0,0,0,5,-0.56
2228,2,228,41,1048.5,8,605.0,0,0,5,-0.53
2229,2,229,37,986.0,8,609.0,0,0,5,-0.49
2230,2,230,36,984.0,8,613.0,0,0,5,-0.48
2231,2,231,33,968.5,6,464.0,0,1,5,-0.42000000000000004
2232,2,232,33,967.5,6,467.0,0,0,5,-0.42000000000000004
2233,2,233,33,984.0,4,308.5,0,0,5,-0.39
2234,2,234,32,998.0,3,227.0,0,0,5,-0.365
2235,2,235,33,1015.5,3,228.5,0,0,5,-0.375
2236,2,236,33,1032.0,3,230.0,0,0,5,-0.375
2237,2,237,34,1050.0,3,231.5,0,0,5,-0.385
2238,2,238,34,1067.0,3,233.0,0,0,5,-0.385
2239,2,239,34,1084.0,3,234.5,0,0,5,-0.385
2240,2,240,34,1101.0,3,236.0,0,1,5,-0.385
2241,2,241,34,1118.0,2,158.5,0,0,5,-0.37
2242,2,242,34,1135.0,2,159.5,0,0,5,-0.37
2243,2,243,35,1153.5,2,160.5,0,0,5,-0.38
2244,2,244,36,1172.5,2,161.5,0,0,5,-0.39
2245,2,245,36,1190.5,2,162.5,0,0,5,-0.39
2246,2,246,36,1208.5,2,163.5,0,0,5,-0.39
2247,2,247,36,1226.5,2,164.5,0,0,5,-0.39
2248,2,248,36,1244.5,2,165.5,0,0,5,-0.39
2249,2,249,36,1262.5,2,166.5,0,0,5,-0.39
2250,2,250,36,1280.5,2,167.5,0,0,5,-0.39
2251,2,251,36,1298.5,2,168.5,0,0,5,-0.39
2252,2,252,36,1316.5,2,169.5,0,0,5,-0.39
2253,2,253,36,1334.5,2,170.5,0,0,5,-0.39
2254,2,254,36,1352.5,2,171.5,0,0,5,-0.39
2255,2,255,37,1372.0,2,172.5,0,0,5,-0.4
2256,2,256,37,1390.5,2,173.5,0,1,5,-0.4
2257,2,257,37,1409.0,2,174.5,0,0,5,-0.4
2258,2,258,37,1427.5,2,175.5,0,0,5,-0.4
2259,2,259,37,1446.0,2,176.5,0,0,5,-0.4
2260,2,260,37,1464.5,2,177.5,0,1,5,-0.4
2261,2,261,38,1484.5,2,178.5,0,1,5,-0.41000000000000003
2262,2,262,39,1505.0,2,179.5,0,0,5,-0.42000000000000004
2263,2,263,39,1524.5,2,180.5,0,0,5,-0.42000000000000004
2264,2,264,40,1545.5,2,181.5,0,0,5,-0.43000000000000005
2265,2,265,40,1565.5,2,182.5,0,0,5,-0.43000000000000005
2266,2,266,41,1587.0,2,183.5,0,0,5,-0.43999999999999995
2267,2,267,41,1607.5,2,184.5,0,0,5,-0.43999999999999995
2268,2,268,41,1628.0,3,187.0,0,0,5,-0.45499999999999996
2269,2,269,41,1648.5,3,188.5,0,0,5,-0.45499999999999996
2270,2,270,41,1669.0,3,190.0,0,0,5,-0.45499999999999996
2271,2,271,41,1689.5,3,191.5,0,1,5,-0.45499999999999996
2272,2,272,41,1710.0,3,193.0,0,0,5,-0.45499999999999996
2273,2,273,40,1543.5,3,194.5,0,0,6,-0.445
2274,2,274,39,1477.5,3,196.0,0,0,6,-0.435
2275,2,275,39,1497.0,3,197.5,0,0,6,-0.435
2276,2,276,39,1516.5,4,200.5,0,0,6,-0.45
2277,2,277,39,1536.0,4,202.5,0,0,6,-0.45
2278,2,278,39,1555.5,4,204.5,0,0,6,-0.45
2279,2,279,39,1575.0,4,206.5,0,0,6,-0.45
2280,2,280,39,1594.5,5,210.0,0,0,6,-0.465
2281,2,281,39,1614.0,5,212.5,0,0,6,-0.465
2282,2,282,39,1633.5,5,215.0,0,0,6,-0.465
2283,2,283,40,1654.5,5,217.5,0,0,6,-0.47500000000000003
2284,2,284,41,1676.0,5,220.0,0,0,6,-0.485
2285,2,285,42,1698.0,6,224.0,0,0,6,-0.51
2286,2,286,42,1719.0,6,227.0,0,0,6,-0.51
2287,2,287,46,1746.0,6,230.0,0,2,6,-0.55
2288,2,288,46,1769.0,6,233.0,0,0,6,-0.55
2289,2,289,46,1792.0,6,236.0,0,0,6,-0.55
2290,2,290,46,1815.0,7,240.5,0,0,6,-0.5650000000000001
2291,2,291,46,1838.0,7,244.0,0,0,6,-0.5650000000000001
2292,2,292,46,1861.0,7,247.5,0,0,6,-0.5650000000000001
2293,2,293,47,1885.5,7,251.0,0,0,6,-0.575
2294,2,294,47,1909.0,7,254.5,0,0,6,-0.575
2295,2,295,47,1932.5,7,258.0,0,0,6,-0.575
2296,2,296,47,1956.0,7,261.5,0,0,6,-0.575
2297,2,297,47,1979.5,7,265.0,0,0,6,-0.575
2298,2,298,47,2003.0,8,270.0,0,0,6,-0.59
2299,2,299,47,2026.5,9,275.0,0,0,6,-0.605
2300,2,300,47,2050.0,8,277.0,0,0,6,-0.59
2301,2,301,48,2075.0,8,281.0,0,0,6,-0.6
2302,2,302,48,2099.0,8,285.0,0,1,6,-0.6
2303,2,303,48,2123.0,11,293.5,0,0,6,-0.645
2304,2,304,49,2148.5,11,299.0,0,0,6,-0.655
2305,2,305,50,2174.5,11,304.5,0,1,6,-0.665
2306,2,306,50,2199.5,11,310.0,0,0,6,-0.665
2307,2,307,50,2224.5,12,317.0,0,0,6,-0.6799999999999999
2308,2,308,50,2249.5,12,323.0,0,0,6,-0.6799999999999999
2309,2,309,50,2274.5,12,329.0,0,0,6,-0.6799999999999999
2310,2,310,50,2299.5,12,335.0,0,0,6,-0.6799999999999999
2311,2,311,50,2324.5,13,342.5,0,0,6,-0.6950000000000001
2312,2,312,50,2349.5,13,349.0,0,0,6,-0.6950000000000001
2313,2,313,50,2374.5,14,357.0,0,3,6,-0.71
2314,2,314,50,2399.5,14,364.0,0,0,6,-0.71
2315,2,315,51,2426.0,14,371.0,0,0,6,-0.72
2316,2,316,51,2451.5,14,378.0,0,2,6,-0.72
2317,2,317,52,2478.5,14,385.0,0,1,6,-0.73
2318,2,318,52,2504.5,14,392.0,0,1,6,-0.73
2319,2,319,52,2530.5,14,399.0,0,1,6,-0.73
2320,2,320,52,2556.5,14,406.0,0,1,6,-0.73
2321,2,321,52,2582.5,14,413.0,0,0,6,-0.73
2322,2,322,52,2608.5,14,420.0,0,1,6,-0.73
2323,2,323,53,2636.0,14,427.0,0,1,6,-0.74
2324,2,324,54,2664.0,14,434.0,0,4,6,-0.75
2325,2,325,54,2691.0,14,441.0,0,1,6,-0.75
2326,2,326,54,2718.0,14,448.0,0,1,6,-0.75
2327,2,327,54,2745.0,14,455.0,0,2,6,-0.75
2328,2,328,54,2772.0,14,462.0,0,1,6,-0.75
2329,2,329,55,2800.5,14,469.0,0,0,6,-0.76
2330,2,330,55,2828.0,14,476.0,0,0,6,-0.76
2331,2,331,55,2855.5,14,483.0,0,3,6,-0.76
2332,2,332,56,2884.5,14,490.0,0,0,6,-0.77
2333,2,333,56,2912.5,14,497.0,0,1,6,-0.77
2334,2,334,56,2940.5,14,504.0,0,4,6,-0.77
2335,2,335,56,2968.5,14,511.0,0,1,6,-0.77
2336,2,336,56,2996.5,14,518.0,0,1,6,-0.77
2337,2,337,56,3024.5,14,525.0,0,2,6,-0.77
2338,2,338,56,3052.5,14,532.0,0,1,6,-0.77
2339,2,339,56,3080.5,14,539.0,0,1,6,-0.77
2340,2,340,56,3108.5,14,546.0,0,2,6,-0.77
2341,2,341,56,3136.5,14,553.0,0,1,6,-0.77
2342,2,342,56,3164.5,14,560.0,0,1,6,-0.77
2343,2,343,56,3192.5,14,567.0,0,2,6,-0.77
2344,2,344,57,3222.0,14,574.0,0,1,6,-0.7799999999999999
2345,2,345,57,3250.5,14,581.0,0,0,6,-0.7799999999999999
2346,2,346,57,3279.0,14,588.0,0,1,6,-0.7799999999999999
2347,2,347,57,3307.5,14,595.0,0,2,6,-0.7799999999999999
2348,2,348,57,3336.0,14,602.0,0,0,6,-0.7799999999999999
2349,2,349,58,3366.0,14,609.0,0,0,6,-0.7899999999999999
2350,2,350,59,3396.5,14,616.0,0,0,6,-0.7999999999999999
2351,2,351,59,3426.0,14,623.0,0,1,6,-0.7999999999999999
2352,2,352,59,3455.5,14,630.0,0,0,6,-0.7999999999999999
2353,2,353,59,3485.0,14,637.0,0,0,6,-0.7999999999999999
2354,2,354,59,3514.5,14,644.0,0,0,6,-0.7999999999999999
2355,2,355,61,3547.0,14,651.0,0,1,6,-0.82
2356,2,356,61,3577.5,14,658.0,0,0,6,-0.82
2357,2,357,61,3608.0,14,665.0,0,1,6,-0.82
2358,2,358,61,3638.5,14,672.0,0,0,6,-0.82
2359,2,359,62,3670.5,14,679.0,0,0,6,-0.83
2360,2,360,62,3701.5,14,686.0,0,0,6,-0.83
2361,2,361,62,3732.5,14,693.0,0,1,6,-0.83
2362,2,362,63,3765.0,14,700.0,0,0,6,-0.84
2363,2,363,63,3796.5,14,707.0,0,0,7,-0.84
2364,2,364,63,3828.0,14,714.0,0,0,7,-0.84
2365,2,365,63,3859.5,14,721.0,0,0,7,-0.84
2366,2,366,63,3891.0,14,728.0,0,0,7,-0.84
2367,2,367,64,3924.0,14,735.0,0,2,7,-0.85
2368,2,368,66,3959.0,14,742.0,0,1,7,-0.87
2369,2,369,66,3992.0,14,749.0,0,0,7,-0.87
2370,2,370,66,4025.0,14,756.0,0,0,7,-0.87
2371,2,371,67,4059.5,14,763.0,0,0,7,-0.88
2372,2,372,67,4093.0,14,770.0,0,1,7,-0.88
2373,2,373,68,4128.0,14,777.0,0,0,7,-0.89
2374,2,374,68,4162.0,14,784.0,0,1,7,-0.89
2375,2,375,67,3896.5,14,791.0,0,0,8,-0.88
2376,2,376,65,3720.5,14,798.0,0,1,8,-0.86
2377,2,377,63,3549.5,14,805.0,0,0,8,-0.84
2378,2,378,61,3427.5,14,812.0,0,1,8,-0.82
2379,2,379,62,3459.5,14,819.0,0,0,8,-0.83
2380,2,380,60,3394.5,14,826.0,0,0,8,-0.8099999999999999
2381,2,381,58,3395.5,14,833.0,0,0,8,-0.7899999999999999
2382,2,382,58,3424.5,14,840.0,0,0,8,-0.7899999999999999
2383,2,383,58,3453.5,14,847.0,0,0,8,-0.7899999999999999
2384,2,384,58,3482.5,14,854.0,0,0,8,-0.7899999999999999
2385,2,385,58,3511.5,14,861.0,0,0,8,-0.7899999999999999
2386,2,386,58,3540.5,14,868.0,0,0,8,-0.7899999999999999
2387,2,387,58,3569.5,14,875.0,0,0,8,-0.7899999999999999
2388,2,388,58,3598.5,14,882.0,0,1,8,-0.7899999999999999
2389,2,389,59,3629.0,14,889.0,0,0,8,-0.7999999999999999
2390,2,390,60,3660.0,14,896.0,0,0,8,-0.8099999999999999
2391,2,391,62,3693.0,14,903.0,0,0,8,-0.83
2392,2,392,62,3724.0,14,910.0,0,0,8,-0.83
2393,2,393,63,3756.5,14,917.0,0,0,8,-0.84
2394,2,394,65,3791.0,14,924.0,0,0,8,-0.86
2395,2,395,66,3825.0,14,931.0,0,1,8,-0.87
2396,2,396,66,3858.0,14,938.0,0,0,8,-0.87
2397,2,397,66,3891.0,14,945.0,0,0,8,-0.87
2398,2,398,66,3924.0,14,952.0,0,1,8,-0.87
2399,2,399,66,3957.0,14,959.0,0,1,8,-0.87
2400,2,400,66,3990.0,14,966.0,1,2,8,-0.87
2401,2,401,68,4026.0,14,973.0,0,0,8,-0.89
2402,2,402,69,4061.5,14,980.0,0,0,8,-0.8999999999999999
2403,2,403,71,4099.0,14,987.0,0,0,8,-0.9199999999999999
2404,2,404,71,4134.0,14,994.0,0,0,8,-0.9199999999999999
2405,2,405,71,4169.5,14,1001.0,0,1,8,-0.9199999999999999
2406,2,406,71,4205.0,14,1008.0,0,0,8,-0.9199999999999999
2407,2,407,71,4240.5,14,1015.0,0,0,8,-0.9199999999999999
2408,2,408,71,4276.0,14,1022.0,0,0,8,-0.9199999999999999
2409,2,409,72,4313.0,14,1029.0,0,2,8,-0.9299999999999999
2410,2,410,73,4350.5,14,1036.0,0,0,8,-0.94
2411,2,411,73,4387.0,14,1043.0,0,0,8,-0.94
2412,2,412,74,4425.0,14,1050.0,0,0,8,-0.95
2413,2,413,74,4462.0,14,1057.0,0,0,8,-0.95
2414,2,414,74,4499.0,14,1064.0,0,0,8,-0.95
2415,2,415,75,4537.5,14,1071.0,0,0,8,-0.96
2416,2,416,75,4575.0,14,1078.0,0,0,8,-0.96
2417,2,417,76,4614.0,14,1085.0,0,0,8,-0.97
2418,2,418,76,4652.0,14,1092.0,0,0,8,-0.97
2419,2,419,76,4690.0,14,1099.0,0,1,8,-0.97
2420,2,420,76,4728.0,14,1106.0,0,0,8,-0.97
2421,2,421,77,4767.5,14,1113.0,0,0,8,-0.98
2422,2,422,78,4807.5,14,1120.0,0,0,8,-0.99
2423,2,423,79,4848.0,14,1127.0,0,0,8,-1.0
2424,2,424,79,4887.5,14,1134.0,0,0,8,-1.0
2425,2,425,79,4927.0,14,1141.0,0,0,8,-1.0
2426,2,426,79,4966.5,14,1148.0,0,0,8,-1.0
2427,2,427,79,5006.0,14,1155.0,0,0,8,-1.0
2428,2,428,81,5048.5,14,1162.0,1,0,8,-1.02
2429,2,429,81,5089.0,14,1169.0,0,0,8,-1.02
2430,2,430,81,5129.5,14,1176.0,0,1,8,-1.02
2431,2,431,82,5171.5,14,1183.0,0,0,8,-1.03
2432,2,432,82,5212.5,14,1190.0,0,0,8,-1.03
2433,2,433,83,5255.0,14,1197.0,0,0,8,-1.04
2434,2,434,83,5296.5,14,1204.0,0,0,8,-1.04
2435,2,435,83,5338.0,14,1211.0,1,0,9,-1.04
2436,2,436,83,5379.5,14,1218.0,0,1,9,-1.04
2437,2,437,83,5421.0,14,1225.0,0,0,9,-1.04
2438,2,438,84,5464.0,14,1232.0,0,0,9,-1.05
2439,2,439,84,5506.0,14,1239.0,0,0,9,-1.05
2440,2,440,86,5551.0,14,1246.0,0,0,9,-1.07
2441,2,441,80,4746.0,10,980.5,0,1,0,-0.9500000000000001
2442,2,442,76,4256.5,10,985.5,0,0,0,-0.91
2443,2,443,74,3795.0,10,990.5,0,0,0,-0.89
2444,2,444,70,3361.0,9,906.0,0,0,0,-0.835
2445,2,445,70,3396.0,9,910.5,0,0,0,-0.835
2446,2,446,66,2991.5,9,915.0,0,0,0,-0.795
2447,2,447,64,2625.0,9,919.5,0,0,0,-0.775
2448,2,448,59,2287.5,9,924.0,0,0,0,-0.725
2449,2,449,57,2207.0,6,693.5,0,0,0,-0.6599999999999999
2450,2,450,53,1877.5,5,608.0,0,0,0,-0.605
2451,2,451,51,1655.0,5,610.5,0,0,0,-0.585
2452,2,452,50,1627.5,5,613.0,0,0,0,-0.575
2453,2,453,45,1387.5,5,615.5,0,1,0,-0.525
2454,2,454,41,1230.0,5,618.0,0,0,0,-0.485
2455,2,455,40,1222.0,5,620.5,0,1,0,-0.47500000000000003
2456,2,456,36,1070.0,5,623.0,0,0,0,-0.435
2457,2,457,36,1047.0,5,625.5,0,0,0,-0.435
2458,2,458,34,1036.0,5,628.0,0,0,0,-0.41500000000000004
2459,2,459,32,998.5,6,632.0,0,0,0,-0.41000000000000003
2460,2,460,32,1014.5,3,255.5,0,0,0,-0.365
2461,2,461,31,988.5,3,257.0,0,0,0,-0.355
2462,2,462,30,976.5,3,258.5,0,0,0,-0.345
2463,2,463,30,991.5,3,260.0,0,0,0,-0.345
2464,2,464,30,990.0,3,261.5,0,0,0,-0.345
2465,2,465,29,999.5,3,263.0,0,0,0,-0.33499999999999996
2466,2,466,29,1014.0,3,264.5,0,0,0,-0.33499999999999996
2467,2,467,30,1030.0,3,266.0,0,0,0,-0.345
2468,2,468,30,1045.0,3,267.5,0,0,0,-0.345
2469,2,469,30,1060.0,3,269.0,0,0,0,-0.345
2470,2,470,31,1076.5,3,270.5,0,0,0,-0.355
2471,2,471,31,1092.0,3,272.0,0,1,0,-0.355
2472,2,472,33,1110.5,3,273.5,0,0,0,-0.375
2473,2,473,33,1127.0,3,275.0,0,0,0,-0.375
2474,2,474,33,1143.5,3,276.5,0,0,0,-0.375
2475,2,475,33,1160.0,3,278.0,0,0,0,-0.375
2476,2,476,33,1176.5,3,279.5,0,0,0,-0.375
2477,2,477,33,1193.0,3,281.0,0,0,0,-0.375
2478,2,478,33,1209.5,3,282.5,0,2,0,-0.375
2479,2,479,33,1226.0,3,284.0,0,2,0,-0.375
2480,2,480,33,1242.5,3,285.5,0,0,0,-0.375
2481,2,481,34,1260.5,3,287.0,0,0,0,-0.385
2482,2,482,34,1277.5,3,288.5,0,2,0,-0.385
2483,2,483,35,1296.0,4,291.5,0,0,0,-0.41
2484,2,484,35,1313.5,3,291.5,0,1,0,-0.39499999999999996
2485,2,485,35,1331.0,5,296.0,0,0,0,-0.425
2486,2,486,35,1348.5,5,298.5,0,0,0,-0.425
2487,2,487,35,1366.0,6,302.5,0,0,0,-0.43999999999999995
2488,2,488,35,1383.5,6,305.5,0,0,0,-0.43999999999999995
2489,2,489,35,1401.0,7,310.0,0,0,0,-0.45499999999999996
2490,2,490,35,1418.5,7,313.5,0,0,0,-0.45499999999999996
2491,2,491,33,1229.0,7,317.0,0,1,1,-0.435
2492,2,492,32,1150.5,7,320.5,0,0,1,-0.425
2493,2,493,32,1166.5,7,324.0,0,0,1,-0.425
2494,2,494,32,1182.5,7,327.5,0,0,1,-0.425
2495,2,495,35,1203.0,7,331.0,0,0,1,-0.45499999999999996
2496,2,496,37,1223.5,8,336.0,0,2,1,-0.49
2497,2,497,37,1242.0,8,340.0,1,0,1,-0.49
2498,2,498,37,1260.5,8,344.0,0,0,1,-0.49
2499,2,499,38,1280.5,8,348.0,0,0,1,-0.5
2500,2,500,39,1301.0,9,353.5,0,0,1,-0.525
2501,2,501,39,1320.5,9,358.0,0,1,1,-0.525
2502,2,502,39,1340.0,9,362.5,0,0,1,-0.525
2503,2,503,40,1361.0,9,367.0,0,0,1,-0.535
2504,2,504,40,1381.0,9,371.5,0,0,1,-0.535
2505,2,505,40,1401.0,9,376.0,0,0,1,-0.535
2506,2,506,40,1421.0,9,380.5,0,0,1,-0.535
2507,2,507,40,1441.0,9,385.0,0,0,1,-0.535
2508,2,508,40,1461.0,9,389.5,0,0,1,-0.535
2509,2,509,40,1481.0,9,394.0,0,0,1,-0.535
2510,2,510,41,1502.5,9,398.5,0,0,1,-0.5449999999999999
2511,2,511,41,1523.0,9,403.0,0,0,1,-0.5449999999999999
2512,2,512,41,1543.5,9,407.5,0,0,1,-0.5449999999999999
2513,2,513,42,1565.5,9,412.0,0,0,1,-0.5549999999999999
2514,2,514,42,1586.5,9,416.5,0,0,1,-0.5549999999999999
2515,2,515,42,1607.5,9,421.0,0,0,1,-0.5549999999999999
2516,2,516,42,1628.5,9,425.5,0,0,1,-0.5549999999999999
2517,2,517,42,1649.5,9,430.0,0,0,1,-0.5549999999999999
2518,2,518,42,1670.5,9,434.5,0,0,1,-0.5549999999999999
2519,2,519,43,1693.0,10,440.5,0,0,1,-0.58
2520,2,520,43,1714.5,10,445.5,0,0,1,-0.58
2521,2,521,43,1736.0,11,452.0,0,3,1,-0.595
2522,2,522,44,1759.0,11,457.5,0,0,1,-0.605
2523,2,523,42,1739.5,11,463.0,0,0,1,-0.585
2524,2,524,42,1760.5,11,468.5,0,3,1,-0.585
2525,2,525,42,1781.5,11,474.0,0,0,1,-0.585
2526,2,526,42,1802.5,11,479.5,0,0,1,-0.585
2527,2,527,42,1823.5,11,485.0,0,2,1,-0.585
2528,2,528,42,1844.5,11,490.5,0,0,1,-0.585
2529,2,529,43,1867.0,11,496.0,0,0,1,-0.595
2530,2,530,43,1888.5,11,501.5,0,1,1,-0.595
2531,2,531,43,1910.0,11,507.0,0,1,1,-0.595
2532,2,532,44,1933.0,12,514.0,0,0,1,-0.62
2533,2,533,45,1956.5,13,521.5,0,0,1,-0.645
2534,2,534,45,1979.0,13,528.0,0,0,1,-0.645
2535,2,535,45,2001.5,13,534.5,0,0,1,-0.645
2536,2,536,45,2024.0,13,541.0,0,1,1,-0.645
2537,2,537,46,2048.0,13,547.5,0,0,1,-0.655
2538,2,538,46,2071.0,13,554.0,0,2,1,-0.655
2539,2,539,46,2094.0,14,562.0,0,1,1,-0.67
2540,2,540,46,2117.0,13,567.0,0,0,1,-0.655
2541,2,541,46,2140.0,13,573.5,0,1,1,-0.655
2542,2,542,47,2164.5,13,580.0,0,1,1,-0.665
2543,2,543,47,2188.0,14,588.0,0,0,1,-0.6799999999999999
2544,2,544,47,2211.5,14,595.0,0,1,1,-0.6799999999999999
2545,2,545,47,2235.0,14,602.0,0,3,1,-0.6799999999999999
2546,2,546,47,2258.5,14,609.0,0,0,1,-0.6799999999999999
2547,2,547,47,2282.0,14,616.0,0,1,1,-0.6799999999999999
2548,2,548,47,2305.5,14,623.0,0,2,1,-0.6799999999999999
2549,2,549,48,2330.5,14,630.0,0,1,1,-0.69
2550,2,550,48,2354.5,14,637.0,0,1,1,-0.69
2551,2,551,48,2378.5,14,644.0,0,2,1,-0.69
2552,2,552,49,2404.0,14,651.0,0,1,1,-0.7
2553,2,553,50,2430.0,14,658.0,0,2,1,-0.71
2554,2,554,50,2455.0,14,665.0,0,1,1,-0.71
2555,2,555,50,2480.0,14,672.0,0,1,1,-0.71
2556,2,556,50,2505.0,14,679.0,0,0,1,-0.71
2557,2,557,52,2533.0,14,686.0,0,3,1,-0.73
2558,2,558,52,2559.0,14,693.0,0,1,1,-0.73
2559,2,559,52,2585.0,14,700.0,0,0,1,-0.73
2560,2,560,52,2611.0,14,707.0,0,3,1,-0.73
2561,2,561,52,2637.0,14,714.0,0,1,1,-0.73
2562,2,562,53,2664.5,14,721.0,0,0,1,-0.74
2563,2,563,53,2691.0,14,728.0,0,3,1,-0.74
2564,2,564,53,2717.5,14,735.0,0,0,1,-0.74
2565,2,565,53,2744.0,14,742.0,0,0,1,-0.74
2566,2,566,53,2770.5,14,749.0,0,2,1,-0.74
2567,2,567,53,2797.0,14,756.0,0,0,1,-0.74
2568,2,568,56,2828.0,14,763.0,0,1,1,-0.77
2569,2,569,57,2857.5,14,770.0,0,1,1,-0.7799999999999999
2570,2,570,57,2886.0,14,777.0,0,0,1,-0.7799999999999999
2571,2,571,57,2914.5,14,784.0,0,1,1,-0.7799999999999999
2572,2,572,58,2944.5,14,791.0,0,2,1,-0.7899999999999999
2573,2,573,59,2975.0,14,798.0,0,1,1,-0.7999999999999999
2574,2,574,59,3004.5,14,805.0,0,0,1,-0.7999999999999999
2575,2,575,59,3034.0,14,812.0,0,1,1,-0.7999999999999999
2576,2,576,59,3063.5,14,819.0,0,3,1,-0.7999999999999999
2577,2,577,59,3093.0,14,826.0,0,0,1,-0.7999999999999999
2578,2,578,60,3124.0,14,833.0,0,2,1,-0.8099999999999999
2579,2,579,60,3154.0,14,840.0,0,0,1,-0.8099999999999999
2580,2,580,60,3184.0,14,847.0,0,2,1,-0.8099999999999999
2581,2,581,60,3214.0,14,854.0,0,2,2,-0.8099999999999999
2582,2,582,61,3245.5,14,861.0,0,0,2,-0.82
2583,2,583,61,3276.0,14,868.0,0,1,2,-0.82
2584,2,584,61,3306.5,14,875.0,0,2,2,-0.82
2585,2,585,61,3337.0,14,882.0,0,1,2,-0.82
2586,2,586,61,3367.5,14,889.0,1,1,2,-0.82
2587,2,587,61,3398.0,14,896.0,0,2,2,-0.82
2588,2,588,62,3430.0,14,903.0,0,1,2,-0.83
2589,2,589,63,3462.5,14,910.0,0,1,2,-0.84
2590,2,590,63,3494.0,14,917.0,0,1,2,-0.84
2591,2,591,65,3528.5,14,924.0,0,2,2,-0.86
2592,2,592,65,3561.0,14,931.0,0,1,2,-0.86
2593,2,593,63,3292.5,14,938.0,0,1,3,-0.84
2594,2,594,61,3090.5,14,945.0,0,1,3,-0.82
2595,2,595,59,2951.0,14,952.0,0,0,3,-0.7999999999999999
2596,2,596,57,2877.5,14,959.0,0,2,3,-0.7799999999999999
2597,2,597,58,2895.5,14,966.0,0,1,3,-0.7899999999999999
2598,2,598,57,2910.0,14,973.0,0,0,3,-0.7799999999999999
2599,2,599,58,2940.0,14,980.0,0,1,3,-0.7899999999999999
2600,2,600,58,2969.0,14,987.0,0,1,3,-0.7899999999999999
2601,2,601,58,2998.0,14,994.0,0,0,3,-0.7899999999999999
2602,2,602,60,3030.0,14,1001.0,0,1,3,-0.8099999999999999
2603,2,603,60,3060.0,14,1008.0,0,0,3,-0.8099999999999999
2604,2,604,60,3090.0,14,1015.0,0,1,3,-0.8099999999999999
2605,2,605,60,3120.0,14,1022.0,0,0,3,-0.8099999999999999
2606,2,606,60,3150.0,14,1029.0,0,0,3,-0.8099999999999999
2607,2,607,60,3180.0,14,1036.0,0,0,3,-0.8099999999999999
2608,2,608,61,3211.5,14,1043.0,0,1,3,-0.82
2609,2,609,61,3242.0,14,1050.0,0,0,3,-0.82
2610,2,610,62,3274.0,14,1057.0,0,1,3,-0.83
2611,2,611,64,3308.0,14,1064.0,0,0,3,-0.85
2612,2,612,64,3340.0,14,1071.0,0,0,3,-0.85
2613,2,613,65,3373.5,14,1078.0,0,0,3,-0.86
2614,2,614,65,3406.0,14,1085.0,0,0,3,-0.86
2615,2,615,65,3438.5,14,1092.0,0,0,3,-0.86
2616,2,616,65,3471.0,14,1099.0,0,0,3,-0.86
2617,2,617,65,3503.5,14,1106.0,0,2,3,-0.86
2618,2,618,65,3536.0,14,1113.0,0,2,3,-0.86
2619,2,619,65,3568.5,14,1120.0,0,0,3,-0.86
2620,2,620,65,3601.0,14,1127.0,0,0,3,-0.86
2621,2,621,66,3635.0,14,1134.0,0,0,3,-0.87
2622,2,622,67,3669.5,14,1141.0,0,0,3,-0.88
2623,2,623,68,3704.5,14,1148.0,0,0,3,-0.89
2624,2,624,69,3740.0,14,1155.0,0,0,3,-0.8999999999999999
2625,2,625,69,3774.5,14,1162.0,0,0,3,-0.8999999999999999
2626,2,626,69,3809.0,14,1169.0,0,0,3,-0.8999999999999999
2627,2,627,69,3843.5,14,1176.0,0,0,3,-0.8999999999999999
2628,2,628,69,3878.0,14,1183.0,0,2,3,-0.8999999999999999
2629,2,629,69,3912.5,14,1190.0,0,1,3,-0.8999999999999999
2630,2,630,69,3947.0,14,1197.0,0,0,3,-0.8999999999999999
2631,2,631,70,3983.0,14,1204.0,0,0,3,-0.9099999999999999
2632,2,632,71,4019.5,14,1211.0,0,0,3,-0.9199999999999999
2633,2,633,72,4056.5,14,1218.0,0,0,3,-0.9299999999999999
2634,2,634,72,4092.5,14,1225.0,0,1,3,-0.9299999999999999
2635,2,635,72,4128.5,14,1232.0,0,0,3,-0.9299999999999999
2636,2,636,75,4169.0,14,1239.0,0,0,3,-0.96
2637,2,637,75,4206.5,14,1246.0,0,0,3,-0.96
2638,2,638,75,4244.0,14,1253.0,0,1,3,-0.96
2639,2,639,75,4281.5,14,1260.0,0,0,3,-0.96
2640,2,640,75,4319.0,14,1267.0,0,0,3,-0.96
2641,2,641,78,4361.0,14,1274.0,0,0,3,-0.99
2642,2,642,78,4400.0,14,1281.0,0,0,3,-0.99
2643,2,643,78,4439.0,14,1288.0,0,0,3,-0.99
2644,2,644,80,4481.0,14,1295.0,0,0,3,-1.01
2645,2,645,80,4521.0,14,1302.0,0,0,3,-1.01
2646,2,646,80,4561.0,14,1309.0,0,0,3,-1.01
2647,2,647,80,4601.0,14,1316.0,0,0,3,-1.01
2648,2,648,80,4641.0,14,1323.0,0,2,3,-1.01
2649,2,649,80,4681.0,14,1330.0,0,0,3,-1.01
2650,2,650,80,4721.0,14,1337.0,0,0,3,-1.01
2651,2,651,81,4762.5,14,1344.0,0,0,3,-1.02
2652,2,652,82,4804.5,14,1351.0,0,0,3,-1.03
2653,2,653,82,4845.5,14,1358.0,1,0,4,-1.03
2654,2,654,83,4888.0,14,1365.0,0,0,4,-1.04
2655,2,655,83,4929.5,14,1372.0,0,1,4,-1.04
2656,2,656,83,4971.0,14,1379.0,0,0,4,-1.04
2657,2,657,83,5012.5,14,1386.0,0,0,4,-1.04
2658,2,658,83,5054.0,14,1393.0,0,0,4,-1.04
2659,2,659,83,5095.5,14,1400.0,0,0,4,-1.04
2660,2,660,83,5137.0,14,1407.0,0,0,4,-1.04
2661,2,661,83,5178.5,14,1414.0,0,0,4,-1.04
2662,2,662,83,5220.0,14,1421.0,0,0,4,-1.04
2663,2,663,83,5261.5,14,1428.0,0,0,4,-1.04
2664,2,664,84,5304.5,15,1436.5,0,0,4,-1.065
2665,2,665,78,4674.0,11,1137.0,0,0,5,-0.9450000000000001
2666,2,666,75,4193.5,11,1075.5,0,0,5,-0.915
2667,2,667,72,3749.5,11,1081.0,0,0,5,-0.885
2668,2,668,71,3549.0,11,1024.0,0,0,5,-0.875
2669,2,669,68,3270.0,11,1029.5,0,0,5,-0.8450000000000001
2670,2,670,65,3014.0,11,1035.0,0,0,5,-0.8150000000000001
2671,2,671,63,2673.5,10,855.0,0,1,5,-0.78
2672,2,672,62,2495.5,10,860.0,0,1,5,-0.77
2673,2,673,61,2386.5,9,770.5,0,0,5,-0.745
2674,2,674,57,2105.0,7,763.0,1,0,5,-0.6749999999999999
2675,2,675,55,1963.5,7,766.5,0,0,5,-0.655
2676,2,676,51,1837.0,7,770.0,1,0,5,-0.615
2677,2,677,48,1696.0,7,773.5,0,0,5,-0.585
2678,2,678,43,1491.5,7,777.0,0,0,5,-0.535
2679,2,679,42,1482.5,6,773.5,0,0,5,-0.51
2680,2,680,42,1381.0,5,580.0,0,2,5,-0.495
2681,2,681,40,1271.0,5,582.5,0,0,5,-0.47500000000000003
2682,2,682,39,1281.5,5,585.0,1,0,5,-0.465
2683,2,683,38,1213.0,5,388.5,0,1,5,-0.455
2684,2,684,38,1230.0,5,391.0,0,1,5,-0.455
2685,2,685,36,1177.5,5,393.5,0,0,5,-0.435
2686,2,686,34,1147.5,5,396.0,0,1,5,-0.41500000000000004
2687,2,687,34,1164.5,6,400.0,0,1,5,-0.43000000000000005
2688,2,688,32,1152.0,6,403.0,0,0,5,-0.41000000000000003
2689,2,689,30,1152.0,7,407.5,0,1,5,-0.40499999999999997
2690,2,690,30,1167.0,5,310.5,0,0,5,-0.375
2691,2,691,30,1182.0,5,313.0,0,0,5,-0.375
2692,2,692,31,1198.5,5,315.5,0,0,5,-0.385
2693,2,693,31,1214.0,6,314.5,0,2,5,-0.4
2694,2,694,31,1229.5,5,315.5,0,0,5,-0.385
2695,2,695,31,1245.0,5,318.0,0,0,5,-0.385
2696,2,696,31,1260.5,5,320.5,0,1,5,-0.385
2697,2,697,31,1276.0,6,324.5,0,0,5,-0.4
2698,2,698,31,1291.5,6,327.5,0,0,5,-0.4
2699,2,699,31,1307.0,6,330.5,0,0,5,-0.4
2700,2,700,31,1322.5,5,325.5,0,0,5,-0.385
2701,2,701,33,1341.0,5,328.0,0,0,5,-0.405
2702,2,702,33,1357.5,5,330.5,0,0,5,-0.405
2703,2,703,37,1380.0,6,334.5,0,0,5,-0.45999999999999996
2704,2,704,37,1398.5,6,337.5,0,1,5,-0.45999999999999996
2705,2,705,38,1418.5,6,340.5,0,0,5,-0.47
2706,2,706,39,1439.0,6,343.5,0,0,5,-0.48
2707,2,707,39,1458.5,6,346.5,0,0,5,-0.48
2708,2,708,39,1478.0,6,349.5,0,0,5,-0.48
2709,2,709,40,1499.0,6,352.5,0,0,5,-0.49
2710,2,710,42,1522.0,6,355.5,0,0,5,-0.51
2711,2,711,43,1544.5,6,358.5,0,0,5,-0.52
2712,2,712,44,1567.5,5,355.5,0,0,5,-0.515
2713,2,713,45,1591.0,5,358.0,0,0,5,-0.525
2714,2,714,45,1613.5,5,360.5,0,0,5,-0.525
2715,2,715,43,1413.0,5,363.0,0,0,6,-0.505
2716,2,716,41,1322.0,5,365.5,0,0,6,-0.485
2717,2,717,39,1325.5,5,368.0,0,0,6,-0.465
2718,2,718,38,1337.5,5,370.5,0,0,6,-0.455
2719,2,719,38,1356.5,5,373.0,0,0,6,-0.455
2720,2,720,38,1375.5,5,375.5,0,1,6,-0.455
2721,2,721,39,1396.0,5,378.0,0,0,6,-0.465
2722,2,722,40,1417.0,5,380.5,0,0,6,-0.47500000000000003
2723,2,723,40,1437.0,5,383.0,0,0,6,-0.47500000000000003
2724,2,724,40,1457.0,5,385.5,0,0,6,-0.47500000000000003
2725,2,725,40,1477.0,5,388.0,0,2,6,-0.47500000000000003
2726,2,726,40,1497.0,5,390.5,0,0,6,-0.47500000000000003
2727,2,727,40,1517.0,5,393.0,0,0,6,-0.47500000000000003
2728,2,728,40,1537.0,5,395.5,0,0,6,-0.47500000000000003
2729,2,729,40,1557.0,5,398.0,0,0,6,-0.47500000000000003
2730,2,730,40,1577.0,5,400.5,0,0,6,-0.47500000000000003
2731,2,731,40,1597.0,5,403.0,0,0,6,-0.47500000000000003
2732,2,732,40,1617.0,5,405.5,0,0,6,-0.47500000000000003
2733,2,733,40,1637.0,5,408.0,0,0,6,-0.47500000000000003
2734,2,734,40,1657.0,5,410.5,0,0,6,-0.47500000000000003
2735,2,735,40,1677.0,5,413.0,0,0,6,-0.47500000000000003
2736,2,736,40,1697.0,5,415.5,0,0,6,-0.47500000000000003
2737,2,737,40,1717.0,5,418.0,0,0,6,-0.47500000000000003
2738,2,738,40,1737.0,6,422.0,0,0,6,-0.49
2739,2,739,41,1758.5,6,425.0,0,0,6,-0.5
2740,2,740,41,1779.0,6,428.0,0,0,6,-0.5
2741,2,741,41,1799.5,6,431.0,0,0,6,-0.5
2742,2,742,42,1821.5,6,434.0,0,0,6,-0.51
2743,2,743,43,1844.0,6,437.0,0,0,6,-0.52
2744,2,744,43,1865.5,6,440.0,0,1,6,-0.52
2745,2,745,43,1887.0,7,444.5,0,1,6,-0.535
2746,2,746,43,1908.5,7,448.0,0,0,6,-0.535
2747,2,747,43,1930.0,8,453.0,0,0,6,-0.55
2748,2,748,43,1951.5,8,457.0,0,1,6,-0.55
2749,2,749,44,1974.5,8,461.0,0,0,6,-0.56
2750,2,750,44,1996.5,8,465.0,0,0,6,-0.56
2751,2,751,44,2018.5,8,469.0,0,1,6,-0.56
2752,2,752,45,2042.0,9,474.5,0,0,6,-0.585
2753,2,753,46,2066.0,9,478.5,1,0,6,-0.595
2754,2,754,46,2089.0,9,483.0,0,1,6,-0.595
2755,2,755,46,2112.0,9,487.5,0,1,6,-0.595
2756,2,756,46,2135.0,10,493.5,0,0,6,-0.61
2757,2,757,46,2158.0,10,498.5,0,1,6,-0.61
2758,2,758,46,2181.0,10,503.5,0,1,6,-0.61
2759,2,759,46,2204.0,10,508.5,0,0,6,-0.61
2760,2,760,46,2227.0,10,513.5,0,0,6,-0.61
2761,2,761,46,2250.0,10,518.5,0,1,6,-0.61
2762,2,762,47,2274.5,10,523.5,0,0,6,-0.62
2763,2,763,47,2298.0,10,528.5,0,0,6,-0.62
2764,2,764,47,2321.5,10,533.5,0,1,6,-0.62
2765,2,765,47,2345.0,10,538.5,0,1,6,-0.62
2766,2,766,47,2368.5,10,543.5,0,2,6,-0.62
2767,2,767,47,2392.0,10,548.5,0,1,6,-0.62
2768,2,768,48,2417.0,10,553.5,0,1,6,-0.63
2769,2,769,48,2441.0,10,558.5,0,0,6,-0.63
2770,2,770,48,2465.0,10,563.5,0,1,6,-0.63
2771,2,771,49,2490.5,10,568.5,0,3,6,-0.64
2772,2,772,49,2515.0,11,575.0,0,0,6,-0.655
2773,2,773,49,2539.5,11,580.5,0,1,6,-0.655
2774,2,774,50,2565.5,11,586.0,0,1,6,-0.665
2775,2,775,50,2590.5,11,591.5,0,0,6,-0.665
2776,2,776,52,2618.5,11,597.0,0,3,6,-0.685
2777,2,777,53,2646.0,11,602.5,0,1,6,-0.6950000000000001
2778,2,778,53,2672.5,11,608.0,0,0,6,-0.6950000000000001
2779,2,779,53,2699.0,11,613.5,0,0,6,-0.6950000000000001
2780,2,780,53,2725.5,11,619.0,0,3,6,-0.6950000000000001
2781,2,781,54,2753.5,11,624.5,0,1,6,-0.7050000000000001
2782,2,782,56,2783.5,11,630.0,0,0,6,-0.7250000000000001
2783,2,783,56,2811.5,11,635.5,0,2,6,-0.7250000000000001
2784,2,784,56,2839.5,11,641.0,0,1,6,-0.7250000000000001
2785,2,785,56,2867.5,11,646.5,0,1,6,-0.7250000000000001
2786,2,786,56,2895.5,11,652.0,0,2,6,-0.7250000000000001
2787,2,787,56,2923.5,11,657.5,0,0,6,-0.7250000000000001
2788,2,788,56,2951.5,11,663.0,0,1,6,-0.7250000000000001
2789,2,789,56,2979.5,11,668.5,0,2,6,-0.7250000000000001
2790,2,790,56,3007.5,11,674.0,0,0,6,-0.7250000000000001
2791,2,791,58,3038.5,11,679.5,0,2,6,-0.745
2792,2,792,58,3067.5,11,685.0,0,2,6,-0.745
2793,2,793,58,3096.5,11,690.5,0,2,6,-0.745
2794,2,794,58,3125.5,11,696.0,0,1,6,-0.745
2795,2,795,58,3154.5,11,701.5,0,3,6,-0.745
2796,2,796,58,3183.5,11,707.0,0,0,6,-0.745
2797,2,797,58,3212.5,11,712.5,0,2,6,-0.745
2798,2,798,58,3241.5,11,718.0,0,2,6,-0.745
2799,2,799,58,3270.5,11,723.5,0,1,6,-0.745
2800,2,800,58,3299.5,11,729.0,0,1,6,-0.745
2801,2,801,58,3328.5,11,734.5,1,2,6,-0.745
2802,2,802,59,3359.0,11,740.0,0,3,6,-0.755
2803,2,803,59,3388.5,11,745.5,0,0,6,-0.755
2804,2,804,59,3418.0,11,751.0,0,3,6,-0.755
2805,2,805,59,3447.5,11,756.5,0,3,7,-0.755
2806,2,806,59,3477.0,11,762.0,0,0,7,-0.755
2807,2,807,59,3506.5,11,767.5,0,1,7,-0.755
2808,2,808,59,3536.0,11,773.0,0,2,7,-0.755
2809,2,809,59,3565.5,11,778.5,0,0,7,-0.755
2810,2,810,59,3595.0,11,784.0,0,0,7,-0.755
2811,2,811,62,3629.0,11,789.5,0,2,7,-0.785
2812,2,812,62,3660.0,11,795.0,0,1,7,-0.785
2813,2,813,62,3691.0,11,800.5,0,1,7,-0.785
2814,2,814,62,3722.0,11,806.0,0,1,7,-0.785
2815,2,815,62,3753.0,11,811.5,0,0,7,-0.785
2816,2,816,62,3784.0,11,817.0,0,1,7,-0.785
2817,2,817,61,3508.5,11,822.5,1,1,8,-0.775
2818,2,818,61,3289.0,11,828.0,1,1,8,-0.775
2819,2,819,59,3133.5,11,833.5,0,0,8,-0.755
2820,2,820,57,3047.5,11,839.0,0,0,8,-0.735
2821,2,821,58,3077.5,11,844.5,0,0,8,-0.745
2822,2,822,56,3059.0,11,850.0,0,1,8,-0.7250000000000001
2823,2,823,56,3087.0,11,855.5,0,1,8,-0.7250000000000001
2824,2,824,56,3115.0,11,861.0,0,0,8,-0.7250000000000001
2825,2,825,56,3143.0,11,866.5,0,0,8,-0.7250000000000001
2826,2,826,56,3171.0,11,872.0,0,2,8,-0.7250000000000001
2827,2,827,57,3200.5,11,877.5,0,0,8,-0.735
2828,2,828,59,3232.0,11,883.0,0,0,8,-0.755
2829,2,829,59,3261.5,11,888.5,0,0,8,-0.755
2830,2,830,61,3294.0,11,894.0,0,0,8,-0.775
2831,2,831,62,3326.0,11,899.5,0,0,8,-0.785
2832,2,832,62,3357.0,11,905.0,1,0,8,-0.785
2833,2,833,62,3388.0,11,910.5,0,2,8,-0.785
2834,2,834,62,3419.0,11,916.0,0,0,8,-0.785
2835,2,835,62,3450.0,11,921.5,0,0,8,-0.785
2836,2,836,62,3481.0,11,927.0,0,0,8,-0.785
2837,2,837,63,3513.5,11,932.5,0,0,8,-0.795
2838,2,838,63,3545.0,11,938.0,0,0,8,-0.795
2839,2,839,63,3576.5,11,943.5,0,0,8,-0.795
2840,2,840,63,3608.0,11,949.0,0,0,8,-0.795
2841,2,841,64,3641.0,11,954.5,0,0,8,-0.805
2842,2,842,65,3674.5,11,960.0,0,2,8,-0.8150000000000001
2843,2,843,66,3708.5,11,965.5,0,0,8,-0.8250000000000001
2844,2,844,66,3741.5,11,971.0,0,0,8,-0.8250000000000001
2845,2,845,66,3774.5,11,976.5,0,0,8,-0.8250000000000001
2846,2,846,66,3807.5,11,982.0,0,1,8,-0.8250000000000001
2847,2,847,67,3842.0,11,987.5,0,0,8,-0.8350000000000001
2848,2,848,67,3875.5,11,993.0,0,0,8,-0.8350000000000001
2849,2,849,67,3909.0,11,998.5,0,0,8,-0.8350000000000001
2850,2,850,68,3944.0,11,1004.0,0,0,8,-0.8450000000000001
2851,2,851,68,3978.0,11,1009.5,0,0,8,-0.8450000000000001
2852,2,852,71,4016.5,11,1015.0,0,0,8,-0.875
2853,2,853,72,4053.5,11,1020.5,0,2,8,-0.885
2854,2,854,72,4089.5,11,1026.0,0,0,8,-0.885
2855,2,855,72,4125.5,11,1031.5,0,0,8,-0.885
2856,2,856,72,4161.5,11,1037.0,0,0,8,-0.885
2857,2,857,72,4197.5,11,1042.5,0,1,8,-0.885
2858,2,858,73,4235.0,11,1048.0,1,1,8,-0.895
2859,2,859,73,4271.5,11,1053.5,0,0,8,-0.895
2860,2,860,74,4309.5,11,1059.0,0,0,8,-0.905
2861,2,861,75,4348.0,11,1064.5,0,0,8,-0.915
2862,2,862,77,4388.5,11,1070.0,0,0,8,-0.935
2863,2,863,77,4427.0,11,1075.5,2,1,8,-0.935
2864,2,864,77,4465.5,11,1081.0,1,0,8,-0.935
2865,2,865,77,4504.0,11,1086.5,0,0,8,-0.935
2866,2,866,77,4542.5,11,1092.0,0,0,8,-0.935
2867,2,867,77,4581.0,11,1097.5,0,2,8,-0.935
2868,2,868,78,4621.0,12,1104.5,0,0,8,-0.96
2869,2,869,78,4660.0,12,1110.5,0,0,8,-0.96
2870,2,870,78,4699.0,12,1116.5,0,0,8,-0.96
2871,2,871,79,4739.5,13,1124.0,0,0,8,-0.9850000000000001
2872,2,872,79,4779.0,13,1130.5,0,0,8,-0.9850000000000001
2873,2,873,79,4818.5,13,1137.0,0,0,8,-0.9850000000000001
2874,2,874,79,4858.0,13,1143.5,0,0,8,-0.9850000000000001
2875,2,875,79,4897.5,13,1150.0,0,0,8,-0.9850000000000001
2876,2,876,79,4937.0,13,1156.5,0,0,8,-0.9850000000000001
2877,2,877,79,4976.5,13,1163.0,0,0,9,-0.9850000000000001
2878,2,878,79,5016.0,13,1169.5,0,1,9,-0.9850000000000001
2879,2,879,80,5057.0,13,1176.0,0,0,9,-0.9950000000000001
2880,2,880,82,5100.0,13,1182.5,0,0,9,-1.015
2881,2,881,84,5144.0,13,1189.0,0,1,9,-1.035
2882,2,882,84,5186.0,13,1195.5,0,0,9,-1.035
2883,2,883,81,4653.0,9,931.0,0,0,0,-0.9450000000000001
2884,2,884,77,4166.0,10,937.0,0,0,0,-0.92
2885,2,885,73,3708.5,11,943.5,0,0,0,-0.895
2886,2,886,69,3295.5,8,812.5,0,0,0,-0.8099999999999999
2887,2,887,68,3227.0,7,614.0,0,0,0,-0.785
2888,2,888,65,2955.5,9,620.5,0,0,0,-0.785
2889,2,889,62,2613.0,10,626.5,0,0,0,-0.77
2890,2,890,61,2470.0,11,633.0,0,0,0,-0.775
2891,2,891,59,2322.0,10,635.5,0,0,0,-0.74
2892,2,892,56,2048.0,8,615.0,0,0,0,-0.68
2893,2,893,54,1942.0,8,619.0,0,0,0,-0.66
2894,2,894,52,1831.5,6,612.5,0,0,0,-0.61
2895,2,895,46,1568.0,6,615.5,0,0,0,-0.55
2896,2,896,43,1473.0,5,517.5,0,1,0,-0.505
2897,2,897,41,1430.0,6,521.5,0,2,0,-0.5
2898,2,898,38,1311.0,6,524.5,0,0,0,-0.47
2899,2,899,38,1291.0,5,525.0,0,0,0,-0.455
2900,2,900,37,1243.0,4,422.5,0,2,0,-0.43
2901,2,901,36,1178.0,4,424.5,0,0,0,-0.42
2902,2,902,36,1175.5,5,428.0,0,0,0,-0.435
2903,2,903,34,1156.0,5,430.5,0,2,0,-0.41500000000000004
2904,2,904,33,1160.0,4,430.5,0,0,0,-0.39
2905,2,905,31,1149.0,4,432.5,1,1,0,-0.37
2906,2,906,30,1150.0,4,434.5,1,0,0,-0.36
2907,2,907,30,1165.0,4,436.5,0,0,0,-0.36
2908,2,908,29,1174.5,4,438.5,0,1,0,-0.35
2909,2,909,29,1189.0,4,440.5,0,0,0,-0.35
2910,2,910,29,1203.5,4,442.5,0,0,0,-0.35
2911,2,911,30,1219.5,3,237.5,0,0,0,-0.345
2912,2,912,34,1240.5,3,239.0,0,0,0,-0.385
2913,2,913,37,1262.0,3,240.5,0,1,0,-0.415
2914,2,914,38,1282.0,3,242.0,0,1,0,-0.425
2915,2,915,38,1301.0,2,29.0,0,0,0,-0.41000000000000003
2916,2,916,38,1320.0,2,30.0,0,0,0,-0.41000000000000003
2917,2,917,38,1339.0,2,31.0,0,1,0,-0.41000000000000003
2918,2,918,38,1358.0,2,32.0,0,0,0,-0.41000000000000003
2919,2,919,39,1378.5,2,33.0,0,0,0,-0.42000000000000004
2920,2,920,40,1399.5,2,34.0,0,0,0,-0.43000000000000005
2921,2,921,41,1421.0,2,35.0,0,0,0,-0.43999999999999995
2922,2,922,41,1441.5,2,36.0,0,0,0,-0.43999999999999995
2923,2,923,41,1462.0,2,37.0,0,0,0,-0.43999999999999995
2924,2,924,42,1484.0,2,38.0,0,0,0,-0.44999999999999996
2925,2,925,42,1505.0,2,39.0,0,0,0,-0.44999999999999996
2926,2,926,42,1526.0,2,40.0,0,0,0,-0.44999999999999996
2927,2,927,42,1547.0,2,41.0,0,0,0,-0.44999999999999996
2928,2,928,42,1568.0,2,42.0,0,1,0,-0.44999999999999996
2929,2,929,42,1589.0,2,43.0,0,0,0,-0.44999999999999996
2930,2,930,42,1610.0,2,44.0,0,0,0,-0.44999999999999996
2931,2,931,42,1631.0,2,45.0,0,0,0,-0.44999999999999996
2932,2,932,43,1653.5,2,46.0,0,0,0,-0.45999999999999996
2933,2,933,41,1442.0,2,47.0,0,0,1,-0.43999999999999995
2934,2,934,39,1346.0,2,48.0,0,0,1,-0.42000000000000004
2935,2,935,37,1341.0,2,49.0,0,0,1,-0.4
2936,2,936,36,1352.0,2,50.0,0,0,1,-0.39
2937,2,937,36,1370.0,2,51.0,0,0,1,-0.39
2938,2,938,36,1388.0,2,52.0,0,0,1,-0.39
2939,2,939,37,1407.5,2,53.0,0,0,1,-0.4
2940,2,940,37,1426.0,2,54.0,0,0,1,-0.4
2941,2,941,39,1447.5,2,55.0,0,0,1,-0.42000000000000004
2942,2,942,39,1467.0,2,56.0,0,0,1,-0.42000000000000004
2943,2,943,41,1489.5,2,57.0,0,0,1,-0.43999999999999995
2944,2,944,41,1510.0,2,58.0,0,0,1,-0.43999999999999995
2945,2,945,41,1530.5,2,59.0,0,0,1,-0.43999999999999995
2946,2,946,39,1543.0,2,60.0,0,0,1,-0.42000000000000004
2947,2,947,37,1555.5,2,61.0,0,0,1,-0.4
2948,2,948,37,1574.0,2,62.0,0,0,1,-0.4
2949,2,949,39,1595.5,2,63.0,0,0,1,-0.42000000000000004
2950,2,950,40,1616.5,2,64.0,0,0,1,-0.43000000000000005
2951,2,951,41,1638.0,2,65.0,0,0,1,-0.43999999999999995
2952,2,952,41,1658.5,2,66.0,0,0,1,-0.43999999999999995
2953,2,953,41,1679.0,2,67.0,0,0,1,-0.43999999999999995
2954,2,954,41,1699.5,2,68.0,0,0,1,-0.43999999999999995
2955,2,955,41,1720.0,2,69.0,1,0,1,-0.43999999999999995
2956,2,956,41,1740.5,2,70.0,0,0,1,-0.43999999999999995
2957,2,957,42,1762.5,2,71.0,0,0,1,-0.44999999999999996
2958,2,958,42,1783.5,2,72.0,0,0,1,-0.44999999999999996
2959,2,959,42,1804.5,2,73.0,0,0,1,-0.44999999999999996
2960,2,960,42,1825.5,2,74.0,0,0,1,-0.44999999999999996
2961,2,961,42,1846.5,2,75.0,0,0,1,-0.44999999999999996
2962,2,962,42,1867.5,2,76.0,0,1,1,-0.44999999999999996
2963,2,963,42,1888.5,2,77.0,0,1,1,-0.44999999999999996
2964,2,964,42,1909.5,2,78.0,0,0,1,-0.44999999999999996
2965,2,965,42,1930.5,3,80.5,0,0,1,-0.46499999999999997
2966,2,966,42,1951.5,3,82.0,0,2,1,-0.46499999999999997
2967,2,967,42,1972.5,3,83.5,0,0,1,-0.46499999999999997
2968,2,968,43,1995.0,4,86.5,0,1,1,-0.49
2969,2,969,43,2016.5,4,88.5,0,0,1,-0.49
2970,2,970,44,2039.5,5,92.0,0,0,1,-0.515
2971,2,971,45,2063.0,5,94.5,0,1,1,-0.525
2972,2,972,45,2085.5,5,97.0,0,0,1,-0.525
2973,2,973,45,2108.0,5,99.5,0,2,1,-0.525
2974,2,974,46,2132.0,5,102.0,0,1,1,-0.535
2975,2,975,47,2156.5,5,104.5,0,1,1,-0.5449999999999999
2976,2,976,47,2180.0,5,107.0,0,1,1,-0.5449999999999999
2977,2,977,47,2203.5,5,109.5,0,0,1,-0.5449999999999999
2978,2,978,47,2227.0,5,112.0,0,1,1,-0.5449999999999999
2979,2,979,48,2252.0,5,114.5,0,1,1,-0.5549999999999999
2980,2,980,48,2276.0,5,117.0,0,1,1,-0.5549999999999999
2981,2,981,49,2301.5,5,119.5,0,1,1,-0.565
2982,2,982,50,2327.5,5,122.0,0,1,1,-0.575
2983,2,983,50,2352.5,5,124.5,0,0,1,-0.575
2984,2,984,52,2380.5,5,127.0,0,1,1,-0.595
2985,2,985,52,2406.5,5,129.5,0,2,1,-0.595
2986,2,986,52,2432.5,5,132.0,0,0,1,-0.595
2987,2,987,52,2458.5,6,136.0,1,1,1,-0.61
2988,2,988,52,2484.5,7,140.5,0,2,1,-0.625
2989,2,989,53,2512.0,6,142.0,0,0,1,-0.62
2990,2,990,53,2538.5,6,145.0,0,2,1,-0.62
2991,2,991,53,2565.0,6,148.0,0,2,1,-0.62
2992,2,992,53,2591.5,7,152.5,0,0,1,-0.635
2993,2,993,53,2618.0,7,156.0,0,1,1,-0.635
2994,2,994,53,2644.5,7,159.5,0,1,1,-0.635
2995,2,995,53,2671.0,7,163.0,0,2,1,-0.635
2996,2,996,53,2697.5,7,166.5,0,0,1,-0.635
2997,2,997,54,2725.5,7,170.0,0,1,1,-0.645
2998,2,998,54,2752.5,7,173.5,0,1,1,-0.645
2999,2,999,54,2779.5,7,177.0,0,1,1,-0.645
3000,3,0,0,0.0,0,0.0,0,0,0,-0.0
3001,3,1,0,0.0,0,0.0,0,0,0,-0.0
3002,3,2,0,0.0,0,0.0,0,0,0,-0.0
3003,3,3,0,0.0,0,0.0,0,0,0,-0.0
3004,3,4,0,0.0,0,0.0,0,0,0,-0.0
3005,3,5,0,0.0,0,0.0,0,0,0,-0.0
3006,3,6,0,0.0,0,0.0,0,0,0,-0.0
3007,3,7,0,0.0,0,0.0,0,0,0,-0.0
3008,3,8,0,0.0,0,0.0,0,0,0,-0.0
3009,3,9,0,0.0,0,0.0,0,0,0,-0.0
3010,3,10,0,0.0,0,0.0,0,0,0,-0.0
3011,3,11,0,0.0,0,0.0,0,0,0,-0.0
3012,3,12,0,0.0,0,0.0,0,0,0,-0.0
3013,3,13,0,0.0,0,0.0,0,0,0,-0.0
3014,3,14,0,0.0,0,0.0,0,0,0,-0.0
3015,3,15,0,0.0,0,0.0,0,0,0,-0.0
3016,3,16,0,0.0,0,0.0,0,0,0,-0.0
3017,3,17,0,0.0,0,0.0,0,0,0,-0.0
3018,3,18,0,0.0,0,0.0,0,0,0,-0.0
3019,3,19,0,0.0,0,0.0,0,0,0,-0.0
3020,3,20,0,0.0,0,0.0,0,0,0,-0.0
3021,3,21,0,0.0,0,0.0,0,0,0,-0.0
3022,3,22,0,0.0,0,0.0,0,0,0,-0.0
3023,3,23,0,0.0,0,0.0,0,0,0,-0.0
3024,3,24,0,0.0,0,0.0,0,0,0,-0.0
3025,3,25,0,0.0,0,0.0,0,0,0,-0.0
3026,3,26,0,0.0,0,0.0,0,0,0,-0.0
3027,3,27,0,0.0,0,0.0,0,0,0,-0.0
3028,3,28,0,0.0,0,0.0,0,0,0,-0.0
3029,3,29,0,0.0,0,0.0,0,0,0,-0.0
3030,3,30,0,0.0,0,0.0,0,0,0,-0.0
3031,3,31,0,0.0,0,0.0,0,0,0,-0.0
3032,3,32,0,0.0,0,0.0,0,0,0,-0.0
3033,3,33,0,0.0,0,0.0,0,0,0,-0.0
3034,3,34,0,0.0,0,0.0,0,0,0,-0.0
3035,3,35,0,0.0,0,0.0,0,0,0,-0.0
3036,3,36,0,0.0,0,0.0,0,0,0,-0.0
3037,3,37,0,0.0,0,0.0,0,0,0,-0.0
3038,3,38,0,0.0,0,0.0,0,0,0,-0.0
3039,3,39,0,0.0,0,0.0,0,0,0,-0.0
3040,3,40,0,0.0,0,0.0,0,0,0,-0.0
3041,3,41,0,0.0,0,0.0,0,0,0,-0.0
3042,3,42,0,0.0,0,0.0,0,0,0,-0.0
3043,3,43,0,0.0,0,0.0,0,0,0,-0.0
3044,3,44,0,0.0,0,0.0,0,0,0,-0.0
3045,3,45,0,0.0,0,0.0,0,0,0,-0.0
3046,3,46,0,0.0,0,0.0,0,0,0,-0.0
3047,3,47,0,0.0,0,0.0,0,0,0,-0.0
3048,3,48,0,0.0,0,0.0,0,0,0,-0.0
3049,3,49,0,0.0,0,0.0,0,0,1,-0.0
3050,3,50,0,0.0,0,0.0,0,0,1,-0.0
3051,3,51,0,0.0,0,0.0,0,0,1,-0.0
3052,3,52,0,0.0,0,0.0,0,0,1,-0.0
3053,3,53,0,0.0,0,0.0,0,0,1,-0.0
3054,3,54,0,0.0,0,0.0,0,0,1,-0.0
3055,3,55,0,0.0,0,0.0,0,0,1,-0.0
3056,3,56,0,0.0,0,0.0,0,0,1,-0.0
3057,3,57,0,0.0,0,0.0,0,0,1,-0.0
3058,3,58,0,0.0,0,0.0,0,0,1,-0.0
3059,3,59,0,0.0,0,0.0,0,0,1,-0.0
3060,3,60,0,0.0,0,0.0,0,0,1,-0.0
3061,3,61,0,0.0,1,1.5,0,0,1,-0.015
3062,3,62,0,0.0,1,2.0,0,0,1,-0.015
3063,3,63,0,0.0,1,2.5,0,0,1,-0.015
3064,3,64,0,0.0,1,3.0,0,0,1,-0.015
3065,3,65,0,0.0,1,3.5,0,0,1,-0.015
3066,3,66,0,0.0,1,4.0,0,0,1,-0.015
3067,3,67,0,0.0,2,6.0,0,0,1,-0.03
3068,3,68,0,0.0,2,7.0,0,0,1,-0.03
3069,3,69,0,0.0,2,8.0,0,0,1,-0.03
3070,3,70,0,0.0,2,9.0,0,0,1,-0.03
3071,3,71,0,0.0,2,10.0,0,0,1,-0.03
3072,3,72,0,0.0,2,11.0,0,0,1,-0.03
3073,3,73,0,0.0,2,12.0,0,0,1,-0.03
3074,3,74,0,0.0,2,13.0,0,0,1,-0.03
3075,3,75,0,0.0,2,14.0,0,0,1,-0.03
3076,3,76,2,3.0,2,15.0,0,0,1,-0.05
3077,3,77,2,4.0,2,16.0,0,0,1,-0.05
3078,3,78,7,12.5,2,17.0,0,0,1,-0.1
3079,3,79,7,16.0,3,19.5,0,0,1,-0.115
3080,3,80,7,19.5,3,21.0,0,0,1,-0.115
3081,3,81,7,23.0,3,22.5,0,0,1,-0.115
3082,3,82,7,26.5,3,24.0,0,0,1,-0.115
3083,3,83,7,30.0,3,25.5,0,0,1,-0.115
3084,3,84,7,33.5,3,27.0,0,0,1,-0.115
3085,3,85,7,37.0,3,28.5,0,0,1,-0.115
3086,3,86,7,40.5,4,31.5,0,0,1,-0.13
3087,3,87,7,44.0,5,35.0,0,0,1,-0.14500000000000002
3088,3,88,7,47.5,5,37.5,0,0,1,-0.14500000000000002
3089,3,89,8,52.5,6,41.5,0,0,1,-0.16999999999999998
3090,3,90,8,56.5,6,44.5,0,0,1,-0.16999999999999998
3091,3,91,8,60.5,6,47.5,0,0,1,-0.16999999999999998
3092,3,92,8,64.5,6,50.5,0,0,1,-0.16999999999999998
3093,3,93,8,68.5,6,53.5,0,0,1,-0.16999999999999998
3094,3,94,8,72.5,6,56.5,0,0,1,-0.16999999999999998
3095,3,95,8,76.5,7,61.0,0,0,1,-0.185
3096,3,96,8,80.5,7,64.5,0,0,1,-0.185
3097,3,97,10,87.5,7,68.0,0,0,1,-0.20500000000000002
3098,3,98,10,92.5,7,71.5,0,0,1,-0.20500000000000002
3099,3,99,10,97.5,7,75.0,0,0,1,-0.20500000000000002
3100,3,100,10,102.5,7,78.5,0,0,1,-0.20500000000000002
3101,3,101,10,107.5,7,82.0,0,0,1,-0.20500000000000002
3102,3,102,10,112.5,7,85.5,0,0,1,-0.20500000000000002
3103,3,103,11,119.0,7,89.0,0,0,1,-0.215
3104,3,104,12,126.0,8,94.0,0,0,1,-0.24
3105,3,105,12,132.0,8,98.0,0,0,1,-0.24
3106,3,106,12,138.0,8,102.0,0,0,1,-0.24
3107,3,107,12,144.0,8,106.0,0,0,1,-0.24
3108,3,108,12,150.0,8,110.0,0,0,1,-0.24
3109,3,109,12,156.0,8,114.0,0,0,1,-0.24
3110,3,110,12,162.0,8,118.0,0,0,1,-0.24
3111,3,111,12,168.0,8,122.0,0,0,1,-0.24
3112,3,112,12,174.0,8,126.0,0,0,1,-0.24
3113,3,113,12,180.0,8,130.0,0,0,1,-0.24
3114,3,114,13,187.5,8,134.0,0,0,1,-0.25
3115,3,115,13,194.0,8,138.0,0,0,1,-0.25
3116,3,116,13,200.5,8,142.0,0,0,1,-0.25
3117,3,117,13,207.0,8,146.0,0,0,1,-0.25
3118,3,118,13,213.5,8,150.0,0,0,1,-0.25
3119,3,119,13,220.0,8,154.0,0,0,1,-0.25
3120,3,120,13,226.5,8,158.0,0,0,1,-0.25
3121,3,121,13,233.0,8,162.0,0,0,1,-0.25
3122,3,122,13,239.5,8,166.0,0,0,1,-0.25
3123,3,123,14,247.5,8,170.0,0,0,1,-0.26
3124,3,124,14,254.5,8,174.0,0,0,1,-0.26
3125,3,125,14,261.5,8,178.0,0,0,1,-0.26
3126,3,126,14,268.5,8,182.0,0,0,1,-0.26
3127,3,127,14,275.5,8,186.0,0,0,1,-0.26
3128,3,128,14,282.5,8,190.0,0,0,1,-0.26
3129,3,129,14,289.5,8,194.0,0,0,1,-0.26
3130,3,130,14,296.5,8,198.0,0,0,1,-0.26
3131,3,131,16,306.5,8,202.0,0,0,1,-0.28
3132,3,132,16,314.5,8,206.0,0,0,1,-0.28
3133,3,133,16,322.5,8,210.0,0,0,1,-0.28
3134,3,134,17,332.0,8,214.0,0,0,1,-0.29000000000000004
3135,3,135,17,340.5,8,218.0,0,0,1,-0.29000000000000004
3136,3,136,17,349.0,8,222.0,0,0,1,-0.29000000000000004
3137,3,137,17,357.5,8,226.0,0,0,1,-0.29000000000000004
3138,3,138,18,367.5,8,230.0,0,0,1,-0.3
3139,3,139,18,376.5,8,234.0,0,0,2,-0.3
3140,3,140,18,385.5,8,238.0,0,0,2,-0.3
3141,3,141,18,394.5,8,242.0,0,0,2,-0.3
3142,3,142,19,405.0,8,246.0,0,0,2,-0.31
3143,3,143,20,416.0,8,250.0,0,0,2,-0.32
3144,3,144,20,426.0,8,254.0,0,0,2,-0.32
3145,3,145,20,436.0,8,258.0,0,0,2,-0.32
3146,3,146,20,446.0,8,262.0,0,0,2,-0.32
3147,3,147,20,456.0,8,266.0,0,0,2,-0.32
3148,3,148,20,466.0,8,270.0,0,1,2,-0.32
3149,3,149,20,476.0,8,274.0,0,0,2,-0.32
3150,3,150,20,486.0,8,278.0,0,0,2,-0.32
3151,3,151,20,423.0,8,282.0,0,2,3,-0.32
3152,3,152,20,433.0,8,286.0,0,0,3,-0.32
3153,3,153,20,443.0,8,290.0,0,0,3,-0.32
3154,3,154,20,453.0,8,294.0,0,0,3,-0.32
3155,3,155,20,463.0,8,298.0,0,0,3,-0.32
3156,3,156,20,473.0,8,302.0,0,0,3,-0.32
3157,3,157,20,483.0,8,306.0,0,0,3,-0.32
3158,3,158,20,493.0,8,310.0,0,0,3,-0.32
3159,3,159,20,503.0,8,314.0,0,1,3,-0.32
3160,3,160,20,513.0,8,318.0,0,0,3,-0.32
3161,3,161,21,524.5,8,322.0,0,0,3,-0.32999999999999996
3162,3,162,23,538.0,8,326.0,0,0,3,-0.35
3163,3,163,23,549.5,8,330.0,0,0,3,-0.35
3164,3,164,27,567.0,8,334.0,0,0,3,-0.39
3165,3,165,27,580.5,8,338.0,0,1,3,-0.39
3166,3,166,27,594.0,8,342.0,0,0,3,-0.39
3167,3,167,27,607.5,8,346.0,0,0,3,-0.39
3168,3,168,27,621.0,8,350.0,0,0,3,-0.39
3169,3,169,30,639.0,8,354.0,0,0,3,-0.42
3170,3,170,30,654.0,8,358.0,0,0,3,-0.42
3171,3,171,30,669.0,8,362.0,0,0,3,-0.42
3172,3,172,31,685.5,8,366.0,0,0,3,-0.43
3173,3,173,32,702.5,8,370.0,0,0,3,-0.44
3174,3,174,32,718.5,8,374.0,0,0,3,-0.44
3175,3,175,34,737.5,8,378.0,0,0,3,-0.46
3176,3,176,34,754.5,8,382.0,0,1,3,-0.46
3177,3,177,34,771.5,8,386.0,0,0,3,-0.46
3178,3,178,34,788.5,8,390.0,0,0,3,-0.46
3179,3,179,34,805.5,8,394.0,0,0,3,-0.46
3180,3,180,36,825.5,8,398.0,0,2,3,-0.48
3181,3,181,36,843.5,8,402.0,0,0,3,-0.48
3182,3,182,36,861.5,8,406.0,0,0,3,-0.48
3183,3,183,36,879.5,8,410.0,0,0,3,-0.48
3184,3,184,37,899.0,8,414.0,0,0,3,-0.49
3185,3,185,37,917.5,8,418.0,0,0,3,-0.49
3186,3,186,39,939.0,8,422.0,0,2,3,-0.51
3187,3,187,43,964.5,8,426.0,0,0,3,-0.55
3188,3,188,44,987.5,8,430.0,0,0,3,-0.56
3189,3,189,44,1009.5,8,434.0,0,0,3,-0.56
3190,3,190,44,1031.5,8,438.0,0,0,3,-0.56
3191,3,191,44,1053.5,8,442.0,0,2,3,-0.56
3192,3,192,44,1075.5,8,446.0,0,0,3,-0.56
3193,3,193,45,1099.0,8,450.0,0,0,3,-0.5700000000000001
3194,3,194,45,1121.5,8,454.0,0,0,3,-0.5700000000000001
3195,3,195,46,1145.5,8,458.0,0,0,3,-0.5800000000000001
3196,3,196,47,1170.0,8,462.0,0,0,3,-0.59
3197,3,197,47,1193.5,8,466.0,0,0,3,-0.59
3198,3,198,47,1217.0,8,470.0,0,0,3,-0.59
3199,3,199,48,1242.0,8,474.0,0,0,3,-0.6
3200,3,200,48,1266.0,8,478.0,0,0,3,-0.6
3201,3,201,48,1290.0,8,482.0,0,0,3,-0.6
3202,3,202,49,1315.5,8,486.0,0,0,3,-0.61
3203,3,203,50,1341.5,8,490.0,0,0,3,-0.62
3204,3,204,50,1366.5,8,494.0,0,0,3,-0.62
3205,3,205,50,1391.5,8,498.0,0,0,3,-0.62
3206,3,206,51,1418.0,8,502.0,0,0,3,-0.63
3207,3,207,51,1443.5,8,506.0,0,0,3,-0.63
3208,3,208,51,1469.0,8,510.0,0,0,3,-0.63
3209,3,209,51,1494.5,8,514.0,0,0,3,-0.63
3210,3,210,52,1521.5,8,518.0,0,0,3,-0.64
3211,3,211,52,1547.5,8,522.0,0,0,4,-0.64
3212,3,212,53,1575.0,8,526.0,0,2,4,-0.65
3213,3,213,53,1601.5,8,530.0,0,0,4,-0.65
3214,3,214,54,1629.5,8,534.0,0,0,4,-0.66
3215,3,215,55,1658.0,8,538.0,0,0,4,-0.67
3216,3,216,55,1685.5,8,542.0,0,0,4,-0.67
3217,3,217,55,1713.0,8,546.0,0,0,4,-0.67
3218,3,218,55,1740.5,8,550.0,0,2,4,-0.67
3219,3,219,57,1771.0,8,554.0,0,0,4,-0.69
3220,3,220,57,1799.5,8,558.0,0,0,4,-0.69
3221,3,221,58,1829.5,8,562.0,0,0,4,-0.7
3222,3,222,58,1858.5,8,566.0,0,0,4,-0.7
3223,3,223,53,1555.5,8,570.0,0,0,5,-0.65
3224,3,224,49,1354.0,8,574.0,0,0,5,-0.61
3225,3,225,45,1201.0,8,578.0,0,0,5,-0.5700000000000001
3226,3,226,45,1105.0,8,582.0,0,0,5,-0.5700000000000001
3227,3,227,44,1106.0,7,501.5,0,0,5,-0.545
3228,3,228,40,1017.5,7,505.0,0,0,5,-0.505
3229,3,229,36,963.0,7,508.5,0,0,5,-0.46499999999999997
3230,3,230,35,965.5,7,512.0,0,0,5,-0.45499999999999996
3231,3,231,34,960.0,6,438.0,0,2,5,-0.43000000000000005
3232,3,232,32,947.5,6,441.0,0,0,5,-0.41000000000000003
3233,3,233,31,956.0,4,285.0,0,0,5,-0.37
3234,3,234,30,958.0,3,211.5,0,0,5,-0.345
3235,3,235,32,976.0,3,213.0,0,0,5,-0.365
3236,3,236,33,993.5,3,214.5,0,0,5,-0.375
3237,3,237,33,1010.0,3,216.0,0,0,5,-0.375
3238,3,238,33,1026.5,3,217.5,0,0,5,-0.375
3239,3,239,33,1043.0,3,219.0,0,0,5,-0.375
3240,3,240,33,1059.5,3,220.5,0,0,5,-0.375
3241,3,241,33,1076.0,2,147.5,0,0,5,-0.36
3242,3,242,33,1092.5,2,148.5,0,0,5,-0.36
3243,3,243,33,1109.0,2,149.5,0,0,5,-0.36
3244,3,244,33,1125.5,2,150.5,0,0,5,-0.36
3245,3,245,33,1142.0,2,151.5,0,0,5,-0.36
3246,3,246,35,1161.5,2,152.5,0,0,5,-0.38
3247,3,247,35,1179.0,2,153.5,0,0,5,-0.38
3248,3,248,35,1196.5,2,154.5,0,0,5,-0.38
3249,3,249,35,1214.0,2,155.5,0,0,5,-0.38
3250,3,250,35,1231.5,2,156.5,0,0,5,-0.38
3251,3,251,35,1249.0,2,157.5,0,0,5,-0.38
3252,3,252,35,1266.5,2,158.5,0,0,5,-0.38
3253,3,253,35,1284.0,2,159.5,0,0,5,-0.38
3254,3,254,35,1301.5,2,160.5,0,0,5,-0.38
3255,3,255,35,1319.0,2,161.5,0,0,5,-0.38
3256,3,256,36,1338.0,2,162.5,0,1,5,-0.39
3257,3,257,36,1356.0,2,163.5,0,0,5,-0.39
3258,3,258,36,1374.0,2,164.5,0,0,5,-0.39
3259,3,259,36,1392.0,2,165.5,0,0,5,-0.39
3260,3,260,36,1410.0,2,166.5,0,1,5,-0.39
3261,3,261,36,1428.0,2,167.5,0,0,5,-0.39
3262,3,262,36,1446.0,2,168.5,0,0,5,-0.39
3263,3,263,37,1465.5,2,169.5,0,0,5,-0.4
3264,3,264,37,1484.0,2,170.5,0,0,5,-0.4
3265,3,265,37,1502.5,2,171.5,0,0,5,-0.4
3266,3,266,38,1522.5,3,174.0,0,0,5,-0.425
3267,3,267,38,1541.5,3,175.5,0,0,5,-0.425
3268,3,268,38,1560.5,3,177.0,0,0,5,-0.425
3269,3,269,38,1579.5,3,178.5,0,0,5,-0.425
3270,3,270,38,1598.5,3,180.0,0,0,5,-0.425
3271,3,271,38,1617.5,3,181.5,0,2,5,-0.425
3272,3,272,38,1636.5,3,183.0,0,0,5,-0.425
3273,3,273,37,1458.0,3,184.5,0,0,6,-0.415
3274,3,274,35,1385.5,3,186.0,0,0,6,-0.39499999999999996
3275,3,275,36,1404.5,3,187.5,0,0,6,-0.40499999999999997
3276,3,276,36,1422.5,3,189.0,0,0,6,-0.40499999999999997
3277,3,277,36,1440.5,3,190.5,0,0,6,-0.40499999999999997
3278,3,278,36,1458.5,3,192.0,0,0,6,-0.40499999999999997
3279,3,279,36,1476.5,3,193.5,0,0,6,-0.40499999999999997
3280,3,280,36,1494.5,3,195.0,0,0,6,-0.40499999999999997
3281,3,281,36,1512.5,3,196.5,0,0,6,-0.40499999999999997
3282,3,282,37,1532.0,3,198.0,0,0,6,-0.415
3283,3,283,37,1550.5,4,201.0,0,0,6,-0.43
3284,3,284,36,1566.5,4,203.0,0,0,6,-0.42
3285,3,285,36,1584.5,4,205.0,0,0,6,-0.42
3286,3,286,37,1604.0,4,207.0,0,0,6,-0.43
3287,3,287,40,1627.0,4,209.0,0,1,6,-0.46
3288,3,288,40,1647.0,4,211.0,0,0,6,-0.46
3289,3,289,42,1670.0,4,213.0,0,0,6,-0.48
3290,3,290,42,1691.0,4,215.0,0,0,6,-0.48
3291,3,291,42,1712.0,5,218.5,0,0,6,-0.495
3292,3,292,42,1733.0,6,222.5,0,0,6,-0.51
3293,3,293,42,1754.0,7,227.0,0,0,6,-0.525
3294,3,294,42,1775.0,8,232.0,0,0,6,-0.54
3295,3,295,44,1799.0,7,234.0,0,0,6,-0.545
3296,3,296,45,1822.5,7,237.5,0,0,6,-0.555
3297,3,297,45,1845.0,8,242.5,0,0,6,-0.5700000000000001
3298,3,298,45,1867.5,8,246.0,0,0,6,-0.5700000000000001
3299,3,299,45,1890.0,8,250.0,0,0,6,-0.5700000000000001
3300,3,300,45,1912.5,9,255.5,0,0,6,-0.585
3301,3,301,45,1935.0,9,260.0,0,0,6,-0.585
3302,3,302,47,1960.5,9,264.5,0,0,6,-0.605
3303,3,303,47,1984.0,10,270.5,0,2,6,-0.62
3304,3,304,47,2007.5,10,275.5,0,0,6,-0.62
3305,3,305,47,2031.0,10,280.5,0,0,6,-0.62
3306,3,306,48,2056.0,11,287.0,0,2,6,-0.645
3307,3,307,48,2080.0,11,292.5,0,0,6,-0.645
3308,3,308,48,2104.0,11,298.0,0,0,6,-0.645
3309,3,309,48,2128.0,11,303.5,0,3,6,-0.645
3310,3,310,48,2152.0,11,309.0,0,0,6,-0.645
3311,3,311,48,2176.0,11,314.5,0,0,6,-0.645
3312,3,312,48,2200.0,11,320.0,0,1,6,-0.645
3313,3,313,48,2224.0,11,325.5,0,1,6,-0.645
3314,3,314,48,2248.0,11,331.0,0,0,6,-0.645
3315,3,315,49,2273.5,11,336.5,0,0,6,-0.655
3316,3,316,49,2298.0,11,342.0,0,0,6,-0.655
3317,3,317,49,2322.5,12,349.0,0,1,6,-0.6699999999999999
3318,3,318,49,2347.0,12,355.0,0,0,6,-0.6699999999999999
3319,3,319,49,2371.5,12,361.0,0,1,6,-0.6699999999999999
3320,3,320,49,2396.0,13,368.5,0,3,6,-0.685
3321,3,321,50,2422.0,12,373.0,0,0,6,-0.6799999999999999
3322,3,322,51,2448.5,12,379.0,0,0,6,-0.69
3323,3,323,52,2475.5,12,385.0,0,2,6,-0.7
3324,3,324,52,2501.5,13,392.5,0,5,6,-0.7150000000000001
3325,3,325,52,2527.5,13,399.0,0,0,6,-0.7150000000000001
3326,3,326,52,2553.5,13,405.5,0,1,6,-0.7150000000000001
3327,3,327,52,2579.5,14,413.5,0,0,6,-0.73
3328,3,328,52,2605.5,14,420.5,0,0,6,-0.73
3329,3,329,52,2631.5,14,427.5,0,2,6,-0.73
3330,3,330,52,2657.5,14,434.5,0,0,6,-0.73
3331,3,331,52,2683.5,14,441.5,0,0,6,-0.73
3332,3,332,52,2709.5,14,448.5,0,1,6,-0.73
3333,3,333,52,2735.5,14,455.5,0,0,6,-0.73
3334,3,334,53,2763.0,14,462.5,0,2,6,-0.74
3335,3,335,53,2789.5,14,469.5,0,2,6,-0.74
3336,3,336,54,2817.5,14,476.5,0,0,6,-0.75
3337,3,337,54,2844.5,14,483.5,0,1,6,-0.75
3338,3,338,54,2871.5,14,490.5,0,0,6,-0.75
3339,3,339,54,2898.5,14,497.5,0,2,6,-0.75
3340,3,340,54,2925.5,14,504.5,0,1,6,-0.75
3341,3,341,54,2952.5,14,511.5,0,0,6,-0.75
3342,3,342,54,2979.5,14,518.5,0,0,6,-0.75
3343,3,343,55,3008.0,14,525.5,0,3,6,-0.76
3344,3,344,55,3035.5,14,532.5,0,1,6,-0.76
3345,3,345,56,3064.5,14,539.5,0,0,6,-0.77
3346,3,346,56,3092.5,14,546.5,0,2,6,-0.77
3347,3,347,56,3120.5,14,553.5,0,1,6,-0.77
3348,3,348,56,3148.5,14,560.5,0,0,6,-0.77
3349,3,349,56,3176.5,14,567.5,0,1,6,-0.77
3350,3,350,56,3204.5,14,574.5,0,1,6,-0.77
3351,3,351,56,3232.5,14,581.5,0,2,6,-0.77
3352,3,352,56,3260.5,14,588.5,0,0,6,-0.77
3353,3,353,56,3288.5,14,595.5,0,0,6,-0.77
3354,3,354,58,3319.5,14,602.5,0,2,6,-0.7899999999999999
3355,3,355,59,3350.0,14,609.5,0,1,6,-0.7999999999999999
3356,3,356,59,3379.5,14,616.5,0,0,6,-0.7999999999999999
3357,3,357,60,3410.5,14,623.5,0,1,6,-0.8099999999999999
3358,3,358,60,3440.5,14,630.5,0,2,6,-0.8099999999999999
3359,3,359,63,3475.0,14,637.5,0,1,6,-0.84
3360,3,360,63,3506.5,14,644.5,0,0,6,-0.84
3361,3,361,63,3538.0,14,651.5,0,0,6,-0.84
3362,3,362,63,3569.5,14,658.5,0,1,6,-0.84
3363,3,363,64,3602.5,14,665.5,0,0,7,-0.85
3364,3,364,64,3634.5,14,672.5,0,0,7,-0.85
3365,3,365,65,3668.0,14,679.5,0,1,7,-0.86
3366,3,366,65,3700.5,14,686.5,0,0,7,-0.86
3367,3,367,65,3733.0,14,693.5,0,2,7,-0.86
3368,3,368,65,3765.5,14,700.5,0,0,7,-0.86
3369,3,369,65,3798.0,14,707.5,0,0,7,-0.86
3370,3,370,65,3830.5,14,714.5,0,0,7,-0.86
3371,3,371,65,3863.0,14,721.5,0,0,7,-0.86
3372,3,372,65,3895.5,14,728.5,0,0,7,-0.86
3373,3,373,65,3928.0,14,735.5,0,0,7,-0.86
3374,3,374,66,3962.0,14,742.5,0,0,7,-0.87
3375,3,375,64,3694.0,14,749.5,0,0,8,-0.85
3376,3,376,62,3516.0,14,756.5,0,0,8,-0.83
3377,3,377,60,3339.5,14,763.5,0,0,8,-0.8099999999999999
3378,3,378,60,3214.0,14,770.5,0,1,8,-0.8099999999999999
3379,3,379,60,3244.0,14,777.5,0,0,8,-0.8099999999999999
3380,3,380,58,3182.5,14,784.5,0,0,8,-0.7899999999999999
3381,3,381,56,3182.0,14,791.5,0,0,8,-0.77
3382,3,382,57,3211.5,14,798.5,0,0,8,-0.7799999999999999
3383,3,383,57,3240.0,14,805.5,0,0,8,-0.7799999999999999
3384,3,384,57,3268.5,14,812.5,0,0,8,-0.7799999999999999
3385,3,385,58,3298.5,14,819.5,0,0,8,-0.7899999999999999
3386,3,386,58,3327.5,14,826.5,0,0,8,-0.7899999999999999
3387,3,387,58,3356.5,14,833.5,0,1,8,-0.7899999999999999
3388,3,388,58,3385.5,14,840.5,0,1,8,-0.7899999999999999
3389,3,389,59,3416.0,14,847.5,0,0,8,-0.7999999999999999
3390,3,390,59,3445.5,14,854.5,0,0,8,-0.7999999999999999
3391,3,391,60,3476.5,14,861.5,0,0,8,-0.8099999999999999
3392,3,392,60,3506.5,14,868.5,0,0,8,-0.8099999999999999
3393,3,393,62,3539.5,14,875.5,0,0,8,-0.83
3394,3,394,64,3573.5,14,882.5,0,0,8,-0.85
3395,3,395,64,3605.5,14,889.5,1,0,8,-0.85
3396,3,396,64,3637.5,14,896.5,0,0,8,-0.85
3397,3,397,64,3669.5,14,903.5,0,1,8,-0.85
3398,3,398,65,3703.0,14,910.5,0,0,8,-0.86
3399,3,399,66,3737.0,14,917.5,0,1,8,-0.87
3400,3,400,66,3770.0,14,924.5,0,2,8,-0.87
3401,3,401,66,3803.0,14,931.5,0,0,8,-0.87
3402,3,402,67,3837.5,14,938.5,0,0,8,-0.88
3403,3,403,68,3872.5,14,945.5,0,0,8,-0.89
3404,3,404,68,3906.5,14,952.5,0,0,8,-0.89
3405,3,405,69,3942.0,14,959.5,0,0,8,-0.8999999999999999
3406,3,406,69,3976.5,14,966.5,0,0,8,-0.8999999999999999
3407,3,407,69,4011.0,14,973.5,0,0,8,-0.8999999999999999
3408,3,408,69,4045.5,14,980.5,0,0,8,-0.8999999999999999
3409,3,409,69,4080.0,14,987.5,0,0,8,-0.8999999999999999
3410,3,410,69,4114.5,14,994.5,0,0,8,-0.8999999999999999
3411,3,411,69,4149.0,14,1001.5,0,0,8,-0.8999999999999999
3412,3,412,70,4185.0,14,1008.5,0,0,8,-0.9099999999999999
3413,3,413,70,4220.0,14,1015.5,0,0,8,-0.9099999999999999
3414,3,414,71,4256.5,14,1022.5,0,0,8,-0.9199999999999999
3415,3,415,72,4293.5,14,1029.5,0,1,8,-0.9299999999999999
3416,3,416,72,4329.5,14,1036.5,0,0,8,-0.9299999999999999
3417,3,417,72,4365.5,14,1043.5,0,1,8,-0.9299999999999999
3418,3,418,73,4403.0,14,1050.5,0,0,8,-0.94
3419,3,419,73,4439.5,14,1057.5,0,0,8,-0.94
3420,3,420,73,4476.0,14,1064.5,0,0,8,-0.94
3421,3,421,73,4512.5,14,1071.5,0,0,8,-0.94
3422,3,422,75,4552.0,14,1078.5,0,0,8,-0.96
3423,3,423,75,4589.5,14,1085.5,0,0,8,-0.96
3424,3,424,77,4630.0,14,1092.5,0,0,8,-0.98
3425,3,425,78,4670.0,14,1099.5,0,0,8,-0.99
3426,3,426,78,4709.0,14,1106.5,0,2,8,-0.99
3427,3,427,78,4748.0,14,1113.5,0,0,8,-0.99
3428,3,428,79,4788.5,14,1120.5,0,0,8,-1.0
3429,3,429,79,4828.0,14,1127.5,0,0,8,-1.0
3430,3,430,79,4867.5,14,1134.5,0,2,8,-1.0
3431,3,431,79,4907.0,14,1141.5,0,0,8,-1.0
3432,3,432,79,4946.5,14,1148.5,0,0,8,-1.0
3433,3,433,79,4986.0,14,1155.5,0,0,8,-1.0
3434,3,434,81,5028.5,14,1162.5,0,0,8,-1.02
3435,3,435,82,5070.5,14,1169.5,0,0,9,-1.03
3436,3,436,82,5111.5,14,1176.5,0,2,9,-1.03
3437,3,437,83,5154.0,14,1183.5,0,0,9,-1.04
3438,3,438,83,5195.5,14,1190.5,0,0,9,-1.04
3439,3,439,83,5237.0,14,1197.5,0,0,9,-1.04
3440,3,440,84,5280.0,14,1204.5,0,1,9,-1.05
3441,3,441,78,4467.0,10,945.0,0,0,0,-0.93
3442,3,442,75,3979.5,9,860.5,0,0,0,-0.885
3443,3,443,71,3534.0,8,804.0,0,0,0,-0.83
3444,3,444,68,3122.0,8,808.0,0,0,0,-0.8
3445,3,445,68,3156.0,8,812.0,0,0,0,-0.8
3446,3,446,64,2773.0,8,816.0,0,0,0,-0.76
3447,3,447,60,2434.0,8,820.0,0,0,0,-0.72
3448,3,448,56,2138.0,8,824.0,0,0,0,-0.68
3449,3,449,56,2166.0,5,597.0,0,0,0,-0.635
3450,3,450,52,1900.0,4,514.5,0,0,0,-0.5800000000000001
3451,3,451,48,1677.5,4,516.5,0,0,0,-0.54
3452,3,452,50,1704.5,4,518.5,0,0,0,-0.56
3453,3,453,46,1506.5,4,520.5,0,1,0,-0.52
3454,3,454,42,1335.5,4,522.5,0,0,0,-0.48
3455,3,455,44,1359.5,4,524.5,0,1,0,-0.5
3456,3,456,40,1223.5,4,526.5,0,0,0,-0.46
3457,3,457,38,1182.5,4,528.5,0,0,0,-0.44
3458,3,458,36,1142.5,4,530.5,0,0,0,-0.42
3459,3,459,33,1075.0,4,532.5,2,0,0,-0.39
3460,3,460,31,1075.0,2,168.0,0,0,0,-0.33999999999999997
3461,3,461,31,1069.0,2,169.0,0,0,0,-0.33999999999999997
3462,3,462,29,1070.0,3,171.5,0,0,0,-0.33499999999999996
3463,3,463,29,1084.5,3,173.0,0,0,0,-0.33499999999999996
3464,3,464,28,1091.5,3,174.5,0,2,0,-0.325
3465,3,465,28,1105.5,2,173.0,0,0,0,-0.31000000000000005
3466,3,466,28,1119.5,2,174.0,0,0,0,-0.31000000000000005
3467,3,467,28,1133.5,2,175.0,0,0,0,-0.31000000000000005
3468,3,468,28,1147.5,2,176.0,0,0,0,-0.31000000000000005
3469,3,469,28,1161.5,2,177.0,0,0,0,-0.31000000000000005
3470,3,470,28,1175.5,2,178.0,0,0,0,-0.31000000000000005
3471,3,471,28,1189.5,2,179.0,1,0,0,-0.31000000000000005
3472,3,472,30,1206.5,3,181.5,0,0,0,-0.345
3473,3,473,30,1221.5,3,183.0,0,0,0,-0.345
3474,3,474,31,1238.0,3,184.5,0,0,0,-0.355
3475,3,475,32,1255.0,3,186.0,0,1,0,-0.365
3476,3,476,32,1271.0,3,187.5,0,0,0,-0.365
3477,3,477,32,1287.0,2,185.0,0,0,0,-0.35
3478,3,478,32,1303.0,2,186.0,0,1,0,-0.35
3479,3,479,32,1319.0,2,187.0,0,0,0,-0.35
3480,3,480,32,1335.0,2,188.0,0,1,0,-0.35
3481,3,481,32,1351.0,2,189.0,0,0,0,-0.35
3482,3,482,32,1367.0,2,190.0,0,0,0,-0.35
3483,3,483,32,1383.0,2,191.0,0,0,0,-0.35
3484,3,484,33,1400.5,2,192.0,0,1,0,-0.36
3485,3,485,34,1418.5,3,194.5,0,1,0,-0.385
3486,3,486,34,1435.5,3,196.0,0,1,0,-0.385
3487,3,487,34,1452.5,5,200.5,0,0,0,-0.41500000000000004
3488,3,488,34,1469.5,4,201.0,0,0,0,-0.4
3489,3,489,34,1486.5,4,203.0,0,0,0,-0.4
3490,3,490,34,1503.5,4,205.0,0,1,0,-0.4
3491,3,491,32,1313.5,6,210.0,0,0,1,-0.41000000000000003
3492,3,492,30,1228.5,6,213.0,0,0,1,-0.39
3493,3,493,32,1246.5,6,216.0,0,1,1,-0.41000000000000003
3494,3,494,35,1267.0,6,219.0,0,1,1,-0.43999999999999995
3495,3,495,36,1286.0,6,222.0,0,0,1,-0.44999999999999996
3496,3,496,36,1304.0,6,225.0,0,1,1,-0.44999999999999996
3497,3,497,36,1322.0,6,228.0,0,0,1,-0.44999999999999996
3498,3,498,36,1340.0,6,231.0,0,0,1,-0.44999999999999996
3499,3,499,36,1358.0,7,235.5,0,0,1,-0.46499999999999997
3500,3,500,36,1376.0,8,240.5,0,0,1,-0.48
3501,3,501,36,1394.0,7,242.5,0,0,1,-0.46499999999999997
3502,3,502,36,1412.0,7,246.0,0,0,1,-0.46499999999999997
3503,3,503,36,1430.0,7,249.5,0,0,1,-0.46499999999999997
3504,3,504,37,1449.5,8,254.5,0,0,1,-0.49
3505,3,505,37,1468.0,8,258.5,0,0,1,-0.49
3506,3,506,37,1486.5,8,262.5,0,0,1,-0.49
3507,3,507,37,1505.0,8,266.5,0,0,1,-0.49
3508,3,508,37,1523.5,8,270.5,0,0,1,-0.49
3509,3,509,37,1542.0,8,274.5,0,0,1,-0.49
3510,3,510,37,1560.5,8,278.5,0,0,1,-0.49
3511,3,511,37,1579.0,8,282.5,0,0,1,-0.49
3512,3,512,39,1600.5,8,286.5,0,0,1,-0.51
3513,3,513,39,1620.0,8,290.5,0,0,1,-0.51
3514,3,514,40,1641.0,8,294.5,0,0,1,-0.52
3515,3,515,41,1662.5,9,300.0,0,0,1,-0.5449999999999999
3516,3,516,41,1683.0,9,304.5,0,0,1,-0.5449999999999999
3517,3,517,41,1703.5,10,310.5,0,0,1,-0.5599999999999999
3518,3,518,41,1724.0,10,315.5,0,0,1,-0.5599999999999999
3519,3,519,41,1744.5,10,320.5,0,0,1,-0.5599999999999999
3520,3,520,41,1765.0,10,325.5,0,0,1,-0.5599999999999999
3521,3,521,42,1787.0,10,330.5,0,4,1,-0.57
3522,3,522,42,1808.0,10,335.5,0,0,1,-0.57
3523,3,523,43,1830.5,10,340.5,0,0,1,-0.58
3524,3,524,43,1852.0,10,345.5,0,4,1,-0.58
3525,3,525,43,1873.5,10,350.5,0,0,1,-0.58
3526,3,526,43,1895.0,10,355.5,0,0,1,-0.58
3527,3,527,43,1916.5,10,360.5,0,2,1,-0.58
3528,3,528,43,1938.0,10,365.5,0,0,1,-0.58
3529,3,529,43,1959.5,11,372.0,0,0,1,-0.595
3530,3,530,43,1981.0,11,377.5,0,2,1,-0.595
3531,3,531,43,2002.5,12,384.5,0,0,1,-0.61
3532,3,532,44,2025.5,11,388.5,0,0,1,-0.605
3533,3,533,45,2049.0,11,394.0,0,2,1,-0.615
3534,3,534,46,2073.0,11,399.5,0,0,1,-0.625
3535,3,535,46,2096.0,11,405.0,0,0,1,-0.625
3536,3,536,46,2119.0,12,412.0,0,4,1,-0.64
3537,3,537,46,2142.0,12,418.0,0,0,1,-0.64
3538,3,538,46,2165.0,12,424.0,0,0,1,-0.64
3539,3,539,46,2188.0,12,430.0,0,4,1,-0.64
3540,3,540,46,2211.0,12,436.0,0,0,1,-0.64
3541,3,541,46,2234.0,12,442.0,0,0,1,-0.64
3542,3,542,46,2257.0,12,448.0,0,4,1,-0.64
3543,3,543,46,2280.0,12,454.0,0,0,1,-0.64
3544,3,544,47,2304.5,12,460.0,0,0,1,-0.6499999999999999
3545,3,545,47,2328.0,12,466.0,0,3,1,-0.6499999999999999
3546,3,546,47,2351.5,12,472.0,0,0,1,-0.6499999999999999
3547,3,547,47,2375.0,12,478.0,0,0,1,-0.6499999999999999
3548,3,548,47,2398.5,12,484.0,0,2,1,-0.6499999999999999
3549,3,549,47,2422.0,12,490.0,0,0,1,-0.6499999999999999
3550,3,550,47,2445.5,12,496.0,0,0,1,-0.6499999999999999
3551,3,551,47,2469.0,12,502.0,0,2,1,-0.6499999999999999
3552,3,552,47,2492.5,12,508.0,0,2,1,-0.6499999999999999
3553,3,553,47,2516.0,12,514.0,0,2,1,-0.6499999999999999
3554,3,554,48,2541.0,12,520.0,0,2,1,-0.6599999999999999
3555,3,555,48,2565.0,12,526.0,0,1,1,-0.6599999999999999
3556,3,556,48,2589.0,13,533.5,0,0,1,-0.675
3557,3,557,50,2616.0,12,538.0,0,1,1,-0.6799999999999999
3558,3,558,51,2642.5,12,544.0,0,1,1,-0.69
3559,3,559,51,2668.0,12,550.0,0,1,1,-0.69
3560,3,560,51,2693.5,13,557.5,0,1,1,-0.7050000000000001
3561,3,561,51,2719.0,13,564.0,0,1,1,-0.7050000000000001
3562,3,562,52,2746.0,13,570.5,0,0,1,-0.7150000000000001
3563,3,563,53,2773.5,13,577.0,0,1,1,-0.7250000000000001
3564,3,564,54,2801.5,13,583.5,0,2,1,-0.7350000000000001
3565,3,565,55,2830.0,13,590.0,0,0,1,-0.7450000000000001
3566,3,566,55,2857.5,13,596.5,0,1,1,-0.7450000000000001
3567,3,567,56,2886.5,13,603.0,0,0,1,-0.7550000000000001
3568,3,568,57,2916.0,13,609.5,0,0,1,-0.7649999999999999
3569,3,569,57,2944.5,13,616.0,0,2,1,-0.7649999999999999
3570,3,570,57,2973.0,13,622.5,0,0,1,-0.7649999999999999
3571,3,571,57,3001.5,13,629.0,0,1,1,-0.7649999999999999
3572,3,572,57,3030.0,13,635.5,0,1,1,-0.7649999999999999
3573,3,573,59,3061.5,13,642.0,0,3,1,-0.7849999999999999
3574,3,574,59,3091.0,13,648.5,0,0,1,-0.7849999999999999
3575,3,575,59,3120.5,13,655.0,0,2,1,-0.7849999999999999
3576,3,576,60,3151.5,13,661.5,0,1,1,-0.7949999999999999
3577,3,577,60,3181.5,13,668.0,0,0,1,-0.7949999999999999
3578,3,578,60,3211.5,13,674.5,0,3,1,-0.7949999999999999
3579,3,579,60,3241.5,13,681.0,0,1,1,-0.7949999999999999
3580,3,580,60,3271.5,13,687.5,0,0,1,-0.7949999999999999
3581,3,581,60,3301.5,13,694.0,0,1,2,-0.7949999999999999
3582,3,582,60,3331.5,13,700.5,0,3,2,-0.7949999999999999
3583,3,583,60,3361.5,13,707.0,0,0,2,-0.7949999999999999
3584,3,584,61,3393.0,13,713.5,0,0,2,-0.8049999999999999
3585,3,585,61,3423.5,13,720.0,0,1,2,-0.8049999999999999
3586,3,586,61,3454.0,13,726.5,0,2,2,-0.8049999999999999
3587,3,587,61,3484.5,13,733.0,0,1,2,-0.8049999999999999
3588,3,588,61,3515.0,13,739.5,0,2,2,-0.8049999999999999
3589,3,589,61,3545.5,13,746.0,0,0,2,-0.8049999999999999
3590,3,590,61,3576.0,13,752.5,0,1,2,-0.8049999999999999
3591,3,591,61,3606.5,13,759.0,0,2,2,-0.8049999999999999
3592,3,592,62,3638.5,13,765.5,0,0,2,-0.815
3593,3,593,60,3339.0,13,772.0,0,1,3,-0.7949999999999999
3594,3,594,58,3096.0,13,778.5,0,2,3,-0.7749999999999999
3595,3,595,56,2919.5,13,785.0,0,0,3,-0.7550000000000001
3596,3,596,55,2900.0,13,791.5,0,1,3,-0.7450000000000001
3597,3,597,56,2847.5,13,798.0,0,0,3,-0.7550000000000001
3598,3,598,54,2804.0,13,804.5,0,0,3,-0.7350000000000001
3599,3,599,55,2814.5,13,811.0,0,0,3,-0.7450000000000001
3600,3,600,55,2842.0,13,817.5,0,0,3,-0.7450000000000001
3601,3,601,55,2869.5,13,824.0,0,0,3,-0.7450000000000001
3602,3,602,56,2898.5,13,830.5,0,0,3,-0.7550000000000001
3603,3,603,57,2928.0,13,837.0,0,0,3,-0.7649999999999999
3604,3,604,58,2958.0,13,843.5,0,0,3,-0.7749999999999999
3605,3,605,58,2987.0,13,850.0,0,0,3,-0.7749999999999999
3606,3,606,58,3016.0,13,856.5,0,0,3,-0.7749999999999999
3607,3,607,58,3045.0,13,863.0,0,0,3,-0.7749999999999999
3608,3,608,58,3074.0,13,869.5,0,1,3,-0.7749999999999999
3609,3,609,60,3106.0,13,876.0,0,0,3,-0.7949999999999999
3610,3,610,62,3139.0,13,882.5,0,0,3,-0.815
3611,3,611,62,3170.0,13,889.0,0,0,3,-0.815
3612,3,612,63,3202.5,13,895.5,0,0,3,-0.825
3613,3,613,64,3235.5,13,902.0,0,1,3,-0.835
3614,3,614,65,3269.0,13,908.5,0,0,3,-0.845
3615,3,615,65,3301.5,13,915.0,0,0,3,-0.845
3616,3,616,65,3334.0,13,921.5,0,0,3,-0.845
3617,3,617,65,3366.5,13,928.0,0,1,3,-0.845
3618,3,618,65,3399.0,13,934.5,0,2,3,-0.845
3619,3,619,65,3431.5,13,941.0,0,0,3,-0.845
3620,3,620,65,3464.0,13,947.5,0,0,3,-0.845
3621,3,621,65,3496.5,13,954.0,1,0,3,-0.845
3622,3,622,66,3530.5,13,960.5,0,0,3,-0.855
3623,3,623,68,3566.5,13,967.0,0,0,3,-0.875
3624,3,624,69,3602.0,13,973.5,0,1,3,-0.885
3625,3,625,69,3636.5,13,980.0,0,0,3,-0.885
3626,3,626,69,3671.0,13,986.5,0,0,3,-0.885
3627,3,627,69,3705.5,13,993.0,0,0,3,-0.885
3628,3,628,69,3740.0,13,999.5,0,0,3,-0.885
3629,3,629,69,3774.5,13,1006.0,0,2,3,-0.885
3630,3,630,69,3809.0,13,1012.5,0,0,3,-0.885
3631,3,631,69,3843.5,13,1019.0,0,0,3,-0.885
3632,3,632,69,3878.0,13,1025.5,0,0,3,-0.885
3633,3,633,72,3917.0,13,1032.0,0,0,3,-0.915
3634,3,634,72,3953.0,13,1038.5,0,1,3,-0.915
3635,3,635,72,3989.0,13,1045.0,0,1,3,-0.915
3636,3,636,72,4025.0,13,1051.5,0,0,3,-0.915
3637,3,637,74,4064.0,13,1058.0,0,0,3,-0.935
3638,3,638,74,4101.0,13,1064.5,0,1,3,-0.935
3639,3,639,75,4139.5,13,1071.0,0,1,3,-0.9450000000000001
3640,3,640,75,4177.0,13,1077.5,0,0,3,-0.9450000000000001
3641,3,641,75,4214.5,13,1084.0,0,0,3,-0.9450000000000001
3642,3,642,75,4252.0,13,1090.5,0,0,3,-0.9450000000000001
3643,3,643,76,4291.0,13,1097.0,0,0,3,-0.9550000000000001
3644,3,644,77,4330.5,13,1103.5,0,0,3,-0.9650000000000001
3645,3,645,77,4369.0,13,1110.0,0,0,3,-0.9650000000000001
3646,3,646,77,4407.5,13,1116.5,0,0,3,-0.9650000000000001
3647,3,647,77,4446.0,13,1123.0,0,0,3,-0.9650000000000001
3648,3,648,77,4484.5,13,1129.5,0,1,3,-0.9650000000000001
3649,3,649,78,4524.5,13,1136.0,0,0,3,-0.9750000000000001
3650,3,650,79,4565.0,13,1142.5,0,0,3,-0.9850000000000001
3651,3,651,80,4606.0,13,1149.0,0,0,3,-0.9950000000000001
3652,3,652,81,4647.5,13,1155.5,0,0,3,-1.0050000000000001
3653,3,653,82,4689.5,13,1162.0,0,0,4,-1.015
3654,3,654,83,4732.0,13,1168.5,0,0,4,-1.025
3655,3,655,83,4773.5,13,1175.0,0,0,4,-1.025
3656,3,656,83,4815.0,13,1181.5,0,0,4,-1.025
3657,3,657,83,4856.5,13,1188.0,0,0,4,-1.025
3658,3,658,83,4898.0,13,1194.5,0,0,4,-1.025
3659,3,659,83,4939.5,13,1201.0,0,0,4,-1.025
3660,3,660,83,4981.0,13,1207.5,0,0,4,-1.025
3661,3,661,83,5022.5,13,1214.0,0,0,4,-1.025
3662,3,662,84,5065.5,13,1220.5,0,0,4,-1.035
3663,3,663,84,5107.5,13,1227.0,0,0,4,-1.035
3664,3,664,85,5151.0,13,1233.5,0,0,4,-1.045
3665,3,665,79,4525.0,10,996.5,0,1,5,-0.9400000000000001
3666,3,666,76,4039.5,9,931.5,1,0,5,-0.895
3667,3,667,73,3591.5,8,869.0,0,0,5,-0.85
3668,3,668,69,3182.5,7,817.5,1,0,5,-0.7949999999999999
3669,3,669,68,3118.5,8,822.5,0,0,5,-0.8
3670,3,670,65,2842.5,8,826.5,0,0,5,-0.77
3671,3,671,61,2495.5,8,830.5,0,0,5,-0.73
3672,3,672,59,2355.5,8,834.5,0,0,5,-0.71
3673,3,673,58,2227.0,6,660.0,1,0,5,-0.6699999999999999
3674,3,674,54,1957.5,6,663.0,0,0,5,-0.63
3675,3,675,52,1840.0,6,666.0,0,0,5,-0.61
3676,3,676,50,1747.0,6,669.0,0,0,5,-0.59
3677,3,677,47,1555.0,6,672.0,0,0,5,-0.5599999999999999
3678,3,678,45,1476.0,7,676.5,0,1,5,-0.555
3679,3,679,43,1425.5,6,673.5,0,0,5,-0.52
3680,3,680,41,1296.5,6,676.5,0,0,5,-0.5
3681,3,681,41,1283.5,6,679.5,0,2,5,-0.5
3682,3,682,38,1219.0,6,682.5,0,1,5,-0.47
3683,3,683,34,1149.5,3,290.5,0,0,5,-0.385
3684,3,684,36,1169.5,4,293.5,0,1,5,-0.42
3685,3,685,34,1142.0,4,295.5,0,0,5,-0.4
3686,3,686,32,1136.5,4,297.5,0,0,5,-0.38
3687,3,687,32,1152.5,4,299.5,0,3,5,-0.38
3688,3,688,30,1160.5,4,301.5,0,0,5,-0.36
3689,3,689,30,1175.5,3,299.5,0,0,5,-0.345
3690,3,690,30,1190.5,4,302.5,0,1,5,-0.36
3691,3,691,30,1205.5,4,304.5,0,1,5,-0.36
3692,3,692,30,1220.5,4,306.5,0,0,5,-0.36
3693,3,693,30,1235.5,4,308.5,0,2,5,-0.36
3694,3,694,30,1250.5,5,312.0,1,0,5,-0.375
3695,3,695,30,1265.5,5,314.5,0,0,5,-0.375
3696,3,696,30,1280.5,5,317.0,0,0,5,-0.375
3697,3,697,30,1295.5,4,314.5,0,1,5,-0.36
3698,3,698,30,1310.5,4,316.5,0,0,5,-0.36
3699,3,699,30,1325.5,4,318.5,0,0,5,-0.36
3700,3,700,32,1343.5,5,322.0,0,0,5,-0.395
3701,3,701,32,1359.5,5,324.5,0,0,5,-0.395
3702,3,702,32,1375.5,6,328.5,0,0,5,-0.41000000000000003
3703,3,703,36,1397.5,4,326.5,0,0,5,-0.42
3704,3,704,36,1415.5,4,328.5,0,2,5,-0.42
3705,3,705,37,1435.0,4,330.5,0,0,5,-0.43
3706,3,706,37,1453.5,6,335.5,0,0,5,-0.45999999999999996
3707,3,707,37,1472.0,5,330.5,0,0,5,-0.445
3708,3,708,37,1490.5,5,333.0,0,0,5,-0.445
3709,3,709,37,1509.0,5,335.5,0,0,5,-0.445
3710,3,710,37,1527.5,5,338.0,0,0,5,-0.445
3711,3,711,39,1549.0,6,342.0,0,0,5,-0.48
3712,3,712,40,1570.0,6,345.0,0,0,5,-0.49
3713,3,713,41,1591.5,6,348.0,0,0,5,-0.5
3714,3,714,41,1612.0,6,351.0,0,0,5,-0.5
3715,3,715,39,1408.5,6,354.0,0,0,6,-0.48
3716,3,716,37,1311.5,6,357.0,0,0,6,-0.45999999999999996
3717,3,717,35,1319.0,6,360.0,0,0,6,-0.43999999999999995
3718,3,718,35,1336.5,6,363.0,1,0,6,-0.43999999999999995
3719,3,719,35,1354.0,6,366.0,0,0,6,-0.43999999999999995
3720,3,720,35,1371.5,6,369.0,0,0,6,-0.43999999999999995
3721,3,721,35,1389.0,6,372.0,0,0,6,-0.43999999999999995
3722,3,722,38,1411.0,6,375.0,0,0,6,-0.47
3723,3,723,39,1431.5,6,378.0,0,0,6,-0.48
3724,3,724,39,1451.0,6,381.0,0,0,6,-0.48
3725,3,725,39,1470.5,6,384.0,0,2,6,-0.48
3726,3,726,39,1490.0,6,387.0,0,0,6,-0.48
3727,3,727,39,1509.5,6,390.0,0,0,6,-0.48
3728,3,728,39,1529.0,6,393.0,0,0,6,-0.48
3729,3,729,40,1550.0,6,396.0,0,0,6,-0.49
3730,3,730,40,1570.0,6,399.0,0,0,6,-0.49
3731,3,731,40,1590.0,6,402.0,0,0,6,-0.49
3732,3,732,40,1610.0,6,405.0,0,0,6,-0.49
3733,3,733,42,1633.0,6,408.0,0,0,6,-0.51
3734,3,734,42,1654.0,6,411.0,0,0,6,-0.51
3735,3,735,42,1675.0,6,414.0,0,0,6,-0.51
3736,3,736,42,1696.0,6,417.0,0,0,6,-0.51
3737,3,737,42,1717.0,6,420.0,0,0,6,-0.51
3738,3,738,42,1738.0,7,424.5,0,0,6,-0.525
3739,3,739,42,1759.0,7,428.0,0,0,6,-0.525
3740,3,740,42,1780.0,7,431.5,0,0,6,-0.525
3741,3,741,43,1802.5,7,435.0,0,0,6,-0.535
3742,3,742,44,1825.5,7,438.5,0,0,6,-0.545
3743,3,743,44,1847.5,7,442.0,0,0,6,-0.545
3744,3,744,44,1869.5,7,445.5,0,1,6,-0.545
3745,3,745,44,1891.5,7,449.0,0,1,6,-0.545
3746,3,746,44,1913.5,7,452.5,0,0,6,-0.545
3747,3,747,44,1935.5,7,456.0,0,0,6,-0.545
3748,3,748,44,1957.5,7,459.5,0,0,6,-0.545
3749,3,749,44,1979.5,7,463.0,0,0,6,-0.545
3750,3,750,44,2001.5,7,466.5,0,0,6,-0.545
3751,3,751,44,2023.5,7,470.0,0,0,6,-0.545
3752,3,752,44,2045.5,7,473.5,0,0,6,-0.545
3753,3,753,44,2067.5,7,477.0,0,0,6,-0.545
3754,3,754,45,2091.0,7,480.5,0,0,6,-0.555
3755,3,755,45,2113.5,8,485.5,0,2,6,-0.5700000000000001
3756,3,756,45,2136.0,8,489.5,0,0,6,-0.5700000000000001
3757,3,757,45,2158.5,8,493.5,0,2,6,-0.5700000000000001
3758,3,758,45,2181.0,8,497.5,0,2,6,-0.5700000000000001
3759,3,759,46,2205.0,8,501.5,0,0,6,-0.5800000000000001
3760,3,760,46,2228.0,8,505.5,0,3,6,-0.5800000000000001
3761,3,761,46,2251.0,8,509.5,0,1,6,-0.5800000000000001
3762,3,762,47,2275.5,8,513.5,0,1,6,-0.59
3763,3,763,48,2300.5,8,517.5,0,1,6,-0.6
3764,3,764,48,2324.5,8,521.5,0,2,6,-0.6
3765,3,765,48,2348.5,8,525.5,0,1,6,-0.6
3766,3,766,48,2372.5,8,529.5,0,1,6,-0.6
3767,3,767,48,2396.5,8,533.5,0,2,6,-0.6
3768,3,768,48,2420.5,8,537.5,0,1,6,-0.6
3769,3,769,48,2444.5,8,541.5,0,1,6,-0.6
3770,3,770,48,2468.5,8,545.5,0,2,6,-0.6
3771,3,771,49,2494.0,8,549.5,0,1,6,-0.61
3772,3,772,51,2521.5,8,553.5,0,1,6,-0.63
3773,3,773,51,2547.0,8,557.5,0,1,6,-0.63
3774,3,774,51,2572.5,8,561.5,0,1,6,-0.63
3775,3,775,51,2598.0,8,565.5,0,2,6,-0.63
3776,3,776,53,2626.5,8,569.5,0,0,6,-0.65
3777,3,777,53,2653.0,8,573.5,0,1,6,-0.65
3778,3,778,53,2679.5,8,577.5,0,2,6,-0.65
3779,3,779,53,2706.0,8,581.5,0,0,6,-0.65
3780,3,780,54,2734.0,8,585.5,0,1,6,-0.66
3781,3,781,54,2761.0,9,591.0,0,2,6,-0.675
3782,3,782,54,2788.0,9,595.5,0,0,6,-0.675
3783,3,783,55,2816.5,9,600.0,0,1,6,-0.685
3784,3,784,55,2844.0,9,604.5,1,2,6,-0.685
3785,3,785,55,2871.5,9,609.0,0,0,6,-0.685
3786,3,786,55,2899.0,9,613.5,0,1,6,-0.685
3787,3,787,55,2926.5,10,619.5,0,1,6,-0.7000000000000001
3788,3,788,56,2955.5,10,624.5,0,2,6,-0.7100000000000001
3789,3,789,55,2981.5,10,629.5,0,0,6,-0.7000000000000001
3790,3,790,55,3009.0,10,634.5,0,1,6,-0.7000000000000001
3791,3,791,56,3038.0,10,639.5,0,1,6,-0.7100000000000001
3792,3,792,56,3066.0,10,644.5,0,0,6,-0.7100000000000001
3793,3,793,56,3094.0,10,649.5,0,3,6,-0.7100000000000001
3794,3,794,56,3122.0,10,654.5,0,0,6,-0.7100000000000001
3795,3,795,57,3151.5,10,659.5,0,1,6,-0.72
3796,3,796,57,3180.0,10,664.5,0,2,6,-0.72
3797,3,797,57,3208.5,10,669.5,0,2,6,-0.72
3798,3,798,57,3237.0,10,674.5,0,0,6,-0.72
3799,3,799,58,3267.0,10,679.5,0,1,6,-0.73
3800,3,800,58,3296.0,10,684.5,0,1,6,-0.73
3801,3,801,58,3325.0,10,689.5,0,1,6,-0.73
3802,3,802,59,3355.5,10,694.5,0,3,6,-0.74
3803,3,803,60,3386.5,10,699.5,1,1,6,-0.75
3804,3,804,60,3416.5,10,704.5,0,2,6,-0.75
3805,3,805,60,3446.5,10,709.5,0,0,7,-0.75
3806,3,806,60,3476.5,10,714.5,0,1,7,-0.75
3807,3,807,60,3506.5,10,719.5,0,2,7,-0.75
3808,3,808,60,3536.5,10,724.5,0,2,7,-0.75
3809,3,809,60,3566.5,10,729.5,0,2,7,-0.75
3810,3,810,61,3598.0,10,734.5,0,0,7,-0.76
3811,3,811,63,3631.5,10,739.5,0,1,7,-0.78
3812,3,812,63,3663.0,10,744.5,0,1,7,-0.78
3813,3,813,63,3694.5,10,749.5,0,0,7,-0.78
3814,3,814,63,3726.0,10,754.5,0,1,7,-0.78
3815,3,815,63,3757.5,10,759.5,0,1,7,-0.78
3816,3,816,65,3792.0,10,764.5,0,1,7,-0.8
3817,3,817,64,3509.5,10,769.5,0,1,8,-0.79
3818,3,818,63,3289.5,10,774.5,0,2,8,-0.78
3819,3,819,62,3140.5,10,779.5,0,0,8,-0.77
3820,3,820,61,3121.0,10,784.5,1,0,8,-0.76
3821,3,821,60,3074.5,10,789.5,0,1,8,-0.75
3822,3,822,60,3079.5,10,794.5,0,0,8,-0.75
3823,3,823,60,3109.5,10,799.5,0,0,8,-0.75
3824,3,824,60,3139.5,10,804.5,0,0,8,-0.75
3825,3,825,60,3169.5,10,809.5,0,0,8,-0.75
3826,3,826,60,3199.5,10,814.5,0,2,8,-0.75
3827,3,827,60,3229.5,10,819.5,0,0,8,-0.75
3828,3,828,60,3259.5,10,824.5,0,0,8,-0.75
3829,3,829,60,3289.5,10,829.5,0,0,8,-0.75
3830,3,830,60,3319.5,10,834.5,0,0,8,-0.75
3831,3,831,60,3349.5,10,839.5,0,0,8,-0.75
3832,3,832,61,3381.0,10,844.5,0,0,8,-0.76
3833,3,833,61,3411.5,10,849.5,0,0,8,-0.76
3834,3,834,61,3442.0,10,854.5,0,0,8,-0.76
3835,3,835,61,3472.5,10,859.5,0,1,8,-0.76
3836,3,836,61,3503.0,10,864.5,0,1,8,-0.76
3837,3,837,61,3533.5,10,869.5,0,0,8,-0.76
3838,3,838,62,3565.5,10,874.5,0,0,8,-0.77
3839,3,839,63,3598.0,10,879.5,0,0,8,-0.78
3840,3,840,64,3631.0,10,884.5,0,0,8,-0.79
3841,3,841,65,3664.5,10,889.5,0,0,8,-0.8
3842,3,842,66,3698.5,10,894.5,0,2,8,-0.81
3843,3,843,66,3731.5,10,899.5,0,0,8,-0.81
3844,3,844,68,3767.5,10,904.5,0,1,8,-0.8300000000000001
3845,3,845,68,3801.5,10,909.5,1,0,8,-0.8300000000000001
3846,3,846,68,3835.5,10,914.5,0,0,8,-0.8300000000000001
3847,3,847,68,3869.5,10,919.5,0,0,8,-0.8300000000000001
3848,3,848,68,3903.5,10,924.5,0,0,8,-0.8300000000000001
3849,3,849,68,3937.5,10,929.5,0,0,8,-0.8300000000000001
3850,3,850,68,3971.5,10,934.5,0,0,8,-0.8300000000000001
3851,3,851,70,4008.5,10,939.5,0,0,8,-0.85
3852,3,852,71,4045.0,10,944.5,0,0,8,-0.86
3853,3,853,72,4082.0,10,949.5,0,0,8,-0.87
3854,3,854,72,4118.0,10,954.5,0,0,8,-0.87
3855,3,855,72,4154.0,10,959.5,0,0,8,-0.87
3856,3,856,72,4190.0,10,964.5,0,0,8,-0.87
3857,3,857,73,4227.5,10,969.5,0,1,8,-0.88
3858,3,858,73,4264.0,10,974.5,0,1,8,-0.88
3859,3,859,73,4300.5,10,979.5,1,0,8,-0.88
3860,3,860,74,4338.5,10,984.5,0,0,8,-0.89
3861,3,861,74,4375.5,10,989.5,0,0,8,-0.89
3862,3,862,76,4415.5,10,994.5,0,0,8,-0.91
3863,3,863,76,4453.5,10,999.5,0,2,8,-0.91
3864,3,864,76,4491.5,10,1004.5,0,0,8,-0.91
3865,3,865,76,4529.5,10,1009.5,0,0,8,-0.91
3866,3,866,76,4567.5,10,1014.5,0,0,8,-0.91
3867,3,867,76,4605.5,10,1019.5,0,1,8,-0.91
3868,3,868,76,4643.5,10,1024.5,0,0,8,-0.91
3869,3,869,77,4683.0,10,1029.5,0,0,8,-0.92
3870,3,870,78,4723.0,11,1036.0,0,0,8,-0.9450000000000001
3871,3,871,78,4762.0,11,1041.5,0,0,8,-0.9450000000000001
3872,3,872,79,4802.5,12,1048.5,0,0,8,-0.97
3873,3,873,80,4843.5,12,1054.5,0,0,8,-0.98
3874,3,874,80,4883.5,12,1060.5,0,0,8,-0.98
3875,3,875,80,4923.5,12,1066.5,0,0,8,-0.98
3876,3,876,80,4963.5,12,1072.5,0,0,8,-0.98
3877,3,877,80,5003.5,12,1078.5,1,0,9,-0.98
3878,3,878,81,5045.0,12,1084.5,0,1,9,-0.99
3879,3,879,81,5085.5,12,1090.5,0,0,9,-0.99
3880,3,880,81,5126.0,12,1096.5,0,0,9,-0.99
3881,3,881,83,5169.5,14,1105.5,0,1,9,-1.04
3882,3,882,84,5212.5,14,1112.5,0,0,9,-1.05
3883,3,883,80,4684.0,10,878.0,0,0,0,-0.9500000000000001
3884,3,884,76,4186.0,10,883.0,0,0,0,-0.91
3885,3,885,72,3729.5,10,888.0,0,0,0,-0.87
3886,3,886,68,3301.5,10,893.0,0,0,0,-0.8300000000000001
3887,3,887,68,3335.5,9,808.5,0,0,0,-0.8150000000000001
3888,3,888,65,2953.0,9,813.0,0,0,0,-0.785
3889,3,889,62,2606.0,9,722.0,0,0,0,-0.755
3890,3,890,58,2361.5,9,726.5,0,0,0,-0.715
3891,3,891,55,2185.5,8,637.0,0,0,0,-0.67
3892,3,892,50,1879.0,7,628.5,1,0,0,-0.605
3893,3,893,48,1736.0,7,632.0,0,0,0,-0.585
3894,3,894,46,1630.0,7,624.5,0,0,0,-0.5650000000000001
3895,3,895,41,1408.0,6,619.5,0,1,0,-0.5
3896,3,896,40,1380.5,7,624.0,0,1,0,-0.505
3897,3,897,40,1308.5,7,627.5,0,0,0,-0.505
3898,3,898,38,1218.0,6,627.5,0,0,0,-0.47
3899,3,899,37,1202.0,5,425.0,0,1,0,-0.445
3900,3,900,35,1173.5,5,427.5,0,0,0,-0.425
3901,3,901,33,1135.0,5,430.0,0,0,0,-0.405
3902,3,902,33,1136.5,3,219.0,0,1,0,-0.375
3903,3,903,31,1144.0,3,220.5,0,0,0,-0.355
3904,3,904,30,1150.0,3,222.0,0,0,0,-0.345
3905,3,905,30,1165.0,3,223.5,1,1,0,-0.345
3906,3,906,30,1180.0,3,225.0,0,0,0,-0.345
3907,3,907,30,1195.0,3,226.5,0,0,0,-0.345
3908,3,908,30,1210.0,3,228.0,0,0,0,-0.345
3909,3,909,31,1226.5,3,229.5,0,0,0,-0.355
3910,3,910,31,1242.0,2,24.0,0,0,0,-0.33999999999999997
3911,3,911,31,1257.5,2,25.0,0,0,0,-0.33999999999999997
3912,3,912,32,1274.5,2,26.0,0,0,0,-0.35
3913,3,913,34,1293.5,2,27.0,0,0,0,-0.37
3914,3,914,35,1312.0,2,28.0,0,1,0,-0.38
3915,3,915,35,1329.5,2,29.0,0,0,0,-0.38
3916,3,916,36,1348.5,2,30.0,0,0,0,-0.39
3917,3,917,36,1366.5,2,31.0,0,1,0,-0.39
3918,3,918,37,1386.0,2,32.0,0,0,0,-0.4
3919,3,919,37,1404.5,2,33.0,0,0,0,-0.4
3920,3,920,38,1424.5,2,34.0,0,0,0,-0.41000000000000003
3921,3,921,41,1448.0,2,35.0,0,2,0,-0.43999999999999995
3922,3,922,41,1468.5,2,36.0,0,1,0,-0.43999999999999995
3923,3,923,41,1489.0,2,37.0,0,1,0,-0.43999999999999995
3924,3,924,41,1509.5,2,38.0,0,0,0,-0.43999999999999995
3925,3,925,41,1530.0,2,39.0,0,1,0,-0.43999999999999995
3926,3,926,41,1550.5,2,40.0,0,0,0,-0.43999999999999995
3927,3,927,41,1571.0,2,41.0,0,0,0,-0.43999999999999995
3928,3,928,42,1593.0,2,42.0,0,1,0,-0.44999999999999996
3929,3,929,42,1614.0,2,43.0,0,0,0,-0.44999999999999996
3930,3,930,42,1635.0,2,44.0,0,0,0,-0.44999999999999996
3931,3,931,44,1659.0,2,45.0,0,0,0,-0.47
3932,3,932,44,1681.0,2,46.0,0,0,0,-0.47
3933,3,933,42,1479.5,2,47.0,0,0,1,-0.44999999999999996
3934,3,934,40,1374.0,2,48.0,0,0,1,-0.43000000000000005
3935,3,935,38,1369.5,2,49.0,0,0,1,-0.41000000000000003
3936,3,936,38,1388.5,2,50.0,0,0,1,-0.41000000000000003
3937,3,937,38,1407.5,2,51.0,0,0,1,-0.41000000000000003
3938,3,938,38,1426.5,2,52.0,0,0,1,-0.41000000000000003
3939,3,939,38,1445.5,2,53.0,0,0,1,-0.41000000000000003
3940,3,940,38,1464.5,2,54.0,1,0,1,-0.41000000000000003
3941,3,941,40,1486.5,2,55.0,0,0,1,-0.43000000000000005
3942,3,942,40,1506.5,2,56.0,0,0,1,-0.43000000000000005
3943,3,943,41,1528.0,2,57.0,0,0,1,-0.43999999999999995
3944,3,944,42,1550.0,2,58.0,1,0,1,-0.44999999999999996
3945,3,945,42,1571.0,2,59.0,1,0,1,-0.44999999999999996
3946,3,946,40,1584.0,2,60.0,0,0,1,-0.43000000000000005
3947,3,947,39,1599.0,2,61.0,0,0,1,-0.42000000000000004
3948,3,948,40,1620.0,2,62.0,0,0,1,-0.43000000000000005
3949,3,949,43,1644.5,2,63.0,0,0,1,-0.45999999999999996
3950,3,950,44,1667.5,2,64.0,0,0,1,-0.47
3951,3,951,44,1689.5,2,65.0,0,0,1,-0.47
3952,3,952,44,1711.5,2,66.0,0,0,1,-0.47
3953,3,953,45,1735.0,2,67.0,0,0,1,-0.48
3954,3,954,45,1757.5,2,68.0,0,0,1,-0.48
3955,3,955,45,1780.0,2,69.0,0,0,1,-0.48
3956,3,956,45,1802.5,2,70.0,0,0,1,-0.48
3957,3,957,45,1825.0,2,71.0,0,0,1,-0.48
3958,3,958,43,1799.0,2,72.0,0,0,1,-0.45999999999999996
3959,3,959,43,1820.5,2,73.0,0,0,1,-0.45999999999999996
3960,3,960,44,1843.5,2,74.0,0,0,1,-0.47
3961,3,961,45,1867.0,2,75.0,0,0,1,-0.48
3962,3,962,45,1889.5,2,76.0,0,0,1,-0.48
3963,3,963,45,1912.0,2,77.0,0,2,1,-0.48
3964,3,964,46,1936.0,2,78.0,0,0,1,-0.49
3965,3,965,46,1959.0,2,79.0,0,0,1,-0.49
3966,3,966,46,1982.0,2,80.0,0,1,1,-0.49
3967,3,967,46,2005.0,2,81.0,0,0,1,-0.49
3968,3,968,46,2028.0,2,82.0,0,0,1,-0.49
3969,3,969,46,2051.0,2,83.0,0,1,1,-0.49
3970,3,970,47,2075.5,2,84.0,0,0,1,-0.5
3971,3,971,47,2099.0,3,86.5,0,0,1,-0.515
3972,3,972,47,2122.5,3,88.0,0,1,1,-0.515
3973,3,973,47,2146.0,4,91.0,1,2,1,-0.53
3974,3,974,47,2169.5,4,93.0,0,0,1,-0.53
3975,3,975,47,2193.0,5,96.5,0,2,1,-0.5449999999999999
3976,3,976,48,2218.0,5,99.0,0,2,1,-0.5549999999999999
3977,3,977,48,2242.0,5,101.5,0,0,1,-0.5549999999999999
3978,3,978,48,2266.0,5,104.0,0,4,1,-0.5549999999999999
3979,3,979,48,2290.0,5,106.5,0,0,1,-0.5549999999999999
3980,3,980,49,2315.5,6,110.5,0,0,1,-0.58
3981,3,981,51,2343.0,6,113.5,0,3,1,-0.6
3982,3,982,51,2368.5,6,116.5,0,1,1,-0.6
3983,3,983,51,2394.0,7,121.0,0,0,1,-0.615
3984,3,984,52,2421.0,7,124.5,0,2,1,-0.625
3985,3,985,52,2447.0,7,128.0,0,2,1,-0.625
3986,3,986,52,2473.0,7,131.5,0,0,1,-0.625
3987,3,987,52,2499.0,7,135.0,0,2,1,-0.625
3988,3,988,52,2525.0,7,138.5,0,2,1,-0.625
3989,3,989,52,2551.0,7,142.0,0,0,1,-0.625
3990,3,990,53,2578.5,7,145.5,0,2,1,-0.635
3991,3,991,54,2606.5,7,149.0,0,1,1,-0.645
3992,3,992,54,2633.5,8,154.0,0,0,1,-0.66
3993,3,993,54,2660.5,8,158.0,0,1,1,-0.66
3994,3,994,54,2687.5,8,162.0,0,1,1,-0.66
3995,3,995,54,2714.5,8,166.0,0,0,1,-0.66
3996,3,996,54,2741.5,8,170.0,0,1,1,-0.66
3997,3,997,55,2770.0,8,174.0,0,2,1,-0.67
3998,3,998,55,2797.5,8,178.0,0,1,1,-0.67
3999,3,999,55,2825.0,8,182.0,0,1,1,-0.67
4000,4,0,0,0.0,0,0.0,0,0,0,-0.0
4001,4,1,0,0.0,0,0.0,0,0,0,-0.0
4002,4,2,0,0.0,1,1.5,0,0,0,-0.015
4003,4,3,0,0.0,0,0.0,0,0,0,-0.0
4004,4,4,0,0.0,0,0.0,0,0,0,-0.0
4005,4,5,0,0.0,0,0.0,0,0,0,-0.0
4006,4,6,0,0.0,0,0.0,0,0,0,-0.0
4007,4,7,0,0.0,0,0.0,0,0,0,-0.0
4008,4,8,0,0.0,0,0.0,0,0,0,-0.0
4009,4,9,0,0.0,0,0.0,0,0,0,-0.0
4010,4,10,0,0.0,0,0.0,0,0,0,-0.0
4011,4,11,0,0.0,0,0.0,0,0,0,-0.0
4012,4,12,0,0.0,0,0.0,0,0,0,-0.0
4013,4,13,0,0.0,0,0.0,0,0,0,-0.0
4014,4,14,0,0.0,0,0.0,0,0,0,-0.0
4015,4,15,0,0.0,0,0.0,0,0,0,-0.0
4016,4,16,0,0.0,0,0.0,0,0,0,-0.0
4017,4,17,0,0.0,0,0.0,0,0,0,-0.0
4018,4,18,0,0.0,0,0.0,0,0,0,-0.0
4019,4,19,0,0.0,0,0.0,0,0,0,-0.0
4020,4,20,0,0.0,0,0.0,0,0,0,-0.0
4021,4,21,0,0.0,0,0.0,0,0,0,-0.0
4022,4,22,0,0.0,0,0.0,0,0,0,-0.0
4023,4,23,0,0.0,0,0.0,0,0,0,-0.0
4024,4,24,0,0.0,0,0.0,0,0,0,-0.0
4025,4,25,0,0.0,0,0.0,0,0,0,-0.0
4026,4,26,0,0.0,0,0.0,0,0,0,-0.0
4027,4,27,0,0.0,0,0.0,0,0,0,-0.0
4028,4,28,0,0.0,0,0.0,0,0,0,-0.0
4029,4,29,0,0.0,0,0.0,0,0,0,-0.0
4030,4,30,0,0.0,0,0.0,0,0,0,-0.0
4031,4,31,0,0.0,0,0.0,0,0,0,-0.0
4032,4,32,0,0.0,0,0.0,0,0,0,-0.0
4033,4,33,0,0.0,0,0.0,0,0,0,-0.0
4034,4,34,0,0.0,0,0.0,0,0,0,-0.0
4035,4,35,0,0.0,0,0.0,0,0,0,-0.0
4036,4,36,0,0.0,0,0.0,0,0,0,-0.0
4037,4,37,0,0.0,0,0.0,0,0,0,-0.0
4038,4,38,0,0.0,0,0.0,0,0,0,-0.0
4039,4,39,0,0.0,0,0.0,0,0,0,-0.0
4040,4,40,0,0.0,0,0.0,0,0,0,-0.0
4041,4,41,0,0.0,0,0.0,0,0,0,-0.0
4042,4,42,0,0.0,0,0.0,0,0,0,-0.0
4043,4,43,0,0.0,0,0.0,0,0,0,-0.0
4044,4,44,0,0.0,0,0.0,0,0,0,-0.0
4045,4,45,0,0.0,0,0.0,0,0,0,-0.0
4046,4,46,0,0.0,0,0.0,0,0,0,-0.0
4047,4,47,0,0.0,0,0.0,0,0,0,-0.0
4048,4,48,0,0.0,0,0.0,0,0,0,-0.0
4049,4,49,0,0.0,0,0.0,0,0,1,-0.0
4050,4,50,0,0.0,0,0.0,0,0,1,-0.0
4051,4,51,0,0.0,0,0.0,0,0,1,-0.0
4052,4,52,0,0.0,0,0.0,0,0,1,-0.0
4053,4,53,0,0.0,0,0.0,0,0,1,-0.0
4054,4,54,0,0.0,0,0.0,0,0,1,-0.0
4055,4,55,0,0.0,0,0.0,0,0,1,-0.0
4056,4,56,0,0.0,0,0.0,0,0,1,-0.0
4057,4,57,0,0.0,0,0.0,0,0,1,-0.0
4058,4,58,0,0.0,0,0.0,0,0,1,-0.0
4059,4,59,0,0.0,0,0.0,0,0,1,-0.0
4060,4,60,0,0.0,0,0.0,0,0,1,-0.0
4061,4,61,0,0.0,0,0.0,0,0,1,-0.0
4062,4,62,0,0.0,0,0.0,0,0,1,-0.0
4063,4,63,0,0.0,0,0.0,0,0,1,-0.0
4064,4,64,0,0.0,0,0.0,0,0,1,-0.0
4065,4,65,0,0.0,0,0.0,0,0,1,-0.0
4066,4,66,0,0.0,0,0.0,0,0,1,-0.0
4067,4,67,0,0.0,0,0.0,0,0,1,-0.0
4068,4,68,0,0.0,1,1.5,0,0,1,-0.015
4069,4,69,0,0.0,1,2.0,0,0,1,-0.015
4070,4,70,0,0.0,1,2.5,0,0,1,-0.015
4071,4,71,0,0.0,2,4.5,0,0,1,-0.03
4072,4,72,0,0.0,2,5.5,0,0,1,-0.03
4073,4,73,0,0.0,3,8.0,0,0,1,-0.045
4074,4,74,0,0.0,3,9.5,0,0,1,-0.045
4075,4,75,0,0.0,3,11.0,0,0,1,-0.045
4076,4,76,0,0.0,3,12.5,0,0,1,-0.045
4077,4,77,0,0.0,3,14.0,0,0,1,-0.045
4078,4,78,3,4.5,3,15.5,0,0,1,-0.075
4079,4,79,3,6.0,3,17.0,0,0,1,-0.075
4080,4,80,3,7.5,3,18.5,0,0,1,-0.075
4081,4,81,3,9.0,3,20.0,0,0,1,-0.075
4082,4,82,3,10.5,3,21.5,0,0,1,-0.075
4083,4,83,3,12.0,3,23.0,0,0,1,-0.075
4084,4,84,3,13.5,3,24.5,0,0,1,-0.075
4085,4,85,3,15.0,3,26.0,0,0,1,-0.075
4086,4,86,8,24.0,5,30.5,0,0,1,-0.155
4087,4,87,8,28.0,5,33.0,0,0,1,-0.155
4088,4,88,8,32.0,4,33.0,0,0,1,-0.14
4089,4,89,9,37.5,4,35.0,0,0,1,-0.15
4090,4,90,9,42.0,4,37.0,0,0,1,-0.15
4091,4,91,9,46.5,5,40.5,0,0,1,-0.16499999999999998
4092,4,92,9,51.0,5,43.0,0,0,1,-0.16499999999999998
4093,4,93,9,55.5,5,45.5,0,0,1,-0.16499999999999998
4094,4,94,9,60.0,5,48.0,0,0,1,-0.16499999999999998
4095,4,95,9,64.5,5,50.5,0,0,1,-0.16499999999999998
4096,4,96,9,69.0,5,53.0,0,0,1,-0.16499999999999998
4097,4,97,9,73.5,5,55.5,0,0,1,-0.16499999999999998
4098,4,98,9,78.0,5,58.0,0,0,1,-0.16499999999999998
4099,4,99,10,84.0,5,60.5,0,0,1,-0.175
4100,4,100,10,89.0,5,63.0,0,0,1,-0.175
4101,4,101,11,95.5,5,65.5,0,0,1,-0.185
4102,4,102,12,102.5,5,68.0,0,0,1,-0.195
4103,4,103,12,108.5,7,73.5,0,0,1,-0.22499999999999998
4104,4,104,12,114.5,6,75.0,0,0,1,-0.21
4105,4,105,12,120.5,6,78.0,0,0,1,-0.21
4106,4,106,12,126.5,6,81.0,0,0,1,-0.21
4107,4,107,12,132.5,7,85.5,0,0,1,-0.22499999999999998
4108,4,108,12,138.5,7,89.0,0,0,1,-0.22499999999999998
4109,4,109,12,144.5,7,92.5,0,0,1,-0.22499999999999998
4110,4,110,12,150.5,7,96.0,0,0,1,-0.22499999999999998
4111,4,111,12,156.5,7,99.5,0,0,1,-0.22499999999999998
4112,4,112,12,162.5,7,103.0,0,0,1,-0.22499999999999998
4113,4,113,13,170.0,7,106.5,0,0,1,-0.235
4114,4,114,14,178.0,7,110.0,0,0,1,-0.245
4115,4,115,14,185.0,7,113.5,0,0,1,-0.245
4116,4,116,14,192.0,7,117.0,0,0,1,-0.245
4117,4,117,14,199.0,7,120.5,0,0,1,-0.245
4118,4,118,14,206.0,7,124.0,0,0,1,-0.245
4119,4,119,14,213.0,7,127.5,0,0,1,-0.245
4120,4,120,14,220.0,8,132.5,0,0,1,-0.26
4121,4,121,14,227.0,8,136.5,0,0,1,-0.26
4122,4,122,14,234.0,8,140.5,0,0,1,-0.26
4123,4,123,15,242.5,8,144.5,0,0,1,-0.27
4124,4,124,15,250.0,8,148.5,0,0,1,-0.27
4125,4,125,15,257.5,8,152.5,0,0,1,-0.27
4126,4,126,15,265.0,8,156.5,0,0,1,-0.27
4127,4,127,15,272.5,8,160.5,0,0,1,-0.27
4128,4,128,15,280.0,8,164.5,0,0,1,-0.27
4129,4,129,15,287.5,8,168.5,0,0,1,-0.27
4130,4,130,15,295.0,8,172.5,0,0,1,-0.27
4131,4,131,15,302.5,8,176.5,0,0,1,-0.27
4132,4,132,15,310.0,8,180.5,0,0,1,-0.27
4133,4,133,15,317.5,8,184.5,0,0,1,-0.27
4134,4,134,16,326.5,8,188.5,0,0,1,-0.28
4135,4,135,16,334.5,8,192.5,0,0,1,-0.28
4136,4,136,16,342.5,8,196.5,0,0,1,-0.28
4137,4,137,16,350.5,8,200.5,0,0,1,-0.28
4138,4,138,16,358.5,8,204.5,0,0,1,-0.28
4139,4,139,16,366.5,8,208.5,0,0,2,-0.28
4140,4,140,16,374.5,8,212.5,0,0,2,-0.28
4141,4,141,18,385.5,8,216.5,0,0,2,-0.3
4142,4,142,18,394.5,8,220.5,0,0,2,-0.3
4143,4,143,18,403.5,8,224.5,0,0,2,-0.3
4144,4,144,19,414.0,8,228.5,0,0,2,-0.31
4145,4,145,19,423.5,8,232.5,0,0,2,-0.31
4146,4,146,19,433.0,8,236.5,0,0,2,-0.31
4147,4,147,19,442.5,8,240.5,0,0,2,-0.31
4148,4,148,20,453.5,8,244.5,0,2,2,-0.32
4149,4,149,20,463.5,8,248.5,0,0,2,-0.32
4150,4,150,20,473.5,8,252.5,0,0,2,-0.32
4151,4,151,20,418.5,8,256.5,0,2,3,-0.32
4152,4,152,20,428.5,8,260.5,0,0,3,-0.32
4153,4,153,21,440.0,8,264.5,0,0,3,-0.32999999999999996
4154,4,154,22,452.0,8,268.5,0,0,3,-0.33999999999999997
4155,4,155,22,463.0,8,272.5,0,0,3,-0.33999999999999997
4156,4,156,22,474.0,8,276.5,0,0,3,-0.33999999999999997
4157,4,157,22,485.0,8,280.5,0,0,3,-0.33999999999999997
4158,4,158,22,496.0,8,284.5,0,0,3,-0.33999999999999997
4159,4,159,22,507.0,8,288.5,0,2,3,-0.33999999999999997
4160,4,160,22,518.0,8,292.5,0,0,3,-0.33999999999999997
4161,4,161,22,529.0,8,296.5,0,0,3,-0.33999999999999997
4162,4,162,25,544.5,8,300.5,0,0,3,-0.37
4163,4,163,26,558.5,8,304.5,0,0,3,-0.38
4164,4,164,30,577.5,8,308.5,0,0,3,-0.42
4165,4,165,30,592.5,8,312.5,0,0,3,-0.42
4166,4,166,30,607.5,8,316.5,0,0,3,-0.42
4167,4,167,30,622.5,8,320.5,0,0,3,-0.42
4168,4,168,30,637.5,8,324.5,0,0,3,-0.42
4169,4,169,31,654.0,8,328.5,0,0,3,-0.43
4170,4,170,32,671.0,8,332.5,0,1,3,-0.44
4171,4,171,32,687.0,8,336.5,0,0,3,-0.44
4172,4,172,32,703.0,8,340.5,0,0,3,-0.44
4173,4,173,35,723.5,8,344.5,0,0,3,-0.47
4174,4,174,36,742.5,8,348.5,0,0,3,-0.48
4175,4,175,36,760.5,8,352.5,0,0,3,-0.48
4176,4,176,36,778.5,8,356.5,0,0,3,-0.48
4177,4,177,36,796.5,8,360.5,0,0,3,-0.48
4178,4,178,36,814.5,8,364.5,0,0,3,-0.48
4179,4,179,36,832.5,8,368.5,0,0,3,-0.48
4180,4,180,36,850.5,8,372.5,0,2,3,-0.48
4181,4,181,36,868.5,8,376.5,0,0,3,-0.48
4182,4,182,37,888.0,8,380.5,0,0,3,-0.49
4183,4,183,38,908.0,8,384.5,0,0,3,-0.5
4184,4,184,38,927.0,8,388.5,0,0,3,-0.5
4185,4,185,38,946.0,8,392.5,0,0,3,-0.5
4186,4,186,39,966.5,8,396.5,0,1,3,-0.51
4187,4,187,41,989.0,8,400.5,0,0,3,-0.53
4188,4,188,41,1009.5,8,404.5,0,0,3,-0.53
4189,4,189,42,1031.5,8,408.5,0,0,3,-0.54
4190,4,190,42,1052.5,8,412.5,0,0,3,-0.54
4191,4,191,42,1073.5,8,416.5,0,1,3,-0.54
4192,4,192,43,1096.0,8,420.5,0,0,3,-0.55
4193,4,193,45,1120.5,8,424.5,0,0,3,-0.5700000000000001
4194,4,194,46,1144.5,8,428.5,0,0,3,-0.5800000000000001
4195,4,195,46,1167.5,8,432.5,0,0,3,-0.5800000000000001
4196,4,196,48,1193.5,8,436.5,0,0,3,-0.6
4197,4,197,48,1217.5,8,440.5,0,0,3,-0.6
4198,4,198,48,1241.5,8,444.5,0,0,3,-0.6
4199,4,199,48,1265.5,8,448.5,0,0,3,-0.6
4200,4,200,48,1289.5,8,452.5,0,1,3,-0.6
4201,4,201,49,1315.0,8,456.5,0,0,3,-0.61
4202,4,202,50,1341.0,8,460.5,0,0,3,-0.62
4203,4,203,50,1366.0,8,464.5,0,1,3,-0.62
4204,4,204,51,1392.5,8,468.5,0,0,3,-0.63
4205,4,205,51,1418.0,8,472.5,0,0,3,-0.63
4206,4,206,51,1443.5,8,476.5,0,0,3,-0.63
4207,4,207,51,1469.0,8,480.5,0,1,3,-0.63
4208,4,208,51,1494.5,8,484.5,0,0,3,-0.63
4209,4,209,51,1520.0,8,488.5,0,0,3,-0.63
4210,4,210,51,1545.5,8,492.5,0,0,3,-0.63
4211,4,211,52,1572.5,8,496.5,0,2,4,-0.64
4212,4,212,52,1598.5,8,500.5,0,0,4,-0.64
4213,4,213,52,1624.5,8,504.5,0,0,4,-0.64
4214,4,214,52,1650.5,8,508.5,0,0,4,-0.64
4215,4,215,52,1676.5,8,512.5,0,0,4,-0.64
4216,4,216,54,1705.5,8,516.5,0,0,4,-0.66
4217,4,217,54,1732.5,8,520.5,0,0,4,-0.66
4218,4,218,54,1759.5,8,524.5,0,0,4,-0.66
4219,4,219,56,1789.5,8,528.5,0,0,4,-0.68
4220,4,220,56,1817.5,8,532.5,0,0,4,-0.68
4221,4,221,57,1847.0,8,536.5,0,0,4,-0.69
4222,4,222,58,1877.0,8,540.5,0,0,4,-0.7
4223,4,223,53,1573.5,8,544.5,0,0,5,-0.65
4224,4,224,50,1362.5,8,548.5,0,0,5,-0.62
4225,4,225,48,1205.5,8,552.5,0,0,5,-0.6
4226,4,226,44,1073.5,8,556.5,0,0,5,-0.56
4227,4,227,45,1097.0,8,560.5,0,0,5,-0.5700000000000001
4228,4,228,41,997.0,8,564.5,0,0,5,-0.53
4229,4,229,37,938.0,8,568.5,0,0,5,-0.49
4230,4,230,35,931.0,8,572.5,0,0,5,-0.47
4231,4,231,34,932.5,6,431.5,0,0,5,-0.43000000000000005
4232,4,232,32,924.5,5,351.0,0,0,5,-0.395
4233,4,233,31,933.0,3,214.0,0,0,5,-0.355
4234,4,234,31,948.5,3,215.5,0,0,5,-0.355
4235,4,235,31,964.0,3,217.0,0,0,5,-0.355
4236,4,236,33,982.5,3,218.5,0,0,5,-0.375
4237,4,237,33,999.0,3,220.0,0,0,5,-0.375
4238,4,238,33,1015.5,3,221.5,0,0,5,-0.375
4239,4,239,33,1032.0,3,223.0,0,0,5,-0.375
4240,4,240,33,1048.5,3,224.5,0,2,5,-0.375
4241,4,241,33,1065.0,3,226.0,0,0,5,-0.375
4242,4,242,33,1081.5,2,156.5,0,0,5,-0.36
4243,4,243,33,1098.0,2,157.5,0,0,5,-0.36
4244,4,244,33,1114.5,2,158.5,0,0,5,-0.36
4245,4,245,34,1132.5,2,159.5,0,0,5,-0.37
4246,4,246,34,1149.5,2,160.5,0,0,5,-0.37
4247,4,247,34,1166.5,2,161.5,0,0,5,-0.37
4248,4,248,34,1183.5,2,162.5,0,0,5,-0.37
4249,4,249,34,1200.5,2,163.5,0,0,5,-0.37
4250,4,250,34,1217.5,2,164.5,0,0,5,-0.37
4251,4,251,34,1234.5,2,165.5,0,0,5,-0.37
4252,4,252,34,1251.5,2,166.5,0,0,5,-0.37
4253,4,253,34,1268.5,2,167.5,0,1,5,-0.37
4254,4,254,34,1285.5,2,168.5,0,0,5,-0.37
4255,4,255,35,1304.0,2,169.5,0,0,5,-0.38
4256,4,256,36,1323.0,2,170.5,0,2,5,-0.39
4257,4,257,36,1341.0,2,171.5,0,0,5,-0.39
4258,4,258,36,1359.0,2,172.5,0,0,5,-0.39
4259,4,259,36,1377.0,2,173.5,0,0,5,-0.39
4260,4,260,36,1395.0,3,176.0,0,0,5,-0.40499999999999997
4261,4,261,36,1413.0,3,177.5,0,1,5,-0.40499999999999997
4262,4,262,37,1432.5,3,179.0,0,0,5,-0.415
4263,4,263,37,1451.0,2,177.5,0,0,5,-0.4
4264,4,264,37,1469.5,2,178.5,0,0,5,-0.4
4265,4,265,39,1491.0,2,179.5,0,0,5,-0.42000000000000004
4266,4,266,39,1510.5,2,180.5,0,0,5,-0.42000000000000004
4267,4,267,39,1530.0,2,181.5,0,0,5,-0.42000000000000004
4268,4,268,39,1549.5,3,184.0,0,0,5,-0.435
4269,4,269,39,1569.0,3,185.5,0,0,5,-0.435
4270,4,270,39,1588.5,3,187.0,0,0,5,-0.435
4271,4,271,39,1608.0,3,188.5,0,0,5,-0.435
4272,4,272,39,1627.5,3,190.0,0,0,5,-0.435
4273,4,273,37,1453.0,3,191.5,0,0,6,-0.415
4274,4,274,36,1386.0,3,193.0,0,0,6,-0.40499999999999997
4275,4,275,36,1404.0,3,194.5,0,0,6,-0.40499999999999997
4276,4,276,36,1422.0,3,196.0,0,0,6,-0.40499999999999997
4277,4,277,36,1440.0,3,197.5,0,0,6,-0.40499999999999997
4278,4,278,36,1458.0,4,200.5,0,0,6,-0.42
4279,4,279,36,1476.0,3,200.5,0,0,6,-0.40499999999999997
4280,4,280,36,1494.0,3,202.0,0,0,6,-0.40499999999999997
4281,4,281,36,1512.0,4,205.0,0,0,6,-0.42
4282,4,282,37,1531.5,4,207.0,0,0,6,-0.43
4283,4,283,37,1550.0,4,209.0,0,0,6,-0.43
4284,4,284,37,1568.5,4,211.0,0,0,6,-0.43
4285,4,285,38,1588.5,4,213.0,0,0,6,-0.44
4286,4,286,38,1607.5,5,216.5,0,0,6,-0.455
4287,4,287,40,1629.5,5,219.0,0,1,6,-0.47500000000000003
4288,4,288,40,1649.5,5,221.5,0,0,6,-0.47500000000000003
4289,4,289,40,1669.5,7,227.0,0,0,6,-0.505
4290,4,290,41,1691.0,7,230.0,0,0,6,-0.515
4291,4,291,41,1711.5,7,233.5,0,0,6,-0.515
4292,4,292,42,1733.5,7,237.0,0,0,6,-0.525
4293,4,293,42,1754.5,8,242.0,0,0,6,-0.54
4294,4,294,43,1777.0,8,246.0,0,0,6,-0.55
4295,4,295,45,1801.5,8,250.0,0,0,6,-0.5700000000000001
4296,4,296,46,1825.5,9,255.5,0,0,6,-0.595
4297,4,297,46,1848.5,8,258.0,0,0,6,-0.5800000000000001
4298,4,298,46,1871.5,8,262.0,0,0,6,-0.5800000000000001
4299,4,299,46,1894.5,8,266.0,0,0,6,-0.5800000000000001
4300,4,300,46,1917.5,9,271.5,0,0,6,-0.595
4301,4,301,46,1940.5,9,276.0,0,0,6,-0.595
4302,4,302,46,1963.5,9,280.5,0,0,6,-0.595
4303,4,303,46,1986.5,9,285.0,0,2,6,-0.595
4304,4,304,46,2009.5,9,289.5,0,0,6,-0.595
4305,4,305,46,2032.5,9,294.0,0,0,6,-0.595
4306,4,306,47,2057.0,9,298.5,0,1,6,-0.605
4307,4,307,47,2080.5,10,304.5,0,0,6,-0.62
4308,4,308,47,2104.0,10,309.5,0,0,6,-0.62
4309,4,309,47,2127.5,11,316.0,0,1,6,-0.635
4310,4,310,47,2151.0,11,321.5,0,0,6,-0.635
4311,4,311,47,2174.5,11,327.0,0,0,6,-0.635
4312,4,312,49,2201.0,11,332.5,0,1,6,-0.655
4313,4,313,49,2225.5,13,341.0,0,2,6,-0.685
4314,4,314,50,2251.5,13,347.5,0,0,6,-0.6950000000000001
4315,4,315,50,2276.5,13,354.0,0,2,6,-0.6950000000000001
4316,4,316,50,2301.5,13,360.5,0,2,6,-0.6950000000000001
4317,4,317,50,2326.5,13,367.0,0,0,6,-0.6950000000000001
4318,4,318,50,2351.5,13,373.5,0,3,6,-0.6950000000000001
4319,4,319,50,2376.5,13,380.0,0,0,6,-0.6950000000000001
4320,4,320,50,2401.5,13,386.5,0,0,6,-0.6950000000000001
4321,4,321,50,2426.5,13,393.0,0,3,6,-0.6950000000000001
4322,4,322,52,2454.5,13,399.5,0,1,6,-0.7150000000000001
4323,4,323,52,2480.5,13,406.0,0,0,6,-0.7150000000000001
4324,4,324,52,2506.5,13,412.5,0,7,6,-0.7150000000000001
4325,4,325,52,2532.5,13,419.0,0,0,6,-0.7150000000000001
4326,4,326,52,2558.5,14,427.0,0,0,6,-0.73
4327,4,327,52,2584.5,13,432.0,0,3,6,-0.7150000000000001
4328,4,328,52,2610.5,13,438.5,0,0,6,-0.7150000000000001
4329,4,329,52,2636.5,13,445.0,0,0,6,-0.7150000000000001
4330,4,330,52,2662.5,14,453.0,0,4,6,-0.73
4331,4,331,53,2690.0,14,460.0,0,0,6,-0.74
4332,4,332,53,2716.5,14,467.0,0,0,6,-0.74
4333,4,333,53,2743.0,14,474.0,0,1,6,-0.74
4334,4,334,54,2771.0,14,481.0,0,1,6,-0.75
4335,4,335,55,2799.5,14,488.0,0,4,6,-0.76
4336,4,336,55,2827.0,14,495.0,0,1,6,-0.76
4337,4,337,55,2854.5,14,502.0,0,0,6,-0.76
4338,4,338,55,2882.0,14,509.0,0,0,6,-0.76
4339,4,339,55,2909.5,14,516.0,0,1,6,-0.76
4340,4,340,55,2937.0,14,523.0,0,0,6,-0.76
4341,4,341,55,2964.5,14,530.0,0,0,6,-0.76
4342,4,342,55,2992.0,14,537.0,0,0,6,-0.76
4343,4,343,56,3021.0,14,544.0,0,1,6,-0.77
4344,4,344,57,3050.5,14,551.0,0,1,6,-0.7799999999999999
4345,4,345,57,3079.0,14,558.0,0,1,6,-0.7799999999999999
4346,4,346,57,3107.5,14,565.0,0,1,6,-0.7799999999999999
4347,4,347,57,3136.0,14,572.0,0,1,6,-0.7799999999999999
4348,4,348,57,3164.5,14,579.0,0,0,6,-0.7799999999999999
4349,4,349,57,3193.0,14,586.0,0,0,6,-0.7799999999999999
4350,4,350,57,3221.5,14,593.0,0,0,6,-0.7799999999999999
4351,4,351,57,3250.0,14,600.0,0,0,6,-0.7799999999999999
4352,4,352,57,3278.5,14,607.0,0,0,6,-0.7799999999999999
4353,4,353,57,3307.0,14,614.0,0,1,6,-0.7799999999999999
4354,4,354,59,3338.5,14,621.0,0,0,6,-0.7999999999999999
4355,4,355,60,3369.5,14,628.0,0,0,6,-0.8099999999999999
4356,4,356,60,3399.5,14,635.0,0,0,6,-0.8099999999999999
4357,4,357,60,3429.5,14,642.0,0,1,6,-0.8099999999999999
4358,4,358,60,3459.5,14,649.0,0,0,6,-0.8099999999999999
4359,4,359,60,3489.5,14,656.0,0,0,6,-0.8099999999999999
4360,4,360,60,3519.5,14,663.0,0,0,6,-0.8099999999999999
4361,4,361,60,3549.5,14,670.0,0,0,6,-0.8099999999999999
4362,4,362,60,3579.5,14,677.0,0,1,6,-0.8099999999999999
4363,4,363,60,3609.5,14,684.0,0,0,7,-0.8099999999999999
4364,4,364,62,3642.5,14,691.0,0,0,7,-0.83
4365,4,365,62,3673.5,14,698.0,0,2,7,-0.83
4366,4,366,63,3706.0,14,705.0,0,0,7,-0.84
4367,4,367,63,3737.5,14,712.0,0,1,7,-0.84
4368,4,368,64,3770.5,14,719.0,0,1,7,-0.85
4369,4,369,64,3802.5,14,726.0,0,0,7,-0.85
4370,4,370,64,3834.5,14,733.0,0,0,7,-0.85
4371,4,371,64,3866.5,14,740.0,0,0,7,-0.85
4372,4,372,64,3898.5,14,747.0,0,0,7,-0.85
4373,4,373,64,3930.5,14,754.0,0,0,7,-0.85
4374,4,374,65,3964.0,14,761.0,0,0,7,-0.86
4375,4,375,63,3696.5,14,768.0,0,1,8,-0.84
4376,4,376,61,3518.5,14,775.0,0,0,8,-0.82
4377,4,377,59,3342.0,14,782.0,0,1,8,-0.7999999999999999
4378,4,378,58,3215.0,14,789.0,0,0,8,-0.7899999999999999
4379,4,379,59,3245.5,14,796.0,0,2,8,-0.7999999999999999
4380,4,380,57,3193.0,14,803.0,1,0,8,-0.7799999999999999
4381,4,381,56,3198.5,14,810.0,0,0,8,-0.77
4382,4,382,56,3226.5,14,817.0,0,0,8,-0.77
4383,4,383,57,3256.0,14,824.0,0,0,8,-0.7799999999999999
4384,4,384,58,3286.0,14,831.0,0,1,8,-0.7899999999999999
4385,4,385,58,3315.0,14,838.0,0,0,8,-0.7899999999999999
4386,4,386,58,3344.0,14,845.0,0,0,8,-0.7899999999999999
4387,4,387,58,3373.0,14,852.0,0,0,8,-0.7899999999999999
4388,4,388,58,3402.0,14,859.0,0,0,8,-0.7899999999999999
4389,4,389,58,3431.0,14,866.0,0,1,8,-0.7899999999999999
4390,4,390,59,3461.5,14,873.0,0,0,8,-0.7999999999999999
4391,4,391,61,3494.0,14,880.0,0,0,8,-0.82
4392,4,392,62,3526.0,14,887.0,0,0,8,-0.83
4393,4,393,64,3560.0,14,894.0,0,0,8,-0.85
4394,4,394,65,3593.5,14,901.0,0,0,8,-0.86
4395,4,395,65,3626.0,14,908.0,0,1,8,-0.86
4396,4,396,65,3658.5,14,915.0,0,0,8,-0.86
4397,4,397,65,3691.0,14,922.0,0,0,8,-0.86
4398,4,398,65,3723.5,14,929.0,0,0,8,-0.86
4399,4,399,65,3756.0,14,936.0,0,0,8,-0.86
4400,4,400,65,3788.5,14,943.0,0,2,8,-0.86
4401,4,401,65,3821.0,14,950.0,0,0,8,-0.86
4402,4,402,66,3855.0,14,957.0,0,0,8,-0.87
4403,4,403,69,3892.5,14,964.0,0,0,8,-0.8999999999999999
4404,4,404,70,3928.5,14,971.0,0,0,8,-0.9099999999999999
4405,4,405,70,3963.5,14,978.0,0,1,8,-0.9099999999999999
4406,4,406,70,3998.5,14,985.0,0,0,8,-0.9099999999999999
4407,4,407,70,4033.5,14,992.0,0,0,8,-0.9099999999999999
4408,4,408,70,4068.5,14,999.0,0,0,8,-0.9099999999999999
4409,4,409,70,4103.5,14,1006.0,0,2,8,-0.9099999999999999
4410,4,410,70,4138.5,14,1013.0,0,0,8,-0.9099999999999999
4411,4,411,70,4173.5,14,1020.0,1,0,8,-0.9099999999999999
4412,4,412,71,4210.0,14,1027.0,0,0,8,-0.9199999999999999
4413,4,413,71,4245.5,14,1034.0,0,0,8,-0.9199999999999999
4414,4,414,71,4281.0,14,1041.0,0,0,8,-0.9199999999999999
4415,4,415,72,4318.0,14,1048.0,0,1,8,-0.9299999999999999
4416,4,416,72,4354.0,14,1055.0,0,0,8,-0.9299999999999999
4417,4,417,72,4390.0,14,1062.0,0,0,8,-0.9299999999999999
4418,4,418,72,4426.0,14,1069.0,0,0,8,-0.9299999999999999
4419,4,419,72,4462.0,14,1076.0,0,1,8,-0.9299999999999999
4420,4,420,73,4499.5,14,1083.0,0,0,8,-0.94
4421,4,421,73,4536.0,14,1090.0,0,0,8,-0.94
4422,4,422,74,4574.0,14,1097.0,0,0,8,-0.95
4423,4,423,75,4612.5,14,1104.0,0,0,8,-0.96
4424,4,424,75,4650.0,14,1111.0,0,0,8,-0.96
4425,4,425,76,4689.0,14,1118.0,0,0,8,-0.97
4426,4,426,76,4727.0,14,1125.0,0,0,8,-0.97
4427,4,427,77,4766.5,14,1132.0,0,0,8,-0.98
4428,4,428,78,4806.5,14,1139.0,0,0,8,-0.99
4429,4,429,79,4847.0,14,1146.0,0,0,8,-1.0
4430,4,430,79,4886.5,14,1153.0,0,1,8,-1.0
4431,4,431,80,4927.5,14,1160.0,0,0,8,-1.01
4432,4,432,80,4967.5,14,1167.0,0,0,8,-1.01
4433,4,433,82,5010.5,14,1174.0,0,0,8,-1.03
4434,4,434,82,5051.5,14,1181.0,0,0,8,-1.03
4435,4,435,83,5094.0,14,1188.0,0,0,9,-1.04
4436,4,436,84,5137.0,14,1195.0,0,0,9,-1.05
4437,4,437,84,5179.0,14,1202.0,0,2,9,-1.05
4438,4,438,84,5221.0,14,1209.0,0,0,9,-1.05
4439,4,439,84,5263.0,14,1216.0,0,1,9,-1.05
4440,4,440,84,5305.0,14,1223.0,0,0,9,-1.05
4441,4,441,78,4492.0,11,1031.5,0,0,0,-0.9450000000000001
4442,4,442,76,4014.5,11,1037.0,0,0,0,-0.925
4443,4,443,72,3566.5,10,984.5,0,0,0,-0.87
4444,4,444,68,3152.0,9,900.0,0,0,0,-0.8150000000000001
4445,4,445,69,3187.5,8,834.0,0,0,0,-0.8099999999999999
4446,4,446,65,2818.5,8,838.0,0,0,0,-0.77
4447,4,447,61,2488.5,7,760.0,0,1,0,-0.715
4448,4,448,58,2255.0,6,684.5,0,0,0,-0.6699999999999999
4449,4,449,57,2214.0,5,606.5,0,0,0,-0.6449999999999999
4450,4,450,53,1938.0,5,609.0,0,0,0,-0.605
4451,4,451,50,1752.0,5,611.5,0,0,0,-0.575
4452,4,452,51,1724.0,5,614.0,0,0,0,-0.585
4453,4,453,48,1530.0,4,538.5,0,0,0,-0.54
4454,4,454,47,1437.5,4,540.5,0,0,0,-0.53
4455,4,455,46,1395.5,4,542.5,0,2,0,-0.52
4456,4,456,42,1267.0,3,358.0,0,0,0,-0.46499999999999997
4457,4,457,40,1207.0,3,359.5,0,0,0,-0.445
4458,4,458,38,1192.0,3,361.0,0,0,0,-0.425
4459,4,459,34,1122.0,3,362.5,0,0,0,-0.385
4460,4,460,32,1087.5,3,364.0,0,0,0,-0.365
4461,4,461,32,1103.5,3,365.5,0,0,0,-0.365
4462,4,462,31,1088.0,3,367.0,0,0,0,-0.355
4463,4,463,31,1103.5,3,368.5,0,0,0,-0.355
4464,4,464,29,1099.5,2,182.0,0,2,0,-0.31999999999999995
4465,4,465,29,1112.5,2,183.0,0,0,0,-0.31999999999999995
4466,4,466,29,1127.0,2,184.0,0,0,0,-0.31999999999999995
4467,4,467,29,1141.5,3,186.5,0,0,0,-0.33499999999999996
4468,4,468,29,1156.0,2,186.0,0,0,0,-0.31999999999999995
4469,4,469,29,1170.5,2,187.0,0,0,0,-0.31999999999999995
4470,4,470,29,1185.0,2,188.0,0,0,0,-0.31999999999999995
4471,4,471,29,1199.5,2,189.0,0,1,0,-0.31999999999999995
4472,4,472,29,1214.0,2,190.0,0,0,0,-0.31999999999999995
4473,4,473,29,1228.5,3,192.5,0,0,0,-0.33499999999999996
4474,4,474,30,1244.5,2,192.0,0,0,0,-0.32999999999999996
4475,4,475,30,1259.5,2,193.0,0,1,0,-0.32999999999999996
4476,4,476,30,1274.5,2,194.0,0,0,0,-0.32999999999999996
4477,4,477,30,1289.5,2,195.0,0,0,0,-0.32999999999999996
4478,4,478,30,1304.5,2,196.0,0,0,0,-0.32999999999999996
4479,4,479,30,1319.5,2,197.0,0,1,0,-0.32999999999999996
4480,4,480,30,1334.5,2,198.0,0,0,0,-0.32999999999999996
4481,4,481,31,1351.0,2,199.0,0,1,0,-0.33999999999999997
4482,4,482,32,1368.0,3,201.5,0,1,0,-0.365
4483,4,483,32,1384.0,2,201.0,0,0,0,-0.35
4484,4,484,33,1401.5,2,202.0,0,1,0,-0.36
4485,4,485,34,1419.5,2,203.0,0,0,0,-0.37
4486,4,486,34,1436.5,3,205.5,0,0,0,-0.385
4487,4,487,34,1453.5,4,208.5,0,1,0,-0.4
4488,4,488,34,1470.5,4,210.5,0,0,0,-0.4
4489,4,489,34,1487.5,5,214.0,0,0,0,-0.41500000000000004
4490,4,490,34,1504.5,4,213.5,0,0,0,-0.4
4491,4,491,32,1318.5,4,215.5,0,0,1,-0.38
4492,4,492,30,1237.5,6,220.5,0,0,1,-0.39
4493,4,493,30,1252.5,5,221.5,0,0,1,-0.375
4494,4,494,31,1269.0,4,221.5,0,1,1,-0.37
4495,4,495,34,1289.0,4,223.5,0,0,1,-0.4
4496,4,496,34,1306.0,6,228.5,0,2,1,-0.43000000000000005
4497,4,497,34,1323.0,6,231.5,0,0,1,-0.43000000000000005
4498,4,498,34,1340.0,5,232.0,1,0,1,-0.41500000000000004
4499,4,499,34,1357.0,5,234.5,0,0,1,-0.41500000000000004
4500,4,500,34,1374.0,5,237.0,0,0,1,-0.41500000000000004
4501,4,501,34,1391.0,6,241.0,0,0,1,-0.43000000000000005
4502,4,502,34,1408.0,6,244.0,0,0,1,-0.43000000000000005
4503,4,503,36,1428.0,6,247.0,0,0,1,-0.44999999999999996
4504,4,504,38,1449.0,6,250.0,0,0,1,-0.47
4505,4,505,39,1469.5,6,253.0,0,0,1,-0.48
4506,4,506,39,1489.0,6,256.0,0,0,1,-0.48
4507,4,507,39,1508.5,7,260.5,0,0,1,-0.495
4508,4,508,39,1528.0,7,264.0,0,0,1,-0.495
4509,4,509,39,1547.5,7,267.5,0,0,1,-0.495
4510,4,510,39,1567.0,7,271.0,0,0,1,-0.495
4511,4,511,39,1586.5,7,274.5,0,0,1,-0.495
4512,4,512,40,1607.5,7,278.0,0,0,1,-0.505
4513,4,513,40,1627.5,7,281.5,0,0,1,-0.505
4514,4,514,41,1649.0,7,285.0,0,0,1,-0.515
4515,4,515,41,1669.5,7,288.5,0,0,1,-0.515
4516,4,516,41,1690.0,7,292.0,0,0,1,-0.515
4517,4,517,41,1710.5,7,295.5,0,0,1,-0.515
4518,4,518,41,1731.0,8,300.5,0,0,1,-0.53
4519,4,519,41,1751.5,7,302.5,0,0,1,-0.515
4520,4,520,41,1772.0,7,306.0,0,0,1,-0.515
4521,4,521,42,1794.0,8,311.0,0,4,1,-0.54
4522,4,522,42,1815.0,9,316.5,0,0,1,-0.5549999999999999
4523,4,523,43,1837.5,9,321.0,0,0,1,-0.565
4524,4,524,44,1860.5,9,325.5,0,3,1,-0.575
4525,4,525,44,1882.5,10,331.5,0,0,1,-0.59
4526,4,526,44,1904.5,10,336.5,1,0,1,-0.59
4527,4,527,44,1926.5,10,341.5,0,3,1,-0.59
4528,4,528,44,1948.5,10,346.5,0,0,1,-0.59
4529,4,529,44,1970.5,10,351.5,0,0,1,-0.59
4530,4,530,44,1992.5,10,356.5,0,2,1,-0.59
4531,4,531,44,2014.5,10,361.5,0,0,1,-0.59
4532,4,532,44,2036.5,10,366.5,0,0,1,-0.59
4533,4,533,44,2058.5,10,371.5,0,2,1,-0.59
4534,4,534,46,2083.5,11,378.0,0,0,1,-0.625
4535,4,535,46,2106.5,11,383.5,0,0,1,-0.625
4536,4,536,46,2129.5,11,389.0,0,2,1,-0.625
4537,4,537,46,2152.5,11,394.5,0,0,1,-0.625
4538,4,538,46,2175.5,11,400.0,0,0,1,-0.625
4539,4,539,46,2198.5,11,405.5,0,2,1,-0.625
4540,4,540,46,2221.5,11,411.0,0,0,1,-0.625
4541,4,541,46,2244.5,11,416.5,0,0,1,-0.625
4542,4,542,46,2267.5,11,422.0,0,2,1,-0.625
4543,4,543,47,2292.0,11,427.5,0,0,1,-0.635
4544,4,544,48,2317.0,11,433.0,0,1,1,-0.645
4545,4,545,48,2341.0,11,438.5,0,1,1,-0.645
4546,4,546,48,2365.0,11,444.0,0,0,1,-0.645
4547,4,547,48,2389.0,11,449.5,0,0,1,-0.645
4548,4,548,48,2413.0,11,455.0,0,2,1,-0.645
4549,4,549,48,2437.0,11,460.5,0,0,1,-0.645
4550,4,550,48,2461.0,11,466.0,0,1,1,-0.645
4551,4,551,48,2485.0,11,471.5,0,2,1,-0.645
4552,4,552,48,2509.0,11,477.0,0,1,1,-0.645
4553,4,553,48,2533.0,11,482.5,0,2,1,-0.645
4554,4,554,48,2557.0,12,489.5,0,2,1,-0.6599999999999999
4555,4,555,48,2581.0,11,493.5,0,1,1,-0.645
4556,4,556,48,2605.0,11,499.0,0,1,1,-0.645
4557,4,557,50,2632.0,11,504.5,0,1,1,-0.665
4558,4,558,50,2657.0,12,511.5,0,2,1,-0.6799999999999999
4559,4,559,50,2682.0,12,517.5,0,0,1,-0.6799999999999999
4560,4,560,50,2707.0,12,523.5,0,2,1,-0.6799999999999999
4561,4,561,52,2735.0,13,531.0,0,2,1,-0.7150000000000001
4562,4,562,52,2761.0,13,537.5,0,0,1,-0.7150000000000001
4563,4,563,52,2787.0,13,544.0,0,2,1,-0.7150000000000001
4564,4,564,52,2813.0,13,550.5,0,2,1,-0.7150000000000001
4565,4,565,53,2840.5,13,557.0,0,0,1,-0.7250000000000001
4566,4,566,53,2867.0,13,563.5,0,2,1,-0.7250000000000001
4567,4,567,53,2893.5,13,570.0,0,2,1,-0.7250000000000001
4568,4,568,54,2921.5,13,576.5,0,0,1,-0.7350000000000001
4569,4,569,54,2948.5,13,583.0,0,3,1,-0.7350000000000001
4570,4,570,55,2977.0,13,589.5,0,1,1,-0.7450000000000001
4571,4,571,55,3004.5,13,596.0,0,1,1,-0.7450000000000001
4572,4,572,55,3032.0,13,602.5,0,1,1,-0.7450000000000001
4573,4,573,55,3059.5,13,609.0,0,1,1,-0.7450000000000001
4574,4,574,56,3088.5,13,615.5,0,1,1,-0.7550000000000001
4575,4,575,56,3116.5,13,622.0,0,2,1,-0.7550000000000001
4576,4,576,56,3144.5,13,628.5,0,1,1,-0.7550000000000001
4577,4,577,56,3172.5,13,635.0,0,1,1,-0.7550000000000001
4578,4,578,56,3200.5,13,641.5,0,3,1,-0.7550000000000001
4579,4,579,57,3230.0,13,648.0,0,0,1,-0.7649999999999999
4580,4,580,57,3258.5,13,654.5,0,2,1,-0.7649999999999999
4581,4,581,57,3287.0,13,661.0,0,2,2,-0.7649999999999999
4582,4,582,58,3317.0,13,667.5,0,0,2,-0.7749999999999999
4583,4,583,59,3347.5,13,674.0,0,2,2,-0.7849999999999999
4584,4,584,60,3378.5,13,680.5,0,1,2,-0.7949999999999999
4585,4,585,60,3408.5,13,687.0,0,2,2,-0.7949999999999999
4586,4,586,60,3438.5,13,693.5,0,0,2,-0.7949999999999999
4587,4,587,61,3470.0,13,700.0,0,2,2,-0.8049999999999999
4588,4,588,62,3502.0,13,706.5,0,0,2,-0.815
4589,4,589,64,3536.0,13,713.0,0,1,2,-0.835
4590,4,590,64,3568.0,13,719.5,0,0,2,-0.835
4591,4,591,64,3600.0,13,726.0,0,0,2,-0.835
4592,4,592,64,3632.0,13,732.5,0,0,2,-0.835
4593,4,593,63,3325.5,13,739.0,0,1,3,-0.825
4594,4,594,61,3089.0,13,745.5,0,0,3,-0.8049999999999999
4595,4,595,59,2918.5,13,752.0,0,0,3,-0.7849999999999999
4596,4,596,57,2814.5,13,758.5,0,3,3,-0.7649999999999999
4597,4,597,57,2843.0,13,765.0,0,0,3,-0.7649999999999999
4598,4,598,55,2804.5,13,771.5,0,0,3,-0.7450000000000001
4599,4,599,55,2823.5,13,778.0,0,0,3,-0.7450000000000001
4600,4,600,56,2852.5,13,784.5,0,0,3,-0.7550000000000001
4601,4,601,56,2880.5,13,791.0,0,0,3,-0.7550000000000001
4602,4,602,58,2911.5,14,799.0,0,0,3,-0.7899999999999999
4603,4,603,58,2940.5,13,804.0,0,1,3,-0.7749999999999999
4604,4,604,59,2971.0,13,810.5,0,0,3,-0.7849999999999999
4605,4,605,59,3000.5,13,817.0,0,0,3,-0.7849999999999999
4606,4,606,59,3030.0,13,823.5,0,0,3,-0.7849999999999999
4607,4,607,60,3061.0,13,830.0,0,2,3,-0.7949999999999999
4608,4,608,60,3091.0,13,836.5,0,0,3,-0.7949999999999999
4609,4,609,60,3121.0,13,843.0,0,0,3,-0.7949999999999999
4610,4,610,61,3152.5,13,849.5,0,1,3,-0.8049999999999999
4611,4,611,62,3184.5,13,856.0,0,0,3,-0.815
4612,4,612,64,3218.5,13,862.5,0,0,3,-0.835
4613,4,613,65,3252.0,13,869.0,0,0,3,-0.845
4614,4,614,65,3284.5,13,875.5,0,0,3,-0.845
4615,4,615,65,3317.0,13,882.0,0,0,3,-0.845
4616,4,616,65,3349.5,13,888.5,0,0,3,-0.845
4617,4,617,65,3382.0,13,895.0,0,2,3,-0.845
4618,4,618,66,3416.0,13,901.5,0,2,3,-0.855
4619,4,619,66,3449.0,13,908.0,0,0,3,-0.855
4620,4,620,66,3482.0,13,914.5,0,0,3,-0.855
4621,4,621,66,3515.0,13,921.0,0,0,3,-0.855
4622,4,622,66,3548.0,13,927.5,0,0,3,-0.855
4623,4,623,66,3581.0,13,934.0,0,0,3,-0.855
4624,4,624,68,3617.0,13,940.5,0,0,3,-0.875
4625,4,625,68,3651.0,13,947.0,0,0,3,-0.875
4626,4,626,68,3685.0,13,953.5,0,0,3,-0.875
4627,4,627,68,3719.0,13,960.0,0,0,3,-0.875
4628,4,628,68,3753.0,13,966.5,0,0,3,-0.875
4629,4,629,68,3787.0,13,973.0,0,0,3,-0.875
4630,4,630,69,3822.5,13,979.5,0,0,3,-0.885
4631,4,631,69,3857.0,13,986.0,0,0,3,-0.885
4632,4,632,70,3893.0,13,992.5,0,0,3,-0.895
4633,4,633,72,3931.0,13,999.0,0,0,3,-0.915
4634,4,634,73,3968.5,13,1005.5,0,0,3,-0.925
4635,4,635,74,4006.5,13,1012.0,0,0,3,-0.935
4636,4,636,75,4045.0,13,1018.5,0,0,3,-0.9450000000000001
4637,4,637,75,4082.5,13,1025.0,0,1,3,-0.9450000000000001
4638,4,638,75,4120.0,13,1031.5,0,1,3,-0.9450000000000001
4639,4,639,75,4157.5,13,1038.0,0,0,3,-0.9450000000000001
4640,4,640,75,4195.0,13,1044.5,0,0,3,-0.9450000000000001
4641,4,641,75,4232.5,13,1051.0,0,0,3,-0.9450000000000001
4642,4,642,75,4270.0,13,1057.5,0,0,3,-0.9450000000000001
4643,4,643,77,4310.5,13,1064.0,0,0,3,-0.9650000000000001
4644,4,644,78,4350.5,13,1070.5,0,0,3,-0.9750000000000001
4645,4,645,78,4389.5,13,1077.0,0,1,3,-0.9750000000000001
4646,4,646,78,4428.5,13,1083.5,0,0,3,-0.9750000000000001
4647,4,647,78,4467.5,13,1090.0,0,0,3,-0.9750000000000001
4648,4,648,79,4508.0,13,1096.5,0,0,3,-0.9850000000000001
4649,4,649,79,4547.5,13,1103.0,0,1,3,-0.9850000000000001
4650,4,650,80,4588.5,13,1109.5,0,0,3,-0.9950000000000001
4651,4,651,80,4628.5,13,1116.0,1,0,3,-0.9950000000000001
4652,4,652,82,4671.5,13,1122.5,0,0,3,-1.015
4653,4,653,82,4712.5,13,1129.0,0,0,4,-1.015
4654,4,654,82,4753.5,13,1135.5,0,0,4,-1.015
4655,4,655,82,4794.5,13,1142.0,0,0,4,-1.015
4656,4,656,82,4835.5,13,1148.5,0,0,4,-1.015
4657,4,657,82,4876.5,13,1155.0,0,0,4,-1.015
4658,4,658,83,4919.0,13,1161.5,0,0,4,-1.025
4659,4,659,84,4962.0,13,1168.0,0,0,4,-1.035
4660,4,660,84,5004.0,13,1174.5,0,0,4,-1.035
4661,4,661,85,5047.5,13,1181.0,0,0,4,-1.045
4662,4,662,87,5093.0,13,1187.5,0,0,4,-1.065
4663,4,663,87,5136.5,13,1194.0,0,0,4,-1.065
4664,4,664,88,5181.5,13,1200.5,0,0,4,-1.075
4665,4,665,82,4549.0,7,813.5,0,0,5,-0.9249999999999999
4666,4,666,78,4064.5,8,818.5,0,0,5,-0.9
4667,4,667,74,3616.5,8,822.5,0,1,5,-0.86
4668,4,668,70,3205.0,8,826.5,0,0,5,-0.82
4669,4,669,70,3240.0,7,739.0,0,0,5,-0.8049999999999999
4670,4,670,66,2866.5,7,742.5,0,0,5,-0.765
4671,4,671,63,2534.0,6,652.0,0,0,5,-0.72
4672,4,672,61,2235.5,6,655.0,0,1,5,-0.7
4673,4,673,59,2143.0,5,568.0,0,1,5,-0.6649999999999999
4674,4,674,54,1844.0,4,565.0,0,0,5,-0.6000000000000001
4675,4,675,50,1655.5,4,567.0,0,0,5,-0.56
4676,4,676,49,1608.0,4,569.0,0,0,5,-0.55
4677,4,677,44,1396.0,4,571.0,0,0,5,-0.5
4678,4,678,41,1325.5,4,573.0,0,1,5,-0.47
4679,4,679,40,1294.5,3,378.5,0,0,5,-0.445
4680,4,680,37,1217.0,3,380.0,0,1,5,-0.415
4681,4,681,36,1197.0,4,383.0,0,0,5,-0.42
4682,4,682,35,1186.5,4,385.0,0,1,5,-0.41
4683,4,683,32,1162.0,3,184.5,0,0,5,-0.365
4684,4,684,33,1179.5,3,186.0,0,2,5,-0.375
4685,4,685,32,1176.0,3,187.5,0,0,5,-0.365
4686,4,686,31,1178.0,3,189.0,0,1,5,-0.355
4687,4,687,31,1193.5,4,192.0,0,1,5,-0.37
4688,4,688,30,1204.5,4,193.5,0,1,5,-0.36
4689,4,689,30,1219.5,4,195.5,0,0,5,-0.36
4690,4,690,30,1234.5,3,191.5,0,1,5,-0.345
4691,4,691,30,1249.5,4,194.5,0,0,5,-0.36
4692,4,692,32,1267.5,4,196.5,0,0,5,-0.38
4693,4,693,32,1283.5,4,198.5,0,0,5,-0.38
4694,4,694,32,1299.5,4,200.5,0,1,5,-0.38
4695,4,695,32,1315.5,5,200.5,0,0,5,-0.395
4696,4,696,32,1331.5,6,204.5,0,0,5,-0.41000000000000003
4697,4,697,32,1347.5,6,207.5,0,0,5,-0.41000000000000003
4698,4,698,33,1365.0,6,210.5,0,0,5,-0.42000000000000004
4699,4,699,33,1381.5,6,213.5,0,0,5,-0.42000000000000004
4700,4,700,34,1399.5,6,216.5,0,0,5,-0.43000000000000005
4701,4,701,34,1416.5,7,221.0,0,0,5,-0.445
4702,4,702,34,1433.5,6,222.5,1,1,5,-0.43000000000000005
4703,4,703,36,1453.5,5,220.0,0,0,5,-0.435
4704,4,704,38,1474.5,4,216.5,1,1,5,-0.44
4705,4,705,38,1493.5,4,218.5,0,0,5,-0.44
4706,4,706,38,1512.5,4,215.5,0,0,5,-0.44
4707,4,707,39,1533.0,4,217.5,0,0,5,-0.45
4708,4,708,39,1552.5,4,219.5,0,1,5,-0.45
4709,4,709,39,1572.0,4,221.5,0,0,5,-0.45
4710,4,710,39,1591.5,4,223.5,0,0,5,-0.45
4711,4,711,41,1614.0,4,225.5,0,0,5,-0.47
4712,4,712,42,1636.0,4,227.5,0,0,5,-0.48
4713,4,713,43,1658.5,4,229.5,0,0,5,-0.49
4714,4,714,44,1681.5,4,231.5,0,0,5,-0.5
4715,4,715,43,1486.0,4,233.5,0,0,6,-0.49
4716,4,716,42,1392.0,4,235.5,0,0,6,-0.48
4717,4,717,40,1401.5,4,237.5,0,0,6,-0.46
4718,4,718,40,1421.5,4,239.5,0,0,6,-0.46
4719,4,719,40,1441.5,4,241.5,0,0,6,-0.46
4720,4,720,41,1463.0,4,243.5,0,0,6,-0.47
4721,4,721,42,1485.0,4,245.5,0,0,6,-0.48
4722,4,722,42,1506.0,4,247.5,0,0,6,-0.48
4723,4,723,42,1527.0,4,249.5,0,0,6,-0.48
4724,4,724,42,1548.0,4,251.5,0,0,6,-0.48
4725,4,725,42,1569.0,4,253.5,0,2,6,-0.48
4726,4,726,42,1590.0,5,257.0,0,0,6,-0.495
4727,4,727,42,1611.0,5,259.5,0,0,6,-0.495
4728,4,728,42,1632.0,4,259.5,0,0,6,-0.48
4729,4,729,42,1653.0,4,261.5,0,0,6,-0.48
4730,4,730,42,1674.0,4,263.5,0,0,6,-0.48
4731,4,731,43,1696.5,4,265.5,0,0,6,-0.49
4732,4,732,43,1718.0,4,267.5,0,0,6,-0.49
4733,4,733,43,1739.5,4,269.5,0,0,6,-0.49
4734,4,734,43,1761.0,4,271.5,0,0,6,-0.49
4735,4,735,43,1782.5,4,273.5,0,0,6,-0.49
4736,4,736,43,1804.0,4,275.5,0,0,6,-0.49
4737,4,737,43,1825.5,4,277.5,0,0,6,-0.49
4738,4,738,43,1847.0,4,279.5,0,0,6,-0.49
4739,4,739,43,1868.5,4,281.5,0,0,6,-0.49
4740,4,740,41,1846.5,4,283.5,0,0,6,-0.47
4741,4,741,42,1868.5,4,285.5,0,0,6,-0.48
4742,4,742,42,1889.5,4,287.5,0,0,6,-0.48
4743,4,743,43,1912.0,4,289.5,0,0,6,-0.49
4744,4,744,43,1933.5,5,293.0,0,0,6,-0.505
4745,4,745,43,1955.0,5,295.5,0,3,6,-0.505
4746,4,746,45,1979.5,6,299.5,0,0,6,-0.54
4747,4,747,45,2002.0,6,302.5,0,0,6,-0.54
4748,4,748,45,2024.5,6,305.5,0,2,6,-0.54
4749,4,749,46,2048.5,6,308.5,0,0,6,-0.55
4750,4,750,46,2071.5,6,311.5,0,0,6,-0.55
4751,4,751,46,2094.5,6,314.5,0,1,6,-0.55
4752,4,752,46,2117.5,6,317.5,0,0,6,-0.55
4753,4,753,47,2142.0,6,320.5,0,0,6,-0.5599999999999999
4754,4,754,47,2165.5,6,323.5,0,1,6,-0.5599999999999999
4755,4,755,47,2189.0,6,326.5,0,1,6,-0.5599999999999999
4756,4,756,47,2212.5,6,329.5,0,0,6,-0.5599999999999999
4757,4,757,47,2236.0,6,332.5,0,2,6,-0.5599999999999999
4758,4,758,47,2259.5,6,335.5,0,0,6,-0.5599999999999999
4759,4,759,47,2283.0,6,338.5,0,0,6,-0.5599999999999999
4760,4,760,47,2306.5,6,341.5,0,2,6,-0.5599999999999999
4761,4,761,47,2330.0,6,344.5,0,1,6,-0.5599999999999999
4762,4,762,47,2353.5,6,347.5,0,0,6,-0.5599999999999999
4763,4,763,47,2377.0,6,350.5,0,2,6,-0.5599999999999999
4764,4,764,47,2400.5,6,353.5,0,1,6,-0.5599999999999999
4765,4,765,47,2424.0,6,356.5,1,1,6,-0.5599999999999999
4766,4,766,47,2447.5,6,359.5,1,3,6,-0.5599999999999999
4767,4,767,47,2471.0,6,362.5,0,0,6,-0.5599999999999999
4768,4,768,47,2494.5,6,365.5,0,1,6,-0.5599999999999999
4769,4,769,48,2519.5,6,368.5,0,2,6,-0.57
4770,4,770,49,2545.0,6,371.5,0,0,6,-0.58
4771,4,771,49,2569.5,6,374.5,0,2,6,-0.58
4772,4,772,49,2594.0,6,377.5,0,1,6,-0.58
4773,4,773,52,2623.0,6,380.5,0,1,6,-0.61
4774,4,774,52,2649.0,6,383.5,0,1,6,-0.61
4775,4,775,52,2675.0,6,386.5,0,1,6,-0.61
4776,4,776,53,2702.5,6,389.5,0,1,6,-0.62
4777,4,777,53,2729.0,7,394.0,0,0,6,-0.635
4778,4,778,53,2755.5,7,397.5,0,1,6,-0.635
4779,4,779,53,2782.0,7,401.0,0,0,6,-0.635
4780,4,780,53,2808.5,7,404.5,0,0,6,-0.635
4781,4,781,53,2835.0,7,408.0,0,4,6,-0.635
4782,4,782,53,2861.5,8,413.0,0,0,6,-0.65
4783,4,783,54,2889.5,8,417.0,0,0,6,-0.66
4784,4,784,54,2916.5,8,421.0,0,1,6,-0.66
4785,4,785,55,2945.0,8,425.0,0,1,6,-0.67
4786,4,786,55,2972.5,8,429.0,0,0,6,-0.67
4787,4,787,55,3000.0,8,433.0,0,2,6,-0.67
4788,4,788,55,3027.5,8,437.0,0,1,6,-0.67
4789,4,789,56,3056.5,8,441.0,0,0,6,-0.68
4790,4,790,57,3086.0,8,445.0,0,2,6,-0.69
4791,4,791,57,3114.5,8,449.0,0,1,6,-0.69
4792,4,792,57,3143.0,8,453.0,0,0,6,-0.69
4793,4,793,57,3171.5,8,457.0,0,1,6,-0.69
4794,4,794,57,3200.0,8,461.0,0,1,6,-0.69
4795,4,795,58,3230.0,8,465.0,0,1,6,-0.7
4796,4,796,58,3259.0,8,469.0,0,1,6,-0.7
4797,4,797,58,3288.0,8,473.0,0,1,6,-0.7
4798,4,798,58,3317.0,8,477.0,0,0,6,-0.7
4799,4,799,58,3346.0,8,481.0,0,2,6,-0.7
4800,4,800,59,3376.5,8,485.0,0,2,6,-0.71
4801,4,801,59,3406.0,8,489.0,0,0,6,-0.71
4802,4,802,59,3435.5,8,493.0,0,1,6,-0.71
4803,4,803,60,3466.5,8,497.0,0,3,6,-0.72
4804,4,804,60,3496.5,8,501.0,0,2,6,-0.72
4805,4,805,60,3526.5,8,505.0,0,1,7,-0.72
4806,4,806,60,3556.5,8,509.0,0,3,7,-0.72
4807,4,807,60,3586.5,8,513.0,0,1,7,-0.72
4808,4,808,61,3618.0,8,517.0,0,1,7,-0.73
4809,4,809,62,3650.0,8,521.0,1,2,7,-0.74
4810,4,810,63,3682.5,8,525.0,0,1,7,-0.75
4811,4,811,63,3714.0,8,529.0,0,2,7,-0.75
4812,4,812,64,3747.0,8,533.0,0,1,7,-0.76
4813,4,813,64,3779.0,9,538.5,1,1,7,-0.775
4814,4,814,64,3811.0,8,541.0,0,1,7,-0.76
4815,4,815,64,3843.0,8,545.0,0,0,7,-0.76
4816,4,816,64,3875.0,8,549.0,0,1,7,-0.76
4817,4,817,62,3582.0,9,554.5,0,0,8,-0.755
4818,4,818,63,3374.0,9,559.0,0,0,8,-0.765
4819,4,819,61,3219.0,9,563.5,0,1,8,-0.745
4820,4,820,59,3134.0,9,568.0,0,0,8,-0.725
4821,4,821,60,3165.0,9,572.5,0,1,8,-0.735
4822,4,822,58,3151.0,9,577.0,0,1,8,-0.715
4823,4,823,58,3180.0,9,581.5,0,0,8,-0.715
4824,4,824,58,3209.0,9,586.0,0,0,8,-0.715
4825,4,825,58,3238.0,9,590.5,0,0,8,-0.715
4826,4,826,58,3267.0,9,595.0,0,1,8,-0.715
4827,4,827,59,3297.5,9,599.5,0,1,8,-0.725
4828,4,828,61,3330.0,9,604.0,0,0,8,-0.745
4829,4,829,61,3360.5,9,608.5,1,0,8,-0.745
4830,4,830,62,3392.5,9,613.0,0,0,8,-0.755
4831,4,831,62,3423.5,9,617.5,0,1,8,-0.755
4832,4,832,62,3454.5,9,622.0,0,0,8,-0.755
4833,4,833,62,3485.5,9,626.5,0,0,8,-0.755
4834,4,834,62,3516.5,9,631.0,0,0,8,-0.755
4835,4,835,62,3547.5,9,635.5,0,0,8,-0.755
4836,4,836,62,3578.5,9,640.0,0,2,8,-0.755
4837,4,837,62,3609.5,9,644.5,0,0,8,-0.755
4838,4,838,63,3642.0,9,649.0,0,0,8,-0.765
4839,4,839,63,3673.5,9,653.5,1,0,8,-0.765
4840,4,840,63,3705.0,9,658.0,0,0,8,-0.765
4841,4,841,65,3739.5,9,662.5,0,0,8,-0.785
4842,4,842,65,3772.0,9,667.0,1,3,8,-0.785
4843,4,843,65,3804.5,9,671.5,0,0,8,-0.785
4844,4,844,66,3838.5,9,676.0,0,0,8,-0.795
4845,4,845,66,3871.5,9,680.5,0,0,8,-0.795
4846,4,846,66,3904.5,9,685.0,0,0,8,-0.795
4847,4,847,67,3939.0,9,689.5,0,1,8,-0.805
4848,4,848,67,3972.5,9,694.0,0,0,8,-0.805
4849,4,849,68,4007.5,9,698.5,0,0,8,-0.8150000000000001
4850,4,850,68,4041.5,9,703.0,0,0,8,-0.8150000000000001
4851,4,851,68,4075.5,9,707.5,0,0,8,-0.8150000000000001
4852,4,852,70,4112.5,9,712.0,0,0,8,-0.835
4853,4,853,70,4147.5,9,716.5,0,0,8,-0.835
4854,4,854,70,4182.5,9,721.0,0,1,8,-0.835
4855,4,855,70,4217.5,9,725.5,0,0,8,-0.835
4856,4,856,70,4252.5,9,730.0,0,0,8,-0.835
4857,4,857,70,4287.5,9,734.5,0,0,8,-0.835
4858,4,858,70,4322.5,9,739.0,0,2,8,-0.835
4859,4,859,70,4357.5,10,745.0,0,0,8,-0.85
4860,4,860,71,4394.0,10,750.0,0,0,8,-0.86
4861,4,861,72,4431.0,10,755.0,0,0,8,-0.87
4862,4,862,72,4467.0,10,760.0,0,0,8,-0.87
4863,4,863,74,4506.0,10,765.0,0,1,8,-0.89
4864,4,864,75,4544.5,10,770.0,0,0,8,-0.9
4865,4,865,77,4585.0,10,775.0,0,0,8,-0.92
4866,4,866,77,4623.5,10,780.0,0,0,8,-0.92
4867,4,867,77,4662.0,10,785.0,0,1,8,-0.92
4868,4,868,77,4700.5,10,790.0,0,0,8,-0.92
4869,4,869,77,4739.0,11,796.5,0,0,8,-0.935
4870,4,870,77,4777.5,11,802.0,0,0,8,-0.935
4871,4,871,78,4817.5,11,807.5,0,0,8,-0.9450000000000001
4872,4,872,79,4858.0,11,813.0,0,0,8,-0.9550000000000001
4873,4,873,80,4899.0,11,818.5,1,0,8,-0.9650000000000001
4874,4,874,80,4939.0,11,824.0,0,0,8,-0.9650000000000001
4875,4,875,81,4980.5,12,831.0,0,0,8,-0.99
4876,4,876,81,5021.0,11,835.0,0,0,8,-0.9750000000000001
4877,4,877,81,5061.5,12,842.0,1,0,9,-0.99
4878,4,878,81,5102.0,11,846.0,0,2,9,-0.9750000000000001
4879,4,879,81,5142.5,13,854.5,0,0,9,-1.0050000000000001
4880,4,880,81,5183.0,13,861.0,0,0,9,-1.0050000000000001
4881,4,881,81,5223.5,14,869.0,1,2,9,-1.02
4882,4,882,81,5264.0,14,876.0,0,0,9,-1.02
4883,4,883,77,4726.0,11,637.0,0,0,0,-0.935
4884,4,884,73,4214.5,11,642.5,0,1,0,-0.895
4885,4,885,70,3757.0,10,612.5,0,0,0,-0.85
4886,4,886,66,3323.0,10,617.5,0,0,0,-0.81
4887,4,887,66,3356.0,10,622.5,0,0,0,-0.81
4888,4,888,63,2953.0,10,627.5,0,0,0,-0.78
4889,4,889,59,2602.5,9,627.0,0,0,0,-0.725
4890,4,890,57,2368.5,9,631.5,0,0,0,-0.705
4891,4,891,56,2310.0,8,534.5,0,0,0,-0.68
4892,4,892,55,2020.0,6,519.5,1,0,0,-0.64
4893,4,893,52,1837.0,7,524.0,0,0,0,-0.625
4894,4,894,51,1809.5,5,499.5,0,0,0,-0.585
4895,4,895,48,1588.5,5,502.0,1,0,0,-0.5549999999999999
4896,4,896,45,1454.5,5,504.5,0,0,0,-0.525
4897,4,897,44,1441.0,5,507.0,0,2,0,-0.515
4898,4,898,40,1301.5,4,412.0,0,0,0,-0.46
4899,4,899,39,1281.0,4,414.0,0,0,0,-0.45
4900,4,900,38,1219.0,4,416.0,0,1,0,-0.44
4901,4,901,35,1145.0,5,419.5,0,0,0,-0.425
4902,4,902,34,1140.5,4,220.0,1,0,0,-0.4
4903,4,903,33,1113.5,4,222.0,0,1,0,-0.39
4904,4,904,32,1079.0,4,224.0,0,0,0,-0.38
4905,4,905,32,1095.0,4,226.0,0,1,0,-0.38
4906,4,906,30,1079.5,4,228.0,0,0,0,-0.36
4907,4,907,29,1089.5,4,230.0,0,0,0,-0.35
4908,4,908,28,1092.5,4,232.0,0,2,0,-0.34
4909,4,909,28,1104.0,3,31.5,0,0,0,-0.325
4910,4,910,28,1118.0,3,33.0,0,0,0,-0.325
4911,4,911,28,1131.0,3,34.5,1,0,0,-0.325
4912,4,912,31,1149.5,2,29.0,0,0,0,-0.33999999999999997
4913,4,913,31,1165.0,2,30.0,0,0,0,-0.33999999999999997
4914,4,914,31,1180.5,2,31.0,0,0,0,-0.33999999999999997
4915,4,915,32,1197.5,2,32.0,0,0,0,-0.35
4916,4,916,32,1213.5,2,33.0,0,0,0,-0.35
4917,4,917,32,1229.5,2,34.0,0,0,0,-0.35
4918,4,918,32,1245.5,2,35.0,0,1,0,-0.35
4919,4,919,32,1261.5,2,36.0,0,0,0,-0.35
4920,4,920,34,1280.5,2,37.0,0,1,0,-0.37
4921,4,921,36,1300.5,2,38.0,0,0,0,-0.39
4922,4,922,37,1320.0,2,39.0,0,0,0,-0.4
4923,4,923,37,1338.5,2,40.0,0,0,0,-0.4
4924,4,924,37,1357.0,2,41.0,0,0,0,-0.4
4925,4,925,37,1375.5,2,42.0,0,0,0,-0.4
4926,4,926,37,1394.0,2,43.0,0,0,0,-0.4
4927,4,927,37,1412.5,2,44.0,0,0,0,-0.4
4928,4,928,37,1431.0,2,45.0,0,1,0,-0.4
4929,4,929,38,1451.0,2,46.0,0,1,0,-0.41000000000000003
4930,4,930,38,1470.0,2,47.0,0,0,0,-0.41000000000000003
4931,4,931,39,1490.5,2,48.0,0,0,0,-0.42000000000000004
4932,4,932,41,1513.0,2,49.0,0,1,0,-0.43999999999999995
4933,4,933,39,1304.5,2,50.0,0,0,1,-0.42000000000000004
4934,4,934,37,1207.0,2,51.0,0,0,1,-0.4
4935,4,935,35,1209.0,2,52.0,1,0,1,-0.38
4936,4,936,35,1226.5,2,53.0,0,0,1,-0.38
4937,4,937,35,1244.0,2,54.0,0,0,1,-0.38
4938,4,938,36,1263.0,2,55.0,0,0,1,-0.39
4939,4,939,36,1281.0,2,56.0,0,0,1,-0.39
4940,4,940,37,1300.5,2,57.0,1,0,1,-0.4
4941,4,941,39,1322.0,2,58.0,0,0,1,-0.42000000000000004
4942,4,942,39,1341.5,2,59.0,0,0,1,-0.42000000000000004
4943,4,943,40,1362.5,2,60.0,0,0,1,-0.43000000000000005
4944,4,944,41,1384.0,2,61.0,0,0,1,-0.43999999999999995
4945,4,945,41,1404.5,2,62.0,0,0,1,-0.43999999999999995
4946,4,946,39,1417.0,2,63.0,0,0,1,-0.42000000000000004
4947,4,947,37,1430.0,2,64.0,0,0,1,-0.4
4948,4,948,37,1448.5,2,65.0,0,0,1,-0.4
4949,4,949,40,1471.5,2,66.0,0,0,1,-0.43000000000000005
4950,4,950,40,1491.5,2,67.0,0,0,1,-0.43000000000000005
4951,4,951,40,1511.5,2,68.0,0,0,1,-0.43000000000000005
4952,4,952,40,1531.5,2,69.0,0,0,1,-0.43000000000000005
4953,4,953,40,1551.5,2,70.0,0,0,1,-0.43000000000000005
4954,4,954,40,1571.5,2,71.0,0,0,1,-0.43000000000000005
4955,4,955,40,1591.5,2,72.0,0,0,1,-0.43000000000000005
4956,4,956,40,1611.5,2,73.0,0,0,1,-0.43000000000000005
4957,4,957,40,1631.5,2,74.0,0,0,1,-0.43000000000000005
4958,4,958,41,1653.0,2,75.0,0,0,1,-0.43999999999999995
4959,4,959,41,1673.5,3,77.5,0,0,1,-0.45499999999999996
4960,4,960,41,1694.0,3,79.0,0,0,1,-0.45499999999999996
4961,4,961,42,1716.0,4,82.0,0,0,1,-0.48
4962,4,962,42,1737.0,4,84.0,0,0,1,-0.48
4963,4,963,42,1758.0,4,86.0,0,4,1,-0.48
4964,4,964,42,1779.0,4,88.0,0,0,1,-0.48
4965,4,965,42,1800.0,4,90.0,0,0,1,-0.48
4966,4,966,43,1822.5,4,92.0,0,2,1,-0.49
4967,4,967,43,1844.0,5,95.5,0,0,1,-0.505
4968,4,968,43,1865.5,5,98.0,0,0,1,-0.505
4969,4,969,44,1888.5,5,100.5,0,2,1,-0.515
4970,4,970,44,1910.5,5,103.0,0,0,1,-0.515
4971,4,971,44,1932.5,5,105.5,0,0,1,-0.515
4972,4,972,45,1956.0,5,108.0,0,1,1,-0.525
4973,4,973,46,1980.0,5,110.5,0,0,1,-0.535
4974,4,974,46,2003.0,5,113.0,0,0,1,-0.535
4975,4,975,46,2026.0,5,115.5,0,2,1,-0.535
4976,4,976,46,2049.0,6,119.5,0,0,1,-0.55
4977,4,977,46,2072.0,6,122.5,0,0,1,-0.55
4978,4,978,46,2095.0,6,125.5,0,2,1,-0.55
4979,4,979,47,2119.5,6,128.5,0,0,1,-0.5599999999999999
4980,4,980,47,2143.0,6,131.5,0,0,1,-0.5599999999999999
4981,4,981,49,2169.5,6,134.5,0,2,1,-0.58
4982,4,982,49,2194.0,6,137.5,0,0,1,-0.58
4983,4,983,49,2218.5,6,140.5,0,0,1,-0.58
4984,4,984,49,2243.0,6,143.5,0,0,1,-0.58
4985,4,985,49,2267.5,6,146.5,0,0,1,-0.58
4986,4,986,49,2292.0,6,149.5,0,0,1,-0.58
4987,4,987,49,2316.5,6,152.5,0,1,1,-0.58
4988,4,988,49,2341.0,6,155.5,0,2,1,-0.58
4989,4,989,49,2365.5,6,158.5,0,0,1,-0.58
4990,4,990,50,2391.5,6,161.5,0,0,1,-0.59
4991,4,991,51,2418.0,6,164.5,0,3,1,-0.6
4992,4,992,52,2445.0,6,167.5,0,1,1,-0.61
4993,4,993,54,2474.0,6,170.5,0,1,1,-0.63
4994,4,994,54,2501.0,6,173.5,0,2,1,-0.63
4995,4,995,54,2528.0,6,176.5,0,0,1,-0.63
4996,4,996,54,2555.0,6,179.5,0,2,1,-0.63
4997,4,997,54,2582.0,6,182.5,0,2,1,-0.63
4998,4,998,54,2609.0,6,185.5,0,0,1,-0.63
4999,4,999,54,2636.0,6,188.5,0,1,1,-0.63
5000,5,0,0,0.0,0,0.0,0,0,0,-0.0
5001,5,1,0,0.0,0,0.0,0,0,0,-0.0
5002,5,2,0,0.0,0,0.0,0,0,0,-0.0
5003,5,3,0,0.0,0,0.0,0,0,0,-0.0
5004,5,4,0,0.0,0,0.0,0,0,0,-0.0
5005,5,5,0,0.0,0,0.0,0,0,0,-0.0
5006,5,6,0,0.0,0,0.0,0,0,0,-0.0
5007,5,7,0,0.0,0,0.0,0,0,0,-0.0
5008,5,8,0,0.0,0,0.0,0,0,0,-0.0
5009,5,9,0,0.0,0,0.0,0,0,0,-0.0
5010,5,10,0,0.0,0,0.0,0,0,0,-0.0
5011,5,11,0,0.0,0,0.0,0,0,0,-0.0
5012,5,12,0,0.0,0,0.0,0,0,0,-0.0
5013,5,13,0,0.0,0,0.0,0,0,0,-0.0
5014,5,14,0,0.0,0,0.0,0,0,0,-0.0
5015,5,15,0,0.0,0,0.0,0,0,0,-0.0
5016,5,16,0,0.0,0,0.0,0,0,0,-0.0
5017,5,17,0,0.0,0,0.0,0,0,0,-0.0
5018,5,18,0,0.0,0,0.0,0,0,0,-0.0
5019,5,19,0,0.0,0,0.0,0,0,0,-0.0
5020,5,20,0,0.0,0,0.0,0,0,0,-0.0
5021,5,21,0,0.0,0,0.0,0,0,0,-0.0
5022,5,22,0,0.0,0,0.0,0,0,0,-0.0
5023,5,23,0,0.0,0,0.0,0,0,0,-0.0
5024,5,24,0,0.0,0,0.0,0,0,0,-0.0
5025,5,25,0,0.0,0,0.0,0,0,0,-0.0
5026,5,26,0,0.0,0,0.0,0,0,0,-0.0
5027,5,27,0,0.0,0,0.0,0,0,0,-0.0
5028,5,28,0,0.0,0,0.0,0,0,0,-0.0
5029,5,29,0,0.0,0,0.0,0,0,0,-0.0
5030,5,30,0,0.0,0,0.0,0,0,0,-0.0
5031,5,31,0,0.0,0,0.0,0,0,0,-0.0
5032,5,32,0,0.0,0,0.0,0,0,0,-0.0
5033,5,33,0,0.0,0,0.0,0,0,0,-0.0
5034,5,34,0,0.0,0,0.0,0,0,0,-0.0
5035,5,35,0,0.0,0,0.0,0,0,0,-0.0
5036,5,36,0,0.0,0,0.0,0,0,0,-0.0
5037,5,37,0,0.0,0,0.0,0,0,0,-0.0
5038,5,38,0,0.0,0,0.0,0,0,0,-0.0
5039,5,39,0,0.0,0,0.0,0,0,0,-0.0
5040,5,40,0,0.0,0,0.0,0,0,0,-0.0
5041,5,41,0,0.0,0,0.0,0,0,0,-0.0
5042,5,42,0,0.0,0,0.0,0,0,0,-0.0
5043,5,43,0,0.0,0,0.0,0,0,0,-0.0
5044,5,44,0,0.0,0,0.0,0,0,0,-0.0
5045,5,45,0,0.0,0,0.0,0,0,0,-0.0
5046,5,46,0,0.0,0,0.0,0,0,0,-0.0
5047,5,47,0,0.0,0,0.0,0,0,0,-0.0
5048,5,48,0,0.0,0,0.0,0,0,0,-0.0
5049,5,49,0,0.0,0,0.0,0,0,1,-0.0
5050,5,50,0,0.0,0,0.0,0,0,1,-0.0
5051,5,51,0,0.0,0,0.0,0,0,1,-0.0
5052,5,52,0,0.0,0,0.0,0,0,1,-0.0
5053,5,53,0,0.0,0,0.0,0,0,1,-0.0
5054,5,54,0,0.0,0,0.0,0,0,1,-0.0
5055,5,55,0,0.0,0,0.0,0,0,1,-0.0
5056,5,56,0,0.0,0,0.0,0,0,1,-0.0
5057,5,57,0,0.0,0,0.0,0,0,1,-0.0
5058,5,58,0,0.0,0,0.0,0,0,1,-0.0
5059,5,59,0,0.0,0,0.0,0,0,1,-0.0
5060,5,60,0,0.0,0,0.0,0,0,1,-0.0
5061,5,61,0,0.0,1,1.5,0,0,1,-0.015
5062,5,62,0,0.0,2,3.5,0,0,1,-0.03
5063,5,63,0,0.0,2,4.5,0,0,1,-0.03
5064,5,64,0,0.0,3,7.0,0,0,1,-0.045
5065,5,65,0,0.0,3,8.5,0,0,1,-0.045
5066,5,66,0,0.0,3,10.0,0,0,1,-0.045
5067,5,67,0,0.0,2,8.5,0,0,1,-0.03
5068,5,68,0,0.0,2,9.5,0,0,1,-0.03
5069,5,69,0,0.0,2,10.5,0,0,1,-0.03
5070,5,70,0,0.0,3,13.0,0,0,1,-0.045
5071,5,71,0,0.0,3,14.5,0,0,1,-0.045
5072,5,72,0,0.0,3,16.0,0,0,1,-0.045
5073,5,73,0,0.0,3,17.5,0,0,1,-0.045
5074,5,74,0,0.0,3,19.0,0,0,1,-0.045
5075,5,75,0,0.0,3,20.5,0,0,1,-0.045
5076,5,76,1,1.5,3,22.0,0,0,1,-0.055
5077,5,77,1,2.0,3,23.5,0,0,1,-0.055
5078,5,78,5,8.5,3,25.0,0,0,1,-0.095
5079,5,79,5,11.0,3,26.5,0,0,1,-0.095
5080,5,80,5,13.5,3,28.0,0,0,1,-0.095
5081,5,81,5,16.0,3,29.5,0,0,1,-0.095
5082,5,82,5,18.5,3,31.0,0,0,1,-0.095
5083,5,83,5,21.0,3,32.5,0,0,1,-0.095
5084,5,84,5,23.5,3,34.0,0,0,1,-0.095
5085,5,85,5,26.0,4,37.0,0,0,1,-0.11
5086,5,86,8,33.0,4,39.0,0,0,1,-0.14
5087,5,87,8,37.0,5,42.5,0,0,1,-0.155
5088,5,88,8,41.0,5,45.0,0,0,1,-0.155
5089,5,89,10,48.0,6,49.0,0,0,1,-0.19
5090,5,90,10,53.0,6,52.0,0,0,1,-0.19
5091,5,91,10,58.0,6,55.0,0,0,1,-0.19
5092,5,92,10,63.0,7,59.5,0,0,1,-0.20500000000000002
5093,5,93,10,68.0,7,63.0,0,0,1,-0.20500000000000002
5094,5,94,10,73.0,7,66.5,0,0,1,-0.20500000000000002
5095,5,95,10,78.0,7,70.0,0,0,1,-0.20500000000000002
5096,5,96,10,83.0,8,75.0,0,0,1,-0.22
5097,5,97,10,88.0,8,79.0,0,0,1,-0.22
5098,5,98,10,93.0,8,83.0,0,0,1,-0.22
5099,5,99,10,98.0,8,87.0,0,0,1,-0.22
5100,5,100,10,103.0,8,91.0,0,0,1,-0.22
5101,5,101,10,108.0,8,95.0,0,0,1,-0.22
5102,5,102,11,114.5,8,99.0,0,0,1,-0.22999999999999998
5103,5,103,11,120.0,8,103.0,0,0,1,-0.22999999999999998
5104,5,104,11,125.5,8,107.0,0,0,1,-0.22999999999999998
5105,5,105,11,131.0,8,111.0,0,0,1,-0.22999999999999998
5106,5,106,11,136.5,8,115.0,0,0,1,-0.22999999999999998
5107,5,107,11,142.0,8,119.0,0,0,1,-0.22999999999999998
5108,5,108,11,147.5,8,123.0,0,0,1,-0.22999999999999998
5109,5,109,11,153.0,8,127.0,0,0,1,-0.22999999999999998
5110,5,110,11,158.5,8,131.0,0,0,1,-0.22999999999999998
5111,5,111,12,165.5,8,135.0,0,0,1,-0.24
5112,5,112,12,171.5,8,139.0,0,0,1,-0.24
5113,5,113,12,177.5,8,143.0,0,0,1,-0.24
5114,5,114,13,185.0,8,147.0,0,0,1,-0.25
5115,5,115,13,191.5,8,151.0,0,0,1,-0.25
5116,5,116,13,198.0,8,155.0,0,0,1,-0.25
5117,5,117,13,204.5,8,159.0,0,0,1,-0.25
5118,5,118,13,211.0,8,163.0,0,0,1,-0.25
5119,5,119,13,217.5,8,167.0,0,0,1,-0.25
5120,5,120,13,224.0,8,171.0,0,0,1,-0.25
5121,5,121,13,230.5,8,175.0,0,0,1,-0.25
5122,5,122,15,240.0,8,179.0,0,0,1,-0.27
5123,5,123,15,247.5,8,183.0,0,0,1,-0.27
5124,5,124,15,255.0,8,187.0,0,0,1,-0.27
5125,5,125,15,262.5,8,191.0,0,0,1,-0.27
5126,5,126,16,271.5,8,195.0,0,0,1,-0.28
5127,5,127,16,279.5,8,199.0,0,0,1,-0.28
5128,5,128,16,287.5,8,203.0,0,0,1,-0.28
5129,5,129,16,295.5,8,207.0,0,0,1,-0.28
5130,5,130,16,303.5,8,211.0,0,0,1,-0.28
5131,5,131,16,311.5,8,215.0,0,0,1,-0.28
5132,5,132,16,319.5,8,219.0,0,0,1,-0.28
5133,5,133,17,329.0,8,223.0,0,0,1,-0.29000000000000004
5134,5,134,17,337.5,8,227.0,0,0,1,-0.29000000000000004
5135,5,135,17,346.0,8,231.0,0,0,1,-0.29000000000000004
5136,5,136,17,354.5,8,235.0,0,0,1,-0.29000000000000004
5137,5,137,17,363.0,8,239.0,0,0,1,-0.29000000000000004
5138,5,138,17,371.5,8,243.0,0,0,1,-0.29000000000000004
5139,5,139,17,380.0,8,247.0,0,0,2,-0.29000000000000004
5140,5,140,17,388.5,8,251.0,0,0,2,-0.29000000000000004
5141,5,141,18,398.5,8,255.0,0,0,2,-0.3
5142,5,142,18,407.5,8,259.0,0,0,2,-0.3
5143,5,143,19,418.0,8,263.0,0,0,2,-0.31
5144,5,144,19,427.5,8,267.0,0,0,2,-0.31
5145,5,145,19,437.0,8,271.0,0,0,2,-0.31
5146,5,146,19,446.5,8,275.0,0,0,2,-0.31
5147,5,147,19,456.0,8,279.0,0,0,2,-0.31
5148,5,148,19,465.5,8,283.0,0,3,2,-0.31
5149,5,149,20,476.5,8,287.0,0,0,2,-0.32
5150,5,150,21,488.0,8,291.0,0,0,2,-0.32999999999999996
5151,5,151,21,429.5,8,295.0,0,1,3,-0.32999999999999996
5152,5,152,21,440.0,8,299.0,0,0,3,-0.32999999999999996
5153,5,153,22,452.0,8,303.0,0,0,3,-0.33999999999999997
5154,5,154,22,463.0,8,307.0,0,0,3,-0.33999999999999997
5155,5,155,22,474.0,8,311.0,0,0,3,-0.33999999999999997
5156,5,156,23,486.5,8,315.0,0,0,3,-0.35
5157,5,157,23,498.0,8,319.0,0,0,3,-0.35
5158,5,158,23,509.5,8,323.0,0,0,3,-0.35
5159,5,159,23,521.0,8,327.0,0,2,3,-0.35
5160,5,160,23,532.5,8,331.0,0,0,3,-0.35
5161,5,161,24,545.5,8,335.0,0,0,3,-0.36
5162,5,162,25,559.0,8,339.0,0,0,3,-0.37
5163,5,163,25,571.5,8,343.0,0,0,3,-0.37
5164,5,164,29,590.0,8,347.0,0,0,3,-0.41
5165,5,165,29,604.5,8,351.0,0,0,3,-0.41
5166,5,166,29,619.0,8,355.0,0,0,3,-0.41
5167,5,167,29,633.5,8,359.0,0,0,3,-0.41
5168,5,168,29,648.0,8,363.0,0,0,3,-0.41
5169,5,169,29,662.5,8,367.0,0,0,3,-0.41
5170,5,170,30,678.5,8,371.0,0,1,3,-0.42
5171,5,171,31,695.0,8,375.0,0,0,3,-0.43
5172,5,172,31,710.5,8,379.0,0,0,3,-0.43
5173,5,173,35,732.0,8,383.0,0,0,3,-0.47
5174,5,174,36,751.0,8,387.0,0,0,3,-0.48
5175,5,175,36,769.0,8,391.0,0,0,3,-0.48
5176,5,176,36,787.0,8,395.0,0,0,3,-0.48
5177,5,177,37,806.5,8,399.0,0,0,3,-0.49
5178,5,178,37,825.0,8,403.0,0,0,3,-0.49
5179,5,179,37,843.5,8,407.0,0,0,3,-0.49
5180,5,180,38,863.5,8,411.0,0,1,3,-0.5
5181,5,181,38,882.5,8,415.0,0,0,3,-0.5
5182,5,182,38,901.5,8,419.0,0,0,3,-0.5
5183,5,183,40,923.5,8,423.0,0,0,3,-0.52
5184,5,184,42,946.5,8,427.0,0,0,3,-0.54
5185,5,185,44,970.5,8,431.0,0,0,3,-0.56
5186,5,186,44,992.5,8,435.0,0,1,3,-0.56
5187,5,187,45,1016.0,8,439.0,0,0,3,-0.5700000000000001
5188,5,188,45,1038.5,8,443.0,0,0,3,-0.5700000000000001
5189,5,189,45,1061.0,8,447.0,0,0,3,-0.5700000000000001
5190,5,190,45,1083.5,8,451.0,0,0,3,-0.5700000000000001
5191,5,191,45,1106.0,8,455.0,0,0,3,-0.5700000000000001
5192,5,192,45,1128.5,8,459.0,0,0,3,-0.5700000000000001
5193,5,193,46,1152.5,8,463.0,0,0,3,-0.5800000000000001
5194,5,194,46,1175.5,8,467.0,0,0,3,-0.5800000000000001
5195,5,195,47,1200.0,8,471.0,0,0,3,-0.59
5196,5,196,47,1223.5,8,475.0,0,0,3,-0.59
5197,5,197,47,1247.0,8,479.0,0,1,3,-0.59
5198,5,198,47,1270.5,8,483.0,0,0,3,-0.59
5199,5,199,47,1294.0,8,487.0,0,0,3,-0.59
5200,5,200,48,1319.0,8,491.0,0,0,3,-0.6
5201,5,201,49,1344.5,8,495.0,0,0,3,-0.61
5202,5,202,49,1369.0,8,499.0,0,0,3,-0.61
5203,5,203,50,1395.0,8,503.0,0,2,3,-0.62
5204,5,204,51,1421.5,8,507.0,0,0,3,-0.63
5205,5,205,51,1447.0,8,511.0,0,0,3,-0.63
5206,5,206,52,1474.0,8,515.0,0,0,3,-0.64
5207,5,207,52,1500.0,8,519.0,0,2,3,-0.64
5208,5,208,52,1526.0,8,523.0,0,0,3,-0.64
5209,5,209,53,1553.5,8,527.0,0,0,3,-0.65
5210,5,210,53,1580.0,8,531.0,0,0,3,-0.65
5211,5,211,53,1606.5,8,535.0,0,1,4,-0.65
5212,5,212,54,1634.5,8,539.0,0,0,4,-0.66
5213,5,213,55,1663.0,8,543.0,0,0,4,-0.67
5214,5,214,55,1690.5,8,547.0,0,0,4,-0.67
5215,5,215,55,1718.0,8,551.0,0,0,4,-0.67
5216,5,216,55,1745.5,8,555.0,0,0,4,-0.67
5217,5,217,56,1774.5,8,559.0,0,0,4,-0.68
5218,5,218,56,1802.5,8,563.0,0,0,4,-0.68
5219,5,219,57,1832.0,8,567.0,0,0,4,-0.69
5220,5,220,57,1860.5,8,571.0,0,0,4,-0.69
5221,5,221,57,1889.0,8,575.0,0,0,4,-0.69
5222,5,222,60,1922.0,8,579.0,0,0,4,-0.72
5223,5,223,54,1609.0,8,583.0,0,0,5,-0.66
5224,5,224,50,1406.5,8,587.0,0,0,5,-0.62
5225,5,225,48,1239.5,8,591.0,0,0,5,-0.6
5226,5,226,44,1104.0,8,595.0,0,0,5,-0.56
5227,5,227,45,1127.5,8,599.0,0,0,5,-0.5700000000000001
5228,5,228,41,1030.5,8,603.0,0,0,5,-0.53
5229,5,229,37,966.5,8,607.0,0,0,5,-0.49
5230,5,230,34,948.5,8,611.0,0,0,5,-0.46
5231,5,231,33,953.0,6,456.0,0,1,5,-0.42000000000000004
5232,5,232,31,956.5,5,376.5,0,0,5,-0.385
5233,5,233,32,973.5,3,217.5,0,0,5,-0.365
5234,5,234,32,989.5,3,219.0,0,0,5,-0.365
5235,5,235,33,1007.0,3,220.5,0,0,5,-0.375
5236,5,236,34,1025.0,3,222.0,0,0,5,-0.385
5237,5,237,34,1042.0,3,223.5,0,0,5,-0.385
5238,5,238,34,1059.0,3,225.0,0,0,5,-0.385
5239,5,239,34,1076.0,3,226.5,0,0,5,-0.385
5240,5,240,34,1093.0,3,228.0,0,1,5,-0.385
5241,5,241,34,1110.0,2,153.5,0,0,5,-0.37
5242,5,242,34,1127.0,2,154.5,0,0,5,-0.37
5243,5,243,34,1144.0,2,155.5,0,0,5,-0.37
5244,5,244,36,1164.0,2,156.5,0,0,5,-0.39
5245,5,245,36,1182.0,2,157.5,0,0,5,-0.39
5246,5,246,36,1200.0,2,158.5,0,0,5,-0.39
5247,5,247,36,1218.0,2,159.5,0,0,5,-0.39
5248,5,248,36,1236.0,2,160.5,0,0,5,-0.39
5249,5,249,36,1254.0,2,161.5,0,0,5,-0.39
5250,5,250,36,1272.0,2,162.5,0,0,5,-0.39
5251,5,251,36,1290.0,2,163.5,0,0,5,-0.39
5252,5,252,36,1308.0,2,164.5,0,0,5,-0.39
5253,5,253,37,1327.5,2,165.5,0,0,5,-0.4
5254,5,254,37,1346.0,2,166.5,0,0,5,-0.4
5255,5,255,38,1366.0,2,167.5,0,0,5,-0.41000000000000003
5256,5,256,39,1386.5,2,168.5,0,1,5,-0.42000000000000004
5257,5,257,39,1406.0,2,169.5,0,0,5,-0.42000000000000004
5258,5,258,39,1425.5,2,170.5,0,0,5,-0.42000000000000004
5259,5,259,39,1445.0,2,171.5,0,0,5,-0.42000000000000004
5260,5,260,39,1464.5,2,172.5,0,1,5,-0.42000000000000004
5261,5,261,39,1484.0,2,173.5,0,1,5,-0.42000000000000004
5262,5,262,39,1503.5,2,174.5,0,0,5,-0.42000000000000004
5263,5,263,39,1523.0,2,175.5,0,0,5,-0.42000000000000004
5264,5,264,40,1544.0,2,176.5,0,0,5,-0.43000000000000005
5265,5,265,41,1565.5,2,177.5,0,0,5,-0.43999999999999995
5266,5,266,41,1586.0,2,178.5,0,0,5,-0.43999999999999995
5267,5,267,41,1606.5,2,179.5,0,0,5,-0.43999999999999995
5268,5,268,41,1627.0,2,180.5,0,0,5,-0.43999999999999995
5269,5,269,41,1647.5,2,181.5,0,0,5,-0.43999999999999995
5270,5,270,41,1668.0,2,182.5,0,0,5,-0.43999999999999995
5271,5,271,41,1688.5,2,183.5,0,0,5,-0.43999999999999995
5272,5,272,41,1709.0,2,184.5,0,0,5,-0.43999999999999995
5273,5,273,39,1534.5,2,185.5,0,0,6,-0.42000000000000004
5274,5,274,38,1463.5,3,188.0,0,0,6,-0.425
5275,5,275,39,1484.0,3,189.5,0,0,6,-0.435
5276,5,276,39,1503.5,3,191.0,0,0,6,-0.435
5277,5,277,39,1523.0,3,192.5,0,0,6,-0.435
5278,5,278,39,1542.5,3,194.0,0,0,6,-0.435
5279,5,279,39,1562.0,3,195.5,0,0,6,-0.435
5280,5,280,39,1581.5,3,197.0,0,0,6,-0.435
5281,5,281,39,1601.0,3,198.5,0,0,6,-0.435
5282,5,282,39,1620.5,6,204.5,0,0,6,-0.48
5283,5,283,39,1640.0,5,205.5,0,0,6,-0.465
5284,5,284,40,1661.0,5,208.0,0,0,6,-0.47500000000000003
5285,5,285,43,1685.5,5,210.5,0,0,6,-0.505
5286,5,286,43,1707.0,5,213.0,0,0,6,-0.505
5287,5,287,43,1728.5,5,215.5,0,0,6,-0.505
5288,5,288,44,1751.5,6,219.5,0,0,6,-0.53
5289,5,289,45,1775.0,6,222.0,0,0,6,-0.54
5290,5,290,46,1799.0,5,223.0,0,0,6,-0.535
5291,5,291,46,1822.0,5,225.5,0,0,6,-0.535
5292,5,292,46,1845.0,6,229.5,0,0,6,-0.55
5293,5,293,46,1868.0,7,234.0,0,1,6,-0.5650000000000001
5294,5,294,46,1891.0,7,237.0,0,0,6,-0.5650000000000001
5295,5,295,47,1915.5,8,242.0,0,0,6,-0.59
5296,5,296,48,1940.5,8,246.0,0,0,6,-0.6
5297,5,297,48,1964.5,9,251.5,0,0,6,-0.615
5298,5,298,48,1988.5,9,256.0,0,0,6,-0.615
5299,5,299,48,2012.5,9,260.5,0,0,6,-0.615
5300,5,300,48,2036.5,10,266.5,0,0,6,-0.63
5301,5,301,48,2060.5,11,273.0,0,0,6,-0.645
5302,5,302,49,2086.0,12,280.0,0,0,6,-0.6699999999999999
5303,5,303,49,2110.5,12,286.0,0,3,6,-0.6699999999999999
5304,5,304,49,2135.0,13,293.5,0,0,6,-0.685
5305,5,305,51,2162.5,13,300.0,0,0,6,-0.7050000000000001
5306,5,306,51,2188.0,13,306.5,0,3,6,-0.7050000000000001
5307,5,307,51,2213.5,13,313.0,0,0,6,-0.7050000000000001
5308,5,308,51,2239.0,13,319.5,0,0,6,-0.7050000000000001
5309,5,309,51,2264.5,13,326.0,0,1,6,-0.7050000000000001
5310,5,310,51,2290.0,13,332.5,0,0,6,-0.7050000000000001
5311,5,311,51,2315.5,13,339.0,0,0,6,-0.7050000000000001
5312,5,312,51,2341.0,13,345.5,0,1,6,-0.7050000000000001
5313,5,313,51,2366.5,13,352.0,0,1,6,-0.7050000000000001
5314,5,314,51,2392.0,13,358.5,0,0,6,-0.7050000000000001
5315,5,315,52,2419.0,13,365.0,0,0,6,-0.7150000000000001
5316,5,316,52,2445.0,13,371.5,0,1,6,-0.7150000000000001
5317,5,317,52,2471.0,13,378.0,0,0,6,-0.7150000000000001
5318,5,318,52,2497.0,13,384.5,0,2,6,-0.7150000000000001
5319,5,319,52,2523.0,13,391.0,0,1,6,-0.7150000000000001
5320,5,320,52,2549.0,13,397.5,0,0,6,-0.7150000000000001
5321,5,321,52,2575.0,13,404.0,0,2,6,-0.7150000000000001
5322,5,322,53,2602.5,13,410.5,0,2,6,-0.7250000000000001
5323,5,323,53,2629.0,13,417.0,0,0,6,-0.7250000000000001
5324,5,324,53,2655.5,13,423.5,0,7,6,-0.7250000000000001
5325,5,325,53,2682.0,13,430.0,0,1,6,-0.7250000000000001
5326,5,326,53,2708.5,13,436.5,0,1,6,-0.7250000000000001
5327,5,327,53,2735.0,13,443.0,0,1,6,-0.7250000000000001
5328,5,328,53,2761.5,13,449.5,0,2,6,-0.7250000000000001
5329,5,329,53,2788.0,13,456.0,0,1,6,-0.7250000000000001
5330,5,330,53,2814.5,13,462.5,0,1,6,-0.7250000000000001
5331,5,331,54,2842.5,13,469.0,0,1,6,-0.7350000000000001
5332,5,332,55,2871.0,13,475.5,0,2,6,-0.7450000000000001
5333,5,333,55,2898.5,13,482.0,0,0,6,-0.7450000000000001
5334,5,334,56,2927.5,14,490.0,0,3,6,-0.77
5335,5,335,57,2957.0,13,495.0,0,3,6,-0.7649999999999999
5336,5,336,57,2985.5,13,501.5,0,0,6,-0.7649999999999999
5337,5,337,57,3014.0,13,508.0,0,2,6,-0.7649999999999999
5338,5,338,57,3042.5,14,516.0,0,1,6,-0.7799999999999999
5339,5,339,57,3071.0,14,523.0,0,0,6,-0.7799999999999999
5340,5,340,57,3099.5,14,530.0,0,0,6,-0.7799999999999999
5341,5,341,57,3128.0,14,537.0,0,0,6,-0.7799999999999999
5342,5,342,57,3156.5,13,540.5,0,0,6,-0.7649999999999999
5343,5,343,57,3185.0,13,547.0,0,0,6,-0.7649999999999999
5344,5,344,59,3216.5,13,553.5,0,0,6,-0.7849999999999999
5345,5,345,59,3246.0,14,561.5,0,0,6,-0.7999999999999999
5346,5,346,59,3275.5,14,568.5,0,1,6,-0.7999999999999999
5347,5,347,59,3305.0,14,575.5,0,0,6,-0.7999999999999999
5348,5,348,59,3334.5,14,582.5,0,0,6,-0.7999999999999999
5349,5,349,59,3364.0,14,589.5,0,0,6,-0.7999999999999999
5350,5,350,59,3393.5,14,596.5,0,1,6,-0.7999999999999999
5351,5,351,59,3423.0,14,603.5,0,0,6,-0.7999999999999999
5352,5,352,59,3452.5,14,610.5,0,0,6,-0.7999999999999999
5353,5,353,59,3482.0,14,617.5,0,1,6,-0.7999999999999999
5354,5,354,60,3513.0,14,624.5,0,1,6,-0.8099999999999999
5355,5,355,61,3544.5,14,631.5,0,0,6,-0.82
5356,5,356,63,3578.0,14,638.5,0,0,6,-0.84
5357,5,357,64,3611.0,14,645.5,0,1,6,-0.85
5358,5,358,64,3643.0,14,652.5,0,1,6,-0.85
5359,5,359,64,3675.0,14,659.5,0,0,6,-0.85
5360,5,360,64,3707.0,14,666.5,0,0,6,-0.85
5361,5,361,64,3739.0,14,673.5,0,1,6,-0.85
5362,5,362,64,3771.0,14,680.5,0,0,6,-0.85
5363,5,363,64,3803.0,14,687.5,0,1,7,-0.85
5364,5,364,66,3838.0,14,694.5,0,0,7,-0.87
5365,5,365,66,3871.0,14,701.5,0,0,7,-0.87
5366,5,366,67,3905.5,14,708.5,0,0,7,-0.88
5367,5,367,67,3939.0,14,715.5,0,2,7,-0.88
5368,5,368,67,3972.5,14,722.5,0,0,7,-0.88
5369,5,369,67,4006.0,14,729.5,0,0,7,-0.88
5370,5,370,67,4039.5,14,736.5,0,0,7,-0.88
5371,5,371,67,4073.0,14,743.5,0,0,7,-0.88
5372,5,372,67,4106.5,14,750.5,0,0,7,-0.88
5373,5,373,67,4140.0,14,757.5,0,0,7,-0.88
5374,5,374,68,4175.0,14,764.5,0,0,7,-0.89
5375,5,375,67,3910.5,14,771.5,0,1,8,-0.88
5376,5,376,64,3634.0,14,778.5,0,0,8,-0.85
5377,5,377,61,3380.5,14,785.5,0,0,8,-0.82
5378,5,378,59,3291.5,14,792.5,0,3,8,-0.7999999999999999
5379,5,379,60,3322.5,14,799.5,0,0,8,-0.8099999999999999
5380,5,380,59,3293.0,14,806.5,0,1,8,-0.7999999999999999
5381,5,381,59,3310.0,14,813.5,0,0,8,-0.7999999999999999
5382,5,382,59,3339.5,14,820.5,0,0,8,-0.7999999999999999
5383,5,383,59,3369.0,14,827.5,0,0,8,-0.7999999999999999
5384,5,384,61,3401.5,14,834.5,0,0,8,-0.82
5385,5,385,61,3432.0,14,841.5,0,0,8,-0.82
5386,5,386,61,3462.5,14,848.5,0,0,8,-0.82
5387,5,387,61,3493.0,14,855.5,0,0,8,-0.82
5388,5,388,61,3523.5,14,862.5,0,2,8,-0.82
5389,5,389,62,3555.5,14,869.5,0,0,8,-0.83
5390,5,390,64,3589.5,14,876.5,0,0,8,-0.85
5391,5,391,64,3621.5,14,883.5,0,0,8,-0.85
5392,5,392,64,3653.5,14,890.5,0,0,8,-0.85
5393,5,393,65,3687.0,14,897.5,0,0,8,-0.86
5394,5,394,68,3724.0,14,904.5,0,0,8,-0.89
5395,5,395,69,3759.5,14,911.5,0,0,8,-0.8999999999999999
5396,5,396,69,3794.0,14,918.5,0,0,8,-0.8999999999999999
5397,5,397,69,3828.5,14,925.5,0,1,8,-0.8999999999999999
5398,5,398,69,3863.0,14,932.5,0,1,8,-0.8999999999999999
5399,5,399,69,3897.5,14,939.5,0,0,8,-0.8999999999999999
5400,5,400,69,3932.0,14,946.5,0,2,8,-0.8999999999999999
5401,5,401,69,3966.5,14,953.5,0,0,8,-0.8999999999999999
5402,5,402,67,3976.5,14,960.5,0,0,8,-0.88
5403,5,403,67,3906.0,14,967.5,0,0,8,-0.88
5404,5,404,67,3849.5,14,974.5,0,0,8,-0.88
5405,5,405,66,3796.5,14,981.5,0,0,8,-0.87
5406,5,406,67,3831.0,14,988.5,0,0,8,-0.88
5407,5,407,66,3787.0,14,995.5,0,0,8,-0.87
5408,5,408,65,3751.5,14,1002.5,0,0,8,-0.86
5409,5,409,66,3785.5,14,1009.5,0,1,8,-0.87
5410,5,410,66,3764.5,14,1016.5,0,0,8,-0.87
5411,5,411,65,3751.5,14,1023.5,0,0,8,-0.86
5412,5,412,65,3784.0,14,1030.5,0,0,8,-0.86
5413,5,413,65,3777.0,14,1037.5,0,0,8,-0.86
5414,5,414,64,3778.0,14,1044.5,0,0,8,-0.85
5415,5,415,65,3811.5,14,1051.5,0,0,8,-0.86
5416,5,416,64,3821.5,14,1058.5,0,0,8,-0.85
5417,5,417,64,3853.5,14,1065.5,0,0,8,-0.85
5418,5,418,64,3873.5,14,1072.5,0,0,8,-0.85
5419,5,419,64,3905.5,14,1079.5,0,1,8,-0.85
5420,5,420,65,3939.0,14,1086.5,0,0,8,-0.86
5421,5,421,65,3971.5,14,1093.5,0,0,8,-0.86
5422,5,422,66,4005.5,14,1100.5,0,0,8,-0.87
5423,5,423,69,4043.0,14,1107.5,0,0,8,-0.8999999999999999
5424,5,424,70,4079.0,14,1114.5,0,0,8,-0.9099999999999999
5425,5,425,71,4115.5,14,1121.5,0,0,8,-0.9199999999999999
5426,5,426,72,4152.5,14,1128.5,0,0,8,-0.9299999999999999
5427,5,427,73,4190.0,14,1135.5,0,0,8,-0.94
5428,5,428,73,4226.5,14,1142.5,0,0,8,-0.94
5429,5,429,75,4266.0,14,1149.5,0,0,8,-0.96
5430,5,430,75,4303.5,14,1156.5,0,1,8,-0.96
5431,5,431,75,4341.0,14,1163.5,0,0,8,-0.96
5432,5,432,78,4383.0,14,1170.5,0,0,8,-0.99
5433,5,433,78,4422.0,14,1177.5,0,0,8,-0.99
5434,5,434,80,4464.0,14,1184.5,0,0,8,-1.01
5435,5,435,81,4505.5,14,1191.5,0,0,9,-1.02
5436,5,436,84,4550.5,14,1198.5,0,0,9,-1.05
5437,5,437,84,4592.5,14,1205.5,0,0,9,-1.05
5438,5,438,85,4636.0,14,1212.5,0,0,9,-1.06
5439,5,439,85,4678.5,14,1219.5,0,0,9,-1.06
5440,5,440,85,4721.0,14,1226.5,0,0,9,-1.06
5441,5,441,81,3907.5,10,949.0,0,2,0,-0.9600000000000001
5442,5,442,77,3535.0,10,954.0,0,0,0,-0.92
5443,5,443,73,3184.5,10,959.0,0,0,0,-0.88
5444,5,444,70,2863.0,8,826.5,0,0,0,-0.82
5445,5,445,71,2899.5,8,830.5,0,0,0,-0.83
5446,5,446,67,2605.5,8,834.5,0,0,0,-0.79
5447,5,447,63,2331.5,7,761.0,0,0,0,-0.735
5448,5,448,60,2178.0,7,764.5,0,1,0,-0.705
5449,5,449,59,2114.0,5,610.5,0,0,0,-0.6649999999999999
5450,5,450,55,1892.0,4,527.5,0,0,0,-0.6100000000000001
5451,5,451,52,1775.5,4,529.5,0,0,0,-0.5800000000000001
5452,5,452,52,1728.0,4,531.5,0,0,0,-0.5800000000000001
5453,5,453,48,1561.5,4,533.5,0,0,0,-0.54
5454,5,454,47,1523.5,4,535.5,0,0,0,-0.53
5455,5,455,45,1443.0,4,537.5,0,2,0,-0.51
5456,5,456,41,1326.0,3,352.5,0,0,0,-0.45499999999999996
5457,5,457,40,1303.0,3,354.0,0,0,0,-0.445
5458,5,458,38,1256.0,3,355.5,0,2,0,-0.425
5459,5,459,34,1202.5,3,357.0,0,0,0,-0.385
5460,5,460,33,1208.5,2,175.0,0,0,0,-0.36
5461,5,461,31,1189.0,2,176.0,0,0,0,-0.33999999999999997
5462,5,462,30,1194.0,2,177.0,0,0,0,-0.32999999999999996
5463,5,463,30,1198.0,2,178.0,0,0,0,-0.32999999999999996
5464,5,464,29,1211.0,2,179.0,0,3,0,-0.31999999999999995
5465,5,465,29,1225.5,2,180.0,0,0,0,-0.31999999999999995
5466,5,466,29,1240.0,2,181.0,0,0,0,-0.31999999999999995
5467,5,467,29,1254.5,2,182.0,0,0,0,-0.31999999999999995
5468,5,468,29,1269.0,2,183.0,0,0,0,-0.31999999999999995
5469,5,469,29,1283.5,2,184.0,1,0,0,-0.31999999999999995
5470,5,470,29,1298.0,2,185.0,0,0,0,-0.31999999999999995
5471,5,471,29,1312.5,3,187.5,0,0,0,-0.33499999999999996
5472,5,472,31,1330.0,3,189.0,0,0,0,-0.355
5473,5,473,31,1345.5,2,188.0,0,0,0,-0.33999999999999997
5474,5,474,31,1361.0,3,190.5,0,0,0,-0.355
5475,5,475,32,1378.0,3,192.0,0,0,0,-0.365
5476,5,476,32,1394.0,3,193.5,0,0,0,-0.365
5477,5,477,32,1410.0,3,195.0,0,1,0,-0.365
5478,5,478,32,1426.0,2,193.0,0,1,0,-0.35
5479,5,479,32,1442.0,2,194.0,1,1,0,-0.35
5480,5,480,32,1458.0,2,195.0,0,2,0,-0.35
5481,5,481,33,1475.5,3,197.5,1,0,0,-0.375
5482,5,482,33,1492.0,3,199.0,0,1,0,-0.375
5483,5,483,33,1508.5,2,198.0,0,0,0,-0.36
5484,5,484,33,1525.0,2,199.0,0,0,0,-0.36
5485,5,485,33,1541.5,2,200.0,0,0,0,-0.36
5486,5,486,33,1558.0,2,201.0,0,0,0,-0.36
5487,5,487,33,1574.5,2,202.0,0,0,0,-0.36
5488,5,488,33,1591.0,2,203.0,0,0,0,-0.36
5489,5,489,33,1607.5,2,204.0,0,0,0,-0.36
5490,5,490,33,1624.0,2,205.0,0,0,0,-0.36
5491,5,491,31,1431.5,2,206.0,0,0,1,-0.33999999999999997
5492,5,492,29,1345.5,2,207.0,0,0,1,-0.31999999999999995
5493,5,493,31,1363.0,2,208.0,0,0,1,-0.33999999999999997
5494,5,494,33,1381.5,3,210.5,0,0,1,-0.375
5495,5,495,36,1402.5,5,215.0,0,0,1,-0.435
5496,5,496,36,1420.5,4,215.5,0,0,1,-0.42
5497,5,497,36,1438.5,4,217.5,0,0,1,-0.42
5498,5,498,36,1456.5,4,219.5,0,1,1,-0.42
5499,5,499,36,1474.5,4,221.5,0,0,1,-0.42
5500,5,500,37,1494.0,5,225.0,0,0,1,-0.445
5501,5,501,37,1512.5,5,227.5,0,0,1,-0.445
5502,5,502,38,1532.5,5,230.0,0,0,1,-0.455
5503,5,503,39,1553.0,5,232.5,0,0,1,-0.465
5504,5,504,39,1572.5,5,235.0,0,0,1,-0.465
5505,5,505,39,1592.0,5,237.5,0,0,1,-0.465
5506,5,506,39,1611.5,7,243.0,0,0,1,-0.495
5507,5,507,39,1631.0,6,244.5,0,0,1,-0.48
5508,5,508,39,1650.5,6,247.5,0,0,1,-0.48
5509,5,509,39,1670.0,6,250.5,0,0,1,-0.48
5510,5,510,39,1689.5,6,253.5,1,0,1,-0.48
5511,5,511,39,1709.0,7,258.0,0,0,1,-0.495
5512,5,512,39,1728.5,7,261.5,0,1,1,-0.495
5513,5,513,39,1748.0,7,265.0,0,0,1,-0.495
5514,5,514,39,1767.5,7,268.5,0,0,1,-0.495
5515,5,515,40,1788.5,7,272.0,0,0,1,-0.505
5516,5,516,40,1808.5,8,277.0,0,0,1,-0.52
5517,5,517,40,1828.5,8,281.0,0,0,1,-0.52
5518,5,518,41,1850.0,8,285.0,0,0,1,-0.53
5519,5,519,42,1872.0,8,289.0,0,0,1,-0.54
5520,5,520,42,1893.0,8,293.0,0,0,1,-0.54
5521,5,521,43,1915.5,8,297.0,0,3,1,-0.55
5522,5,522,43,1937.0,8,301.0,0,0,1,-0.55
5523,5,523,44,1960.0,8,305.0,0,0,1,-0.56
5524,5,524,44,1982.0,8,309.0,0,2,1,-0.56
5525,5,525,45,2005.5,9,314.5,0,0,1,-0.585
5526,5,526,45,2028.0,9,319.0,0,0,1,-0.585
5527,5,527,45,2050.5,9,323.5,0,2,1,-0.585
5528,5,528,45,2073.0,9,328.0,0,0,1,-0.585
5529,5,529,45,2095.5,10,334.0,0,0,1,-0.6
5530,5,530,45,2118.0,10,339.0,0,2,1,-0.6
5531,5,531,45,2140.5,10,344.0,0,1,1,-0.6
5532,5,532,45,2163.0,10,349.0,0,0,1,-0.6
5533,5,533,46,2187.0,10,354.0,0,2,1,-0.61
5534,5,534,46,2210.0,10,359.0,0,1,1,-0.61
5535,5,535,46,2233.0,10,364.0,0,0,1,-0.61
5536,5,536,46,2256.0,10,369.0,0,2,1,-0.61
5537,5,537,46,2279.0,10,374.0,0,1,1,-0.61
5538,5,538,46,2302.0,10,379.0,0,0,1,-0.61
5539,5,539,46,2325.0,10,384.0,0,2,1,-0.61
5540,5,540,47,2349.5,10,389.0,0,1,1,-0.62
5541,5,541,47,2373.0,10,394.0,0,1,1,-0.62
5542,5,542,49,2399.5,10,399.0,0,0,1,-0.64
5543,5,543,49,2424.0,10,404.0,0,2,1,-0.64
5544,5,544,49,2448.5,10,409.0,0,1,1,-0.64
5545,5,545,49,2473.0,10,414.0,0,1,1,-0.64
5546,5,546,49,2497.5,10,419.0,0,1,1,-0.64
5547,5,547,49,2522.0,11,425.5,0,1,1,-0.655
5548,5,548,49,2546.5,11,431.0,0,1,1,-0.655
5549,5,549,49,2571.0,11,436.5,0,2,1,-0.655
5550,5,550,50,2597.0,11,442.0,0,1,1,-0.665
5551,5,551,50,2622.0,11,447.5,0,1,1,-0.665
5552,5,552,50,2647.0,11,453.0,0,1,1,-0.665
5553,5,553,50,2672.0,11,458.5,0,3,1,-0.665
5554,5,554,51,2698.5,11,464.0,0,0,1,-0.675
5555,5,555,51,2724.0,12,471.0,0,3,1,-0.69
5556,5,556,51,2749.5,11,475.0,0,1,1,-0.675
5557,5,557,53,2778.0,11,480.5,0,0,1,-0.6950000000000001
5558,5,558,53,2804.5,11,486.0,0,2,1,-0.6950000000000001
5559,5,559,53,2831.0,12,493.0,0,2,1,-0.71
5560,5,560,54,2859.0,12,499.0,0,0,1,-0.72
5561,5,561,54,2886.0,12,505.0,0,3,1,-0.72
5562,5,562,54,2913.0,12,511.0,0,1,1,-0.72
5563,5,563,54,2940.0,12,517.0,0,0,1,-0.72
5564,5,564,55,2968.5,12,523.0,0,3,1,-0.73
5565,5,565,55,2996.0,12,529.0,0,1,1,-0.73
5566,5,566,55,3023.5,12,535.0,0,0,1,-0.73
5567,5,567,55,3051.0,12,541.0,0,1,1,-0.73
5568,5,568,55,3078.5,12,547.0,0,2,1,-0.73
5569,5,569,55,3106.0,12,553.0,0,1,1,-0.73
5570,5,570,56,3135.0,12,559.0,0,1,1,-0.74
5571,5,571,57,3164.5,12,565.0,0,2,1,-0.75
5572,5,572,57,3193.0,12,571.0,0,1,1,-0.75
5573,5,573,58,3223.0,12,577.0,0,0,1,-0.76
5574,5,574,58,3252.0,12,583.0,0,2,1,-0.76
5575,5,575,58,3281.0,12,589.0,0,1,1,-0.76
5576,5,576,59,3311.5,12,595.0,0,0,1,-0.77
5577,5,577,60,3342.5,12,601.0,0,1,1,-0.78
5578,5,578,60,3372.5,12,607.0,0,2,1,-0.78
5579,5,579,60,3402.5,12,613.0,0,2,1,-0.78
5580,5,580,60,3432.5,12,619.0,0,1,1,-0.78
5581,5,581,61,3464.0,12,625.0,0,3,2,-0.79
5582,5,582,62,3496.0,12,631.0,0,0,2,-0.8
5583,5,583,62,3527.0,12,637.0,0,1,2,-0.8
5584,5,584,62,3558.0,12,643.0,0,0,2,-0.8
5585,5,585,62,3589.0,12,649.0,0,0,2,-0.8
5586,5,586,62,3620.0,12,655.0,0,2,2,-0.8
5587,5,587,62,3651.0,12,661.0,0,1,2,-0.8
5588,5,588,62,3682.0,12,667.0,0,0,2,-0.8
5589,5,589,64,3716.0,12,673.0,0,1,2,-0.8200000000000001
5590,5,590,64,3748.0,12,679.0,0,0,2,-0.8200000000000001
5591,5,591,64,3780.0,12,685.0,1,1,2,-0.8200000000000001
5592,5,592,64,3812.0,12,691.0,0,0,2,-0.8200000000000001
5593,5,593,62,3478.5,12,697.0,0,1,3,-0.8
5594,5,594,60,3202.0,12,703.0,0,1,3,-0.78
5595,5,595,58,2995.5,12,709.0,0,0,3,-0.76
5596,5,596,57,2942.5,12,715.0,0,1,3,-0.75
5597,5,597,56,2884.0,12,721.0,0,0,3,-0.74
5598,5,598,55,2806.0,12,727.0,0,0,3,-0.73
5599,5,599,55,2807.0,12,733.0,0,0,3,-0.73
5600,5,600,56,2836.0,12,739.0,0,0,3,-0.74
5601,5,601,56,2864.0,12,745.0,0,1,3,-0.74
5602,5,602,56,2892.0,12,751.0,0,0,3,-0.74
5603,5,603,56,2920.0,12,757.0,0,0,3,-0.74
5604,5,604,56,2948.0,12,763.0,0,0,3,-0.74
5605,5,605,56,2976.0,12,769.0,0,0,3,-0.74
5606,5,606,56,3004.0,12,775.0,1,1,3,-0.74
5607,5,607,56,3032.0,12,781.0,0,0,3,-0.74
5608,5,608,56,3060.0,12,787.0,0,0,3,-0.74
5609,5,609,57,3089.5,12,793.0,0,0,3,-0.75
5610,5,610,58,3119.5,12,799.0,0,0,3,-0.76
5611,5,611,61,3153.0,12,805.0,0,0,3,-0.79
5612,5,612,62,3185.0,12,811.0,0,0,3,-0.8
5613,5,613,62,3216.0,12,817.0,0,1,3,-0.8
5614,5,614,62,3247.0,12,823.0,0,0,3,-0.8
5615,5,615,62,3278.0,12,829.0,0,0,3,-0.8
5616,5,616,62,3309.0,12,835.0,0,1,3,-0.8
5617,5,617,62,3340.0,12,841.0,0,0,3,-0.8
5618,5,618,63,3372.5,12,847.0,0,2,3,-0.81
5619,5,619,63,3404.0,12,853.0,0,0,3,-0.81
5620,5,620,64,3437.0,12,859.0,0,0,3,-0.8200000000000001
5621,5,621,65,3470.5,12,865.0,0,0,3,-0.8300000000000001
5622,5,622,65,3503.0,12,871.0,0,0,3,-0.8300000000000001
5623,5,623,66,3537.0,12,877.0,0,0,3,-0.8400000000000001
5624,5,624,66,3570.0,12,883.0,0,0,3,-0.8400000000000001
5625,5,625,67,3604.5,12,889.0,0,2,3,-0.8500000000000001
5626,5,626,67,3638.0,12,895.0,0,0,3,-0.8500000000000001
5627,5,627,67,3671.5,12,901.0,0,0,3,-0.8500000000000001
5628,5,628,67,3705.0,12,907.0,0,0,3,-0.8500000000000001
5629,5,629,67,3738.5,12,913.0,0,1,3,-0.8500000000000001
5630,5,630,67,3772.0,12,919.0,0,0,3,-0.8500000000000001
5631,5,631,68,3807.0,12,925.0,0,0,3,-0.8600000000000001
5632,5,632,70,3844.0,12,931.0,0,0,3,-0.8799999999999999
5633,5,633,70,3879.0,12,937.0,0,0,3,-0.8799999999999999
5634,5,634,71,3915.5,12,943.0,0,1,3,-0.8899999999999999
5635,5,635,71,3951.0,12,949.0,0,0,3,-0.8899999999999999
5636,5,636,71,3986.5,12,955.0,0,0,3,-0.8899999999999999
5637,5,637,71,4022.0,12,961.0,1,0,3,-0.8899999999999999
5638,5,638,71,4057.5,12,967.0,0,0,3,-0.8899999999999999
5639,5,639,71,4093.0,12,973.0,0,0,3,-0.8899999999999999
5640,5,640,71,4128.5,12,979.0,0,0,3,-0.8899999999999999
5641,5,641,72,4165.5,12,985.0,0,0,3,-0.8999999999999999
5642,5,642,72,4201.5,12,991.0,0,0,3,-0.8999999999999999
5643,5,643,73,4239.0,12,997.0,0,0,3,-0.9099999999999999
5644,5,644,76,4280.0,12,1003.0,0,0,3,-0.94
5645,5,645,76,4318.0,12,1009.0,0,1,3,-0.94
5646,5,646,76,4356.0,12,1015.0,0,0,3,-0.94
5647,5,647,76,4394.0,12,1021.0,0,0,3,-0.94
5648,5,648,76,4432.0,12,1027.0,0,0,3,-0.94
5649,5,649,77,4471.5,12,1033.0,0,1,3,-0.95
5650,5,650,79,4513.0,12,1039.0,0,0,3,-0.97
5651,5,651,81,4555.5,12,1045.0,0,0,3,-0.99
5652,5,652,81,4596.0,12,1051.0,0,0,3,-0.99
5653,5,653,81,4636.5,12,1057.0,0,0,4,-0.99
5654,5,654,81,4677.0,12,1063.0,0,0,4,-0.99
5655,5,655,81,4717.5,12,1069.0,0,2,4,-0.99
5656,5,656,81,4758.0,12,1075.0,0,0,4,-0.99
5657,5,657,82,4800.0,12,1081.0,0,0,4,-1.0
5658,5,658,83,4842.5,12,1087.0,0,0,4,-1.01
5659,5,659,83,4884.0,12,1093.0,0,0,4,-1.01
5660,5,660,83,4925.5,12,1099.0,0,0,4,-1.01
5661,5,661,84,4968.5,12,1105.0,0,0,4,-1.02
5662,5,662,85,5012.0,12,1111.0,0,0,4,-1.03
5663,5,663,86,5056.0,12,1117.0,0,0,4,-1.04
5664,5,664,86,5099.0,12,1123.0,0,0,4,-1.04
5665,5,665,80,4469.0,8,851.5,0,1,5,-0.92
5666,5,666,76,3994.0,9,857.0,0,0,5,-0.895
5667,5,667,72,3547.5,9,861.5,0,0,5,-0.855
5668,5,668,69,3242.0,8,810.0,0,0,5,-0.8099999999999999
5669,5,669,67,2960.0,8,814.0,0,0,5,-0.79
5670,5,670,66,2798.5,8,818.0,0,0,5,-0.78
5671,5,671,63,2469.5,7,732.0,1,0,5,-0.735
5672,5,672,62,2332.0,7,735.5,0,1,5,-0.725
5673,5,673,60,2208.0,5,568.5,0,0,5,-0.6749999999999999
5674,5,674,56,1948.5,5,571.0,0,0,5,-0.635
5675,5,675,54,1832.0,4,482.0,0,0,5,-0.6000000000000001
5676,5,676,52,1750.5,4,484.0,0,0,5,-0.5800000000000001
5677,5,677,49,1599.5,4,486.0,0,0,5,-0.55
5678,5,678,46,1459.0,5,489.5,1,1,5,-0.535
5679,5,679,44,1411.5,5,485.5,0,0,5,-0.515
5680,5,680,41,1305.0,6,489.5,0,0,5,-0.5
5681,5,681,39,1212.5,5,490.0,0,1,5,-0.465
5682,5,682,39,1207.5,5,492.5,0,1,5,-0.465
5683,5,683,37,1157.0,4,293.0,0,0,5,-0.43
5684,5,684,35,1147.5,4,295.0,0,0,5,-0.41
5685,5,685,34,1131.0,4,297.0,0,0,5,-0.4
5686,5,686,32,1110.5,4,299.0,0,0,5,-0.38
5687,5,687,31,1122.5,3,295.0,0,2,5,-0.355
5688,5,688,30,1123.0,3,296.5,0,1,5,-0.345
5689,5,689,29,1132.5,3,293.5,0,0,5,-0.33499999999999996
5690,5,690,30,1148.5,1,93.5,0,2,5,-0.315
5691,5,691,30,1163.5,1,94.0,0,1,5,-0.315
5692,5,692,31,1180.0,1,94.5,0,0,5,-0.325
5693,5,693,31,1195.5,2,96.5,0,2,5,-0.33999999999999997
5694,5,694,31,1211.0,4,100.5,0,0,5,-0.37
5695,5,695,31,1226.5,3,100.5,0,0,5,-0.355
5696,5,696,31,1242.0,3,102.0,0,0,5,-0.355
5697,5,697,31,1257.5,3,103.5,0,0,5,-0.355
5698,5,698,32,1274.5,3,105.0,0,0,5,-0.365
5699,5,699,32,1290.5,3,103.5,0,0,5,-0.365
5700,5,700,33,1308.0,3,105.0,0,0,5,-0.375
5701,5,701,33,1324.5,3,106.5,1,0,5,-0.375
5702,5,702,34,1342.5,3,108.0,0,1,5,-0.385
5703,5,703,37,1364.0,3,109.5,0,0,5,-0.415
5704,5,704,38,1384.0,3,111.0,0,1,5,-0.425
5705,5,705,39,1404.5,3,112.5,0,0,5,-0.435
5706,5,706,39,1424.0,3,114.0,0,0,5,-0.435
5707,5,707,39,1443.5,3,115.5,0,0,5,-0.435
5708,5,708,39,1463.0,3,117.0,0,0,5,-0.435
5709,5,709,39,1482.5,3,118.5,0,1,5,-0.435
5710,5,710,39,1502.0,3,120.0,0,0,5,-0.435
5711,5,711,41,1524.5,3,121.5,0,1,5,-0.45499999999999996
5712,5,712,43,1548.0,3,123.0,0,0,5,-0.475
5713,5,713,44,1571.0,3,124.5,0,0,5,-0.485
5714,5,714,44,1593.0,3,126.0,0,0,5,-0.485
5715,5,715,42,1392.0,3,127.5,0,0,6,-0.46499999999999997
5716,5,716,40,1305.0,3,129.0,0,0,6,-0.445
5717,5,717,38,1314.0,3,130.5,0,0,6,-0.425
5718,5,718,38,1333.0,3,132.0,0,0,6,-0.425
5719,5,719,38,1352.0,3,133.5,0,0,6,-0.425
5720,5,720,39,1372.5,3,135.0,0,0,6,-0.435
5721,5,721,39,1392.0,3,136.5,0,0,6,-0.435
5722,5,722,40,1413.0,3,138.0,0,0,6,-0.445
5723,5,723,40,1433.0,3,139.5,0,0,6,-0.445
5724,5,724,40,1453.0,3,141.0,0,0,6,-0.445
5725,5,725,40,1473.0,3,142.5,0,2,6,-0.445
5726,5,726,40,1493.0,3,144.0,0,0,6,-0.445
5727,5,727,40,1513.0,3,145.5,0,0,6,-0.445
5728,5,728,40,1533.0,3,147.0,0,0,6,-0.445
5729,5,729,40,1553.0,3,148.5,0,0,6,-0.445
5730,5,730,40,1573.0,3,150.0,0,0,6,-0.445
5731,5,731,41,1594.5,3,151.5,0,0,6,-0.45499999999999996
5732,5,732,42,1616.5,3,153.0,0,0,6,-0.46499999999999997
5733,5,733,42,1637.5,3,154.5,0,0,6,-0.46499999999999997
5734,5,734,42,1658.5,3,156.0,0,0,6,-0.46499999999999997
5735,5,735,42,1679.5,3,157.5,0,0,6,-0.46499999999999997
5736,5,736,42,1700.5,3,159.0,0,0,6,-0.46499999999999997
5737,5,737,42,1721.5,3,160.5,0,0,6,-0.46499999999999997
5738,5,738,42,1742.5,3,162.0,0,0,6,-0.46499999999999997
5739,5,739,42,1763.5,3,163.5,0,0,6,-0.46499999999999997
5740,5,740,43,1786.0,3,165.0,0,0,6,-0.475
5741,5,741,43,1807.5,3,166.5,0,0,6,-0.475
5742,5,742,44,1830.5,3,168.0,0,0,6,-0.485
5743,5,743,44,1852.5,3,169.5,0,0,6,-0.485
5744,5,744,44,1874.5,3,171.0,0,2,6,-0.485
5745,5,745,44,1896.5,3,172.5,0,0,6,-0.485
5746,5,746,44,1918.5,3,174.0,0,0,6,-0.485
5747,5,747,44,1940.5,4,177.0,0,0,6,-0.5
5748,5,748,44,1962.5,4,179.0,0,1,6,-0.5
5749,5,749,44,1984.5,4,181.0,0,0,6,-0.5
5750,5,750,44,2006.5,4,183.0,0,1,6,-0.5
5751,5,751,44,2028.5,4,185.0,0,0,6,-0.5
5752,5,752,44,2050.5,4,187.0,0,0,6,-0.5
5753,5,753,45,2074.0,4,189.0,0,1,6,-0.51
5754,5,754,45,2096.5,5,192.5,0,0,6,-0.525
5755,5,755,45,2119.0,6,196.5,0,2,6,-0.54
5756,5,756,45,2141.5,5,197.5,0,1,6,-0.525
5757,5,757,45,2164.0,5,200.0,0,1,6,-0.525
5758,5,758,46,2188.0,5,202.5,0,2,6,-0.535
5759,5,759,46,2211.0,6,206.5,0,1,6,-0.55
5760,5,760,46,2234.0,6,209.5,0,0,6,-0.55
5761,5,761,46,2257.0,6,212.5,0,2,6,-0.55
5762,5,762,48,2283.0,6,215.5,0,1,6,-0.57
5763,5,763,48,2307.0,6,218.5,0,0,6,-0.57
5764,5,764,48,2331.0,6,221.5,0,1,6,-0.57
5765,5,765,48,2355.0,6,224.5,0,0,6,-0.57
5766,5,766,48,2379.0,6,227.5,0,1,6,-0.57
5767,5,767,48,2403.0,7,232.0,0,1,6,-0.585
5768,5,768,48,2427.0,7,235.5,0,0,6,-0.585
5769,5,769,48,2451.0,7,239.0,0,1,6,-0.585
5770,5,770,48,2475.0,7,242.5,0,0,6,-0.585
5771,5,771,48,2499.0,7,246.0,0,1,6,-0.585
5772,5,772,49,2524.5,8,251.0,0,2,6,-0.61
5773,5,773,49,2549.0,8,255.0,0,2,6,-0.61
5774,5,774,49,2573.5,8,259.0,0,0,6,-0.61
5775,5,775,49,2598.0,8,263.0,0,1,6,-0.61
5776,5,776,50,2624.0,8,267.0,0,1,6,-0.62
5777,5,777,50,2649.0,9,272.5,0,1,6,-0.635
5778,5,778,50,2674.0,9,277.0,0,1,6,-0.635
5779,5,779,50,2699.0,9,281.5,0,1,6,-0.635
5780,5,780,51,2725.5,9,286.0,0,1,6,-0.645
5781,5,781,53,2754.0,9,290.5,0,1,6,-0.665
5782,5,782,54,2782.0,9,295.0,0,1,6,-0.675
5783,5,783,54,2809.0,9,299.5,0,0,6,-0.675
5784,5,784,54,2836.0,9,304.0,0,1,6,-0.675
5785,5,785,55,2864.5,9,308.5,0,2,6,-0.685
5786,5,786,55,2892.0,9,313.0,0,1,6,-0.685
5787,5,787,55,2919.5,9,317.5,0,1,6,-0.685
5788,5,788,55,2947.0,9,322.0,0,1,6,-0.685
5789,5,789,55,2974.5,9,326.5,0,1,6,-0.685
5790,5,790,55,3002.0,9,331.0,0,1,6,-0.685
5791,5,791,56,3031.0,9,335.5,0,2,6,-0.6950000000000001
5792,5,792,56,3059.0,9,340.0,0,1,6,-0.6950000000000001
5793,5,793,56,3087.0,9,344.5,0,1,6,-0.6950000000000001
5794,5,794,56,3115.0,9,349.0,0,1,6,-0.6950000000000001
5795,5,795,56,3143.0,9,353.5,0,2,6,-0.6950000000000001
5796,5,796,56,3171.0,9,358.0,0,1,6,-0.6950000000000001
5797,5,797,57,3200.5,9,362.5,0,1,6,-0.705
5798,5,798,58,3230.5,9,367.0,0,2,6,-0.715
5799,5,799,58,3259.5,9,371.5,0,0,6,-0.715
5800,5,800,58,3288.5,9,376.0,0,2,6,-0.715
5801,5,801,58,3317.5,9,380.5,0,2,6,-0.715
5802,5,802,59,3348.0,9,385.0,0,0,6,-0.725
5803,5,803,59,3377.5,9,389.5,0,3,6,-0.725
5804,5,804,59,3407.0,9,394.0,0,2,6,-0.725
5805,5,805,59,3436.5,9,398.5,0,1,7,-0.725
5806,5,806,59,3466.0,9,403.0,0,1,7,-0.725
5807,5,807,59,3495.5,9,407.5,0,3,7,-0.725
5808,5,808,59,3525.0,9,412.0,0,0,7,-0.725
5809,5,809,59,3554.5,9,416.5,0,1,7,-0.725
5810,5,810,59,3584.0,9,421.0,1,3,7,-0.725
5811,5,811,61,3616.5,9,425.5,0,1,7,-0.745
5812,5,812,61,3647.0,9,430.0,0,3,7,-0.745
5813,5,813,61,3677.5,9,434.5,0,0,7,-0.745
5814,5,814,61,3708.0,9,439.0,0,2,7,-0.745
5815,5,815,61,3738.5,9,443.5,0,1,7,-0.745
5816,5,816,61,3769.0,9,448.0,1,2,7,-0.745
5817,5,817,59,3477.5,9,452.5,0,0,8,-0.725
5818,5,818,57,3262.5,9,457.0,0,0,8,-0.705
5819,5,819,55,3113.0,9,461.5,0,0,8,-0.685
5820,5,820,54,3027.0,9,466.0,0,0,8,-0.675
5821,5,821,53,3032.5,9,470.5,0,0,8,-0.665
5822,5,822,53,3038.5,9,475.0,0,0,8,-0.665
5823,5,823,53,3065.0,9,479.5,0,0,8,-0.665
5824,5,824,53,3091.5,9,484.0,0,0,8,-0.665
5825,5,825,54,3119.5,9,488.5,0,0,8,-0.675
5826,5,826,57,3151.0,9,493.0,0,2,8,-0.705
5827,5,827,57,3179.5,9,497.5,0,0,8,-0.705
5828,5,828,58,3209.5,9,502.0,0,0,8,-0.715
5829,5,829,58,3238.5,9,506.5,0,0,8,-0.715
5830,5,830,58,3267.5,9,511.0,0,0,8,-0.715
5831,5,831,59,3298.0,9,515.5,0,0,8,-0.725
5832,5,832,59,3327.5,9,520.0,0,1,8,-0.725
5833,5,833,59,3357.0,9,524.5,0,0,8,-0.725
5834,5,834,59,3386.5,9,529.0,0,0,8,-0.725
5835,5,835,59,3416.0,9,533.5,0,0,8,-0.725
5836,5,836,60,3447.0,9,538.0,2,0,8,-0.735
5837,5,837,61,3478.5,9,542.5,0,0,8,-0.745
5838,5,838,62,3510.5,9,547.0,0,0,8,-0.755
5839,5,839,62,3541.5,9,551.5,0,0,8,-0.755
5840,5,840,63,3574.0,9,556.0,0,0,8,-0.765
5841,5,841,65,3608.5,9,560.5,0,0,8,-0.785
5842,5,842,65,3641.0,9,565.0,0,2,8,-0.785
5843,5,843,65,3673.5,9,569.5,0,0,8,-0.785
5844,5,844,65,3706.0,9,574.0,0,0,8,-0.785
5845,5,845,65,3738.5,9,578.5,1,0,8,-0.785
5846,5,846,65,3771.0,9,583.0,0,1,8,-0.785
5847,5,847,66,3805.0,9,587.5,0,0,8,-0.795
5848,5,848,66,3838.0,9,592.0,0,0,8,-0.795
5849,5,849,66,3871.0,9,596.5,0,0,8,-0.795
5850,5,850,67,3905.5,9,601.0,0,0,8,-0.805
5851,5,851,67,3939.0,9,605.5,0,0,8,-0.805
5852,5,852,68,3974.0,9,610.0,0,0,8,-0.8150000000000001
5853,5,853,69,4009.5,9,614.5,0,2,8,-0.825
5854,5,854,69,4044.0,9,619.0,0,0,8,-0.825
5855,5,855,69,4078.5,9,623.5,0,0,8,-0.825
5856,5,856,69,4113.0,9,628.0,0,0,8,-0.825
5857,5,857,70,4149.0,9,632.5,0,0,8,-0.835
5858,5,858,70,4184.0,9,637.0,0,1,8,-0.835
5859,5,859,70,4219.0,9,641.5,0,0,8,-0.835
5860,5,860,71,4255.5,9,646.0,1,0,8,-0.845
5861,5,861,72,4292.5,9,650.5,0,0,8,-0.855
5862,5,862,72,4328.5,9,655.0,0,0,8,-0.855
5863,5,863,74,4367.5,9,659.5,0,1,8,-0.875
5864,5,864,74,4404.5,9,664.0,0,0,8,-0.875
5865,5,865,75,4443.0,10,670.0,0,0,8,-0.9
5866,5,866,75,4480.5,9,673.0,1,0,8,-0.885
5867,5,867,75,4518.0,9,677.5,0,1,8,-0.885
5868,5,868,75,4555.5,9,682.0,0,0,8,-0.885
5869,5,869,75,4593.0,10,688.0,0,0,8,-0.9
5870,5,870,76,4632.0,10,693.0,1,0,8,-0.91
5871,5,871,76,4670.0,11,699.5,0,0,8,-0.925
5872,5,872,76,4708.0,11,705.0,0,0,8,-0.925
5873,5,873,78,4749.0,11,710.5,1,0,8,-0.9450000000000001
5874,5,874,78,4788.0,11,716.0,0,1,8,-0.9450000000000001
5875,5,875,79,4828.5,11,721.5,0,0,8,-0.9550000000000001
5876,5,876,79,4868.0,11,727.0,0,0,8,-0.9550000000000001
5877,5,877,79,4907.5,12,734.0,0,1,9,-0.97
5878,5,878,80,4948.5,12,740.0,0,1,9,-0.98
5879,5,879,80,4988.5,12,746.0,0,0,9,-0.98
5880,5,880,81,5030.0,12,752.0,0,0,9,-0.99
5881,5,881,81,5070.5,12,758.0,0,1,9,-0.99
5882,5,882,82,5112.5,12,764.0,0,0,9,-1.0
5883,5,883,78,4579.0,7,401.5,0,0,0,-0.885
5884,5,884,74,4100.0,7,405.0,0,1,0,-0.845
5885,5,885,71,3656.0,7,408.5,0,0,0,-0.815
5886,5,886,67,3244.5,7,412.0,0,0,0,-0.775
5887,5,887,68,3279.5,7,415.5,0,0,0,-0.785
5888,5,888,65,2890.0,7,419.0,1,0,0,-0.755
5889,5,889,61,2530.5,7,422.5,0,0,0,-0.715
5890,5,890,61,2477.0,8,427.5,0,0,0,-0.73
5891,5,891,58,2243.0,7,334.0,0,0,0,-0.6849999999999999
5892,5,892,54,1955.5,6,324.5,0,0,0,-0.63
5893,5,893,55,1918.5,6,226.5,0,0,0,-0.64
5894,5,894,52,1736.5,5,208.0,0,0,0,-0.595
5895,5,895,48,1527.5,5,210.5,0,1,0,-0.5549999999999999
5896,5,896,48,1551.5,6,214.5,0,1,0,-0.57
5897,5,897,44,1389.0,6,217.5,0,0,0,-0.53
5898,5,898,40,1264.0,6,220.5,1,0,0,-0.49
5899,5,899,41,1285.5,4,215.0,0,0,0,-0.47
5900,5,900,37,1190.5,4,217.0,0,0,0,-0.43
5901,5,901,34,1125.5,4,219.0,0,0,0,-0.4
5902,5,902,35,1144.0,2,15.5,0,0,0,-0.38
5903,5,903,32,1099.0,2,16.5,0,0,0,-0.35
5904,5,904,31,1100.5,2,17.5,0,0,0,-0.33999999999999997
5905,5,905,30,1092.0,2,18.5,0,0,0,-0.32999999999999996
5906,5,906,29,1092.5,2,19.5,0,1,0,-0.31999999999999995
5907,5,907,29,1107.0,2,20.5,0,1,0,-0.31999999999999995
5908,5,908,28,1109.5,2,21.5,0,1,0,-0.31000000000000005
5909,5,909,28,1123.5,2,22.5,0,1,0,-0.31000000000000005
5910,5,910,28,1137.5,2,23.5,0,0,0,-0.31000000000000005
5911,5,911,29,1153.0,2,24.5,0,1,0,-0.31999999999999995
5912,5,912,31,1170.5,2,25.5,0,1,0,-0.33999999999999997
5913,5,913,33,1189.0,2,26.5,0,0,0,-0.36
5914,5,914,34,1207.0,2,27.5,0,1,0,-0.37
5915,5,915,34,1224.0,2,28.5,0,1,0,-0.37
5916,5,916,34,1241.0,2,29.5,0,0,0,-0.37
5917,5,917,34,1258.0,2,30.5,0,1,0,-0.37
5918,5,918,34,1275.0,2,31.5,0,1,0,-0.37
5919,5,919,34,1292.0,2,32.5,0,0,0,-0.37
5920,5,920,37,1313.5,2,33.5,0,0,0,-0.4
5921,5,921,38,1333.5,2,34.5,0,0,0,-0.41000000000000003
5922,5,922,38,1352.0,2,35.5,0,0,0,-0.41000000000000003
5923,5,923,38,1371.0,2,36.5,0,0,0,-0.41000000000000003
5924,5,924,39,1391.5,2,37.5,0,0,0,-0.42000000000000004
5925,5,925,39,1411.0,2,38.5,0,0,0,-0.42000000000000004
5926,5,926,39,1430.5,2,39.5,0,0,0,-0.42000000000000004
5927,5,927,40,1451.5,2,40.5,0,0,0,-0.43000000000000005
5928,5,928,40,1471.5,2,41.5,0,1,0,-0.43000000000000005
5929,5,929,40,1491.5,2,42.5,0,0,0,-0.43000000000000005
5930,5,930,40,1511.5,2,43.5,0,0,0,-0.43000000000000005
5931,5,931,40,1531.5,2,44.5,0,0,0,-0.43000000000000005
5932,5,932,40,1551.5,2,45.5,0,0,0,-0.43000000000000005
5933,5,933,39,1340.0,2,46.5,0,0,1,-0.42000000000000004
5934,5,934,37,1238.0,2,47.5,0,0,1,-0.4
5935,5,935,35,1236.5,2,48.5,0,0,1,-0.38
5936,5,936,35,1254.0,2,49.5,0,0,1,-0.38
5937,5,937,35,1271.5,2,50.5,0,0,1,-0.38
5938,5,938,35,1289.0,2,51.5,1,0,1,-0.38
5939,5,939,35,1306.5,2,52.5,0,0,1,-0.38
5940,5,940,35,1324.0,2,53.5,0,0,1,-0.38
5941,5,941,37,1344.5,2,54.5,0,0,1,-0.4
5942,5,942,37,1363.0,2,55.5,0,0,1,-0.4
5943,5,943,39,1384.5,2,56.5,0,0,1,-0.42000000000000004
5944,5,944,40,1405.5,2,57.5,0,0,1,-0.43000000000000005
5945,5,945,40,1425.5,2,58.5,0,0,1,-0.43000000000000005
5946,5,946,38,1437.5,2,59.5,0,0,1,-0.41000000000000003
5947,5,947,36,1449.5,2,60.5,0,0,1,-0.39
5948,5,948,36,1467.5,2,61.5,1,0,1,-0.39
5949,5,949,39,1490.0,2,62.5,0,0,1,-0.42000000000000004
5950,5,950,40,1511.0,2,63.5,0,0,1,-0.43000000000000005
5951,5,951,40,1531.0,2,64.5,0,0,1,-0.43000000000000005
5952,5,952,40,1551.0,2,65.5,0,0,1,-0.43000000000000005
5953,5,953,40,1571.0,2,66.5,0,0,1,-0.43000000000000005
5954,5,954,40,1591.0,2,67.5,0,0,1,-0.43000000000000005
5955,5,955,40,1611.0,2,68.5,0,0,1,-0.43000000000000005
5956,5,956,40,1631.0,2,69.5,0,0,1,-0.43000000000000005
5957,5,957,40,1651.0,2,70.5,0,0,1,-0.43000000000000005
5958,5,958,40,1671.0,2,71.5,0,0,1,-0.43000000000000005
5959,5,959,42,1694.0,2,72.5,0,0,1,-0.44999999999999996
5960,5,960,42,1715.0,2,73.5,0,0,1,-0.44999999999999996
5961,5,961,42,1736.0,2,74.5,0,0,1,-0.44999999999999996
5962,5,962,43,1758.5,2,75.5,0,0,1,-0.45999999999999996
5963,5,963,43,1780.0,2,76.5,0,3,1,-0.45999999999999996
5964,5,964,43,1801.5,3,79.0,0,0,1,-0.475
5965,5,965,43,1823.0,3,80.5,0,0,1,-0.475
5966,5,966,43,1844.5,3,82.0,0,1,1,-0.475
5967,5,967,43,1866.0,3,83.5,0,0,1,-0.475
5968,5,968,43,1887.5,3,85.0,0,0,1,-0.475
5969,5,969,44,1910.5,3,86.5,0,0,1,-0.485
5970,5,970,44,1932.5,3,88.0,0,1,1,-0.485
5971,5,971,45,1956.0,3,89.5,0,0,1,-0.495
5972,5,972,46,1980.0,4,92.5,0,1,1,-0.52
5973,5,973,46,2003.0,4,94.5,0,1,1,-0.52
5974,5,974,46,2026.0,4,96.5,0,0,1,-0.52
5975,5,975,46,2049.0,6,101.5,0,1,1,-0.55
5976,5,976,46,2072.0,6,104.5,0,0,1,-0.55
5977,5,977,46,2095.0,6,107.5,0,0,1,-0.55
5978,5,978,46,2118.0,6,110.5,0,0,1,-0.55
5979,5,979,46,2141.0,6,113.5,0,1,1,-0.55
5980,5,980,46,2164.0,6,116.5,0,0,1,-0.55
5981,5,981,46,2187.0,6,119.5,0,0,1,-0.55
5982,5,982,46,2210.0,6,122.5,0,1,1,-0.55
5983,5,983,47,2234.5,6,125.5,0,0,1,-0.5599999999999999
5984,5,984,49,2261.0,6,128.5,0,0,1,-0.58
5985,5,985,49,2285.5,6,131.5,0,1,1,-0.58
5986,5,986,49,2310.0,6,134.5,0,0,1,-0.58
5987,5,987,49,2334.5,6,137.5,0,2,1,-0.58
5988,5,988,51,2362.0,6,140.5,0,1,1,-0.6
5989,5,989,52,2389.0,6,143.5,0,0,1,-0.61
5990,5,990,52,2415.0,6,146.5,0,1,1,-0.61
5991,5,991,53,2442.5,6,149.5,0,2,1,-0.62
5992,5,992,54,2470.5,6,152.5,0,1,1,-0.63
5993,5,993,54,2497.5,6,155.5,1,0,1,-0.63
5994,5,994,54,2524.5,6,158.5,0,3,1,-0.63
5995,5,995,54,2551.5,6,161.5,0,0,1,-0.63
5996,5,996,54,2578.5,6,164.5,0,2,1,-0.63
5997,5,997,54,2605.5,6,167.5,0,2,1,-0.63
5998,5,998,54,2632.5,6,170.5,0,0,1,-0.63
5999,5,999,54,2659.5,6,173.5,0,2,1,-0.63
6000,6,0,0,0.0,0,0.0,0,0,0,-0.0
6001,6,1,0,0.0,0,0.0,0,0,0,-0.0
6002,6,2,0,0.0,0,0.0,0,0,0,-0.0
6003,6,3,0,0.0,0,0.0,0,0,0,-0.0
6004,6,4,0,0.0,0,0.0,0,0,0,-0.0
6005,6,5,0,0.0,0,0.0,0,0,0,-0.0
6006,6,6,0,0.0,0,0.0,0,0,0,-0.0
6007,6,7,0,0.0,0,0.0,0,0,0,-0.0
6008,6,8,0,0.0,0,0.0,0,0,0,-0.0
6009,6,9,0,0.0,0,0.0,0,0,0,-0.0
6010,6,10,0,0.0,0,0.0,0,0,0,-0.0
6011,6,11,0,0.0,0,0.0,0,0,0,-0.0
6012,6,12,0,0.0,0,0.0,0,0,0,-0.0
6013,6,13,0,0.0,0,0.0,0,0,0,-0.0
6014,6,14,0,0.0,0,0.0,0,0,0,-0.0
6015,6,15,0,0.0,0,0.0,0,0,0,-0.0
6016,6,16,0,0.0,0,0.0,0,0,0,-0.0
6017,6,17,0,0.0,0,0.0,0,0,0,-0.0
6018,6,18,0,0.0,0,0.0,0,0,0,-0.0
6019,6,19,0,0.0,0,0.0,0,0,0,-0.0
6020,6,20,0,0.0,0,0.0,0,0,0,-0.0
6021,6,21,0,0.0,0,0.0,0,0,0,-0.0
6022,6,22,0,0.0,0,0.0,0,0,0,-0.0
6023,6,23,0,0.0,0,0.0,0,0,0,-0.0
6024,6,24,0,0.0,0,0.0,0,0,0,-0.0
6025,6,25,0,0.0,0,0.0,0,0,0,-0.0
6026,6,26,0,0.0,0,0.0,0,0,0,-0.0
6027,6,27,0,0.0,0,0.0,0,0,0,-0.0
6028,6,28,0,0.0,0,0.0,0,0,0,-0.0
6029,6,29,0,0.0,0,0.0,0,0,0,-0.0
6030,6,30,0,0.0,0,0.0,0,0,0,-0.0
6031,6,31,0,0.0,0,0.0,0,0,0,-0.0
6032,6,32,0,0.0,0,0.0,0,0,0,-0.0
6033,6,33,0,0.0,0,0.0,0,0,0,-0.0
6034,6,34,0,0.0,0,0.0,0,0,0,-0.0
6035,6,35,0,0.0,0,0.0,0,0,0,-0.0
6036,6,36,0,0.0,0,0.0,0,0,0,-0.0
6037,6,37,0,0.0,0,0.0,0,0,0,-0.0
6038,6,38,0,0.0,0,0.0,0,0,0,-0.0
6039,6,39,0,0.0,0,0.0,0,0,0,-0.0
6040,6,40,0,0.0,0,0.0,0,0,0,-0.0
6041,6,41,0,0.0,0,0.0,0,0,0,-0.0
6042,6,42,0,0.0,0,0.0,0,0,0,-0.0
6043,6,43,0,0.0,0,0.0,0,0,0,-0.0
6044,6,44,0,0.0,0,0.0,0,0,0,-0.0
6045,6,45,0,0.0,0,0.0,0,0,0,-0.0
6046,6,46,0,0.0,0,0.0,0,0,0,-0.0
6047,6,47,0,0.0,0,0.0,0,0,0,-0.0
6048,6,48,0,0.0,0,0.0,0,0,0,-0.0
6049,6,49,0,0.0,0,0.0,0,0,1,-0.0
6050,6,50,0,0.0,0,0.0,0,0,1,-0.0
6051,6,51,0,0.0,0,0.0,0,0,1,-0.0
6052,6,52,0,0.0,0,0.0,0,0,1,-0.0
6053,6,53,0,0.0,0,0.0,0,0,1,-0.0
6054,6,54,0,0.0,0,0.0,0,0,1,-0.0
6055,6,55,0,0.0,0,0.0,0,0,1,-0.0
6056,6,56,0,0.0,0,0.0,0,0,1,-0.0
6057,6,57,0,0.0,0,0.0,0,0,1,-0.0
6058,6,58,0,0.0,0,0.0,0,0,1,-0.0
6059,6,59,0,0.0,0,0.0,0,0,1,-0.0
6060,6,60,0,0.0,0,0.0,0,0,1,-0.0
6061,6,61,0,0.0,0,0.0,0,0,1,-0.0
6062,6,62,0,0.0,0,0.0,0,0,1,-0.0
6063,6,63,0,0.0,0,0.0,0,0,1,-0.0
6064,6,64,0,0.0,0,0.0,0,0,1,-0.0
6065,6,65,0,0.0,1,1.5,0,0,1,-0.015
6066,6,66,0,0.0,1,2.0,0,0,1,-0.015
6067,6,67,0,0.0,1,2.5,0,0,1,-0.015
6068,6,68,0,0.0,1,3.0,0,0,1,-0.015
6069,6,69,0,0.0,1,3.5,0,0,1,-0.015
6070,6,70,0,0.0,1,4.0,0,0,1,-0.015
6071,6,71,0,0.0,1,4.5,0,0,1,-0.015
6072,6,72,0,0.0,2,6.5,0,0,1,-0.03
6073,6,73,0,0.0,2,7.5,0,0,1,-0.03
6074,6,74,0,0.0,2,8.5,0,0,1,-0.03
6075,6,75,0,0.0,2,9.5,0,0,1,-0.03
6076,6,76,1,1.5,2,10.5,0,0,1,-0.04
6077,6,77,1,2.0,2,11.5,0,0,1,-0.04
6078,6,78,5,8.5,2,12.5,0,0,1,-0.08
6079,6,79,5,11.0,2,13.5,0,0,1,-0.08
6080,6,80,5,13.5,2,14.5,0,0,1,-0.08
6081,6,81,5,16.0,2,15.5,0,0,1,-0.08
6082,6,82,5,18.5,3,18.0,0,0,1,-0.095
6083,6,83,5,21.0,3,19.5,0,0,1,-0.095
6084,6,84,5,23.5,5,24.0,0,0,1,-0.125
6085,6,85,5,26.0,5,26.5,0,0,1,-0.125
6086,6,86,6,30.0,5,29.0,0,0,1,-0.135
6087,6,87,6,33.0,5,31.5,0,0,1,-0.135
6088,6,88,6,36.0,5,34.0,0,0,1,-0.135
6089,6,89,8,42.0,5,36.5,0,0,1,-0.155
6090,6,90,8,46.0,6,40.5,0,0,1,-0.16999999999999998
6091,6,91,8,50.0,6,43.5,0,0,1,-0.16999999999999998
6092,6,92,8,54.0,6,46.5,0,0,1,-0.16999999999999998
6093,6,93,8,58.0,6,49.5,0,0,1,-0.16999999999999998
6094,6,94,8,62.0,6,52.5,0,0,1,-0.16999999999999998
6095,6,95,8,66.0,6,55.5,0,0,1,-0.16999999999999998
6096,6,96,8,70.0,6,58.5,0,0,1,-0.16999999999999998
6097,6,97,10,77.0,6,61.5,0,0,1,-0.19
6098,6,98,10,82.0,6,64.5,0,0,1,-0.19
6099,6,99,10,87.0,6,67.5,0,0,1,-0.19
6100,6,100,10,92.0,7,72.0,0,0,1,-0.20500000000000002
6101,6,101,10,97.0,7,75.5,0,0,1,-0.20500000000000002
6102,6,102,10,102.0,7,79.0,0,0,1,-0.20500000000000002
6103,6,103,11,108.5,7,82.5,0,0,1,-0.215
6104,6,104,11,114.0,8,87.5,0,0,1,-0.22999999999999998
6105,6,105,11,119.5,7,89.5,0,0,1,-0.215
6106,6,106,11,125.0,7,93.0,0,0,1,-0.215
6107,6,107,11,130.5,7,96.5,0,0,1,-0.215
6108,6,108,11,136.0,8,101.5,0,0,1,-0.22999999999999998
6109,6,109,11,141.5,8,105.5,0,0,1,-0.22999999999999998
6110,6,110,11,147.0,8,109.5,0,0,1,-0.22999999999999998
6111,6,111,11,152.5,8,113.5,0,0,1,-0.22999999999999998
6112,6,112,11,158.0,8,117.5,0,0,1,-0.22999999999999998
6113,6,113,11,163.5,8,121.5,0,0,1,-0.22999999999999998
6114,6,114,12,170.5,8,125.5,0,0,1,-0.24
6115,6,115,12,176.5,8,129.5,0,0,1,-0.24
6116,6,116,12,182.5,8,133.5,0,0,1,-0.24
6117,6,117,12,188.5,8,137.5,0,0,1,-0.24
6118,6,118,12,194.5,8,141.5,0,0,1,-0.24
6119,6,119,12,200.5,8,145.5,0,0,1,-0.24
6120,6,120,12,206.5,8,149.5,0,0,1,-0.24
6121,6,121,13,214.0,8,153.5,0,0,1,-0.25
6122,6,122,13,220.5,8,157.5,0,0,1,-0.25
6123,6,123,14,228.5,8,161.5,0,0,1,-0.26
6124,6,124,14,235.5,8,165.5,0,0,1,-0.26
6125,6,125,14,242.5,8,169.5,0,0,1,-0.26
6126,6,126,14,249.5,8,173.5,0,0,1,-0.26
6127,6,127,14,256.5,8,177.5,0,0,1,-0.26
6128,6,128,14,263.5,8,181.5,0,0,1,-0.26
6129,6,129,14,270.5,8,185.5,0,0,1,-0.26
6130,6,130,14,277.5,8,189.5,0,0,1,-0.26
6131,6,131,14,284.5,8,193.5,0,0,1,-0.26
6132,6,132,14,291.5,8,197.5,0,0,1,-0.26
6133,6,133,14,298.5,8,201.5,0,0,1,-0.26
6134,6,134,16,308.5,8,205.5,0,0,1,-0.28
6135,6,135,16,316.5,8,209.5,0,0,1,-0.28
6136,6,136,16,324.5,8,213.5,0,0,1,-0.28
6137,6,137,16,332.5,8,217.5,0,0,1,-0.28
6138,6,138,16,340.5,8,221.5,0,0,1,-0.28
6139,6,139,17,350.0,8,225.5,0,0,2,-0.29000000000000004
6140,6,140,17,358.5,8,229.5,0,0,2,-0.29000000000000004
6141,6,141,17,367.0,8,233.5,0,0,2,-0.29000000000000004
6142,6,142,18,377.0,8,237.5,0,0,2,-0.3
6143,6,143,18,386.0,8,241.5,0,0,2,-0.3
6144,6,144,18,395.0,8,245.5,0,0,2,-0.3
6145,6,145,18,404.0,8,249.5,0,0,2,-0.3
6146,6,146,18,413.0,8,253.5,0,0,2,-0.3
6147,6,147,18,422.0,8,257.5,0,0,2,-0.3
6148,6,148,18,431.0,8,261.5,0,2,2,-0.3
6149,6,149,19,441.5,8,265.5,0,0,2,-0.31
6150,6,150,21,454.0,8,269.5,0,0,2,-0.32999999999999996
6151,6,151,19,397.0,8,273.5,0,0,3,-0.31
6152,6,152,19,406.5,8,277.5,0,0,3,-0.31
6153,6,153,19,416.0,8,281.5,0,0,3,-0.31
6154,6,154,19,425.5,8,285.5,0,0,3,-0.31
6155,6,155,19,435.0,8,289.5,0,0,3,-0.31
6156,6,156,19,444.5,8,293.5,0,0,3,-0.31
6157,6,157,19,454.0,8,297.5,0,0,3,-0.31
6158,6,158,20,465.0,8,301.5,0,0,3,-0.32
6159,6,159,22,478.0,8,305.5,0,0,3,-0.33999999999999997
6160,6,160,23,490.5,8,309.5,0,0,3,-0.35
6161,6,161,24,503.5,8,313.5,0,0,3,-0.36
6162,6,162,24,515.5,8,317.5,0,0,3,-0.36
6163,6,163,25,529.0,8,321.5,0,1,3,-0.37
6164,6,164,30,549.0,8,325.5,0,0,3,-0.42
6165,6,165,30,564.0,8,329.5,0,1,3,-0.42
6166,6,166,31,580.5,8,333.5,0,1,3,-0.43
6167,6,167,31,596.0,8,337.5,0,0,3,-0.43
6168,6,168,32,613.0,8,341.5,0,0,3,-0.44
6169,6,169,32,629.0,8,345.5,0,0,3,-0.44
6170,6,170,33,646.5,8,349.5,0,1,3,-0.45
6171,6,171,33,663.0,8,353.5,0,0,3,-0.45
6172,6,172,34,681.0,8,357.5,0,0,3,-0.46
6173,6,173,36,701.0,8,361.5,0,0,3,-0.48
6174,6,174,37,720.5,8,365.5,0,0,3,-0.49
6175,6,175,37,739.0,8,369.5,0,0,3,-0.49
6176,6,176,36,752.0,8,373.5,0,1,3,-0.48
6177,6,177,36,770.0,8,377.5,0,0,3,-0.48
6178,6,178,39,792.5,8,381.5,0,0,3,-0.51
6179,6,179,39,812.0,8,385.5,0,1,3,-0.51
6180,6,180,39,831.5,8,389.5,0,1,3,-0.51
6181,6,181,39,851.0,8,393.5,0,0,3,-0.51
6182,6,182,40,872.0,8,397.5,0,0,3,-0.52
6183,6,183,40,892.0,8,401.5,0,0,3,-0.52
6184,6,184,40,912.0,8,405.5,0,0,3,-0.52
6185,6,185,40,932.0,8,409.5,0,0,3,-0.52
6186,6,186,41,953.5,8,413.5,0,0,3,-0.53
6187,6,187,43,977.0,8,417.5,0,0,3,-0.55
6188,6,188,43,998.5,8,421.5,0,0,3,-0.55
6189,6,189,43,1020.0,8,425.5,0,0,3,-0.55
6190,6,190,43,1041.5,8,429.5,0,0,3,-0.55
6191,6,191,43,1063.0,8,433.5,0,0,3,-0.55
6192,6,192,43,1070.5,8,437.5,0,0,3,-0.55
6193,6,193,43,1092.0,8,441.5,0,0,3,-0.55
6194,6,194,43,1113.5,8,445.5,0,0,3,-0.55
6195,6,195,43,1135.0,8,449.5,0,0,3,-0.55
6196,6,196,43,1156.5,8,453.5,0,0,3,-0.55
6197,6,197,44,1179.5,8,457.5,0,0,3,-0.56
6198,6,198,43,1180.5,8,461.5,0,0,3,-0.55
6199,6,199,45,1205.0,8,465.5,0,0,3,-0.5700000000000001
6200,6,200,46,1229.0,8,469.5,0,0,3,-0.5800000000000001
6201,6,201,46,1252.0,8,473.5,0,0,3,-0.5800000000000001
6202,6,202,47,1276.5,8,477.5,0,0,3,-0.59
6203,6,203,48,1301.5,8,481.5,0,1,3,-0.6
6204,6,204,49,1327.0,8,485.5,0,0,3,-0.61
6205,6,205,51,1354.5,8,489.5,0,0,3,-0.63
6206,6,206,52,1381.5,8,493.5,0,0,3,-0.64
6207,6,207,52,1407.5,8,497.5,0,1,3,-0.64
6208,6,208,53,1435.0,8,501.5,0,2,3,-0.65
6209,6,209,53,1461.5,8,505.5,0,0,3,-0.65
6210,6,210,54,1489.5,8,509.5,0,0,3,-0.66
6211,6,211,53,1513.5,8,513.5,0,0,4,-0.65
6212,6,212,54,1541.5,8,517.5,0,0,4,-0.66
6213,6,213,54,1568.5,8,521.5,0,0,4,-0.66
6214,6,214,54,1595.5,8,525.5,0,0,4,-0.66
6215,6,215,56,1625.5,8,529.5,0,0,4,-0.68
6216,6,216,56,1653.5,8,533.5,0,0,4,-0.68
6217,6,217,56,1681.5,8,537.5,0,0,4,-0.68
6218,6,218,57,1711.0,8,541.5,0,0,4,-0.69
6219,6,219,59,1742.5,8,545.5,0,0,4,-0.71
6220,6,220,61,1775.0,8,549.5,0,0,4,-0.73
6221,6,221,62,1807.0,8,553.5,0,0,4,-0.74
6222,6,222,63,1839.5,8,557.5,0,0,4,-0.75
6223,6,223,57,1524.0,8,561.5,0,0,5,-0.69
6224,6,224,53,1334.5,8,565.5,0,0,5,-0.65
6225,6,225,49,1174.0,8,569.5,0,0,5,-0.61
6226,6,226,45,1060.0,8,573.5,0,0,5,-0.5700000000000001
6227,6,227,45,1082.5,8,577.5,0,0,5,-0.5700000000000001
6228,6,228,41,989.0,8,581.5,0,0,5,-0.53
6229,6,229,37,933.5,7,523.5,0,1,5,-0.475
6230,6,230,35,930.5,7,527.0,0,0,5,-0.45499999999999996
6231,6,231,34,922.0,6,454.5,0,0,5,-0.43000000000000005
6232,6,232,34,918.0,6,457.5,0,0,5,-0.43000000000000005
6233,6,233,33,933.0,4,299.0,0,0,5,-0.39
6234,6,234,32,941.0,3,218.5,0,0,5,-0.365
6235,6,235,34,960.0,3,220.0,0,0,5,-0.385
6236,6,236,35,978.5,3,221.5,0,0,5,-0.39499999999999996
6237,6,237,35,996.0,3,223.0,0,0,5,-0.39499999999999996
6238,6,238,35,1013.5,2,154.0,0,0,5,-0.38
6239,6,239,35,1031.0,2,155.0,0,1,5,-0.38
6240,6,240,35,1048.5,2,156.0,0,0,5,-0.38
6241,6,241,35,1066.0,2,157.0,0,0,5,-0.38
6242,6,242,36,1085.0,2,158.0,0,0,5,-0.39
6243,6,243,36,1103.0,2,159.0,0,0,5,-0.39
6244,6,244,38,1124.0,2,160.0,0,0,5,-0.41000000000000003
6245,6,245,38,1143.0,2,161.0,0,0,5,-0.41000000000000003
6246,6,246,38,1162.0,2,162.0,0,0,5,-0.41000000000000003
6247,6,247,38,1181.0,2,163.0,0,0,5,-0.41000000000000003
6248,6,248,38,1200.0,2,164.0,0,0,5,-0.41000000000000003
6249,6,249,38,1219.0,2,165.0,0,0,5,-0.41000000000000003
6250,6,250,38,1238.0,2,166.0,0,0,5,-0.41000000000000003
6251,6,251,38,1257.0,2,167.0,0,1,5,-0.41000000000000003
6252,6,252,38,1276.0,2,168.0,0,0,5,-0.41000000000000003
6253,6,253,38,1295.0,2,169.0,0,0,5,-0.41000000000000003
6254,6,254,39,1315.5,2,170.0,0,0,5,-0.42000000000000004
6255,6,255,39,1335.0,2,171.0,0,0,5,-0.42000000000000004
6256,6,256,39,1354.5,2,172.0,0,1,5,-0.42000000000000004
6257,6,257,39,1374.0,2,173.0,0,0,5,-0.42000000000000004
6258,6,258,39,1393.5,2,174.0,0,0,5,-0.42000000000000004
6259,6,259,39,1413.0,2,175.0,0,1,5,-0.42000000000000004
6260,6,260,39,1432.5,2,176.0,0,0,5,-0.42000000000000004
6261,6,261,39,1452.0,2,177.0,0,0,5,-0.42000000000000004
6262,6,262,39,1471.5,2,178.0,0,0,5,-0.42000000000000004
6263,6,263,39,1491.0,2,179.0,0,0,5,-0.42000000000000004
6264,6,264,39,1510.5,2,180.0,0,0,5,-0.42000000000000004
6265,6,265,40,1531.5,2,181.0,0,0,5,-0.43000000000000005
6266,6,266,40,1551.5,2,182.0,0,0,5,-0.43000000000000005
6267,6,267,40,1571.5,2,183.0,0,0,5,-0.43000000000000005
6268,6,268,40,1591.5,3,185.5,0,0,5,-0.445
6269,6,269,40,1611.5,3,187.0,0,0,5,-0.445
6270,6,270,41,1633.0,3,188.5,0,0,5,-0.45499999999999996
6271,6,271,41,1653.5,3,190.0,0,1,5,-0.45499999999999996
6272,6,272,42,1675.5,3,191.5,0,0,5,-0.46499999999999997
6273,6,273,41,1504.0,3,193.0,0,0,6,-0.45499999999999996
6274,6,274,40,1444.5,3,194.5,0,0,6,-0.445
6275,6,275,40,1464.5,3,196.0,0,0,6,-0.445
6276,6,276,40,1484.5,4,199.0,0,0,6,-0.46
6277,6,277,40,1504.5,4,201.0,0,0,6,-0.46
6278,6,278,40,1524.5,4,203.0,0,0,6,-0.46
6279,6,279,40,1544.5,4,205.0,0,0,6,-0.46
6280,6,280,40,1564.5,6,210.0,0,0,6,-0.49
6281,6,281,40,1584.5,6,213.0,0,0,6,-0.49
6282,6,282,40,1604.5,6,216.0,0,0,6,-0.49
6283,6,283,41,1626.0,6,219.0,0,0,6,-0.5
6284,6,284,42,1648.0,8,225.0,0,0,6,-0.54
6285,6,285,42,1669.0,7,227.0,0,0,6,-0.525
6286,6,286,42,1690.0,7,230.5,0,0,6,-0.525
6287,6,287,44,1714.0,7,234.0,0,1,6,-0.545
6288,6,288,45,1737.5,8,239.0,0,0,6,-0.5700000000000001
6289,6,289,45,1760.0,8,243.0,0,0,6,-0.5700000000000001
6290,6,290,46,1784.0,8,247.0,0,0,6,-0.5800000000000001
6291,6,291,46,1807.0,9,252.5,0,0,6,-0.595
6292,6,292,46,1830.0,9,257.0,0,0,6,-0.595
6293,6,293,47,1854.5,9,261.5,0,0,6,-0.605
6294,6,294,48,1879.5,9,266.0,0,0,6,-0.615
6295,6,295,50,1906.5,10,272.0,0,0,6,-0.65
6296,6,296,50,1931.5,9,275.0,0,0,6,-0.635
6297,6,297,50,1956.5,9,279.5,0,0,6,-0.635
6298,6,298,50,1981.5,9,284.0,0,0,6,-0.635
6299,6,299,50,2006.5,10,290.0,0,0,6,-0.65
6300,6,300,50,2031.5,10,295.0,0,0,6,-0.65
6301,6,301,50,2056.5,10,300.0,0,0,6,-0.65
6302,6,302,51,2083.0,11,306.5,0,0,6,-0.675
6303,6,303,51,2108.5,11,312.0,0,4,6,-0.675
6304,6,304,51,2134.0,11,317.5,0,0,6,-0.675
6305,6,305,51,2159.5,11,323.0,0,0,6,-0.675
6306,6,306,51,2185.0,11,328.5,0,2,6,-0.675
6307,6,307,51,2210.5,11,334.0,0,0,6,-0.675
6308,6,308,51,2236.0,11,339.5,0,0,6,-0.675
6309,6,309,51,2261.5,11,345.0,0,2,6,-0.675
6310,6,310,51,2287.0,11,350.5,0,0,6,-0.675
6311,6,311,51,2312.5,11,356.0,0,0,6,-0.675
6312,6,312,52,2339.5,11,361.5,0,0,6,-0.685
6313,6,313,53,2367.0,11,367.0,0,0,6,-0.6950000000000001
6314,6,314,54,2395.0,12,374.0,0,0,6,-0.72
6315,6,315,54,2422.0,12,380.0,0,0,6,-0.72
6316,6,316,54,2449.0,12,386.0,0,0,6,-0.72
6317,6,317,54,2476.0,12,392.0,0,0,6,-0.72
6318,6,318,54,2503.0,12,398.0,0,0,6,-0.72
6319,6,319,54,2530.0,12,404.0,0,0,6,-0.72
6320,6,320,54,2557.0,13,411.5,0,2,6,-0.7350000000000001
6321,6,321,54,2584.0,13,418.0,0,0,6,-0.7350000000000001
6322,6,322,55,2612.5,13,424.5,0,0,6,-0.7450000000000001
6323,6,323,55,2640.0,14,432.5,0,2,6,-0.76
6324,6,324,55,2667.5,14,439.5,0,4,6,-0.76
6325,6,325,55,2695.0,14,446.5,0,0,6,-0.76
6326,6,326,55,2722.5,14,453.5,0,1,6,-0.76
6327,6,327,55,2750.0,14,460.5,0,3,6,-0.76
6328,6,328,55,2777.5,14,467.5,0,0,6,-0.76
6329,6,329,55,2805.0,14,474.5,0,0,6,-0.76
6330,6,330,56,2834.0,14,481.5,0,1,6,-0.77
6331,6,331,56,2862.0,14,488.5,0,1,6,-0.77
6332,6,332,56,2890.0,14,495.5,0,2,6,-0.77
6333,6,333,56,2918.0,14,502.5,0,1,6,-0.77
6334,6,334,56,2946.0,14,509.5,0,1,6,-0.77
6335,6,335,56,2974.0,14,516.5,0,1,6,-0.77
6336,6,336,56,3002.0,14,523.5,0,0,6,-0.77
6337,6,337,56,3030.0,14,530.5,0,2,6,-0.77
6338,6,338,56,3058.0,14,537.5,0,2,6,-0.77
6339,6,339,56,3086.0,14,544.5,0,1,6,-0.77
6340,6,340,57,3115.5,14,551.5,0,0,6,-0.7799999999999999
6341,6,341,57,3144.0,14,558.5,0,2,6,-0.7799999999999999
6342,6,342,57,3172.5,14,565.5,0,0,6,-0.7799999999999999
6343,6,343,57,3201.0,14,572.5,0,1,6,-0.7799999999999999
6344,6,344,58,3231.0,14,579.5,0,1,6,-0.7899999999999999
6345,6,345,58,3260.0,14,586.5,0,0,6,-0.7899999999999999
6346,6,346,58,3289.0,14,593.5,0,1,6,-0.7899999999999999
6347,6,347,58,3318.0,14,600.5,0,2,6,-0.7899999999999999
6348,6,348,58,3347.0,14,607.5,0,0,6,-0.7899999999999999
6349,6,349,59,3377.5,14,614.5,0,1,6,-0.7999999999999999
6350,6,350,60,3408.5,14,621.5,0,1,6,-0.8099999999999999
6351,6,351,60,3438.5,14,628.5,0,1,6,-0.8099999999999999
6352,6,352,60,3468.5,14,635.5,0,1,6,-0.8099999999999999
6353,6,353,60,3498.5,14,642.5,0,1,6,-0.8099999999999999
6354,6,354,61,3530.0,14,649.5,0,1,6,-0.82
6355,6,355,62,3562.0,14,656.5,0,1,6,-0.83
6356,6,356,62,3593.0,14,663.5,0,0,6,-0.83
6357,6,357,62,3624.0,14,670.5,0,0,6,-0.83
6358,6,358,62,3655.0,14,677.5,0,1,6,-0.83
6359,6,359,62,3686.0,14,684.5,0,0,6,-0.83
6360,6,360,62,3717.0,14,691.5,0,0,6,-0.83
6361,6,361,62,3748.0,14,698.5,0,0,6,-0.83
6362,6,362,62,3779.0,14,705.5,0,2,6,-0.83
6363,6,363,62,3810.0,14,712.5,0,0,7,-0.83
6364,6,364,62,3841.0,14,719.5,0,0,7,-0.83
6365,6,365,62,3872.0,14,726.5,0,0,7,-0.83
6366,6,366,63,3904.5,14,733.5,0,0,7,-0.84
6367,6,367,64,3937.5,14,740.5,0,1,7,-0.85
6368,6,368,65,3971.0,14,747.5,0,0,7,-0.86
6369,6,369,65,4003.5,14,754.5,0,0,7,-0.86
6370,6,370,67,4039.0,14,761.5,0,0,7,-0.88
6371,6,371,67,4072.5,14,768.5,0,0,7,-0.88
6372,6,372,67,4106.0,14,775.5,0,0,7,-0.88
6373,6,373,67,4139.5,14,782.5,0,0,7,-0.88
6374,6,374,70,4177.5,14,789.5,0,1,7,-0.9099999999999999
6375,6,375,68,3922.0,14,796.5,0,3,8,-0.89
6376,6,376,66,3741.0,14,803.5,0,1,8,-0.87
6377,6,377,64,3589.5,14,810.5,0,1,8,-0.85
6378,6,378,63,3540.5,14,817.5,0,0,8,-0.84
6379,6,379,64,3531.5,14,824.5,0,0,8,-0.85
6380,6,380,62,3502.0,14,831.5,0,0,8,-0.83
6381,6,381,61,3528.0,14,838.5,0,0,8,-0.82
6382,6,382,61,3558.5,14,845.5,0,0,8,-0.82
6383,6,383,62,3590.5,14,852.5,0,0,8,-0.83
6384,6,384,62,3621.5,14,859.5,0,1,8,-0.83
6385,6,385,62,3652.5,14,866.5,0,0,8,-0.83
6386,6,386,62,3683.5,14,873.5,0,0,8,-0.83
6387,6,387,62,3714.5,14,880.5,0,0,8,-0.83
6388,6,388,62,3745.5,14,887.5,0,2,8,-0.83
6389,6,389,62,3776.5,14,894.5,0,0,8,-0.83
6390,6,390,63,3809.0,14,901.5,0,0,8,-0.84
6391,6,391,64,3842.0,14,908.5,0,0,8,-0.85
6392,6,392,65,3875.5,14,915.5,0,0,8,-0.86
6393,6,393,65,3908.0,14,922.5,0,0,8,-0.86
6394,6,394,67,3943.5,14,929.5,0,0,8,-0.88
6395,6,395,67,3977.0,14,936.5,0,1,8,-0.88
6396,6,396,67,4010.5,14,943.5,0,0,8,-0.88
6397,6,397,67,4044.0,14,950.5,0,0,8,-0.88
6398,6,398,67,4077.5,14,957.5,0,1,8,-0.88
6399,6,399,67,4111.0,14,964.5,0,0,8,-0.88
6400,6,400,67,4144.5,14,971.5,0,2,8,-0.88
6401,6,401,69,4181.0,14,978.5,1,0,8,-0.8999999999999999
6402,6,402,72,4220.0,14,985.5,0,0,8,-0.9299999999999999
6403,6,403,72,4256.0,14,992.5,0,0,8,-0.9299999999999999
6404,6,404,74,4295.0,14,999.5,0,0,8,-0.95
6405,6,405,75,4333.5,14,1006.5,0,0,8,-0.96
6406,6,406,75,4371.0,14,1013.5,0,0,8,-0.96
6407,6,407,75,4408.5,14,1020.5,0,0,8,-0.96
6408,6,408,76,4447.5,14,1027.5,0,0,8,-0.97
6409,6,409,76,4485.5,14,1034.5,0,0,8,-0.97
6410,6,410,76,4523.5,14,1041.5,0,0,8,-0.97
6411,6,411,77,4563.0,14,1048.5,0,0,8,-0.98
6412,6,412,77,4601.5,14,1055.5,0,0,8,-0.98
6413,6,413,79,4643.0,14,1062.5,0,0,8,-1.0
6414,6,414,79,4682.5,14,1069.5,0,0,8,-1.0
6415,6,415,79,4722.0,14,1076.5,0,1,8,-1.0
6416,6,416,79,4761.5,14,1083.5,0,0,8,-1.0
6417,6,417,79,4801.0,14,1090.5,0,0,8,-1.0
6418,6,418,79,4840.5,14,1097.5,0,0,8,-1.0
6419,6,419,79,4880.0,14,1104.5,0,0,8,-1.0
6420,6,420,80,4921.0,14,1111.5,0,2,8,-1.01
6421,6,421,80,4961.0,14,1118.5,0,0,8,-1.01
6422,6,422,81,5002.5,14,1125.5,0,0,8,-1.02
6423,6,423,82,5044.5,14,1132.5,0,0,8,-1.03
6424,6,424,82,5085.5,14,1139.5,0,0,8,-1.03
6425,6,425,83,5128.0,14,1146.5,0,0,8,-1.04
6426,6,426,83,5169.5,14,1153.5,0,2,8,-1.04
6427,6,427,83,5211.0,14,1160.5,0,0,8,-1.04
6428,6,428,85,5255.5,14,1167.5,0,0,8,-1.06
6429,6,429,85,5298.0,14,1174.5,0,0,8,-1.06
6430,6,430,85,5340.5,14,1181.5,0,0,8,-1.06
6431,6,431,87,5386.0,14,1188.5,0,0,8,-1.08
6432,6,432,87,5429.5,14,1195.5,0,0,8,-1.08
6433,6,433,88,5474.5,14,1202.5,0,0,8,-1.09
6434,6,434,88,5518.5,14,1209.5,0,0,8,-1.09
6435,6,435,89,5564.0,14,1216.5,0,0,9,-1.1
6436,6,436,89,5608.5,14,1223.5,0,0,9,-1.1
6437,6,437,89,5653.0,14,1230.5,0,0,9,-1.1
6438,6,438,89,5697.5,14,1237.5,0,0,9,-1.1
6439,6,439,89,5742.0,14,1244.5,0,0,9,-1.1
6440,6,440,89,5786.5,14,1251.5,0,0,9,-1.1
6441,6,441,83,4992.5,10,1000.0,0,1,0,-0.98
6442,6,442,81,4510.0,10,1005.0,0,0,0,-0.9600000000000001
6443,6,443,77,4060.5,10,1010.0,0,0,0,-0.92
6444,6,444,73,3626.5,8,840.0,0,0,0,-0.85
6445,6,445,74,3664.5,8,844.0,0,0,0,-0.86
6446,6,446,70,3258.5,8,848.0,1,0,0,-0.82
6447,6,447,68,2893.5,8,852.0,0,0,0,-0.8
6448,6,448,66,2725.5,8,856.0,0,0,0,-0.78
6449,6,449,64,2580.5,5,621.0,0,0,0,-0.715
6450,6,450,60,2270.5,5,623.5,0,0,0,-0.6749999999999999
6451,6,451,59,2136.5,5,626.0,0,0,0,-0.6649999999999999
6452,6,452,60,2023.5,4,543.0,0,0,0,-0.6599999999999999
6453,6,453,56,1776.0,4,545.0,0,0,0,-0.6200000000000001
6454,6,454,55,1740.5,4,547.0,0,0,0,-0.6100000000000001
6455,6,455,52,1612.5,4,549.0,0,1,0,-0.5800000000000001
6456,6,456,48,1447.5,4,551.0,0,0,0,-0.54
6457,6,457,47,1426.5,4,553.0,0,0,0,-0.53
6458,6,458,44,1350.0,4,555.0,0,0,0,-0.5
6459,6,459,40,1274.5,3,371.0,0,0,0,-0.445
6460,6,460,41,1262.0,2,183.0,0,0,0,-0.43999999999999995
6461,6,461,40,1250.0,2,184.0,0,0,0,-0.43000000000000005
6462,6,462,39,1234.5,2,185.0,0,0,0,-0.42000000000000004
6463,6,463,37,1229.5,2,186.0,0,0,0,-0.4
6464,6,464,36,1209.0,3,188.5,0,1,0,-0.40499999999999997
6465,6,465,36,1210.0,3,190.0,0,0,0,-0.40499999999999997
6466,6,466,35,1219.5,3,191.5,0,0,0,-0.39499999999999996
6467,6,467,34,1227.5,2,190.0,0,0,0,-0.37
6468,6,468,35,1246.0,2,191.0,0,0,0,-0.38
6469,6,469,35,1263.5,2,192.0,0,0,0,-0.38
6470,6,470,35,1281.0,2,193.0,0,0,0,-0.38
6471,6,471,36,1300.0,3,195.5,0,2,0,-0.40499999999999997
6472,6,472,37,1319.5,3,197.0,0,0,0,-0.415
6473,6,473,38,1339.5,3,198.5,0,1,0,-0.425
6474,6,474,39,1360.0,2,197.0,0,1,0,-0.42000000000000004
6475,6,475,39,1379.5,2,198.0,0,1,0,-0.42000000000000004
6476,6,476,40,1400.5,2,199.0,0,1,0,-0.43000000000000005
6477,6,477,40,1420.5,2,200.0,0,0,0,-0.43000000000000005
6478,6,478,40,1440.5,3,202.5,0,0,0,-0.445
6479,6,479,42,1463.5,3,204.0,0,2,0,-0.46499999999999997
6480,6,480,42,1484.5,3,205.5,0,0,0,-0.46499999999999997
6481,6,481,43,1507.0,2,204.0,0,0,0,-0.45999999999999996
6482,6,482,44,1530.0,3,206.5,0,0,0,-0.485
6483,6,483,44,1552.0,2,206.0,0,0,0,-0.47
6484,6,484,45,1575.5,2,207.0,0,0,0,-0.48
6485,6,485,45,1598.0,2,208.0,0,0,0,-0.48
6486,6,486,45,1620.5,2,209.0,0,0,0,-0.48
6487,6,487,46,1644.5,2,210.0,0,0,0,-0.49
6488,6,488,46,1667.5,2,211.0,0,0,0,-0.49
6489,6,489,47,1692.0,3,213.5,0,0,0,-0.515
6490,6,490,47,1715.5,3,215.0,0,0,0,-0.515
6491,6,491,48,1540.5,3,216.5,0,0,1,-0.525
6492,6,492,46,1467.5,3,218.0,0,0,1,-0.505
6493,6,493,46,1490.5,3,219.5,0,0,1,-0.505
6494,6,494,46,1512.0,3,221.0,0,0,1,-0.505
6495,6,495,48,1538.0,4,224.0,0,0,1,-0.54
6496,6,496,49,1563.5,3,224.0,0,1,1,-0.535
6497,6,497,49,1588.0,3,225.5,0,1,1,-0.535
6498,6,498,47,1597.0,4,228.5,0,0,1,-0.53
6499,6,499,46,1614.0,5,232.0,0,0,1,-0.535
6500,6,500,44,1614.5,5,234.5,0,0,1,-0.515
6501,6,501,44,1636.5,5,237.0,0,1,1,-0.515
6502,6,502,43,1630.0,5,239.5,0,0,1,-0.505
6503,6,503,44,1653.0,5,242.0,0,0,1,-0.515
6504,6,504,43,1639.0,6,246.0,0,0,1,-0.52
6505,6,505,44,1662.0,5,247.0,1,0,1,-0.515
6506,6,506,44,1684.0,6,251.0,0,0,1,-0.53
6507,6,507,44,1706.0,6,254.0,0,0,1,-0.53
6508,6,508,44,1728.0,7,258.5,0,0,1,-0.545
6509,6,509,44,1750.0,7,262.0,0,0,1,-0.545
6510,6,510,44,1772.0,7,265.5,0,0,1,-0.545
6511,6,511,45,1795.5,7,269.0,0,0,1,-0.555
6512,6,512,45,1818.0,7,272.5,0,0,1,-0.555
6513,6,513,46,1842.0,7,276.0,0,0,1,-0.5650000000000001
6514,6,514,48,1868.0,7,279.5,0,0,1,-0.585
6515,6,515,48,1892.0,7,283.0,0,0,1,-0.585
6516,6,516,48,1916.0,7,286.5,0,0,1,-0.585
6517,6,517,48,1940.0,7,290.0,0,0,1,-0.585
6518,6,518,49,1965.5,7,293.5,0,0,1,-0.595
6519,6,519,49,1990.0,7,297.0,0,0,1,-0.595
6520,6,520,49,2014.5,7,300.5,0,0,1,-0.595
6521,6,521,51,2042.0,8,305.5,0,2,1,-0.63
6522,6,522,51,2067.5,8,309.5,0,0,1,-0.63
6523,6,523,52,2094.5,8,313.5,0,0,1,-0.64
6524,6,524,52,2120.5,8,317.5,0,2,1,-0.64
6525,6,525,52,2146.5,8,321.5,0,0,1,-0.64
6526,6,526,53,2174.0,9,327.0,0,0,1,-0.665
6527,6,527,53,2200.5,9,331.5,0,1,1,-0.665
6528,6,528,53,2227.0,9,336.0,0,0,1,-0.665
6529,6,529,54,2255.0,9,340.5,0,0,1,-0.675
6530,6,530,54,2282.0,9,345.0,0,1,1,-0.675
6531,6,531,57,2313.5,9,349.5,0,2,1,-0.705
6532,6,532,57,2342.0,9,354.0,0,0,1,-0.705
6533,6,533,57,2370.5,9,358.5,0,1,1,-0.705
6534,6,534,57,2399.0,9,363.0,0,1,1,-0.705
6535,6,535,57,2427.5,9,367.5,0,0,1,-0.705
6536,6,536,55,2444.5,9,372.0,0,1,1,-0.685
6537,6,537,54,2467.5,10,378.0,0,2,1,-0.6900000000000001
6538,6,538,52,2475.5,9,381.0,0,0,1,-0.655
6539,6,539,52,2501.5,9,385.5,0,0,1,-0.655
6540,6,540,50,2500.5,9,390.0,0,2,1,-0.635
6541,6,541,50,2525.5,10,396.0,0,0,1,-0.65
6542,6,542,50,2550.5,10,401.0,0,2,1,-0.65
6543,6,543,51,2577.0,10,406.0,0,2,1,-0.66
6544,6,544,51,2602.5,11,412.5,0,0,1,-0.675
6545,6,545,51,2628.0,11,418.0,0,1,1,-0.675
6546,6,546,51,2653.5,11,423.5,0,0,1,-0.675
6547,6,547,51,2679.0,11,429.0,0,1,1,-0.675
6548,6,548,52,2706.0,11,434.5,0,0,1,-0.685
6549,6,549,52,2732.0,12,441.5,0,1,1,-0.7
6550,6,550,54,2761.0,11,445.5,0,1,1,-0.7050000000000001
6551,6,551,55,2789.5,11,451.0,0,0,1,-0.7150000000000001
6552,6,552,55,2817.0,11,456.5,0,1,1,-0.7150000000000001
6553,6,553,56,2846.0,13,465.0,0,2,1,-0.7550000000000001
6554,6,554,57,2875.5,13,471.5,0,0,1,-0.7649999999999999
6555,6,555,57,2904.0,13,478.0,1,0,1,-0.7649999999999999
6556,6,556,57,2932.5,13,484.5,0,1,1,-0.7649999999999999
6557,6,557,60,2965.5,13,491.0,0,2,1,-0.7949999999999999
6558,6,558,60,2995.5,13,497.5,0,1,1,-0.7949999999999999
6559,6,559,60,3025.5,13,504.0,0,1,1,-0.7949999999999999
6560,6,560,61,3057.0,13,510.5,0,0,1,-0.8049999999999999
6561,6,561,62,3089.0,13,517.0,0,1,1,-0.815
6562,6,562,61,3117.5,13,523.5,0,1,1,-0.8049999999999999
6563,6,563,61,3148.0,13,530.0,0,0,1,-0.8049999999999999
6564,6,564,61,3178.5,13,536.5,0,1,1,-0.8049999999999999
6565,6,565,62,3210.5,13,543.0,0,2,1,-0.815
6566,6,566,60,3224.5,13,549.5,0,0,1,-0.7949999999999999
6567,6,567,60,3249.5,13,556.0,0,1,1,-0.7949999999999999
6568,6,568,60,3279.5,13,562.5,0,1,1,-0.7949999999999999
6569,6,569,61,3311.0,13,569.0,0,0,1,-0.8049999999999999
6570,6,570,61,3341.5,13,575.5,0,0,1,-0.8049999999999999
6571,6,571,62,3373.5,13,582.0,0,3,1,-0.815
6572,6,572,63,3406.0,13,588.5,0,0,1,-0.825
6573,6,573,63,3437.5,13,595.0,0,0,1,-0.825
6574,6,574,64,3470.5,13,601.5,0,4,1,-0.835
6575,6,575,64,3502.5,13,608.0,0,1,1,-0.835
6576,6,576,64,3534.5,13,614.5,0,0,1,-0.835
6577,6,577,65,3568.0,13,621.0,0,2,1,-0.845
6578,6,578,65,3600.5,13,627.5,0,0,1,-0.845
6579,6,579,65,3633.0,13,634.0,0,1,1,-0.845
6580,6,580,66,3667.0,13,640.5,0,2,1,-0.855
6581,6,581,67,3701.5,13,647.0,0,0,2,-0.865
6582,6,582,68,3736.5,13,653.5,0,1,2,-0.875
6583,6,583,68,3770.5,13,660.0,0,2,2,-0.875
6584,6,584,66,3796.0,13,666.5,0,0,2,-0.855
6585,6,585,67,3830.5,13,673.0,0,0,2,-0.865
6586,6,586,67,3864.0,13,679.5,0,3,2,-0.865
6587,6,587,67,3897.5,13,686.0,0,1,2,-0.865
6588,6,588,67,3931.0,13,692.5,0,0,2,-0.865
6589,6,589,69,3967.5,13,699.0,0,2,2,-0.885
6590,6,590,70,4003.5,13,705.5,0,0,2,-0.895
6591,6,591,70,4038.5,13,712.0,0,2,2,-0.895
6592,6,592,71,4075.0,13,718.5,0,3,2,-0.905
6593,6,593,69,3775.5,13,725.0,0,0,3,-0.885
6594,6,594,68,3543.5,13,731.5,0,0,3,-0.875
6595,6,595,67,3378.0,13,738.0,0,1,3,-0.865
6596,6,596,65,3273.0,13,744.5,0,1,3,-0.845
6597,6,597,66,3307.0,13,751.0,0,0,3,-0.855
6598,6,598,64,3269.0,13,757.5,0,1,3,-0.835
6599,6,599,63,3285.5,13,764.0,0,0,3,-0.825
6600,6,600,64,3318.5,13,770.5,0,0,3,-0.835
6601,6,601,66,3353.5,13,777.0,0,0,3,-0.855
6602,6,602,67,3388.0,13,783.5,0,0,3,-0.865
6603,6,603,67,3421.5,13,790.0,0,3,3,-0.865
6604,6,604,67,3455.0,13,796.5,0,0,3,-0.865
6605,6,605,67,3488.5,13,803.0,0,1,3,-0.865
6606,6,606,67,3522.0,13,809.5,0,1,3,-0.865
6607,6,607,67,3555.5,13,816.0,0,1,3,-0.865
6608,6,608,68,3590.5,13,822.5,0,0,3,-0.875
6609,6,609,68,3624.5,13,829.0,0,0,3,-0.875
6610,6,610,68,3658.5,13,835.5,0,0,3,-0.875
6611,6,611,69,3694.0,13,842.0,0,0,3,-0.885
6612,6,612,70,3730.0,13,848.5,0,0,3,-0.895
6613,6,613,70,3765.0,13,855.0,0,0,3,-0.895
6614,6,614,70,3800.0,13,861.5,0,1,3,-0.895
6615,6,615,70,3835.0,13,868.0,0,0,3,-0.895
6616,6,616,71,3871.5,13,874.5,0,0,3,-0.905
6617,6,617,71,3907.0,13,881.0,0,1,3,-0.905
6618,6,618,71,3942.5,13,887.5,0,3,3,-0.905
6619,6,619,71,3978.0,13,894.0,0,0,3,-0.905
6620,6,620,71,4013.5,13,900.5,0,0,3,-0.905
6621,6,621,75,4055.0,13,907.0,0,0,3,-0.9450000000000001
6622,6,622,76,4094.0,13,913.5,0,1,3,-0.9550000000000001
6623,6,623,76,4132.0,13,920.0,0,0,3,-0.9550000000000001
6624,6,624,77,4171.5,13,926.5,0,1,3,-0.9650000000000001
6625,6,625,77,4210.0,13,933.0,0,0,3,-0.9650000000000001
6626,6,626,77,4248.5,13,939.5,0,0,3,-0.9650000000000001
6627,6,627,77,4287.0,13,946.0,0,0,3,-0.9650000000000001
6628,6,628,77,4325.5,13,952.5,0,1,3,-0.9650000000000001
6629,6,629,77,4364.0,13,959.0,0,0,3,-0.9650000000000001
6630,6,630,78,4404.0,13,965.5,0,0,3,-0.9750000000000001
6631,6,631,78,4443.0,13,972.0,0,1,3,-0.9750000000000001
6632,6,632,79,4483.5,13,978.5,0,0,3,-0.9850000000000001
6633,6,633,79,4523.0,13,985.0,0,1,3,-0.9850000000000001
6634,6,634,80,4564.0,13,991.5,0,0,3,-0.9950000000000001
6635,6,635,81,4605.5,13,998.0,0,0,3,-1.0050000000000001
6636,6,636,81,4646.0,13,1004.5,0,0,3,-1.0050000000000001
6637,6,637,81,4686.5,13,1011.0,0,0,3,-1.0050000000000001
6638,6,638,81,4727.0,13,1017.5,0,0,3,-1.0050000000000001
6639,6,639,83,4770.5,13,1024.0,0,0,3,-1.025
6640,6,640,83,4812.0,13,1030.5,0,0,3,-1.025
6641,6,641,85,4856.5,13,1037.0,0,0,3,-1.045
6642,6,642,85,4899.0,13,1043.5,0,1,3,-1.045
6643,6,643,85,4941.5,13,1050.0,0,0,3,-1.045
6644,6,644,86,4985.5,13,1056.5,0,0,3,-1.055
6645,6,645,86,5028.5,13,1063.0,0,1,3,-1.055
6646,6,646,86,5071.5,13,1069.5,0,0,3,-1.055
6647,6,647,87,5116.0,13,1076.0,0,0,3,-1.065
6648,6,648,87,5159.5,13,1082.5,0,1,3,-1.065
6649,6,649,87,5203.0,13,1089.0,0,0,3,-1.065
6650,6,650,89,5249.5,13,1095.5,0,0,3,-1.085
6651,6,651,89,5294.0,13,1102.0,0,1,3,-1.085
6652,6,652,89,5338.5,13,1108.5,0,1,3,-1.085
6653,6,653,89,5383.0,13,1115.0,1,0,4,-1.085
6654,6,654,89,5427.5,13,1121.5,0,1,4,-1.085
6655,6,655,89,5472.0,13,1128.0,0,1,4,-1.085
6656,6,656,89,5516.5,13,1134.5,0,0,4,-1.085
6657,6,657,89,5561.0,13,1141.0,0,0,4,-1.085
6658,6,658,90,5607.0,13,1147.5,0,0,4,-1.095
6659,6,659,90,5652.0,14,1155.5,0,0,4,-1.11
6660,6,660,90,5697.0,14,1162.5,0,0,4,-1.11
6661,6,661,92,5745.0,14,1169.5,1,0,4,-1.1300000000000001
6662,6,662,92,5791.0,14,1176.5,0,0,4,-1.1300000000000001
6663,6,663,93,5838.5,14,1183.5,0,0,4,-1.1400000000000001
6664,6,664,93,5885.0,14,1190.5,0,0,4,-1.1400000000000001
6665,6,665,87,5254.0,8,795.0,0,0,5,-0.99
6666,6,666,83,4764.0,9,800.5,0,0,5,-0.965
6667,6,667,79,4300.0,8,740.5,0,1,5,-0.91
6668,6,668,78,4221.5,8,744.5,0,0,5,-0.9
6669,6,669,75,3915.0,8,748.5,0,0,5,-0.87
6670,6,670,73,3528.0,8,752.5,0,0,5,-0.85
6671,6,671,69,3165.5,7,559.5,0,0,5,-0.7949999999999999
6672,6,672,70,3201.5,7,563.0,0,1,5,-0.8049999999999999
6673,6,673,67,2881.0,7,479.5,0,1,5,-0.775
6674,6,674,63,2593.5,6,477.5,0,0,5,-0.72
6675,6,675,63,2625.0,5,390.5,0,0,5,-0.705
6676,6,676,59,2375.0,5,393.0,0,0,5,-0.6649999999999999
6677,6,677,58,2336.0,5,393.5,0,0,5,-0.6549999999999999
6678,6,678,56,2189.0,4,385.0,0,0,5,-0.6200000000000001
6679,6,679,54,2007.5,5,388.5,0,0,5,-0.615
6680,6,680,51,1867.0,4,389.0,0,2,5,-0.5700000000000001
6681,6,681,50,1783.5,2,299.5,0,0,5,-0.53
6682,6,682,46,1685.0,2,300.5,0,0,5,-0.49
6683,6,683,45,1644.5,3,303.0,1,0,5,-0.495
6684,6,684,43,1647.0,2,101.0,0,1,5,-0.45999999999999996
6685,6,685,41,1621.5,2,102.0,0,0,5,-0.43999999999999995
6686,6,686,39,1628.5,2,103.0,0,2,5,-0.42000000000000004
6687,6,687,37,1622.5,3,105.5,0,2,5,-0.415
6688,6,688,36,1631.5,3,107.0,0,0,5,-0.40499999999999997
6689,6,689,36,1649.5,3,108.5,0,1,5,-0.40499999999999997
6690,6,690,36,1667.5,3,110.0,0,0,5,-0.40499999999999997
6691,6,691,36,1685.5,3,111.5,0,0,5,-0.40499999999999997
6692,6,692,37,1705.0,3,113.0,0,0,5,-0.415
6693,6,693,37,1723.5,3,114.5,0,1,5,-0.415
6694,6,694,37,1742.0,4,117.5,0,1,5,-0.43
6695,6,695,37,1760.5,5,121.0,0,0,5,-0.445
6696,6,696,37,1779.0,5,123.5,0,0,5,-0.445
6697,6,697,37,1797.5,5,126.0,0,0,5,-0.445
6698,6,698,37,1816.0,5,128.5,0,0,5,-0.445
6699,6,699,37,1834.5,5,131.0,0,1,5,-0.445
6700,6,700,38,1854.5,4,129.5,0,0,5,-0.44
6701,6,701,39,1875.0,3,126.5,0,0,5,-0.435
6702,6,702,39,1894.5,3,128.0,0,0,5,-0.435
6703,6,703,41,1917.0,3,129.5,0,0,5,-0.45499999999999996
6704,6,704,42,1939.0,3,131.0,0,1,5,-0.46499999999999997
6705,6,705,42,1960.0,3,132.5,0,0,5,-0.46499999999999997
6706,6,706,44,1984.0,3,134.0,0,0,5,-0.485
6707,6,707,45,2007.5,3,135.5,0,0,5,-0.495
6708,6,708,45,2030.0,3,137.0,0,0,5,-0.495
6709,6,709,45,2052.5,3,138.5,0,0,5,-0.495
6710,6,710,45,2075.0,3,140.0,0,0,5,-0.495
6711,6,711,47,2100.5,3,141.5,0,0,5,-0.515
6712,6,712,49,2127.0,3,143.0,1,0,5,-0.535
6713,6,713,49,2151.5,3,144.5,0,0,5,-0.535
6714,6,714,49,2176.0,3,146.0,0,0,5,-0.535
6715,6,715,47,1981.5,3,147.5,0,0,6,-0.515
6716,6,716,45,1897.0,3,149.0,0,0,6,-0.495
6717,6,717,43,1904.5,3,150.5,0,0,6,-0.475
6718,6,718,43,1926.0,3,152.0,0,0,6,-0.475
6719,6,719,43,1947.5,3,153.5,0,0,6,-0.475
6720,6,720,44,1970.5,3,155.0,0,1,6,-0.485
6721,6,721,46,1995.5,3,156.5,0,0,6,-0.505
6722,6,722,46,2018.5,3,158.0,0,0,6,-0.505
6723,6,723,46,2041.5,3,159.5,0,0,6,-0.505
6724,6,724,46,2064.5,3,161.0,0,0,6,-0.505
6725,6,725,46,2087.5,3,162.5,0,2,6,-0.505
6726,6,726,47,2112.0,3,164.0,0,0,6,-0.515
6727,6,727,47,2135.5,3,165.5,0,0,6,-0.515
6728,6,728,47,2159.0,3,167.0,0,0,6,-0.515
6729,6,729,47,2182.5,3,168.5,0,0,6,-0.515
6730,6,730,48,2207.5,3,170.0,0,0,6,-0.525
6731,6,731,48,2231.5,3,171.5,0,0,6,-0.525
6732,6,732,49,2257.0,3,173.0,1,0,6,-0.535
6733,6,733,49,2281.5,3,174.5,0,0,6,-0.535
6734,6,734,49,2306.0,3,176.0,0,0,6,-0.535
6735,6,735,49,2330.5,3,177.5,0,0,6,-0.535
6736,6,736,49,2355.0,3,179.0,0,0,6,-0.535
6737,6,737,49,2379.5,3,180.5,0,0,6,-0.535
6738,6,738,49,2404.0,3,182.0,0,0,6,-0.535
6739,6,739,50,2430.0,3,183.5,0,0,6,-0.545
6740,6,740,50,2455.0,3,185.0,0,0,6,-0.545
6741,6,741,51,2481.5,3,186.5,0,0,6,-0.555
6742,6,742,51,2507.0,3,188.0,0,0,6,-0.555
6743,6,743,51,2532.5,4,191.0,0,0,6,-0.5700000000000001
6744,6,744,51,2558.0,4,193.0,0,0,6,-0.5700000000000001
6745,6,745,51,2583.5,5,196.5,0,0,6,-0.585
6746,6,746,51,2609.0,5,199.0,0,0,6,-0.585
6747,6,747,51,2634.5,5,201.5,0,0,6,-0.585
6748,6,748,51,2660.0,5,204.0,1,0,6,-0.585
6749,6,749,51,2685.5,5,206.5,0,0,6,-0.585
6750,6,750,49,2667.0,5,209.0,0,0,6,-0.565
6751,6,751,49,2691.5,5,211.5,0,1,6,-0.565
6752,6,752,50,2717.5,5,214.0,0,0,6,-0.575
6753,6,753,50,2742.5,5,216.5,0,0,6,-0.575
6754,6,754,50,2767.5,5,219.0,0,1,6,-0.575
6755,6,755,50,2792.5,6,223.0,0,1,6,-0.59
6756,6,756,51,2819.0,6,226.0,0,0,6,-0.6
6757,6,757,52,2846.0,6,229.0,0,1,6,-0.61
6758,6,758,52,2872.0,6,232.0,0,0,6,-0.61
6759,6,759,52,2898.0,7,236.5,0,0,6,-0.625
6760,6,760,53,2925.5,7,240.0,0,0,6,-0.635
6761,6,761,54,2953.5,7,243.5,0,0,6,-0.645
6762,6,762,54,2980.5,7,247.0,0,0,6,-0.645
6763,6,763,54,3007.5,7,250.5,0,0,6,-0.645
6764,6,764,54,3034.5,7,254.0,0,0,6,-0.645
6765,6,765,54,3061.5,7,257.5,0,0,6,-0.645
6766,6,766,54,3088.5,7,261.0,0,3,6,-0.645
6767,6,767,54,3115.5,7,264.5,0,1,6,-0.645
6768,6,768,55,3144.0,7,268.0,0,0,6,-0.655
6769,6,769,55,3171.5,7,271.5,0,0,6,-0.655
6770,6,770,55,3199.0,7,275.0,0,1,6,-0.655
6771,6,771,56,3228.0,7,278.5,0,3,6,-0.665
6772,6,772,56,3256.0,7,282.0,0,0,6,-0.665
6773,6,773,56,3284.0,7,285.5,0,2,6,-0.665
6774,6,774,56,3312.0,7,289.0,0,1,6,-0.665
6775,6,775,56,3340.0,8,294.0,0,1,6,-0.68
6776,6,776,59,3372.5,8,298.0,0,2,6,-0.71
6777,6,777,59,3402.0,8,302.0,0,1,6,-0.71
6778,6,778,59,3431.5,8,306.0,0,1,6,-0.71
6779,6,779,59,3461.0,8,310.0,0,1,6,-0.71
6780,6,780,60,3492.0,8,314.0,0,2,6,-0.72
6781,6,781,60,3522.0,8,318.0,0,0,6,-0.72
6782,6,782,60,3552.0,8,322.0,0,2,6,-0.72
6783,6,783,60,3582.0,8,326.0,0,2,6,-0.72
6784,6,784,60,3612.0,8,330.0,0,0,6,-0.72
6785,6,785,60,3642.0,8,334.0,0,2,6,-0.72
6786,6,786,61,3673.5,8,338.0,0,1,6,-0.73
6787,6,787,61,3704.0,8,342.0,0,1,6,-0.73
6788,6,788,62,3736.0,8,346.0,0,2,6,-0.74
6789,6,789,62,3767.0,8,350.0,0,0,6,-0.74
6790,6,790,62,3798.0,8,354.0,0,1,6,-0.74
6791,6,791,62,3829.0,8,358.0,0,2,6,-0.74
6792,6,792,62,3860.0,8,362.0,0,1,6,-0.74
6793,6,793,63,3892.5,8,366.0,0,2,6,-0.75
6794,6,794,63,3924.0,8,370.0,0,2,6,-0.75
6795,6,795,63,3955.5,8,374.0,0,0,6,-0.75
6796,6,796,63,3987.0,8,378.0,0,1,6,-0.75
6797,6,797,63,4018.5,8,382.0,0,2,6,-0.75
6798,6,798,63,4050.0,8,386.0,0,0,6,-0.75
6799,6,799,63,4081.5,8,390.0,0,3,6,-0.75
6800,6,800,64,4114.5,8,394.0,0,2,6,-0.76
6801,6,801,64,4146.5,8,398.0,0,0,6,-0.76
6802,6,802,65,4180.0,8,402.0,0,1,6,-0.77
6803,6,803,66,4214.0,8,406.0,0,1,6,-0.78
6804,6,804,66,4247.0,8,410.0,0,5,6,-0.78
6805,6,805,66,4280.0,8,414.0,0,0,7,-0.78
6806,6,806,66,4313.0,8,418.0,0,2,7,-0.78
6807,6,807,66,4346.0,8,422.0,0,3,7,-0.78
6808,6,808,66,4379.0,8,426.0,0,0,7,-0.78
6809,6,809,67,4413.5,8,430.0,0,1,7,-0.79
6810,6,810,68,4448.5,8,434.0,0,2,7,-0.8
6811,6,811,69,4484.0,8,438.0,0,0,7,-0.8099999999999999
6812,6,812,69,4518.5,8,442.0,0,1,7,-0.8099999999999999
6813,6,813,70,4554.5,8,446.0,0,2,7,-0.82
6814,6,814,70,4589.5,8,450.0,0,0,7,-0.82
6815,6,815,70,4624.5,8,454.0,0,1,7,-0.82
6816,6,816,71,4661.0,8,458.0,0,3,7,-0.83
6817,6,817,69,4356.0,8,462.0,0,1,8,-0.8099999999999999
6818,6,818,69,4108.5,8,466.0,0,0,8,-0.8099999999999999
6819,6,819,67,3925.5,8,470.0,0,2,8,-0.79
6820,6,820,67,3959.0,8,474.0,0,0,8,-0.79
6821,6,821,66,3847.5,8,478.0,0,0,8,-0.78
6822,6,822,64,3809.5,8,482.0,0,2,8,-0.76
6823,6,823,62,3629.5,8,486.0,0,0,8,-0.74
6824,6,824,62,3660.5,8,490.0,1,0,8,-0.74
6825,6,825,61,3510.0,8,494.0,0,1,8,-0.73
6826,6,826,60,3423.5,8,498.0,0,2,8,-0.72
6827,6,827,60,3340.5,8,502.0,0,0,8,-0.72
6828,6,828,61,3372.0,8,506.0,0,1,8,-0.73
6829,6,829,60,3297.0,8,510.0,0,0,8,-0.72
6830,6,830,60,3232.5,8,514.0,0,1,8,-0.72
6831,6,831,60,3262.5,8,518.0,1,0,8,-0.72
6832,6,832,59,3205.5,8,522.0,0,1,8,-0.71
6833,6,833,59,3159.0,8,526.0,0,0,8,-0.71
6834,6,834,61,3191.5,8,530.0,0,0,8,-0.73
6835,6,835,60,3153.0,8,534.0,0,0,8,-0.72
6836,6,836,60,3183.0,8,538.0,0,1,8,-0.72
6837,6,837,60,3150.0,8,542.0,0,0,8,-0.72
6838,6,838,60,3126.0,8,546.0,0,0,8,-0.72
6839,6,839,61,3157.5,8,550.0,0,0,8,-0.73
6840,6,840,61,3148.0,8,554.0,0,0,8,-0.73
6841,6,841,62,3180.0,8,558.0,0,0,8,-0.74
6842,6,842,64,3181.0,8,562.0,0,2,8,-0.76
6843,6,843,63,3190.0,8,566.0,0,1,8,-0.75
6844,6,844,64,3223.0,8,570.0,0,0,8,-0.76
6845,6,845,64,3237.0,8,574.0,0,0,8,-0.76
6846,6,846,64,3269.0,8,578.0,0,1,8,-0.76
6847,6,847,64,3286.5,8,582.0,0,0,8,-0.76
6848,6,848,64,3318.5,8,586.0,1,0,8,-0.76
6849,6,849,65,3346.5,8,590.0,1,0,8,-0.77
6850,6,850,65,3379.0,8,594.0,0,0,8,-0.77
6851,6,851,66,3413.0,8,598.0,0,0,8,-0.78
6852,6,852,67,3447.5,8,602.0,0,0,8,-0.79
6853,6,853,68,3482.5,8,606.0,0,1,8,-0.8
6854,6,854,69,3518.0,8,610.0,0,0,8,-0.8099999999999999
6855,6,855,69,3552.5,8,614.0,0,0,8,-0.8099999999999999
6856,6,856,70,3588.5,8,618.0,0,0,8,-0.82
6857,6,857,70,3623.5,8,622.0,0,1,8,-0.82
6858,6,858,71,3660.0,8,626.0,0,0,8,-0.83
6859,6,859,72,3697.0,9,631.5,0,0,8,-0.855
6860,6,860,73,3734.5,9,636.0,0,0,8,-0.865
6861,6,861,75,3774.0,9,640.5,0,0,8,-0.885
6862,6,862,76,3813.0,9,645.0,0,0,8,-0.895
6863,6,863,78,3854.0,9,649.5,0,1,8,-0.915
6864,6,864,78,3893.0,9,654.0,0,0,8,-0.915
6865,6,865,79,3933.5,9,658.5,1,0,8,-0.925
6866,6,866,79,3973.0,9,663.0,0,0,8,-0.925
6867,6,867,78,3976.0,9,667.5,0,2,8,-0.915
6868,6,868,77,3998.0,9,672.0,0,0,8,-0.905
6869,6,869,77,4022.0,9,676.5,0,0,8,-0.905
6870,6,870,76,4045.0,9,681.0,0,0,8,-0.895
6871,6,871,77,4084.5,9,685.5,0,0,8,-0.905
6872,6,872,78,4111.0,9,690.0,0,0,8,-0.915
6873,6,873,78,4137.0,9,694.5,0,0,8,-0.915
6874,6,874,78,4163.5,9,699.0,0,1,8,-0.915
6875,6,875,78,4202.5,10,705.0,0,0,8,-0.93
6876,6,876,77,4228.0,10,710.0,0,0,8,-0.92
6877,6,877,78,4268.0,10,715.0,0,0,9,-0.93
6878,6,878,78,4295.0,10,720.0,0,0,9,-0.93
6879,6,879,79,4324.0,10,725.0,0,0,9,-0.9400000000000001
6880,6,880,79,4363.5,10,730.0,0,0,9,-0.9400000000000001
6881,6,881,79,4391.5,10,735.0,0,2,9,-0.9400000000000001
6882,6,882,81,4434.0,10,740.0,0,0,9,-0.9600000000000001
6883,6,883,77,4020.0,7,475.5,0,0,0,-0.875
6884,6,884,72,3630.5,7,479.0,0,0,0,-0.825
6885,6,885,69,3287.0,6,426.0,0,0,0,-0.7799999999999999
6886,6,886,64,2941.0,7,430.5,1,0,0,-0.745
6887,6,887,65,2862.5,6,233.5,1,0,0,-0.74
6888,6,888,61,2659.0,6,236.5,0,0,0,-0.7
6889,6,889,57,2370.0,6,239.5,0,0,0,-0.6599999999999999
6890,6,890,55,2190.0,6,242.5,0,0,0,-0.64
6891,6,891,54,2131.0,6,245.5,0,0,0,-0.63
6892,6,892,52,1907.0,4,220.5,0,0,0,-0.5800000000000001
6893,6,893,49,1755.0,2,113.0,0,0,0,-0.52
6894,6,894,48,1721.0,1,107.0,0,0,0,-0.495
6895,6,895,44,1539.0,1,107.5,0,0,0,-0.455
6896,6,896,42,1425.5,1,108.0,0,0,0,-0.435
6897,6,897,41,1407.0,1,108.5,0,0,0,-0.425
6898,6,898,38,1286.0,1,1.5,0,0,0,-0.395
6899,6,899,37,1260.5,3,5.0,0,0,0,-0.415
6900,6,900,37,1211.0,3,6.5,0,0,0,-0.415
6901,6,901,35,1149.0,3,8.0,0,0,0,-0.39499999999999996
6902,6,902,34,1140.5,2,6.0,0,0,0,-0.37
6903,6,903,32,1138.0,3,8.5,0,0,0,-0.365
6904,6,904,30,1128.5,2,8.0,0,0,0,-0.32999999999999996
6905,6,905,30,1143.5,3,10.5,0,1,0,-0.345
6906,6,906,29,1150.0,3,12.0,0,0,0,-0.33499999999999996
6907,6,907,29,1164.5,3,13.5,0,0,0,-0.33499999999999996
6908,6,908,29,1179.0,2,9.0,1,1,0,-0.31999999999999995
6909,6,909,31,1196.5,2,10.0,0,0,0,-0.33999999999999997
6910,6,910,31,1212.0,2,11.0,0,0,0,-0.33999999999999997
6911,6,911,31,1227.5,2,12.0,0,0,0,-0.33999999999999997
6912,6,912,36,1250.5,2,13.0,0,0,0,-0.39
6913,6,913,37,1270.0,2,14.0,0,0,0,-0.4
6914,6,914,38,1290.0,2,15.0,0,0,0,-0.41000000000000003
6915,6,915,39,1310.5,2,16.0,0,0,0,-0.42000000000000004
6916,6,916,39,1330.0,2,17.0,0,0,0,-0.42000000000000004
6917,6,917,39,1349.5,2,18.0,0,2,0,-0.42000000000000004
6918,6,918,39,1369.0,2,19.0,0,1,0,-0.42000000000000004
6919,6,919,39,1388.5,2,20.0,0,0,0,-0.42000000000000004
6920,6,920,41,1411.0,2,21.0,0,0,0,-0.43999999999999995
6921,6,921,42,1433.0,2,22.0,0,0,0,-0.44999999999999996
6922,6,922,42,1454.0,2,23.0,0,1,0,-0.44999999999999996
6923,6,923,42,1475.0,2,24.0,0,1,0,-0.44999999999999996
6924,6,924,42,1496.0,2,25.0,0,0,0,-0.44999999999999996
6925,6,925,42,1517.0,2,26.0,0,1,0,-0.44999999999999996
6926,6,926,42,1538.0,2,27.0,0,0,0,-0.44999999999999996
6927,6,927,42,1559.0,2,28.0,0,0,0,-0.44999999999999996
6928,6,928,42,1580.0,2,29.0,0,0,0,-0.44999999999999996
6929,6,929,42,1601.0,2,30.0,1,1,0,-0.44999999999999996
6930,6,930,42,1622.0,2,31.0,0,0,0,-0.44999999999999996
6931,6,931,43,1644.5,2,32.0,0,0,0,-0.45999999999999996
6932,6,932,44,1667.5,2,33.0,0,0,0,-0.47
6933,6,933,42,1460.5,2,34.0,1,0,1,-0.44999999999999996
6934,6,934,40,1355.0,2,35.0,0,1,1,-0.43000000000000005
6935,6,935,38,1351.5,2,36.0,1,0,1,-0.41000000000000003
6936,6,936,38,1370.5,2,37.0,0,1,1,-0.41000000000000003
6937,6,937,38,1389.5,2,38.0,0,0,1,-0.41000000000000003
6938,6,938,38,1408.5,2,39.0,0,0,1,-0.41000000000000003
6939,6,939,38,1427.5,2,40.0,0,0,1,-0.41000000000000003
6940,6,940,39,1448.0,2,41.0,0,0,1,-0.42000000000000004
6941,6,941,42,1472.0,2,42.0,0,0,1,-0.44999999999999996
6942,6,942,42,1493.0,2,43.0,0,1,1,-0.44999999999999996
6943,6,943,43,1515.5,2,44.0,0,0,1,-0.45999999999999996
6944,6,944,44,1538.5,2,45.0,0,0,1,-0.47
6945,6,945,44,1560.5,2,46.0,0,0,1,-0.47
6946,6,946,42,1574.5,2,47.0,0,0,1,-0.44999999999999996
6947,6,947,40,1589.0,2,48.0,0,1,1,-0.43000000000000005
6948,6,948,40,1609.0,2,49.0,0,0,1,-0.43000000000000005
6949,6,949,42,1632.0,2,50.0,0,0,1,-0.44999999999999996
6950,6,950,43,1654.5,2,51.0,0,0,1,-0.45999999999999996
6951,6,951,43,1676.0,2,52.0,0,0,1,-0.45999999999999996
6952,6,952,43,1697.5,2,53.0,2,0,1,-0.45999999999999996
6953,6,953,43,1719.0,2,54.0,0,0,1,-0.45999999999999996
6954,6,954,43,1740.5,2,55.0,0,0,1,-0.45999999999999996
6955,6,955,43,1762.0,2,56.0,0,0,1,-0.45999999999999996
6956,6,956,43,1783.5,2,57.0,0,0,1,-0.45999999999999996
6957,6,957,43,1805.0,2,58.0,0,0,1,-0.45999999999999996
6958,6,958,43,1826.5,2,59.0,0,0,1,-0.45999999999999996
6959,6,959,44,1849.5,3,61.5,0,0,1,-0.485
6960,6,960,45,1873.0,3,63.0,0,0,1,-0.495
6961,6,961,45,1895.5,3,64.5,0,0,1,-0.495
6962,6,962,45,1918.0,3,66.0,0,1,1,-0.495
6963,6,963,45,1940.5,3,67.5,0,3,1,-0.495
6964,6,964,45,1963.0,3,69.0,0,0,1,-0.495
6965,6,965,45,1985.5,3,70.5,0,0,1,-0.495
6966,6,966,45,2008.0,3,72.0,0,1,1,-0.495
6967,6,967,45,2030.5,2,68.0,0,0,1,-0.48
6968,6,968,45,2053.0,2,69.0,0,1,1,-0.48
6969,6,969,45,2075.5,2,70.0,0,0,1,-0.48
6970,6,970,46,2099.5,3,72.5,0,0,1,-0.505
6971,6,971,46,2122.5,3,74.0,0,0,1,-0.505
6972,6,972,46,2145.5,3,75.5,0,0,1,-0.505
6973,6,973,46,2168.5,4,78.5,0,0,1,-0.52
6974,6,974,46,2191.5,4,80.5,0,0,1,-0.52
6975,6,975,46,2214.5,4,82.5,0,2,1,-0.52
6976,6,976,46,2237.5,4,84.5,0,0,1,-0.52
6977,6,977,46,2260.5,4,86.5,0,0,1,-0.52
6978,6,978,48,2286.5,4,88.5,0,2,1,-0.54
6979,6,979,48,2310.5,4,90.5,0,0,1,-0.54
6980,6,980,48,2334.5,4,92.5,0,2,1,-0.54
6981,6,981,49,2360.0,4,94.5,0,2,1,-0.55
6982,6,982,49,2384.5,4,96.5,0,0,1,-0.55
6983,6,983,49,2409.0,4,98.5,0,1,1,-0.55
6984,6,984,51,2436.5,4,100.5,0,1,1,-0.5700000000000001
6985,6,985,51,2462.0,4,102.5,0,1,1,-0.5700000000000001
6986,6,986,51,2487.5,5,106.0,0,1,1,-0.585
6987,6,987,52,2514.5,5,108.5,0,2,1,-0.595
6988,6,988,54,2543.5,5,111.0,0,1,1,-0.615
6989,6,989,54,2570.5,5,113.5,0,1,1,-0.615
6990,6,990,55,2599.0,6,117.5,0,1,1,-0.64
6991,6,991,56,2628.0,6,120.5,0,1,1,-0.65
6992,6,992,56,2656.0,6,123.5,0,2,1,-0.65
6993,6,993,56,2684.0,6,126.5,0,1,1,-0.65
6994,6,994,56,2712.0,6,129.5,0,1,1,-0.65
6995,6,995,56,2740.0,6,132.5,0,1,1,-0.65
6996,6,996,56,2768.0,6,135.5,0,2,1,-0.65
6997,6,997,56,2796.0,6,138.5,0,0,1,-0.65
6998,6,998,56,2824.0,6,141.5,0,1,1,-0.65
6999,6,999,56,2852.0,6,144.5,0,2,1,-0.65
7000,7,0,0,0.0,0,0.0,0,0,0,-0.0
7001,7,1,0,0.0,0,0.0,0,0,0,-0.0
7002,7,2,0,0.0,0,0.0,0,0,0,-0.0
7003,7,3,0,0.0,0,0.0,0,0,0,-0.0
7004,7,4,0,0.0,0,0.0,0,0,0,-0.0
7005,7,5,0,0.0,0,0.0,0,0,0,-0.0
7006,7,6,0,0.0,0,0.0,0,0,0,-0.0
7007,7,7,0,0.0,0,0.0,0,0,0,-0.0
7008,7,8,0,0.0,0,0.0,0,0,0,-0.0
7009,7,9,0,0.0,0,0.0,0,0,0,-0.0
7010,7,10,0,0.0,0,0.0,0,0,0,-0.0
7011,7,11,0,0.0,0,0.0,0,0,0,-0.0
7012,7,12,0,0.0,0,0.0,0,0,0,-0.0
7013,7,13,0,0.0,0,0.0,0,0,0,-0.0
7014,7,14,0,0.0,0,0.0,0,0,0,-0.0
7015,7,15,0,0.0,0,0.0,0,0,0,-0.0
7016,7,16,0,0.0,0,0.0,0,0,0,-0.0
7017,7,17,0,0.0,0,0.0,0,0,0,-0.0
7018,7,18,0,0.0,0,0.0,0,0,0,-0.0
7019,7,19,0,0.0,0,0.0,0,0,0,-0.0
7020,7,20,0,0.0,0,0.0,0,0,0,-0.0
7021,7,21,0,0.0,0,0.0,0,0,0,-0.0
7022,7,22,0,0.0,0,0.0,0,0,0,-0.0
7023,7,23,0,0.0,0,0.0,0,0,0,-0.0
7024,7,24,0,0.0,0,0.0,0,0,0,-0.0
7025,7,25,0,0.0,0,0.0,0,0,0,-0.0
7026,7,26,0,0.0,0,0.0,0,0,0,-0.0
7027,7,27,0,0.0,0,0.0,0,0,0,-0.0
7028,7,28,0,0.0,0,0.0,0,0,0,-0.0
7029,7,29,0,0.0,0,0.0,0,0,0,-0.0
7030,7,30,0,0.0,0,0.0,0,0,0,-0.0
7031,7,31,0,0.0,0,0.0,0,0,0,-0.0
7032,7,32,0,0.0,0,0.0,0,0,0,-0.0
7033,7,33,0,0.0,0,0.0,0,0,0,-0.0
7034,7,34,0,0.0,0,0.0,0,0,0,-0.0
7035,7,35,0,0.0,0,0.0,0,0,0,-0.0
7036,7,36,0,0.0,0,0.0,0,0,0,-0.0
7037,7,37,0,0.0,0,0.0,0,0,0,-0.0
7038,7,38,0,0.0,0,0.0,0,0,0,-0.0
7039,7,39,0,0.0,0,0.0,0,0,0,-0.0
7040,7,40,0,0.0,0,0.0,0,0,0,-0.0
7041,7,41,0,0.0,0,0.0,0,0,0,-0.0
7042,7,42,0,0.0,0,0.0,0,0,0,-0.0
7043,7,43,0,0.0,0,0.0,0,0,0,-0.0
7044,7,44,0,0.0,0,0.0,0,0,0,-0.0
7045,7,45,0,0.0,0,0.0,0,0,0,-0.0
7046,7,46,0,0.0,0,0.0,0,0,0,-0.0
7047,7,47,0,0.0,0,0.0,0,0,0,-0.0
7048,7,48,0,0.0,0,0.0,0,0,0,-0.0
7049,7,49,0,0.0,0,0.0,0,0,1,-0.0
7050,7,50,0,0.0,0,0.0,0,0,1,-0.0
7051,7,51,0,0.0,0,0.0,0,0,1,-0.0
7052,7,52,0,0.0,0,0.0,0,0,1,-0.0
7053,7,53,0,0.0,0,0.0,0,0,1,-0.0
7054,7,54,0,0.0,0,0.0,0,0,1,-0.0
7055,7,55,0,0.0,0,0.0,0,0,1,-0.0
7056,7,56,0,0.0,0,0.0,0,0,1,-0.0
7057,7,57,0,0.0,0,0.0,0,0,1,-0.0
7058,7,58,0,0.0,0,0.0,0,0,1,-0.0
7059,7,59,0,0.0,0,0.0,0,0,1,-0.0
7060,7,60,0,0.0,0,0.0,0,0,1,-0.0
7061,7,61,0,0.0,0,0.0,0,0,1,-0.0
7062,7,62,0,0.0,0,0.0,0,0,1,-0.0
7063,7,63,0,0.0,0,0.0,0,0,1,-0.0
7064,7,64,0,0.0,0,0.0,0,0,1,-0.0
7065,7,65,0,0.0,1,1.5,0,0,1,-0.015
7066,7,66,0,0.0,1,2.0,0,0,1,-0.015
7067,7,67,0,0.0,1,2.5,0,0,1,-0.015
7068,7,68,0,0.0,1,3.0,0,0,1,-0.015
7069,7,69,0,0.0,1,3.5,0,0,1,-0.015
7070,7,70,0,0.0,1,4.0,0,0,1,-0.015
7071,7,71,0,0.0,1,4.5,0,0,1,-0.015
7072,7,72,0,0.0,2,6.5,0,0,1,-0.03
7073,7,73,0,0.0,2,7.5,0,0,1,-0.03
7074,7,74,0,0.0,2,8.5,0,0,1,-0.03
7075,7,75,0,0.0,2,9.5,0,0,1,-0.03
7076,7,76,0,0.0,2,10.5,0,0,1,-0.03
7077,7,77,0,0.0,2,11.5,0,0,1,-0.03
7078,7,78,6,9.0,3,14.0,0,0,1,-0.105
7079,7,79,6,12.0,3,15.5,0,0,1,-0.105
7080,7,80,6,15.0,3,17.0,0,0,1,-0.105
7081,7,81,6,18.0,3,18.5,0,0,1,-0.105
7082,7,82,6,21.0,4,21.5,0,0,1,-0.12
7083,7,83,6,24.0,4,23.5,0,0,1,-0.12
7084,7,84,6,27.0,4,25.5,0,0,1,-0.12
7085,7,85,6,30.0,4,27.5,0,0,1,-0.12
7086,7,86,8,36.0,5,31.0,0,0,1,-0.155
7087,7,87,9,41.5,6,35.0,0,0,1,-0.18
7088,7,88,9,46.0,6,38.0,0,0,1,-0.18
7089,7,89,10,52.0,6,41.0,0,0,1,-0.19
7090,7,90,10,57.0,7,45.5,0,0,1,-0.20500000000000002
7091,7,91,10,62.0,7,49.0,0,0,1,-0.20500000000000002
7092,7,92,10,67.0,7,52.5,0,0,1,-0.20500000000000002
7093,7,93,10,72.0,7,56.0,0,0,1,-0.20500000000000002
7094,7,94,10,77.0,7,59.5,0,0,1,-0.20500000000000002
7095,7,95,10,82.0,7,63.0,0,0,1,-0.20500000000000002
7096,7,96,10,87.0,7,66.5,0,0,1,-0.20500000000000002
7097,7,97,10,92.0,7,70.0,0,0,1,-0.20500000000000002
7098,7,98,10,97.0,7,73.5,0,0,1,-0.20500000000000002
7099,7,99,10,102.0,7,77.0,0,0,1,-0.20500000000000002
7100,7,100,10,107.0,7,80.5,0,0,1,-0.20500000000000002
7101,7,101,10,112.0,7,84.0,0,0,1,-0.20500000000000002
7102,7,102,11,118.5,7,87.5,0,0,1,-0.215
7103,7,103,11,124.0,7,91.0,0,0,1,-0.215
7104,7,104,11,129.5,7,94.5,0,0,1,-0.215
7105,7,105,11,135.0,7,98.0,0,0,1,-0.215
7106,7,106,11,140.5,7,101.5,0,0,1,-0.215
7107,7,107,11,146.0,7,105.0,0,0,1,-0.215
7108,7,108,11,151.5,7,108.5,0,0,1,-0.215
7109,7,109,11,157.0,7,112.0,0,0,1,-0.215
7110,7,110,11,162.5,7,115.5,0,0,1,-0.215
7111,7,111,12,169.5,7,119.0,0,0,1,-0.22499999999999998
7112,7,112,12,175.5,8,124.0,0,0,1,-0.24
7113,7,113,13,183.0,8,128.0,0,0,1,-0.25
7114,7,114,14,191.0,8,132.0,0,0,1,-0.26
7115,7,115,14,198.0,8,136.0,0,0,1,-0.26
7116,7,116,14,205.0,8,140.0,0,0,1,-0.26
7117,7,117,14,212.0,8,144.0,0,0,1,-0.26
7118,7,118,14,219.0,8,148.0,0,0,1,-0.26
7119,7,119,14,226.0,8,152.0,0,0,1,-0.26
7120,7,120,14,233.0,8,156.0,0,0,1,-0.26
7121,7,121,14,240.0,8,160.0,0,0,1,-0.26
7122,7,122,14,247.0,8,164.0,0,0,1,-0.26
7123,7,123,15,255.5,8,168.0,0,0,1,-0.27
7124,7,124,15,263.0,8,172.0,0,0,1,-0.27
7125,7,125,15,270.5,8,176.0,0,0,1,-0.27
7126,7,126,15,278.0,8,180.0,0,0,1,-0.27
7127,7,127,15,285.5,8,184.0,0,0,1,-0.27
7128,7,128,15,293.0,8,188.0,0,0,1,-0.27
7129,7,129,15,300.5,8,192.0,0,0,1,-0.27
7130,7,130,15,308.0,8,196.0,0,0,1,-0.27
7131,7,131,15,315.5,8,200.0,0,0,1,-0.27
7132,7,132,16,324.5,8,204.0,0,0,1,-0.28
7133,7,133,16,332.5,8,208.0,0,0,1,-0.28
7134,7,134,16,340.5,8,212.0,0,0,1,-0.28
7135,7,135,16,348.5,8,216.0,0,0,1,-0.28
7136,7,136,16,356.5,8,220.0,0,0,1,-0.28
7137,7,137,16,364.5,8,224.0,0,0,1,-0.28
7138,7,138,16,372.5,8,228.0,0,0,1,-0.28
7139,7,139,16,380.5,8,232.0,0,0,2,-0.28
7140,7,140,17,390.0,8,236.0,0,0,2,-0.29000000000000004
7141,7,141,18,400.0,8,240.0,0,0,2,-0.3
7142,7,142,18,409.0,8,244.0,0,0,2,-0.3
7143,7,143,19,419.5,8,248.0,0,0,2,-0.31
7144,7,144,20,430.5,8,252.0,0,0,2,-0.32
7145,7,145,20,440.5,8,256.0,0,0,2,-0.32
7146,7,146,20,450.5,8,260.0,0,0,2,-0.32
7147,7,147,20,460.5,8,264.0,0,0,2,-0.32
7148,7,148,20,470.5,8,268.0,0,2,2,-0.32
7149,7,149,21,482.0,8,272.0,0,0,2,-0.32999999999999996
7150,7,150,21,492.5,8,276.0,0,0,2,-0.32999999999999996
7151,7,151,20,432.5,8,280.0,0,1,3,-0.32
7152,7,152,21,444.0,8,284.0,0,0,3,-0.32999999999999996
7153,7,153,22,456.0,8,288.0,0,0,3,-0.33999999999999997
7154,7,154,22,467.0,8,292.0,0,0,3,-0.33999999999999997
7155,7,155,22,478.0,8,296.0,0,0,3,-0.33999999999999997
7156,7,156,22,489.0,8,300.0,0,0,3,-0.33999999999999997
7157,7,157,22,500.0,8,304.0,0,0,3,-0.33999999999999997
7158,7,158,22,511.0,8,308.0,0,0,3,-0.33999999999999997
7159,7,159,22,522.0,8,312.0,0,2,3,-0.33999999999999997
7160,7,160,23,534.5,8,316.0,0,0,3,-0.35
7161,7,161,24,547.5,8,320.0,0,0,3,-0.36
7162,7,162,24,559.5,8,324.0,0,0,3,-0.36
7163,7,163,25,573.0,8,328.0,0,0,3,-0.37
7164,7,164,29,591.5,8,332.0,0,0,3,-0.41
7165,7,165,29,606.0,8,336.0,0,0,3,-0.41
7166,7,166,30,622.0,8,340.0,0,0,3,-0.42
7167,7,167,30,637.0,8,344.0,0,0,3,-0.42
7168,7,168,30,652.0,8,348.0,0,0,3,-0.42
7169,7,169,31,668.5,8,352.0,0,1,3,-0.43
7170,7,170,33,687.0,8,356.0,0,0,3,-0.45
7171,7,171,33,703.5,8,360.0,0,0,3,-0.45
7172,7,172,34,721.5,8,364.0,0,0,3,-0.46
7173,7,173,35,740.0,8,368.0,0,0,3,-0.47
7174,7,174,38,762.0,8,372.0,0,0,3,-0.5
7175,7,175,38,781.0,8,376.0,0,0,3,-0.5
7176,7,176,38,800.0,8,380.0,0,0,3,-0.5
7177,7,177,38,819.0,8,384.0,0,0,3,-0.5
7178,7,178,38,838.0,8,388.0,0,0,3,-0.5
7179,7,179,38,857.0,8,392.0,0,0,3,-0.5
7180,7,180,38,876.0,8,396.0,0,1,3,-0.5
7181,7,181,38,895.0,8,400.0,0,0,3,-0.5
7182,7,182,39,915.5,8,404.0,0,0,3,-0.51
7183,7,183,40,936.5,8,408.0,0,0,3,-0.52
7184,7,184,40,956.5,8,412.0,0,0,3,-0.52
7185,7,185,41,978.0,8,416.0,0,0,3,-0.53
7186,7,186,42,1000.0,8,420.0,0,1,3,-0.54
7187,7,187,43,1022.5,8,424.0,0,0,3,-0.55
7188,7,188,43,1044.0,8,428.0,0,1,3,-0.55
7189,7,189,43,1065.5,8,432.0,0,0,3,-0.55
7190,7,190,44,1088.5,8,436.0,0,0,3,-0.56
7191,7,191,44,1110.5,8,440.0,0,2,3,-0.56
7192,7,192,46,1135.5,8,444.0,0,0,3,-0.5800000000000001
7193,7,193,47,1160.0,8,448.0,0,0,3,-0.59
7194,7,194,47,1183.5,8,452.0,0,0,3,-0.59
7195,7,195,48,1208.5,8,456.0,0,0,3,-0.6
7196,7,196,48,1232.5,8,460.0,0,0,3,-0.6
7197,7,197,48,1256.5,8,464.0,0,1,3,-0.6
7198,7,198,48,1280.5,8,468.0,0,0,3,-0.6
7199,7,199,48,1304.5,8,472.0,0,0,3,-0.6
7200,7,200,48,1328.5,8,476.0,0,0,3,-0.6
7201,7,201,49,1354.0,8,480.0,0,2,3,-0.61
7202,7,202,50,1380.0,8,484.0,0,0,3,-0.62
7203,7,203,50,1405.0,8,488.0,0,0,3,-0.62
7204,7,204,51,1431.5,8,492.0,0,0,3,-0.63
7205,7,205,52,1458.5,8,496.0,0,0,3,-0.64
7206,7,206,52,1484.5,8,500.0,0,0,3,-0.64
7207,7,207,52,1510.5,8,504.0,0,0,3,-0.64
7208,7,208,52,1536.5,8,508.0,0,0,3,-0.64
7209,7,209,52,1562.5,8,512.0,0,0,3,-0.64
7210,7,210,52,1588.5,8,516.0,0,0,3,-0.64
7211,7,211,53,1616.0,8,520.0,0,0,4,-0.65
7212,7,212,53,1642.5,8,524.0,0,0,4,-0.65
7213,7,213,53,1669.0,8,528.0,0,0,4,-0.65
7214,7,214,54,1697.0,8,532.0,0,0,4,-0.66
7215,7,215,54,1723.5,8,536.0,0,0,4,-0.66
7216,7,216,54,1750.5,8,540.0,0,0,4,-0.66
7217,7,217,54,1777.5,8,544.0,0,0,4,-0.66
7218,7,218,55,1806.0,8,548.0,0,0,4,-0.67
7219,7,219,57,1836.5,8,552.0,0,0,4,-0.69
7220,7,220,58,1866.5,8,556.0,0,0,4,-0.7
7221,7,221,59,1897.0,8,560.0,0,0,4,-0.71
7222,7,222,61,1929.5,8,564.0,0,0,4,-0.73
7223,7,223,55,1612.0,8,568.0,0,0,5,-0.67
7224,7,224,51,1405.5,8,572.0,0,0,5,-0.63
7225,7,225,48,1246.5,8,576.0,0,0,5,-0.6
7226,7,226,44,1106.5,8,580.0,0,0,5,-0.56
7227,7,227,43,1095.0,8,584.0,0,0,5,-0.55
7228,7,228,41,1037.5,7,508.5,0,0,5,-0.515
7229,7,229,37,973.0,7,512.0,0,0,5,-0.475
7230,7,230,33,950.5,7,515.5,0,0,5,-0.435
7231,7,231,33,967.0,5,365.0,0,1,5,-0.405
7232,7,232,32,972.0,5,367.5,0,0,5,-0.395
7233,7,233,31,986.0,3,211.5,0,0,5,-0.355
7234,7,234,32,1003.0,3,213.0,0,0,5,-0.365
7235,7,235,32,1019.0,3,214.5,0,0,5,-0.365
7236,7,236,32,1035.0,3,216.0,0,0,5,-0.365
7237,7,237,32,1051.0,3,217.5,0,0,5,-0.365
7238,7,238,32,1067.0,3,219.0,0,0,5,-0.365
7239,7,239,32,1083.0,3,220.5,0,0,5,-0.365
7240,7,240,32,1099.0,3,222.0,0,1,5,-0.365
7241,7,241,32,1115.0,2,157.5,0,0,5,-0.35
7242,7,242,34,1134.0,2,158.5,0,0,5,-0.37
7243,7,243,34,1151.0,2,159.5,0,0,5,-0.37
7244,7,244,34,1168.0,2,160.5,0,0,5,-0.37
7245,7,245,34,1185.0,2,161.5,0,0,5,-0.37
7246,7,246,34,1202.0,2,162.5,0,0,5,-0.37
7247,7,247,34,1219.0,2,163.5,0,0,5,-0.37
7248,7,248,34,1236.0,2,164.5,0,0,5,-0.37
7249,7,249,34,1253.0,2,165.5,0,0,5,-0.37
7250,7,250,35,1271.5,2,166.5,0,0,5,-0.38
7251,7,251,35,1289.0,2,167.5,0,0,5,-0.38
7252,7,252,36,1308.0,2,168.5,0,0,5,-0.39
7253,7,253,36,1326.0,2,169.5,0,1,5,-0.39
7254,7,254,36,1344.0,2,170.5,0,0,5,-0.39
7255,7,255,37,1363.5,2,171.5,0,0,5,-0.4
7256,7,256,37,1382.0,2,172.5,0,1,5,-0.4
7257,7,257,37,1400.5,2,173.5,0,0,5,-0.4
7258,7,258,37,1419.0,2,174.5,0,0,5,-0.4
7259,7,259,37,1437.5,2,175.5,0,0,5,-0.4
7260,7,260,37,1456.0,2,176.5,0,1,5,-0.4
7261,7,261,37,1474.5,2,177.5,0,0,5,-0.4
7262,7,262,38,1494.5,2,178.5,0,0,5,-0.41000000000000003
7263,7,263,38,1513.5,3,181.0,0,0,5,-0.425
7264,7,264,39,1534.0,3,182.5,0,0,5,-0.435
7265,7,265,39,1553.5,3,184.0,0,0,5,-0.435
7266,7,266,39,1573.0,3,185.5,0,0,5,-0.435
7267,7,267,39,1592.5,3,187.0,0,0,5,-0.435
7268,7,268,39,1612.0,3,188.5,0,0,5,-0.435
7269,7,269,39,1631.5,2,185.5,0,0,5,-0.42000000000000004
7270,7,270,39,1651.0,2,186.5,0,0,5,-0.42000000000000004
7271,7,271,40,1672.0,2,187.5,0,1,5,-0.43000000000000005
7272,7,272,41,1693.5,2,188.5,0,0,5,-0.43999999999999995
7273,7,273,40,1517.5,3,191.0,0,0,6,-0.445
7274,7,274,38,1451.0,2,190.5,0,0,6,-0.41000000000000003
7275,7,275,38,1470.0,2,191.5,0,0,6,-0.41000000000000003
7276,7,276,38,1489.0,3,194.0,0,0,6,-0.425
7277,7,277,38,1508.0,4,197.0,0,0,6,-0.44
7278,7,278,38,1527.0,4,199.0,0,0,6,-0.44
7279,7,279,38,1546.0,4,201.0,0,0,6,-0.44
7280,7,280,38,1565.0,4,203.0,0,0,6,-0.44
7281,7,281,38,1584.0,4,205.0,0,0,6,-0.44
7282,7,282,38,1603.0,4,207.0,0,0,6,-0.44
7283,7,283,38,1622.0,5,210.5,0,0,6,-0.455
7284,7,284,40,1644.0,5,212.5,0,0,6,-0.47500000000000003
7285,7,285,41,1665.5,4,213.0,0,0,6,-0.47
7286,7,286,41,1686.0,6,218.0,0,0,6,-0.5
7287,7,287,44,1711.0,6,221.0,0,2,6,-0.53
7288,7,288,44,1733.0,7,225.5,0,0,6,-0.545
7289,7,289,44,1755.0,7,229.0,0,0,6,-0.545
7290,7,290,44,1777.0,7,232.5,0,0,6,-0.545
7291,7,291,45,1800.5,7,236.0,0,0,6,-0.555
7292,7,292,45,1823.0,7,239.5,0,0,6,-0.555
7293,7,293,46,1847.0,7,243.0,0,0,6,-0.5650000000000001
7294,7,294,46,1870.0,7,246.5,0,0,6,-0.5650000000000001
7295,7,295,47,1894.5,8,251.5,0,0,6,-0.59
7296,7,296,48,1919.5,8,255.5,0,0,6,-0.6
7297,7,297,48,1943.5,8,259.5,0,0,6,-0.6
7298,7,298,48,1967.5,9,265.0,0,0,6,-0.615
7299,7,299,48,1991.5,9,269.5,0,0,6,-0.615
7300,7,300,48,2015.5,9,274.0,0,0,6,-0.615
7301,7,301,48,2039.5,9,278.5,0,0,6,-0.615
7302,7,302,48,2063.5,9,283.0,0,1,6,-0.615
7303,7,303,48,2087.5,9,287.5,0,3,6,-0.615
7304,7,304,49,2113.0,9,292.0,0,0,6,-0.625
7305,7,305,49,2137.5,10,298.0,0,0,6,-0.64
7306,7,306,49,2162.0,10,303.0,0,3,6,-0.64
7307,7,307,49,2186.5,10,308.0,0,0,6,-0.64
7308,7,308,49,2211.0,11,314.5,0,0,6,-0.655
7309,7,309,49,2235.5,11,320.0,0,2,6,-0.655
7310,7,310,49,2260.0,11,325.5,0,0,6,-0.655
7311,7,311,49,2284.5,11,331.0,0,0,6,-0.655
7312,7,312,49,2309.0,11,336.5,0,1,6,-0.655
7313,7,313,49,2333.5,12,343.5,0,0,6,-0.6699999999999999
7314,7,314,49,2358.0,13,351.0,0,0,6,-0.685
7315,7,315,49,2382.5,12,355.5,0,2,6,-0.6699999999999999
7316,7,316,49,2407.0,12,361.5,0,0,6,-0.6699999999999999
7317,7,317,49,2431.5,12,367.5,0,1,6,-0.6699999999999999
7318,7,318,49,2456.0,13,375.0,0,2,6,-0.685
7319,7,319,50,2482.0,13,381.5,0,0,6,-0.6950000000000001
7320,7,320,50,2507.0,13,388.0,0,2,6,-0.6950000000000001
7321,7,321,51,2533.5,13,394.5,0,2,6,-0.7050000000000001
7322,7,322,51,2559.0,13,401.0,0,0,6,-0.7050000000000001
7323,7,323,52,2586.0,13,407.5,0,2,6,-0.7150000000000001
7324,7,324,52,2612.0,13,414.0,0,6,6,-0.7150000000000001
7325,7,325,53,2639.5,13,420.5,0,0,6,-0.7250000000000001
7326,7,326,53,2666.0,13,427.0,0,2,6,-0.7250000000000001
7327,7,327,53,2692.5,13,433.5,0,1,6,-0.7250000000000001
7328,7,328,53,2719.0,13,440.0,0,0,6,-0.7250000000000001
7329,7,329,54,2747.0,13,446.5,0,1,6,-0.7350000000000001
7330,7,330,54,2774.0,13,453.0,0,1,6,-0.7350000000000001
7331,7,331,54,2801.0,13,459.5,0,0,6,-0.7350000000000001
7332,7,332,54,2828.0,13,466.0,0,0,6,-0.7350000000000001
7333,7,333,55,2856.5,13,472.5,0,1,6,-0.7450000000000001
7334,7,334,55,2884.0,13,479.0,0,1,6,-0.7450000000000001
7335,7,335,55,2911.5,13,485.5,0,1,6,-0.7450000000000001
7336,7,336,55,2939.0,13,492.0,0,2,6,-0.7450000000000001
7337,7,337,55,2966.5,13,498.5,0,0,6,-0.7450000000000001
7338,7,338,55,2994.0,13,505.0,0,0,6,-0.7450000000000001
7339,7,339,55,3021.5,13,511.5,0,1,6,-0.7450000000000001
7340,7,340,56,3050.5,13,518.0,0,1,6,-0.7550000000000001
7341,7,341,56,3078.5,14,526.0,0,1,6,-0.77
7342,7,342,58,3109.5,13,531.0,0,1,6,-0.7749999999999999
7343,7,343,58,3138.5,13,537.5,0,0,6,-0.7749999999999999
7344,7,344,58,3167.5,13,544.0,0,1,6,-0.7749999999999999
7345,7,345,58,3196.5,14,552.0,0,0,6,-0.7899999999999999
7346,7,346,58,3225.5,14,559.0,0,1,6,-0.7899999999999999
7347,7,347,58,3254.5,14,566.0,0,0,6,-0.7899999999999999
7348,7,348,58,3283.5,14,573.0,0,0,6,-0.7899999999999999
7349,7,349,58,3312.5,14,580.0,0,0,6,-0.7899999999999999
7350,7,350,58,3341.5,14,587.0,0,0,6,-0.7899999999999999
7351,7,351,58,3370.5,14,594.0,0,2,6,-0.7899999999999999
7352,7,352,58,3399.5,14,601.0,0,0,6,-0.7899999999999999
7353,7,353,60,3431.5,14,608.0,0,1,6,-0.8099999999999999
7354,7,354,60,3461.5,14,615.0,0,0,6,-0.8099999999999999
7355,7,355,60,3491.5,14,622.0,0,0,6,-0.8099999999999999
7356,7,356,61,3523.0,14,629.0,0,1,6,-0.82
7357,7,357,61,3553.5,14,636.0,0,0,6,-0.82
7358,7,358,61,3584.0,14,643.0,0,1,6,-0.82
7359,7,359,63,3617.5,14,650.0,0,0,6,-0.84
7360,7,360,63,3649.0,14,657.0,0,0,6,-0.84
7361,7,361,63,3680.5,14,664.0,0,1,6,-0.84
7362,7,362,65,3715.0,14,671.0,0,0,6,-0.86
7363,7,363,65,3747.5,14,678.0,0,3,7,-0.86
7364,7,364,65,3780.0,14,685.0,0,0,7,-0.86
7365,7,365,65,3812.5,14,692.0,0,0,7,-0.86
7366,7,366,65,3845.0,14,699.0,0,0,7,-0.86
7367,7,367,65,3877.5,14,706.0,0,0,7,-0.86
7368,7,368,65,3910.0,14,713.0,0,0,7,-0.86
7369,7,369,65,3942.5,14,720.0,0,0,7,-0.86
7370,7,370,65,3975.0,14,727.0,0,0,7,-0.86
7371,7,371,65,4007.5,14,734.0,0,0,7,-0.86
7372,7,372,65,4040.0,14,741.0,0,0,7,-0.86
7373,7,373,66,4074.0,14,748.0,0,0,7,-0.87
7374,7,374,66,4107.0,14,755.0,0,0,7,-0.87
7375,7,375,64,3844.0,14,762.0,0,0,8,-0.85
7376,7,376,62,3666.5,14,769.0,0,0,8,-0.83
7377,7,377,61,3492.5,14,776.0,0,1,8,-0.82
7378,7,378,59,3360.5,14,783.0,0,0,8,-0.7999999999999999
7379,7,379,60,3391.5,14,790.0,0,1,8,-0.8099999999999999
7380,7,380,59,3331.5,14,797.0,0,0,8,-0.7999999999999999
7381,7,381,58,3337.5,14,804.0,0,0,8,-0.7899999999999999
7382,7,382,58,3366.5,14,811.0,0,0,8,-0.7899999999999999
7383,7,383,58,3395.5,14,818.0,0,0,8,-0.7899999999999999
7384,7,384,59,3426.0,14,825.0,0,1,8,-0.7999999999999999
7385,7,385,59,3455.5,14,832.0,0,0,8,-0.7999999999999999
7386,7,386,59,3485.0,14,839.0,0,0,8,-0.7999999999999999
7387,7,387,59,3514.5,14,846.0,0,0,8,-0.7999999999999999
7388,7,388,59,3544.0,14,853.0,0,1,8,-0.7999999999999999
7389,7,389,61,3576.5,14,860.0,0,0,8,-0.82
7390,7,390,62,3608.5,14,867.0,0,0,8,-0.83
7391,7,391,63,3641.0,14,874.0,0,0,8,-0.84
7392,7,392,63,3672.5,14,881.0,0,0,8,-0.84
7393,7,393,63,3704.0,14,888.0,0,1,8,-0.84
7394,7,394,65,3738.5,14,895.0,0,0,8,-0.86
7395,7,395,65,3771.0,14,902.0,0,0,8,-0.86
7396,7,396,65,3803.5,14,909.0,0,1,8,-0.86
7397,7,397,65,3836.0,14,916.0,0,0,8,-0.86
7398,7,398,65,3868.5,14,923.0,0,0,8,-0.86
7399,7,399,66,3902.5,14,930.0,0,1,8,-0.87
7400,7,400,66,3935.5,14,937.0,0,2,8,-0.87
7401,7,401,66,3968.5,14,944.0,0,0,8,-0.87
7402,7,402,68,4004.5,14,951.0,0,0,8,-0.89
7403,7,403,70,4041.5,14,958.0,0,0,8,-0.9099999999999999
7404,7,404,70,4076.5,14,965.0,0,0,8,-0.9099999999999999
7405,7,405,70,4111.5,14,972.0,0,1,8,-0.9099999999999999
7406,7,406,70,4146.5,14,979.0,0,1,8,-0.9099999999999999
7407,7,407,70,4181.5,14,986.0,0,0,8,-0.9099999999999999
7408,7,408,70,4216.5,14,993.0,0,0,8,-0.9099999999999999
7409,7,409,70,4251.5,14,1000.0,0,1,8,-0.9099999999999999
7410,7,410,70,4286.5,14,1007.0,0,0,8,-0.9099999999999999
7411,7,411,71,4323.0,14,1014.0,0,0,8,-0.9199999999999999
7412,7,412,72,4360.0,14,1021.0,0,0,8,-0.9299999999999999
7413,7,413,73,4397.5,14,1028.0,0,0,8,-0.94
7414,7,414,74,4435.5,14,1035.0,0,0,8,-0.95
7415,7,415,74,4472.5,14,1042.0,0,1,8,-0.95
7416,7,416,75,4511.0,14,1049.0,0,0,8,-0.96
7417,7,417,75,4548.5,14,1056.0,0,0,8,-0.96
7418,7,418,75,4586.0,14,1063.0,0,0,8,-0.96
7419,7,419,75,4623.5,14,1070.0,0,1,8,-0.96
7420,7,420,75,4661.0,14,1077.0,0,1,8,-0.96
7421,7,421,75,4698.5,14,1084.0,0,0,8,-0.96
7422,7,422,77,4739.0,14,1091.0,0,0,8,-0.98
7423,7,423,78,4779.0,14,1098.0,0,0,8,-0.99
7424,7,424,78,4818.0,14,1105.0,0,0,8,-0.99
7425,7,425,78,4857.0,14,1112.0,0,0,8,-0.99
7426,7,426,78,4896.0,14,1119.0,0,1,8,-0.99
7427,7,427,78,4935.0,14,1126.0,0,0,8,-0.99
7428,7,428,79,4975.5,14,1133.0,0,0,8,-1.0
7429,7,429,80,5016.5,14,1140.0,0,0,8,-1.01
7430,7,430,80,5056.5,14,1147.0,1,2,8,-1.01
7431,7,431,80,5096.5,14,1154.0,0,0,8,-1.01
7432,7,432,82,5139.5,14,1161.0,0,0,8,-1.03
7433,7,433,83,5182.0,14,1168.0,0,0,8,-1.04
7434,7,434,83,5223.5,14,1175.0,0,0,8,-1.04
7435,7,435,83,5265.0,14,1182.0,0,0,9,-1.04
7436,7,436,83,5306.5,14,1189.0,0,0,9,-1.04
7437,7,437,84,5349.5,14,1196.0,0,0,9,-1.05
7438,7,438,84,5391.5,14,1203.0,0,0,9,-1.05
7439,7,439,84,5433.5,14,1210.0,0,0,9,-1.05
7440,7,440,84,5475.5,14,1217.0,0,1,9,-1.05
7441,7,441,80,4663.0,10,948.0,0,0,0,-0.9500000000000001
7442,7,442,77,4165.0,9,869.0,0,0,0,-0.905
7443,7,443,73,3705.0,8,823.0,0,0,0,-0.85
7444,7,444,70,3390.0,8,827.0,0,0,0,-0.82
7445,7,445,71,3314.0,8,831.0,0,0,0,-0.83
7446,7,446,67,2927.0,7,748.5,0,0,0,-0.775
7447,7,447,63,2575.0,7,752.0,0,0,0,-0.735
7448,7,448,62,2516.5,7,755.5,0,0,0,-0.725
7449,7,449,60,2281.0,4,431.0,0,0,0,-0.6599999999999999
7450,7,450,57,2068.5,4,433.0,0,0,0,-0.6299999999999999
7451,7,451,55,1949.5,4,435.0,0,0,0,-0.6100000000000001
7452,7,452,52,1759.5,4,437.0,0,0,0,-0.5800000000000001
7453,7,453,49,1621.5,4,439.0,0,0,0,-0.55
7454,7,454,48,1579.0,4,441.0,0,0,0,-0.54
7455,7,455,44,1334.0,4,443.0,0,1,0,-0.5
7456,7,456,34,1015.0,4,445.0,0,0,0,-0.4
7457,7,457,31,963.5,4,447.0,0,0,0,-0.37
7458,7,458,29,937.5,4,449.0,0,0,0,-0.35
7459,7,459,28,932.0,3,363.0,0,0,0,-0.325
7460,7,460,27,939.0,2,176.0,0,0,0,-0.30000000000000004
7461,7,461,27,942.5,2,177.0,0,0,0,-0.30000000000000004
7462,7,462,26,954.0,2,178.0,0,0,0,-0.29000000000000004
7463,7,463,26,967.0,2,179.0,0,0,0,-0.29000000000000004
7464,7,464,27,981.5,2,180.0,0,1,0,-0.30000000000000004
7465,7,465,27,995.0,3,182.5,0,0,0,-0.315
7466,7,466,28,1010.0,3,184.0,0,0,0,-0.325
7467,7,467,28,1024.0,3,185.5,0,0,0,-0.325
7468,7,468,28,1038.0,3,187.0,0,0,0,-0.325
7469,7,469,28,1052.0,2,185.0,1,0,0,-0.31000000000000005
7470,7,470,28,1066.0,2,186.0,0,0,0,-0.31000000000000005
7471,7,471,29,1081.5,3,188.5,0,0,0,-0.33499999999999996
7472,7,472,29,1096.0,3,190.0,0,0,0,-0.33499999999999996
7473,7,473,29,1110.5,3,191.5,0,0,0,-0.33499999999999996
7474,7,474,30,1126.5,2,190.0,0,0,0,-0.32999999999999996
7475,7,475,30,1141.5,2,191.0,0,1,0,-0.32999999999999996
7476,7,476,30,1156.5,2,192.0,1,1,0,-0.32999999999999996
7477,7,477,30,1171.5,2,193.0,0,0,0,-0.32999999999999996
7478,7,478,30,1186.5,2,194.0,0,0,0,-0.32999999999999996
7479,7,479,30,1201.5,2,195.0,0,4,0,-0.32999999999999996
7480,7,480,31,1218.0,2,196.0,0,1,0,-0.33999999999999997
7481,7,481,31,1233.5,2,197.0,0,0,0,-0.33999999999999997
7482,7,482,31,1249.0,2,198.0,0,0,0,-0.33999999999999997
7483,7,483,31,1264.5,2,199.0,0,0,0,-0.33999999999999997
7484,7,484,32,1281.5,3,201.5,0,0,0,-0.365
7485,7,485,33,1299.0,2,201.0,0,1,0,-0.36
7486,7,486,33,1315.5,2,202.0,0,0,0,-0.36
7487,7,487,33,1332.0,2,203.0,0,0,0,-0.36
7488,7,488,33,1348.5,2,204.0,0,0,0,-0.36
7489,7,489,33,1365.0,4,208.0,0,1,0,-0.39
7490,7,490,33,1381.5,5,211.5,0,1,0,-0.405
7491,7,491,31,1194.0,4,212.0,0,0,1,-0.37
7492,7,492,29,1108.5,5,215.5,0,0,1,-0.365
7493,7,493,31,1126.0,5,218.0,0,0,1,-0.385
7494,7,494,31,1141.5,6,222.0,0,0,1,-0.4
7495,7,495,33,1160.0,7,226.5,0,0,1,-0.435
7496,7,496,35,1179.5,6,228.0,0,2,1,-0.43999999999999995
7497,7,497,36,1198.5,6,231.0,0,0,1,-0.44999999999999996
7498,7,498,36,1216.5,6,234.0,0,0,1,-0.44999999999999996
7499,7,499,36,1234.5,7,238.5,0,0,1,-0.46499999999999997
7500,7,500,36,1252.5,7,242.0,0,0,1,-0.46499999999999997
7501,7,501,36,1270.5,7,245.5,0,0,1,-0.46499999999999997
7502,7,502,36,1288.5,7,249.0,0,0,1,-0.46499999999999997
7503,7,503,37,1308.0,7,252.5,0,0,1,-0.475
7504,7,504,37,1326.5,7,256.0,0,0,1,-0.475
7505,7,505,38,1346.5,8,261.0,0,0,1,-0.5
7506,7,506,38,1365.5,7,263.0,0,0,1,-0.485
7507,7,507,38,1384.5,7,266.5,0,0,1,-0.485
7508,7,508,38,1403.5,8,271.5,0,0,1,-0.5
7509,7,509,38,1422.5,8,275.5,0,0,1,-0.5
7510,7,510,38,1441.5,9,281.0,0,0,1,-0.515
7511,7,511,38,1460.5,9,285.5,0,0,1,-0.515
7512,7,512,38,1479.5,9,290.0,0,0,1,-0.515
7513,7,513,39,1500.0,9,294.5,0,0,1,-0.525
7514,7,514,40,1521.0,9,299.0,0,0,1,-0.535
7515,7,515,41,1542.5,9,303.5,0,0,1,-0.5449999999999999
7516,7,516,41,1563.0,9,308.0,0,0,1,-0.5449999999999999
7517,7,517,41,1583.5,9,312.5,0,0,1,-0.5449999999999999
7518,7,518,41,1604.0,9,317.0,0,0,1,-0.5449999999999999
7519,7,519,41,1624.5,9,321.5,0,0,1,-0.5449999999999999
7520,7,520,41,1645.0,9,326.0,0,0,1,-0.5449999999999999
7521,7,521,41,1665.5,9,330.5,0,1,1,-0.5449999999999999
7522,7,522,41,1686.0,10,336.5,0,0,1,-0.5599999999999999
7523,7,523,41,1706.5,10,341.5,0,0,1,-0.5599999999999999
7524,7,524,41,1727.0,10,346.5,0,0,1,-0.5599999999999999
7525,7,525,41,1747.5,10,351.5,0,0,1,-0.5599999999999999
7526,7,526,41,1768.0,10,356.5,0,0,1,-0.5599999999999999
7527,7,527,41,1788.5,11,363.0,0,0,1,-0.575
7528,7,528,41,1809.0,11,368.5,0,0,1,-0.575
7529,7,529,42,1831.0,11,374.0,0,0,1,-0.585
7530,7,530,42,1852.0,11,379.5,0,0,1,-0.585
7531,7,531,42,1873.0,11,385.0,1,2,1,-0.585
7532,7,532,42,1894.0,11,390.5,0,0,1,-0.585
7533,7,533,43,1916.5,11,396.0,0,1,1,-0.595
7534,7,534,43,1938.0,11,401.5,0,3,1,-0.595
7535,7,535,44,1961.0,11,407.0,0,0,1,-0.605
7536,7,536,44,1983.0,11,412.5,0,0,1,-0.605
7537,7,537,44,2005.0,12,419.5,0,1,1,-0.62
7538,7,538,44,2027.0,11,423.5,0,1,1,-0.605
7539,7,539,44,2049.0,11,429.0,0,0,1,-0.605
7540,7,540,45,2072.5,11,434.5,0,2,1,-0.615
7541,7,541,46,2096.5,12,441.5,0,0,1,-0.64
7542,7,542,46,2119.5,12,447.5,0,1,1,-0.64
7543,7,543,46,2142.5,12,453.5,0,0,1,-0.64
7544,7,544,46,2165.5,12,459.5,0,1,1,-0.64
7545,7,545,46,2188.5,12,465.5,0,0,1,-0.64
7546,7,546,46,2211.5,12,471.5,0,1,1,-0.64
7547,7,547,46,2234.5,12,477.5,0,1,1,-0.64
7548,7,548,46,2257.5,12,483.5,0,1,1,-0.64
7549,7,549,46,2280.5,12,489.5,0,2,1,-0.64
7550,7,550,46,2303.5,12,495.5,0,0,1,-0.64
7551,7,551,47,2328.0,12,501.5,0,0,1,-0.6499999999999999
7552,7,552,47,2351.5,13,509.0,0,2,1,-0.665
7553,7,553,48,2376.5,13,515.5,0,3,1,-0.675
7554,7,554,48,2400.5,13,522.0,0,1,1,-0.675
7555,7,555,48,2424.5,13,528.5,0,1,1,-0.675
7556,7,556,49,2450.0,13,535.0,0,0,1,-0.685
7557,7,557,51,2477.5,13,541.5,0,2,1,-0.7050000000000001
7558,7,558,51,2503.0,13,548.0,0,2,1,-0.7050000000000001
7559,7,559,51,2528.5,13,554.5,0,0,1,-0.7050000000000001
7560,7,560,51,2554.0,13,561.0,0,2,1,-0.7050000000000001
7561,7,561,51,2579.5,13,567.5,0,1,1,-0.7050000000000001
7562,7,562,52,2606.5,13,574.0,0,1,1,-0.7150000000000001
7563,7,563,53,2634.0,13,580.5,0,2,1,-0.7250000000000001
7564,7,564,53,2660.5,13,587.0,0,1,1,-0.7250000000000001
7565,7,565,53,2687.0,13,593.5,0,0,1,-0.7250000000000001
7566,7,566,54,2715.0,13,600.0,0,2,1,-0.7350000000000001
7567,7,567,54,2742.0,13,606.5,0,0,1,-0.7350000000000001
7568,7,568,54,2769.0,13,613.0,0,1,1,-0.7350000000000001
7569,7,569,54,2796.0,13,619.5,0,3,1,-0.7350000000000001
7570,7,570,54,2823.0,13,626.0,0,0,1,-0.7350000000000001
7571,7,571,54,2850.0,13,632.5,0,0,1,-0.7350000000000001
7572,7,572,55,2878.5,13,639.0,0,3,1,-0.7450000000000001
7573,7,573,56,2907.5,13,645.5,0,2,1,-0.7550000000000001
7574,7,574,56,2935.5,13,652.0,0,0,1,-0.7550000000000001
7575,7,575,57,2965.0,13,658.5,0,2,1,-0.7649999999999999
7576,7,576,57,2993.5,13,665.0,0,1,1,-0.7649999999999999
7577,7,577,57,3022.0,13,671.5,0,2,1,-0.7649999999999999
7578,7,578,57,3050.5,13,678.0,0,2,1,-0.7649999999999999
7579,7,579,57,3079.0,13,684.5,0,1,1,-0.7649999999999999
7580,7,580,57,3107.5,13,691.0,0,0,1,-0.7649999999999999
7581,7,581,57,3136.0,13,697.5,0,3,2,-0.7649999999999999
7582,7,582,57,3164.5,13,704.0,0,1,2,-0.7649999999999999
7583,7,583,58,3194.5,13,710.5,0,0,2,-0.7749999999999999
7584,7,584,58,3223.5,13,717.0,0,2,2,-0.7749999999999999
7585,7,585,58,3252.5,13,723.5,0,2,2,-0.7749999999999999
7586,7,586,58,3281.5,13,730.0,0,0,2,-0.7749999999999999
7587,7,587,59,3312.0,13,736.5,0,3,2,-0.7849999999999999
7588,7,588,59,3341.5,13,743.0,0,2,2,-0.7849999999999999
7589,7,589,60,3372.5,13,749.5,0,0,2,-0.7949999999999999
7590,7,590,61,3404.0,13,756.0,0,2,2,-0.8049999999999999
7591,7,591,61,3434.5,13,762.5,0,2,2,-0.8049999999999999
7592,7,592,61,3465.0,13,769.0,0,2,2,-0.8049999999999999
7593,7,593,60,3188.0,13,775.5,0,1,3,-0.7949999999999999
7594,7,594,58,2980.0,13,782.0,0,2,3,-0.7749999999999999
7595,7,595,56,2839.5,13,788.5,0,1,3,-0.7550000000000001
7596,7,596,54,2765.0,13,795.0,0,1,3,-0.7350000000000001
7597,7,597,54,2792.0,13,801.5,0,1,3,-0.7350000000000001
7598,7,598,53,2794.0,13,808.0,0,2,3,-0.7250000000000001
7599,7,599,55,2823.5,13,814.5,0,0,3,-0.7450000000000001
7600,7,600,55,2851.0,13,821.0,0,0,3,-0.7450000000000001
7601,7,601,55,2878.5,13,827.5,0,0,3,-0.7450000000000001
7602,7,602,57,2909.0,13,834.0,0,0,3,-0.7649999999999999
7603,7,603,58,2939.0,13,840.5,0,1,3,-0.7749999999999999
7604,7,604,58,2968.0,13,847.0,0,0,3,-0.7749999999999999
7605,7,605,58,2997.0,13,853.5,0,1,3,-0.7749999999999999
7606,7,606,58,3026.0,13,860.0,0,0,3,-0.7749999999999999
7607,7,607,58,3055.0,13,866.5,0,1,3,-0.7749999999999999
7608,7,608,59,3085.5,13,873.0,0,0,3,-0.7849999999999999
7609,7,609,60,3116.5,13,879.5,0,0,3,-0.7949999999999999
7610,7,610,61,3148.0,13,886.0,0,0,3,-0.8049999999999999
7611,7,611,62,3180.0,13,892.5,0,0,3,-0.815
7612,7,612,62,3211.0,13,899.0,0,0,3,-0.815
7613,7,613,63,3243.5,13,905.5,0,0,3,-0.825
7614,7,614,63,3275.0,13,912.0,0,0,3,-0.825
7615,7,615,63,3306.5,13,918.5,0,0,3,-0.825
7616,7,616,63,3338.0,13,925.0,0,0,3,-0.825
7617,7,617,63,3369.5,13,931.5,0,2,3,-0.825
7618,7,618,64,3402.5,13,938.0,0,2,3,-0.835
7619,7,619,64,3434.5,13,944.5,0,0,3,-0.835
7620,7,620,64,3466.5,13,951.0,0,0,3,-0.835
7621,7,621,64,3498.5,13,957.5,0,0,3,-0.835
7622,7,622,66,3533.5,13,964.0,0,0,3,-0.855
7623,7,623,66,3566.5,13,970.5,0,0,3,-0.855
7624,7,624,67,3601.0,13,977.0,0,1,3,-0.865
7625,7,625,67,3634.5,13,983.5,0,0,3,-0.865
7626,7,626,67,3668.0,13,990.0,0,0,3,-0.865
7627,7,627,67,3701.5,13,996.5,0,0,3,-0.865
7628,7,628,67,3735.0,13,1003.0,0,1,3,-0.865
7629,7,629,67,3768.5,13,1009.5,0,0,3,-0.865
7630,7,630,68,3803.5,13,1016.0,0,0,3,-0.875
7631,7,631,68,3837.5,13,1022.5,0,0,3,-0.875
7632,7,632,69,3873.0,13,1029.0,0,0,3,-0.885
7633,7,633,70,3909.0,13,1035.5,0,0,3,-0.895
7634,7,634,71,3945.5,13,1042.0,0,0,3,-0.905
7635,7,635,72,3982.5,13,1048.5,0,0,3,-0.915
7636,7,636,73,4020.0,13,1055.0,0,0,3,-0.925
7637,7,637,73,4056.5,13,1061.5,0,0,3,-0.925
7638,7,638,73,4093.0,13,1068.0,0,2,3,-0.925
7639,7,639,73,4129.5,13,1074.5,0,0,3,-0.925
7640,7,640,73,4166.0,13,1081.0,0,0,3,-0.925
7641,7,641,73,4202.5,13,1087.5,0,0,3,-0.925
7642,7,642,75,4242.0,13,1094.0,0,0,3,-0.9450000000000001
7643,7,643,76,4281.0,13,1100.5,0,0,3,-0.9550000000000001
7644,7,644,76,4319.0,13,1107.0,0,0,3,-0.9550000000000001
7645,7,645,76,4357.0,13,1113.5,1,1,3,-0.9550000000000001
7646,7,646,76,4395.0,13,1120.0,0,0,3,-0.9550000000000001
7647,7,647,76,4433.0,13,1126.5,0,0,3,-0.9550000000000001
7648,7,648,77,4472.5,13,1133.0,0,0,3,-0.9650000000000001
7649,7,649,77,4511.0,13,1139.5,0,0,3,-0.9650000000000001
7650,7,650,78,4551.0,13,1146.0,0,0,3,-0.9750000000000001
7651,7,651,78,4590.0,13,1152.5,0,0,3,-0.9750000000000001
7652,7,652,80,4632.0,13,1159.0,0,0,3,-0.9950000000000001
7653,7,653,81,4673.5,13,1165.5,0,0,4,-1.0050000000000001
7654,7,654,81,4714.0,13,1172.0,0,0,4,-1.0050000000000001
7655,7,655,81,4754.5,13,1178.5,1,0,4,-1.0050000000000001
7656,7,656,81,4795.0,13,1185.0,0,0,4,-1.0050000000000001
7657,7,657,81,4835.5,13,1191.5,0,0,4,-1.0050000000000001
7658,7,658,81,4876.0,13,1198.0,0,0,4,-1.0050000000000001
7659,7,659,81,4916.5,13,1204.5,0,0,4,-1.0050000000000001
7660,7,660,84,4961.5,13,1211.0,0,0,4,-1.035
7661,7,661,85,5005.0,13,1217.5,0,0,4,-1.045
7662,7,662,85,5047.5,14,1225.5,0,0,4,-1.06
7663,7,663,85,5090.0,14,1232.5,0,0,4,-1.06
7664,7,664,86,5134.0,14,1239.5,0,0,4,-1.07
7665,7,665,80,4500.5,12,968.0,0,2,5,-0.98
7666,7,666,76,4020.0,12,974.0,0,0,5,-0.94
7667,7,667,72,3580.0,11,915.5,0,0,5,-0.885
7668,7,668,69,3269.5,11,921.0,0,0,5,-0.855
7669,7,669,68,3093.0,11,926.5,0,0,5,-0.8450000000000001
7670,7,670,65,2818.0,11,932.0,0,0,5,-0.8150000000000001
7671,7,671,61,2473.5,10,845.0,0,0,5,-0.76
7672,7,672,59,2254.5,9,845.0,0,1,5,-0.725
7673,7,673,60,2195.5,7,673.0,0,2,5,-0.705
7674,7,674,57,2012.0,6,669.0,1,0,5,-0.6599999999999999
7675,7,675,53,1768.5,6,672.0,0,0,5,-0.62
7676,7,676,52,1722.0,6,675.0,0,2,5,-0.61
7677,7,677,49,1582.0,6,678.0,0,0,5,-0.58
7678,7,678,46,1449.5,5,673.0,0,1,5,-0.535
7679,7,679,44,1375.5,5,675.5,0,1,5,-0.515
7680,7,680,41,1293.5,6,679.5,0,0,5,-0.5
7681,7,681,38,1215.0,6,682.5,0,2,5,-0.47
7682,7,682,37,1173.0,6,685.5,0,0,5,-0.45999999999999996
7683,7,683,35,1145.0,5,488.5,0,0,5,-0.425
7684,7,684,33,1121.5,3,288.0,0,1,5,-0.375
7685,7,685,32,1135.0,3,289.5,0,0,5,-0.365
7686,7,686,30,1122.5,3,291.0,0,0,5,-0.345
7687,7,687,30,1120.0,3,292.5,1,1,5,-0.345
7688,7,688,30,1135.0,3,294.0,0,0,5,-0.345
7689,7,689,29,1147.5,4,297.0,0,0,5,-0.35
7690,7,690,29,1162.0,4,299.0,0,0,5,-0.35
7691,7,691,29,1176.5,4,301.0,1,0,5,-0.35
7692,7,692,29,1191.0,4,303.0,0,0,5,-0.35
7693,7,693,30,1207.0,4,305.0,0,0,5,-0.36
7694,7,694,30,1222.0,5,308.5,0,0,5,-0.375
7695,7,695,30,1237.0,5,311.0,0,0,5,-0.375
7696,7,696,30,1252.0,3,306.0,0,0,5,-0.345
7697,7,697,30,1267.0,3,307.5,0,0,5,-0.345
7698,7,698,30,1282.0,4,310.5,0,0,5,-0.36
7699,7,699,31,1298.5,5,314.0,0,0,5,-0.385
7700,7,700,31,1314.0,5,316.5,0,0,5,-0.385
7701,7,701,32,1331.0,4,316.0,0,0,5,-0.38
7702,7,702,32,1347.0,4,318.0,0,0,5,-0.38
7703,7,703,36,1369.0,4,320.0,0,0,5,-0.42
7704,7,704,36,1387.0,4,322.0,0,3,5,-0.42
7705,7,705,38,1408.0,5,325.5,0,0,5,-0.455
7706,7,706,38,1427.0,5,328.0,0,0,5,-0.455
7707,7,707,38,1446.0,5,330.5,0,0,5,-0.455
7708,7,708,38,1465.0,5,333.0,0,0,5,-0.455
7709,7,709,38,1484.0,5,335.5,0,0,5,-0.455
7710,7,710,39,1504.5,5,338.0,0,0,5,-0.465
7711,7,711,41,1527.0,5,340.5,0,0,5,-0.485
7712,7,712,41,1547.5,5,343.0,0,0,5,-0.485
7713,7,713,41,1568.0,5,345.5,0,0,5,-0.485
7714,7,714,42,1590.0,5,348.0,0,0,5,-0.495
7715,7,715,41,1389.5,5,350.5,0,0,6,-0.485
7716,7,716,39,1293.0,5,353.0,0,0,6,-0.465
7717,7,717,38,1299.0,5,355.5,0,0,6,-0.455
7718,7,718,38,1318.0,5,358.0,0,0,6,-0.455
7719,7,719,38,1337.0,5,360.5,0,0,6,-0.455
7720,7,720,38,1356.0,5,363.0,0,0,6,-0.455
7721,7,721,39,1376.5,5,365.5,0,0,6,-0.465
7722,7,722,39,1396.0,5,368.0,0,0,6,-0.465
7723,7,723,39,1415.5,5,370.5,0,0,6,-0.465
7724,7,724,39,1435.0,5,373.0,0,0,6,-0.465
7725,7,725,39,1454.5,5,375.5,0,2,6,-0.465
7726,7,726,39,1474.0,5,378.0,0,0,6,-0.465
7727,7,727,39,1493.5,5,380.5,0,0,6,-0.465
7728,7,728,39,1513.0,5,383.0,0,0,6,-0.465
7729,7,729,39,1532.5,5,385.5,0,0,6,-0.465
7730,7,730,39,1552.0,5,388.0,0,0,6,-0.465
7731,7,731,40,1573.0,5,390.5,0,0,6,-0.47500000000000003
7732,7,732,41,1594.5,5,393.0,0,0,6,-0.485
7733,7,733,41,1615.0,5,395.5,0,0,6,-0.485
7734,7,734,41,1635.5,5,398.0,0,0,6,-0.485
7735,7,735,41,1656.0,5,400.5,0,0,6,-0.485
7736,7,736,41,1676.5,5,403.0,0,0,6,-0.485
7737,7,737,41,1697.0,5,405.5,0,0,6,-0.485
7738,7,738,41,1717.5,5,408.0,0,0,6,-0.485
7739,7,739,42,1739.5,5,410.5,0,0,6,-0.495
7740,7,740,42,1760.5,5,413.0,0,0,6,-0.495
7741,7,741,42,1781.5,6,417.0,0,0,6,-0.51
7742,7,742,42,1802.5,7,421.5,0,0,6,-0.525
7743,7,743,43,1825.0,7,425.0,0,0,6,-0.535
7744,7,744,43,1846.5,7,428.5,0,1,6,-0.535
7745,7,745,43,1868.0,7,432.0,0,2,6,-0.535
7746,7,746,43,1889.5,7,435.5,0,0,6,-0.535
7747,7,747,44,1912.5,8,440.5,0,0,6,-0.56
7748,7,748,44,1934.5,8,444.5,0,1,6,-0.56
7749,7,749,44,1956.5,8,448.5,0,0,6,-0.56
7750,7,750,44,1978.5,8,452.5,0,0,6,-0.56
7751,7,751,45,2002.0,9,458.0,0,1,6,-0.585
7752,7,752,45,2024.5,8,460.5,0,0,6,-0.5700000000000001
7753,7,753,45,2047.0,8,464.5,0,0,6,-0.5700000000000001
7754,7,754,45,2069.5,8,468.5,0,1,6,-0.5700000000000001
7755,7,755,45,2092.0,9,474.0,0,0,6,-0.585
7756,7,756,45,2114.5,9,478.5,0,0,6,-0.585
7757,7,757,45,2137.0,9,483.0,0,3,6,-0.585
7758,7,758,45,2159.5,9,487.5,0,1,6,-0.585
7759,7,759,45,2182.0,9,492.0,0,0,6,-0.585
7760,7,760,45,2204.5,9,496.5,0,2,6,-0.585
7761,7,761,45,2227.0,9,501.0,0,1,6,-0.585
7762,7,762,45,2249.5,9,505.5,0,0,6,-0.585
7763,7,763,46,2273.5,9,510.0,0,2,6,-0.595
7764,7,764,46,2296.5,9,514.5,0,0,6,-0.595
7765,7,765,46,2319.5,9,519.0,0,0,6,-0.595
7766,7,766,47,2344.0,9,523.5,0,3,6,-0.605
7767,7,767,47,2367.5,9,528.0,0,1,6,-0.605
7768,7,768,48,2392.5,9,532.5,0,0,6,-0.615
7769,7,769,48,2416.5,10,538.5,0,2,6,-0.63
7770,7,770,48,2440.5,10,543.5,0,1,6,-0.63
7771,7,771,50,2467.5,10,548.5,0,0,6,-0.65
7772,7,772,51,2494.0,10,553.5,0,0,6,-0.66
7773,7,773,51,2519.5,10,558.5,0,1,6,-0.66
7774,7,774,51,2545.0,10,563.5,0,0,6,-0.66
7775,7,775,51,2570.5,10,568.5,0,1,6,-0.66
7776,7,776,51,2596.0,10,573.5,0,2,6,-0.66
7777,7,777,52,2623.0,10,578.5,0,0,6,-0.67
7778,7,778,52,2649.0,10,583.5,0,2,6,-0.67
7779,7,779,52,2675.0,10,588.5,0,1,6,-0.67
7780,7,780,53,2702.5,10,593.5,0,0,6,-0.68
7781,7,781,53,2729.0,10,598.5,0,1,6,-0.68
7782,7,782,53,2755.5,10,603.5,0,2,6,-0.68
7783,7,783,53,2782.0,10,608.5,0,0,6,-0.68
7784,7,784,53,2808.5,10,613.5,0,1,6,-0.68
7785,7,785,54,2836.5,10,618.5,0,2,6,-0.6900000000000001
7786,7,786,54,2863.5,10,623.5,0,1,6,-0.6900000000000001
7787,7,787,54,2890.5,10,628.5,0,1,6,-0.6900000000000001
7788,7,788,55,2919.0,10,633.5,0,2,6,-0.7000000000000001
7789,7,789,55,2946.5,10,638.5,0,0,6,-0.7000000000000001
7790,7,790,55,2974.0,10,643.5,0,1,6,-0.7000000000000001
7791,7,791,56,3003.0,10,648.5,0,2,6,-0.7100000000000001
7792,7,792,56,3031.0,10,653.5,0,0,6,-0.7100000000000001
7793,7,793,56,3059.0,10,658.5,0,3,6,-0.7100000000000001
7794,7,794,56,3087.0,10,663.5,0,2,6,-0.7100000000000001
7795,7,795,57,3116.5,10,668.5,0,1,6,-0.72
7796,7,796,57,3145.0,10,673.5,0,1,6,-0.72
7797,7,797,58,3175.0,10,678.5,0,2,6,-0.73
7798,7,798,58,3204.0,10,683.5,0,1,6,-0.73
7799,7,799,58,3233.0,10,688.5,0,2,6,-0.73
7800,7,800,58,3262.0,10,693.5,0,1,6,-0.73
7801,7,801,59,3292.5,10,698.5,1,1,6,-0.74
7802,7,802,59,3322.0,10,703.5,0,4,6,-0.74
7803,7,803,59,3351.5,10,708.5,0,0,6,-0.74
7804,7,804,59,3381.0,10,713.5,0,1,6,-0.74
7805,7,805,59,3410.5,10,718.5,0,2,7,-0.74
7806,7,806,59,3440.0,10,723.5,0,1,7,-0.74
7807,7,807,59,3469.5,10,728.5,0,1,7,-0.74
7808,7,808,59,3499.0,10,733.5,0,1,7,-0.74
7809,7,809,60,3530.0,10,738.5,0,1,7,-0.75
7810,7,810,61,3561.5,10,743.5,0,0,7,-0.76
7811,7,811,62,3593.5,10,748.5,0,1,7,-0.77
7812,7,812,62,3624.5,10,753.5,0,2,7,-0.77
7813,7,813,62,3655.5,10,758.5,0,0,7,-0.77
7814,7,814,62,3686.5,10,763.5,0,0,7,-0.77
7815,7,815,62,3717.5,10,768.5,0,0,7,-0.77
7816,7,816,62,3748.5,10,773.5,0,0,7,-0.77
7817,7,817,60,3464.5,10,778.5,0,1,8,-0.75
7818,7,818,61,3259.0,10,783.5,0,0,8,-0.76
7819,7,819,60,3113.0,10,788.5,0,0,8,-0.75
7820,7,820,60,3084.5,10,793.5,0,0,8,-0.75
7821,7,821,60,3059.0,10,798.5,0,2,8,-0.75
7822,7,822,58,3035.5,10,803.5,0,1,8,-0.73
7823,7,823,58,3064.5,10,808.5,0,0,8,-0.73
7824,7,824,58,3093.5,10,813.5,0,1,8,-0.73
7825,7,825,58,3122.5,10,818.5,0,1,8,-0.73
7826,7,826,58,3151.5,10,823.5,0,1,8,-0.73
7827,7,827,58,3180.5,10,828.5,0,0,8,-0.73
7828,7,828,60,3212.5,10,833.5,0,1,8,-0.75
7829,7,829,60,3242.5,10,838.5,0,0,8,-0.75
7830,7,830,60,3272.5,10,843.5,0,1,8,-0.75
7831,7,831,61,3304.0,10,848.5,0,0,8,-0.76
7832,7,832,61,3334.5,10,853.5,0,0,8,-0.76
7833,7,833,61,3365.0,10,858.5,0,1,8,-0.76
7834,7,834,61,3395.5,10,863.5,0,0,8,-0.76
7835,7,835,61,3426.0,10,868.5,1,0,8,-0.76
7836,7,836,61,3456.5,10,873.5,0,0,8,-0.76
7837,7,837,62,3488.5,10,878.5,1,2,8,-0.77
7838,7,838,62,3519.5,10,883.5,0,0,8,-0.77
7839,7,839,62,3550.5,10,888.5,0,0,8,-0.77
7840,7,840,63,3583.0,10,893.5,0,0,8,-0.78
7841,7,841,63,3614.5,10,898.5,0,0,8,-0.78
7842,7,842,65,3649.0,10,903.5,0,2,8,-0.8
7843,7,843,65,3681.5,10,908.5,0,0,8,-0.8
7844,7,844,65,3714.0,10,913.5,0,0,8,-0.8
7845,7,845,65,3746.5,10,918.5,0,0,8,-0.8
7846,7,846,65,3779.0,10,923.5,0,1,8,-0.8
7847,7,847,65,3811.5,10,928.5,0,1,8,-0.8
7848,7,848,65,3844.0,10,933.5,1,0,8,-0.8
7849,7,849,65,3876.5,10,938.5,0,0,8,-0.8
7850,7,850,66,3910.5,10,943.5,1,0,8,-0.81
7851,7,851,67,3945.0,10,948.5,0,0,8,-0.8200000000000001
7852,7,852,67,3978.5,10,953.5,1,0,8,-0.8200000000000001
7853,7,853,68,4013.5,10,958.5,0,0,8,-0.8300000000000001
7854,7,854,68,4047.5,10,963.5,0,1,8,-0.8300000000000001
7855,7,855,68,4081.5,10,968.5,0,0,8,-0.8300000000000001
7856,7,856,69,4117.0,10,973.5,0,0,8,-0.84
7857,7,857,69,4151.5,10,978.5,0,0,8,-0.84
7858,7,858,69,4186.0,10,983.5,0,0,8,-0.84
7859,7,859,69,4220.5,10,988.5,0,0,8,-0.84
7860,7,860,69,4255.0,10,993.5,0,0,8,-0.84
7861,7,861,70,4291.0,10,998.5,0,0,8,-0.85
7862,7,862,72,4329.0,10,1003.5,0,0,8,-0.87
7863,7,863,73,4366.5,10,1008.5,0,0,8,-0.88
7864,7,864,73,4403.0,11,1015.0,0,0,8,-0.895
7865,7,865,73,4439.5,11,1020.5,0,0,8,-0.895
7866,7,866,74,4477.5,11,1026.0,0,1,8,-0.905
7867,7,867,74,4514.5,11,1031.5,1,1,8,-0.905
7868,7,868,75,4553.0,11,1037.0,0,0,8,-0.915
7869,7,869,75,4590.5,12,1044.0,0,0,8,-0.9299999999999999
7870,7,870,76,4629.5,12,1050.0,0,0,8,-0.94
7871,7,871,76,4667.5,12,1056.0,0,0,8,-0.94
7872,7,872,76,4705.5,12,1062.0,0,0,8,-0.94
7873,7,873,78,4746.5,12,1068.0,0,0,8,-0.96
7874,7,874,78,4785.5,12,1074.0,0,1,8,-0.96
7875,7,875,78,4824.5,12,1080.0,0,0,8,-0.96
7876,7,876,79,4865.0,12,1086.0,0,0,8,-0.97
7877,7,877,79,4904.5,12,1092.0,0,0,9,-0.97
7878,7,878,79,4944.0,12,1098.0,0,2,9,-0.97
7879,7,879,79,4983.5,12,1104.0,0,1,9,-0.97
7880,7,880,80,5024.5,12,1110.0,0,0,9,-0.98
7881,7,881,80,5064.5,12,1116.0,0,1,9,-0.98
7882,7,882,81,5106.0,13,1123.5,0,0,9,-1.0050000000000001
7883,7,883,77,4577.5,11,917.5,0,0,0,-0.935
7884,7,884,73,4081.5,12,924.5,0,0,0,-0.9099999999999999
7885,7,885,70,3628.0,12,872.5,0,0,0,-0.8799999999999999
7886,7,886,67,3210.5,12,813.0,0,0,0,-0.8500000000000001
7887,7,887,67,3244.0,12,819.0,0,0,0,-0.8500000000000001
7888,7,888,63,2853.5,12,825.0,0,0,0,-0.81
7889,7,889,60,2515.5,10,732.5,0,0,0,-0.75
7890,7,890,60,2378.5,9,725.5,0,0,0,-0.735
7891,7,891,58,2237.5,9,730.0,0,0,0,-0.715
7892,7,892,54,1949.5,9,734.5,1,0,0,-0.675
7893,7,893,53,1843.0,7,533.0,0,0,0,-0.635
7894,7,894,51,1742.5,5,513.5,0,0,0,-0.585
7895,7,895,47,1533.0,5,516.0,0,2,0,-0.5449999999999999
7896,7,896,46,1501.0,5,518.5,0,0,0,-0.535
7897,7,897,43,1378.0,5,521.0,1,0,0,-0.505
7898,7,898,39,1236.5,5,523.5,0,0,0,-0.465
7899,7,899,40,1257.5,5,526.0,0,0,0,-0.47500000000000003
7900,7,900,37,1146.5,5,324.5,0,0,0,-0.445
7901,7,901,33,1088.5,5,327.0,0,0,0,-0.405
7902,7,902,33,1105.0,5,329.5,0,0,0,-0.405
7903,7,903,30,1072.0,5,332.0,0,0,0,-0.375
7904,7,904,29,1073.5,5,334.5,0,0,0,-0.365
7905,7,905,28,1077.0,5,337.0,0,0,0,-0.35500000000000004
7906,7,906,26,1077.0,4,234.5,0,0,0,-0.32
7907,7,907,26,1090.0,4,236.5,0,0,0,-0.32
7908,7,908,26,1103.0,4,238.5,0,1,0,-0.32
7909,7,909,27,1117.5,4,240.5,0,0,0,-0.33
7910,7,910,28,1132.5,4,242.5,0,0,0,-0.34
7911,7,911,29,1148.0,3,37.0,0,0,0,-0.33499999999999996
7912,7,912,32,1167.0,3,38.5,0,0,0,-0.365
7913,7,913,34,1186.0,3,40.0,0,2,0,-0.385
7914,7,914,35,1204.5,3,41.5,0,0,0,-0.39499999999999996
7915,7,915,35,1222.0,3,43.0,0,0,0,-0.39499999999999996
7916,7,916,35,1239.5,3,44.5,1,1,0,-0.39499999999999996
7917,7,917,35,1257.0,3,46.0,0,1,0,-0.39499999999999996
7918,7,918,35,1274.5,3,47.5,0,0,0,-0.39499999999999996
7919,7,919,36,1293.5,3,49.0,0,0,0,-0.40499999999999997
7920,7,920,38,1314.5,3,50.5,0,1,0,-0.425
7921,7,921,38,1333.5,3,52.0,1,1,0,-0.425
7922,7,922,40,1355.5,3,53.5,0,0,0,-0.445
7923,7,923,40,1375.5,3,55.0,0,0,0,-0.445
7924,7,924,40,1395.5,3,56.5,0,1,0,-0.445
7925,7,925,40,1415.5,3,58.0,0,0,0,-0.445
7926,7,926,40,1435.5,3,59.5,0,1,0,-0.445
7927,7,927,40,1455.5,3,61.0,1,0,0,-0.445
7928,7,928,40,1475.5,3,62.5,0,1,0,-0.445
7929,7,929,40,1495.5,3,64.0,0,1,0,-0.445
7930,7,930,40,1515.5,3,65.5,0,0,0,-0.445
7931,7,931,40,1535.5,3,67.0,0,0,0,-0.445
7932,7,932,42,1558.5,3,68.5,0,0,0,-0.46499999999999997
7933,7,933,40,1350.5,3,70.0,0,0,1,-0.445
7934,7,934,38,1248.5,3,71.5,0,0,1,-0.425
7935,7,935,36,1243.0,3,73.0,0,0,1,-0.40499999999999997
7936,7,936,36,1261.0,3,74.5,0,0,1,-0.40499999999999997
7937,7,937,36,1279.0,3,76.0,0,0,1,-0.40499999999999997
7938,7,938,36,1297.0,3,77.5,0,0,1,-0.40499999999999997
7939,7,939,36,1315.0,3,79.0,0,0,1,-0.40499999999999997
7940,7,940,36,1333.0,3,80.5,0,0,1,-0.40499999999999997
7941,7,941,39,1355.5,3,82.0,0,0,1,-0.435
7942,7,942,39,1375.0,3,83.5,0,0,1,-0.435
7943,7,943,40,1396.0,3,85.0,0,0,1,-0.445
7944,7,944,41,1417.5,3,86.5,0,0,1,-0.45499999999999996
7945,7,945,41,1438.0,3,88.0,0,0,1,-0.45499999999999996
7946,7,946,39,1450.5,3,89.5,0,0,1,-0.435
7947,7,947,37,1463.5,3,91.0,0,0,1,-0.415
7948,7,948,37,1482.0,3,92.5,0,0,1,-0.415
7949,7,949,40,1505.0,3,94.0,0,0,1,-0.445
7950,7,950,40,1525.0,3,95.5,0,0,1,-0.445
7951,7,951,41,1546.5,3,97.0,0,0,1,-0.45499999999999996
7952,7,952,41,1567.0,3,98.5,0,0,1,-0.45499999999999996
7953,7,953,41,1587.5,3,100.0,0,0,1,-0.45499999999999996
7954,7,954,41,1608.0,3,101.5,0,0,1,-0.45499999999999996
7955,7,955,41,1628.5,3,103.0,0,0,1,-0.45499999999999996
7956,7,956,41,1649.0,3,104.5,0,0,1,-0.45499999999999996
7957,7,957,41,1669.5,3,106.0,0,0,1,-0.45499999999999996
7958,7,958,41,1690.0,3,107.5,0,0,1,-0.45499999999999996
7959,7,959,41,1710.5,3,109.0,0,0,1,-0.45499999999999996
7960,7,960,41,1731.0,3,110.5,0,0,1,-0.45499999999999996
7961,7,961,42,1753.0,3,112.0,0,0,1,-0.46499999999999997
7962,7,962,43,1775.5,3,113.5,0,0,1,-0.475
7963,7,963,43,1797.0,3,115.0,1,3,1,-0.475
7964,7,964,43,1818.5,3,116.5,0,0,1,-0.475
7965,7,965,43,1840.0,3,118.0,0,0,1,-0.475
7966,7,966,43,1861.5,4,121.0,0,1,1,-0.49
7967,7,967,44,1884.5,4,123.0,0,0,1,-0.5
7968,7,968,44,1906.5,4,125.0,0,0,1,-0.5
7969,7,969,44,1928.5,4,127.0,0,0,1,-0.5
7970,7,970,44,1950.5,5,130.5,0,0,1,-0.515
7971,7,971,45,1974.0,5,133.0,0,0,1,-0.525
7972,7,972,45,1996.5,5,135.5,0,0,1,-0.525
7973,7,973,45,2019.0,5,138.0,0,1,1,-0.525
7974,7,974,45,2041.5,5,140.5,0,0,1,-0.525
7975,7,975,45,2064.0,5,143.0,0,2,1,-0.525
7976,7,976,45,2086.5,5,145.5,0,1,1,-0.525
7977,7,977,45,2109.0,5,148.0,0,0,1,-0.525
7978,7,978,46,2133.0,5,150.5,0,2,1,-0.535
7979,7,979,46,2156.0,5,153.0,0,2,1,-0.535
7980,7,980,48,2182.0,5,155.5,0,0,1,-0.5549999999999999
7981,7,981,49,2207.5,5,158.0,0,0,1,-0.565
7982,7,982,49,2232.0,5,160.5,0,2,1,-0.565
7983,7,983,49,2256.5,6,164.5,0,0,1,-0.58
7984,7,984,50,2282.5,6,167.5,0,2,1,-0.59
7985,7,985,50,2307.5,6,170.5,0,0,1,-0.59
7986,7,986,50,2332.5,6,173.5,0,0,1,-0.59
7987,7,987,50,2357.5,6,176.5,0,4,1,-0.59
7988,7,988,51,2384.0,7,181.0,0,0,1,-0.615
7989,7,989,51,2409.5,7,184.5,0,0,1,-0.615
7990,7,990,51,2435.0,7,188.0,0,3,1,-0.615
7991,7,991,52,2462.0,7,191.5,0,1,1,-0.625
7992,7,992,52,2488.0,7,195.0,0,0,1,-0.625
7993,7,993,53,2515.5,7,198.5,0,3,1,-0.635
7994,7,994,53,2542.0,7,202.0,0,0,1,-0.635
7995,7,995,53,2568.5,7,205.5,0,0,1,-0.635
7996,7,996,53,2595.0,7,209.0,0,0,1,-0.635
7997,7,997,54,2623.0,7,212.5,0,0,1,-0.645
7998,7,998,54,2650.0,7,216.0,1,0,1,-0.645
7999,7,999,54,2677.0,7,219.5,0,1,1,-0.645
8000,8,0,0,0.0,0,0.0,0,0,0,-0.0
8001,8,1,0,0.0,0,0.0,0,0,0,-0.0
8002,8,2,0,0.0,0,0.0,0,0,0,-0.0
8003,8,3,0,0.0,0,0.0,0,0,0,-0.0
8004,8,4,0,0.0,0,0.0,0,0,0,-0.0
8005,8,5,0,0.0,0,0.0,0,0,0,-0.0
8006,8,6,0,0.0,0,0.0,0,0,0,-0.0
8007,8,7,0,0.0,0,0.0,0,0,0,-0.0
8008,8,8,0,0.0,0,0.0,0,0,0,-0.0
8009,8,9,0,0.0,0,0.0,0,0,0,-0.0
8010,8,10,0,0.0,0,0.0,0,0,0,-0.0
8011,8,11,0,0.0,0,0.0,0,0,0,-0.0
8012,8,12,0,0.0,0,0.0,0,0,0,-0.0
8013,8,13,0,0.0,0,0.0,0,0,0,-0.0
8014,8,14,0,0.0,0,0.0,0,0,0,-0.0
8015,8,15,0,0.0,0,0.0,0,0,0,-0.0
8016,8,16,0,0.0,0,0.0,0,0,0,-0.0
8017,8,17,0,0.0,0,0.0,0,0,0,-0.0
8018,8,18,0,0.0,0,0.0,0,0,0,-0.0
8019,8,19,0,0.0,0,0.0,0,0,0,-0.0
8020,8,20,0,0.0,0,0.0,0,0,0,-0.0
8021,8,21,0,0.0,0,0.0,0,0,0,-0.0
8022,8,22,0,0.0,0,0.0,0,0,0,-0.0
8023,8,23,0,0.0,0,0.0,0,0,0,-0.0
8024,8,24,0,0.0,0,0.0,0,0,0,-0.0
8025,8,25,0,0.0,0,0.0,0,0,0,-0.0
8026,8,26,0,0.0,0,0.0,0,0,0,-0.0
8027,8,27,0,0.0,0,0.0,0,0,0,-0.0
8028,8,28,0,0.0,0,0.0,0,0,0,-0.0
8029,8,29,0,0.0,0,0.0,0,0,0,-0.0
8030,8,30,0,0.0,0,0.0,0,0,0,-0.0
8031,8,31,0,0.0,0,0.0,0,0,0,-0.0
8032,8,32,0,0.0,0,0.0,0,0,0,-0.0
8033,8,33,0,0.0,0,0.0,0,0,0,-0.0
8034,8,34,0,0.0,0,0.0,0,0,0,-0.0
8035,8,35,0,0.0,0,0.0,0,0,0,-0.0
8036,8,36,0,0.0,0,0.0,0,0,0,-0.0
8037,8,37,0,0.0,0,0.0,0,0,0,-0.0
8038,8,38,0,0.0,0,0.0,0,0,0,-0.0
8039,8,39,0,0.0,0,0.0,0,0,0,-0.0
8040,8,40,0,0.0,0,0.0,0,0,0,-0.0
8041,8,41,0,0.0,0,0.0,0,0,0,-0.0
8042,8,42,0,0.0,0,0.0,0,0,0,-0.0
8043,8,43,0,0.0,0,0.0,0,0,0,-0.0
8044,8,44,0,0.0,0,0.0,0,0,0,-0.0
8045,8,45,0,0.0,0,0.0,0,0,0,-0.0
8046,8,46,0,0.0,0,0.0,0,0,0,-0.0
8047,8,47,0,0.0,0,0.0,0,0,0,-0.0
8048,8,48,0,0.0,0,0.0,0,0,0,-0.0
8049,8,49,0,0.0,0,0.0,0,0,1,-0.0
8050,8,50,0,0.0,0,0.0,0,0,1,-0.0
8051,8,51,0,0.0,0,0.0,0,0,1,-0.0
8052,8,52,0,0.0,0,0.0,0,0,1,-0.0
8053,8,53,0,0.0,0,0.0,0,0,1,-0.0
8054,8,54,0,0.0,0,0.0,0,0,1,-0.0
8055,8,55,0,0.0,0,0.0,0,0,1,-0.0
8056,8,56,0,0.0,0,0.0,0,0,1,-0.0
8057,8,57,0,0.0,0,0.0,0,0,1,-0.0
8058,8,58,0,0.0,0,0.0,0,0,1,-0.0
8059,8,59,0,0.0,0,0.0,0,0,1,-0.0
8060,8,60,0,0.0,0,0.0,0,0,1,-0.0
8061,8,61,0,0.0,0,0.0,0,0,1,-0.0
8062,8,62,0,0.0,0,0.0,0,0,1,-0.0
8063,8,63,0,0.0,0,0.0,0,0,1,-0.0
8064,8,64,0,0.0,0,0.0,0,0,1,-0.0
8065,8,65,0,0.0,0,0.0,0,0,1,-0.0
8066,8,66,0,0.0,0,0.0,0,0,1,-0.0
8067,8,67,0,0.0,0,0.0,0,0,1,-0.0
8068,8,68,0,0.0,0,0.0,0,0,1,-0.0
8069,8,69,0,0.0,1,1.5,0,0,1,-0.015
8070,8,70,0,0.0,1,2.0,0,0,1,-0.015
8071,8,71,0,0.0,1,2.5,0,0,1,-0.015
8072,8,72,0,0.0,1,3.0,0,0,1,-0.015
8073,8,73,0,0.0,3,6.5,0,0,1,-0.045
8074,8,74,0,0.0,3,8.0,0,0,1,-0.045
8075,8,75,0,0.0,3,9.5,0,0,1,-0.045
8076,8,76,0,0.0,3,11.0,0,0,1,-0.045
8077,8,77,0,0.0,3,12.5,0,0,1,-0.045
8078,8,78,6,9.0,3,14.0,0,0,1,-0.105
8079,8,79,6,12.0,3,15.5,0,0,1,-0.105
8080,8,80,6,15.0,3,17.0,0,0,1,-0.105
8081,8,81,6,18.0,3,18.5,0,0,1,-0.105
8082,8,82,6,21.0,3,20.0,0,0,1,-0.105
8083,8,83,6,24.0,3,21.5,0,0,1,-0.105
8084,8,84,6,27.0,3,23.0,0,0,1,-0.105
8085,8,85,6,30.0,3,24.5,0,0,1,-0.105
8086,8,86,8,36.0,4,27.5,0,0,1,-0.14
8087,8,87,8,40.0,4,29.5,0,0,1,-0.14
8088,8,88,8,44.0,4,31.5,0,0,1,-0.14
8089,8,89,10,51.0,4,33.5,0,0,1,-0.16
8090,8,90,10,56.0,5,37.0,0,0,1,-0.175
8091,8,91,10,61.0,6,41.0,0,0,1,-0.19
8092,8,92,10,66.0,6,44.0,0,0,1,-0.19
8093,8,93,10,71.0,6,47.0,0,0,1,-0.19
8094,8,94,10,76.0,6,50.0,0,0,1,-0.19
8095,8,95,10,81.0,6,53.0,0,0,1,-0.19
8096,8,96,10,86.0,6,56.0,0,0,1,-0.19
8097,8,97,10,91.0,6,59.0,0,0,1,-0.19
8098,8,98,10,96.0,6,62.0,0,0,1,-0.19
8099,8,99,10,101.0,6,65.0,0,0,1,-0.19
8100,8,100,10,106.0,6,68.0,0,0,1,-0.19
8101,8,101,10,111.0,6,71.0,0,0,1,-0.19
8102,8,102,10,116.0,6,74.0,0,0,1,-0.19
8103,8,103,10,121.0,6,77.0,0,0,1,-0.19
8104,8,104,10,126.0,6,80.0,0,0,1,-0.19
8105,8,105,10,131.0,6,83.0,0,0,1,-0.19
8106,8,106,10,136.0,8,89.0,0,0,1,-0.22
8107,8,107,10,141.0,7,91.0,0,0,1,-0.20500000000000002
8108,8,108,10,146.0,7,94.5,0,0,1,-0.20500000000000002
8109,8,109,10,151.0,7,98.0,0,0,1,-0.20500000000000002
8110,8,110,10,156.0,8,103.0,0,0,1,-0.22
8111,8,111,11,162.5,8,107.0,0,0,1,-0.22999999999999998
8112,8,112,11,168.0,8,111.0,0,0,1,-0.22999999999999998
8113,8,113,12,175.0,8,115.0,0,0,1,-0.24
8114,8,114,12,181.0,8,119.0,0,0,1,-0.24
8115,8,115,12,187.0,8,123.0,0,0,1,-0.24
8116,8,116,12,193.0,8,127.0,0,0,1,-0.24
8117,8,117,12,199.0,8,131.0,0,0,1,-0.24
8118,8,118,12,205.0,8,135.0,0,0,1,-0.24
8119,8,119,12,211.0,8,139.0,0,0,1,-0.24
8120,8,120,12,217.0,8,143.0,0,0,1,-0.24
8121,8,121,13,224.5,8,147.0,0,0,1,-0.25
8122,8,122,14,232.5,8,151.0,0,0,1,-0.26
8123,8,123,15,241.0,8,155.0,0,0,1,-0.27
8124,8,124,15,248.5,8,159.0,0,0,1,-0.27
8125,8,125,16,257.5,8,163.0,0,0,1,-0.28
8126,8,126,16,265.5,8,167.0,0,0,1,-0.28
8127,8,127,16,273.5,8,171.0,0,0,1,-0.28
8128,8,128,16,281.5,8,175.0,0,0,1,-0.28
8129,8,129,16,289.5,8,179.0,0,0,1,-0.28
8130,8,130,16,297.5,8,183.0,0,0,1,-0.28
8131,8,131,16,305.5,8,187.0,0,0,1,-0.28
8132,8,132,16,313.5,8,191.0,0,0,1,-0.28
8133,8,133,17,323.0,8,195.0,0,0,1,-0.29000000000000004
8134,8,134,17,331.5,8,199.0,0,0,1,-0.29000000000000004
8135,8,135,17,340.0,8,203.0,0,0,1,-0.29000000000000004
8136,8,136,17,348.5,8,207.0,0,0,1,-0.29000000000000004
8137,8,137,17,357.0,8,211.0,0,0,1,-0.29000000000000004
8138,8,138,17,365.5,8,215.0,0,0,1,-0.29000000000000004
8139,8,139,17,374.0,8,219.0,0,0,2,-0.29000000000000004
8140,8,140,17,382.5,8,223.0,0,0,2,-0.29000000000000004
8141,8,141,17,391.0,8,227.0,0,0,2,-0.29000000000000004
8142,8,142,17,399.5,8,231.0,0,0,2,-0.29000000000000004
8143,8,143,17,408.0,8,235.0,0,0,2,-0.29000000000000004
8144,8,144,17,416.5,8,239.0,0,0,2,-0.29000000000000004
8145,8,145,17,425.0,8,243.0,0,0,2,-0.29000000000000004
8146,8,146,17,433.5,8,247.0,0,0,2,-0.29000000000000004
8147,8,147,18,443.5,8,251.0,0,0,2,-0.3
8148,8,148,18,452.5,8,255.0,0,1,2,-0.3
8149,8,149,18,461.5,8,259.0,0,0,2,-0.3
8150,8,150,18,470.5,8,263.0,0,0,2,-0.3
8151,8,151,19,416.0,8,267.0,0,2,3,-0.31
8152,8,152,21,428.5,8,271.0,0,0,3,-0.32999999999999996
8153,8,153,21,439.0,8,275.0,0,0,3,-0.32999999999999996
8154,8,154,21,449.5,8,279.0,0,0,3,-0.32999999999999996
8155,8,155,21,460.0,8,283.0,0,0,3,-0.32999999999999996
8156,8,156,21,470.5,8,287.0,0,0,3,-0.32999999999999996
8157,8,157,21,481.0,8,291.0,0,0,3,-0.32999999999999996
8158,8,158,21,491.5,8,295.0,0,0,3,-0.32999999999999996
8159,8,159,21,502.0,8,299.0,0,1,3,-0.32999999999999996
8160,8,160,22,514.0,8,303.0,0,0,3,-0.33999999999999997
8161,8,161,22,525.0,8,307.0,0,0,3,-0.33999999999999997
8162,8,162,26,542.0,8,311.0,0,0,3,-0.38
8163,8,163,26,555.0,8,315.0,0,0,3,-0.38
8164,8,164,30,574.0,8,319.0,0,0,3,-0.42
8165,8,165,30,589.0,8,323.0,0,1,3,-0.42
8166,8,166,30,604.0,8,327.0,0,0,3,-0.42
8167,8,167,30,619.0,8,331.0,0,0,3,-0.42
8168,8,168,30,634.0,8,335.0,0,1,3,-0.42
8169,8,169,32,652.0,8,339.0,0,0,3,-0.44
8170,8,170,32,668.0,8,343.0,0,0,3,-0.44
8171,8,171,33,685.5,8,347.0,0,0,3,-0.45
8172,8,172,34,703.5,8,351.0,0,0,3,-0.46
8173,8,173,36,723.5,8,355.0,0,0,3,-0.48
8174,8,174,36,741.5,8,359.0,0,0,3,-0.48
8175,8,175,37,761.0,8,363.0,0,0,3,-0.49
8176,8,176,37,779.5,8,367.0,0,0,3,-0.49
8177,8,177,37,798.0,8,371.0,0,0,3,-0.49
8178,8,178,37,816.5,8,375.0,0,0,3,-0.49
8179,8,179,37,835.0,8,379.0,0,0,3,-0.49
8180,8,180,37,853.5,8,383.0,0,1,3,-0.49
8181,8,181,37,872.0,8,387.0,0,0,3,-0.49
8182,8,182,39,893.5,8,391.0,0,0,3,-0.51
8183,8,183,39,913.0,8,395.0,0,0,3,-0.51
8184,8,184,39,932.5,8,399.0,0,0,3,-0.51
8185,8,185,39,952.0,8,403.0,0,0,3,-0.51
8186,8,186,40,973.0,8,407.0,0,1,3,-0.52
8187,8,187,41,994.5,8,411.0,0,0,3,-0.53
8188,8,188,41,1015.0,8,415.0,0,0,3,-0.53
8189,8,189,41,1035.5,8,419.0,0,0,3,-0.53
8190,8,190,41,1056.0,8,423.0,0,1,3,-0.53
8191,8,191,42,1078.0,8,427.0,0,1,3,-0.54
8192,8,192,42,1099.0,8,431.0,0,0,3,-0.54
8193,8,193,42,1120.0,8,435.0,0,0,3,-0.54
8194,8,194,43,1142.5,8,439.0,0,0,3,-0.55
8195,8,195,45,1167.0,8,443.0,0,0,3,-0.5700000000000001
8196,8,196,45,1189.5,8,447.0,0,0,3,-0.5700000000000001
8197,8,197,45,1212.0,8,451.0,0,0,3,-0.5700000000000001
8198,8,198,45,1234.5,8,455.0,0,2,3,-0.5700000000000001
8199,8,199,46,1258.5,8,459.0,0,0,3,-0.5800000000000001
8200,8,200,47,1283.0,8,463.0,0,0,3,-0.59
8201,8,201,48,1308.0,8,467.0,0,1,3,-0.6
8202,8,202,48,1332.0,8,471.0,0,1,3,-0.6
8203,8,203,48,1356.0,8,475.0,0,0,3,-0.6
8204,8,204,48,1380.0,8,479.0,0,0,3,-0.6
8205,8,205,49,1405.5,8,483.0,0,0,3,-0.61
8206,8,206,50,1431.5,8,487.0,0,0,3,-0.62
8207,8,207,50,1456.5,8,491.0,0,0,3,-0.62
8208,8,208,50,1481.5,8,495.0,0,0,3,-0.62
8209,8,209,51,1508.0,8,499.0,0,0,3,-0.63
8210,8,210,52,1535.0,8,503.0,0,0,3,-0.64
8211,8,211,53,1562.5,8,507.0,0,2,4,-0.65
8212,8,212,54,1590.5,8,511.0,0,0,4,-0.66
8213,8,213,54,1617.5,8,515.0,0,0,4,-0.66
8214,8,214,54,1644.5,8,519.0,0,0,4,-0.66
8215,8,215,54,1671.5,8,523.0,0,0,4,-0.66
8216,8,216,55,1700.0,8,527.0,0,0,4,-0.67
8217,8,217,55,1727.5,8,531.0,0,0,4,-0.67
8218,8,218,55,1755.0,8,535.0,0,0,4,-0.67
8219,8,219,56,1784.0,8,539.0,0,0,4,-0.68
8220,8,220,57,1813.5,8,543.0,0,0,4,-0.69
8221,8,221,58,1843.5,8,547.0,0,0,4,-0.7
8222,8,222,58,1872.5,8,551.0,0,0,4,-0.7
8223,8,223,53,1556.0,8,555.0,0,0,5,-0.65
8224,8,224,49,1362.0,8,559.0,0,0,5,-0.61
8225,8,225,45,1210.5,8,563.0,0,0,5,-0.5700000000000001
8226,8,226,41,1081.5,8,567.0,0,0,5,-0.53
8227,8,227,42,1103.5,8,571.0,0,0,5,-0.54
8228,8,228,38,1000.5,8,575.0,0,0,5,-0.5
8229,8,229,34,932.5,8,579.0,0,0,5,-0.46
8230,8,230,31,901.0,8,583.0,0,0,5,-0.43
8231,8,231,31,916.5,6,444.5,0,0,5,-0.4
8232,8,232,30,904.0,5,366.5,0,0,5,-0.375
8233,8,233,29,911.0,3,212.5,0,0,5,-0.33499999999999996
8234,8,234,30,927.0,3,214.0,0,0,5,-0.345
8235,8,235,30,942.0,3,215.5,0,0,5,-0.345
8236,8,236,30,957.0,3,217.0,0,0,5,-0.345
8237,8,237,30,972.0,3,218.5,0,0,5,-0.345
8238,8,238,30,987.0,3,220.0,0,0,5,-0.345
8239,8,239,30,1002.0,3,221.5,0,0,5,-0.345
8240,8,240,30,1017.0,3,223.0,0,2,5,-0.345
8241,8,241,30,1032.0,2,155.5,0,0,5,-0.32999999999999996
8242,8,242,30,1047.0,2,156.5,0,0,5,-0.32999999999999996
8243,8,243,32,1065.0,2,157.5,0,0,5,-0.35
8244,8,244,32,1081.0,2,158.5,0,0,5,-0.35
8245,8,245,32,1097.0,2,159.5,0,0,5,-0.35
8246,8,246,32,1113.0,2,160.5,0,0,5,-0.35
8247,8,247,32,1129.0,2,161.5,0,0,5,-0.35
8248,8,248,32,1145.0,2,162.5,0,0,5,-0.35
8249,8,249,32,1161.0,2,163.5,0,0,5,-0.35
8250,8,250,32,1177.0,2,164.5,0,0,5,-0.35
8251,8,251,32,1193.0,2,165.5,0,0,5,-0.35
8252,8,252,33,1210.5,2,166.5,0,0,5,-0.36
8253,8,253,34,1228.5,2,167.5,0,2,5,-0.37
8254,8,254,34,1245.5,2,168.5,0,0,5,-0.37
8255,8,255,34,1262.5,2,169.5,0,0,5,-0.37
8256,8,256,35,1281.0,2,170.5,0,1,5,-0.38
8257,8,257,35,1298.5,2,171.5,0,1,5,-0.38
8258,8,258,35,1316.0,2,172.5,0,0,5,-0.38
8259,8,259,35,1333.5,2,173.5,0,0,5,-0.38
8260,8,260,35,1351.0,2,174.5,0,0,5,-0.38
8261,8,261,35,1368.5,2,175.5,0,0,5,-0.38
8262,8,262,35,1386.0,2,176.5,0,0,5,-0.38
8263,8,263,36,1405.0,2,177.5,0,0,5,-0.39
8264,8,264,36,1423.0,2,178.5,0,0,5,-0.39
8265,8,265,37,1442.5,2,179.5,0,0,5,-0.4
8266,8,266,38,1462.5,2,180.5,0,0,5,-0.41000000000000003
8267,8,267,38,1481.5,2,181.5,0,0,5,-0.41000000000000003
8268,8,268,38,1500.5,2,182.5,0,0,5,-0.41000000000000003
8269,8,269,38,1519.5,2,183.5,0,0,5,-0.41000000000000003
8270,8,270,38,1538.5,2,184.5,0,0,5,-0.41000000000000003
8271,8,271,38,1557.5,2,185.5,0,0,5,-0.41000000000000003
8272,8,272,38,1576.5,2,186.5,0,0,5,-0.41000000000000003
8273,8,273,36,1397.5,2,187.5,0,0,6,-0.39
8274,8,274,35,1335.5,2,188.5,0,0,6,-0.38
8275,8,275,35,1353.0,2,189.5,0,0,6,-0.38
8276,8,276,35,1370.5,3,192.0,0,0,6,-0.39499999999999996
8277,8,277,36,1389.5,3,193.5,0,0,6,-0.40499999999999997
8278,8,278,36,1407.5,4,196.5,0,0,6,-0.42
8279,8,279,36,1425.5,4,198.5,0,0,6,-0.42
8280,8,280,36,1443.5,5,202.0,0,0,6,-0.435
8281,8,281,36,1461.5,4,202.5,0,0,6,-0.42
8282,8,282,36,1479.5,4,204.5,0,0,6,-0.42
8283,8,283,36,1497.5,4,206.5,0,0,6,-0.42
8284,8,284,36,1515.5,5,210.0,0,0,6,-0.435
8285,8,285,38,1536.5,6,214.0,0,0,6,-0.47
8286,8,286,38,1555.5,5,215.0,0,0,6,-0.455
8287,8,287,40,1577.5,5,217.5,0,2,6,-0.47500000000000003
8288,8,288,40,1597.5,5,220.0,0,0,6,-0.47500000000000003
8289,8,289,40,1617.5,6,224.0,0,0,6,-0.49
8290,8,290,40,1637.5,6,227.0,0,0,6,-0.49
8291,8,291,40,1657.5,6,230.0,0,0,6,-0.49
8292,8,292,40,1677.5,8,236.0,0,0,6,-0.52
8293,8,293,40,1697.5,7,238.0,0,0,6,-0.505
8294,8,294,41,1719.0,7,241.5,0,0,6,-0.515
8295,8,295,44,1744.0,7,245.0,0,0,6,-0.545
8296,8,296,46,1769.0,8,250.0,0,0,6,-0.5800000000000001
8297,8,297,46,1792.0,8,254.0,0,0,6,-0.5800000000000001
8298,8,298,46,1815.0,9,259.5,0,0,6,-0.595
8299,8,299,46,1838.0,9,264.0,0,0,6,-0.595
8300,8,300,46,1861.0,8,265.0,0,0,6,-0.5800000000000001
8301,8,301,46,1884.0,8,269.0,0,0,6,-0.5800000000000001
8302,8,302,46,1907.0,8,273.0,0,0,6,-0.5800000000000001
8303,8,303,46,1930.0,9,278.5,0,4,6,-0.595
8304,8,304,46,1953.0,9,283.0,0,0,6,-0.595
8305,8,305,47,1977.5,11,290.5,0,0,6,-0.635
8306,8,306,47,2001.0,11,296.0,0,1,6,-0.635
8307,8,307,47,2024.5,12,303.0,0,0,6,-0.6499999999999999
8308,8,308,47,2048.0,12,309.0,0,0,6,-0.6499999999999999
8309,8,309,47,2071.5,13,316.5,0,1,6,-0.665
8310,8,310,47,2095.0,13,323.0,0,0,6,-0.665
8311,8,311,47,2118.5,13,329.5,0,1,6,-0.665
8312,8,312,47,2142.0,13,336.0,0,1,6,-0.665
8313,8,313,48,2167.0,13,342.5,0,0,6,-0.675
8314,8,314,48,2191.0,13,349.0,0,1,6,-0.675
8315,8,315,49,2216.5,13,355.5,0,3,6,-0.685
8316,8,316,49,2241.0,13,362.0,0,0,6,-0.685
8317,8,317,49,2265.5,13,368.5,0,1,6,-0.685
8318,8,318,49,2290.0,13,375.0,0,1,6,-0.685
8319,8,319,49,2314.5,14,383.0,0,0,6,-0.7
8320,8,320,49,2339.0,14,390.0,0,1,6,-0.7
8321,8,321,50,2365.0,14,397.0,0,0,6,-0.71
8322,8,322,50,2390.0,14,404.0,0,0,6,-0.71
8323,8,323,50,2415.0,14,411.0,0,1,6,-0.71
8324,8,324,51,2441.5,14,418.0,0,4,6,-0.72
8325,8,325,51,2467.0,14,425.0,0,0,6,-0.72
8326,8,326,51,2492.5,14,432.0,0,1,6,-0.72
8327,8,327,51,2518.0,14,439.0,0,1,6,-0.72
8328,8,328,51,2543.5,14,446.0,0,1,6,-0.72
8329,8,329,51,2569.0,14,453.0,0,1,6,-0.72
8330,8,330,51,2594.5,14,460.0,0,1,6,-0.72
8331,8,331,52,2621.5,14,467.0,0,1,6,-0.73
8332,8,332,52,2647.5,14,474.0,0,2,6,-0.73
8333,8,333,52,2673.5,14,481.0,0,0,6,-0.73
8334,8,334,52,2699.5,14,488.0,0,2,6,-0.73
8335,8,335,53,2727.0,14,495.0,0,3,6,-0.74
8336,8,336,53,2753.5,14,502.0,0,1,6,-0.74
8337,8,337,53,2780.0,14,509.0,0,2,6,-0.74
8338,8,338,53,2806.5,14,516.0,0,0,6,-0.74
8339,8,339,53,2833.0,14,523.0,0,1,6,-0.74
8340,8,340,53,2859.5,14,530.0,0,2,6,-0.74
8341,8,341,54,2887.5,14,537.0,0,2,6,-0.75
8342,8,342,54,2914.5,14,544.0,0,0,6,-0.75
8343,8,343,54,2941.5,14,551.0,0,1,6,-0.75
8344,8,344,54,2968.5,14,558.0,0,0,6,-0.75
8345,8,345,54,2995.5,14,565.0,0,0,6,-0.75
8346,8,346,54,3022.5,14,572.0,0,2,6,-0.75
8347,8,347,54,3049.5,14,579.0,0,0,6,-0.75
8348,8,348,54,3076.5,14,586.0,0,0,6,-0.75
8349,8,349,54,3103.5,14,593.0,0,0,6,-0.75
8350,8,350,54,3130.5,14,600.0,0,0,6,-0.75
8351,8,351,55,3159.0,14,607.0,0,2,6,-0.76
8352,8,352,56,3188.0,14,614.0,0,0,6,-0.77
8353,8,353,56,3216.0,14,621.0,0,2,6,-0.77
8354,8,354,56,3244.0,14,628.0,0,0,6,-0.77
8355,8,355,57,3273.5,14,635.0,0,1,6,-0.7799999999999999
8356,8,356,58,3303.5,14,642.0,0,1,6,-0.7899999999999999
8357,8,357,58,3332.5,14,649.0,0,0,6,-0.7899999999999999
8358,8,358,58,3361.5,14,656.0,0,0,6,-0.7899999999999999
8359,8,359,59,3392.0,14,663.0,0,0,6,-0.7999999999999999
8360,8,360,59,3421.5,14,670.0,0,0,6,-0.7999999999999999
8361,8,361,60,3452.5,14,677.0,0,0,6,-0.8099999999999999
8362,8,362,60,3482.5,14,684.0,0,0,6,-0.8099999999999999
8363,8,363,61,3514.0,14,691.0,0,0,7,-0.82
8364,8,364,63,3547.5,14,698.0,0,0,7,-0.84
8365,8,365,63,3579.0,14,705.0,0,0,7,-0.84
8366,8,366,63,3610.5,14,712.0,0,0,7,-0.84
8367,8,367,64,3643.5,14,719.0,0,2,7,-0.85
8368,8,368,64,3675.5,14,726.0,0,0,7,-0.85
8369,8,369,64,3707.5,14,733.0,0,0,7,-0.85
8370,8,370,64,3739.5,14,740.0,0,0,7,-0.85
8371,8,371,64,3771.5,14,747.0,0,0,7,-0.85
8372,8,372,64,3803.5,14,754.0,0,0,7,-0.85
8373,8,373,64,3835.5,14,761.0,0,0,7,-0.85
8374,8,374,65,3869.0,14,768.0,0,1,7,-0.86
8375,8,375,63,3601.5,14,775.0,0,2,8,-0.84
8376,8,376,61,3423.0,14,782.0,0,1,8,-0.82
8377,8,377,59,3246.5,14,789.0,0,0,8,-0.7999999999999999
8378,8,378,58,3119.5,14,796.0,0,1,8,-0.7899999999999999
8379,8,379,58,3148.5,14,803.0,0,0,8,-0.7899999999999999
8380,8,380,56,3090.5,14,810.0,0,0,8,-0.77
8381,8,381,55,3096.0,14,817.0,0,0,8,-0.76
8382,8,382,55,3123.5,14,824.0,0,0,8,-0.76
8383,8,383,56,3152.5,14,831.0,0,0,8,-0.77
8384,8,384,57,3182.0,14,838.0,0,0,8,-0.7799999999999999
8385,8,385,57,3210.5,14,845.0,0,0,8,-0.7799999999999999
8386,8,386,57,3239.0,14,852.0,0,0,8,-0.7799999999999999
8387,8,387,57,3267.5,14,859.0,0,0,8,-0.7799999999999999
8388,8,388,57,3296.0,14,866.0,0,1,8,-0.7799999999999999
8389,8,389,58,3326.0,14,873.0,0,0,8,-0.7899999999999999
8390,8,390,59,3356.5,14,880.0,0,0,8,-0.7999999999999999
8391,8,391,60,3387.5,14,887.0,0,0,8,-0.8099999999999999
8392,8,392,60,3417.5,14,894.0,0,0,8,-0.8099999999999999
8393,8,393,60,3447.5,14,901.0,0,0,8,-0.8099999999999999
8394,8,394,62,3480.5,14,908.0,0,0,8,-0.83
8395,8,395,62,3511.5,14,915.0,0,0,8,-0.83
8396,8,396,62,3542.5,14,922.0,0,0,8,-0.83
8397,8,397,62,3573.5,14,929.0,0,0,8,-0.83
8398,8,398,62,3604.5,14,936.0,0,0,8,-0.83
8399,8,399,62,3635.5,14,943.0,0,1,8,-0.83
8400,8,400,62,3666.5,14,950.0,0,2,8,-0.83
8401,8,401,62,3697.5,14,957.0,0,0,8,-0.83
8402,8,402,63,3730.0,14,964.0,0,0,8,-0.84
8403,8,403,64,3763.0,14,971.0,0,0,8,-0.85
8404,8,404,67,3799.5,14,978.0,0,0,8,-0.88
8405,8,405,67,3833.0,14,985.0,0,1,8,-0.88
8406,8,406,67,3866.5,14,992.0,0,0,8,-0.88
8407,8,407,67,3900.0,14,999.0,0,0,8,-0.88
8408,8,408,67,3933.5,14,1006.0,0,0,8,-0.88
8409,8,409,68,3968.5,14,1013.0,0,1,8,-0.89
8410,8,410,68,4002.5,14,1020.0,0,1,8,-0.89
8411,8,411,69,4038.0,14,1027.0,0,0,8,-0.8999999999999999
8412,8,412,69,4072.5,14,1034.0,0,0,8,-0.8999999999999999
8413,8,413,70,4108.5,14,1041.0,0,0,8,-0.9099999999999999
8414,8,414,71,4145.0,14,1048.0,0,0,8,-0.9199999999999999
8415,8,415,71,4180.5,14,1055.0,0,0,8,-0.9199999999999999
8416,8,416,73,4219.0,14,1062.0,0,0,8,-0.94
8417,8,417,73,4255.5,14,1069.0,0,1,8,-0.94
8418,8,418,73,4292.0,14,1076.0,0,1,8,-0.94
8419,8,419,73,4328.5,14,1083.0,0,0,8,-0.94
8420,8,420,73,4365.0,14,1090.0,0,0,8,-0.94
8421,8,421,73,4401.5,14,1097.0,0,0,8,-0.94
8422,8,422,73,4438.0,14,1104.0,0,0,8,-0.94
8423,8,423,74,4476.0,14,1111.0,0,0,8,-0.95
8424,8,424,77,4517.5,14,1118.0,0,0,8,-0.98
8425,8,425,77,4556.0,14,1125.0,0,0,8,-0.98
8426,8,426,77,4594.5,14,1132.0,0,0,8,-0.98
8427,8,427,77,4633.0,14,1139.0,0,0,8,-0.98
8428,8,428,77,4671.5,14,1146.0,0,0,8,-0.98
8429,8,429,77,4710.0,14,1153.0,0,0,8,-0.98
8430,8,430,77,4748.5,14,1160.0,0,0,8,-0.98
8431,8,431,77,4787.0,14,1167.0,0,1,8,-0.98
8432,8,432,77,4825.5,14,1174.0,0,0,8,-0.98
8433,8,433,79,4867.0,14,1181.0,0,0,8,-1.0
8434,8,434,80,4908.0,14,1188.0,0,0,8,-1.01
8435,8,435,80,4948.0,14,1195.0,0,0,9,-1.01
8436,8,436,82,4991.0,14,1202.0,0,0,9,-1.03
8437,8,437,82,5032.0,14,1209.0,0,1,9,-1.03
8438,8,438,82,5073.0,14,1216.0,0,0,9,-1.03
8439,8,439,82,5114.0,14,1223.0,0,0,9,-1.03
8440,8,440,82,5155.0,14,1230.0,0,0,9,-1.03
8441,8,441,76,4341.0,11,1038.5,0,1,0,-0.925
8442,8,442,72,3864.5,11,1044.0,0,0,0,-0.885
8443,8,443,69,3416.0,10,979.0,0,0,0,-0.84
8444,8,444,66,3016.0,10,984.0,0,0,0,-0.81
8445,8,445,66,3049.0,10,989.0,0,0,0,-0.81
8446,8,446,64,2677.5,10,994.0,0,0,0,-0.79
8447,8,447,60,2339.0,9,918.5,0,0,0,-0.735
8448,8,448,57,2106.0,9,923.0,0,1,0,-0.705
8449,8,449,56,2055.5,8,853.0,0,0,0,-0.68
8450,8,450,52,1784.5,6,694.5,0,0,0,-0.61
8451,8,451,49,1601.5,5,612.5,0,0,0,-0.565
8452,8,452,48,1569.0,4,526.5,0,0,0,-0.54
8453,8,453,46,1373.5,4,528.5,0,0,0,-0.52
8454,8,454,44,1299.0,4,530.5,0,0,0,-0.5
8455,8,455,43,1227.0,3,349.0,0,2,0,-0.475
8456,8,456,39,1103.0,3,350.5,0,0,0,-0.435
8457,8,457,38,1068.0,3,352.0,0,0,0,-0.425
8458,8,458,36,1029.5,3,353.5,0,1,0,-0.40499999999999997
8459,8,459,32,976.0,3,355.0,0,0,0,-0.365
8460,8,460,32,992.0,3,356.5,0,0,0,-0.365
8461,8,461,29,957.0,2,169.0,0,0,0,-0.31999999999999995
8462,8,462,28,946.0,2,170.0,0,0,0,-0.31000000000000005
8463,8,463,28,960.0,2,171.0,0,0,0,-0.31000000000000005
8464,8,464,27,967.0,2,172.0,0,1,0,-0.30000000000000004
8465,8,465,27,979.0,2,173.0,0,0,0,-0.30000000000000004
8466,8,466,27,992.5,2,174.0,0,0,0,-0.30000000000000004
8467,8,467,27,1006.0,2,175.0,0,0,0,-0.30000000000000004
8468,8,468,27,1019.5,2,176.0,0,0,0,-0.30000000000000004
8469,8,469,27,1033.0,2,177.0,0,0,0,-0.30000000000000004
8470,8,470,27,1046.5,2,178.0,0,0,0,-0.30000000000000004
8471,8,471,27,1060.0,2,179.0,0,1,0,-0.30000000000000004
8472,8,472,29,1076.5,2,180.0,1,0,0,-0.31999999999999995
8473,8,473,29,1091.0,2,181.0,0,0,0,-0.31999999999999995
8474,8,474,29,1105.5,2,182.0,0,1,0,-0.31999999999999995
8475,8,475,29,1120.0,2,183.0,0,0,0,-0.31999999999999995
8476,8,476,29,1134.5,2,184.0,0,0,0,-0.31999999999999995
8477,8,477,29,1149.0,2,185.0,1,0,0,-0.31999999999999995
8478,8,478,29,1163.5,2,186.0,0,0,0,-0.31999999999999995
8479,8,479,29,1178.0,2,187.0,0,2,0,-0.31999999999999995
8480,8,480,29,1192.5,3,189.5,0,0,0,-0.33499999999999996
8481,8,481,30,1208.5,3,191.0,0,0,0,-0.345
8482,8,482,31,1225.0,3,192.5,0,1,0,-0.355
8483,8,483,32,1242.0,3,194.0,0,0,0,-0.365
8484,8,484,32,1258.0,3,195.5,0,1,0,-0.365
8485,8,485,32,1274.0,3,194.5,0,2,0,-0.365
8486,8,486,32,1290.0,2,194.0,1,0,0,-0.35
8487,8,487,32,1306.0,2,195.0,0,1,0,-0.35
8488,8,488,32,1322.0,2,196.0,0,0,0,-0.35
8489,8,489,32,1338.0,2,197.0,0,0,0,-0.35
8490,8,490,32,1354.0,2,198.0,0,0,0,-0.35
8491,8,491,30,1163.0,2,199.0,0,0,1,-0.32999999999999996
8492,8,492,29,1083.0,3,201.5,0,0,1,-0.33499999999999996
8493,8,493,29,1097.5,3,203.0,0,0,1,-0.33499999999999996
8494,8,494,30,1113.5,3,204.5,0,0,1,-0.345
8495,8,495,33,1133.0,5,209.0,0,0,1,-0.405
8496,8,496,33,1149.5,4,209.5,0,1,1,-0.39
8497,8,497,33,1166.0,4,211.5,0,0,1,-0.39
8498,8,498,33,1182.5,4,213.5,0,0,1,-0.39
8499,8,499,33,1199.0,5,217.0,0,0,1,-0.405
8500,8,500,33,1215.5,5,219.5,0,0,1,-0.405
8501,8,501,34,1233.5,7,225.0,0,0,1,-0.445
8502,8,502,34,1250.5,5,224.5,0,0,1,-0.41500000000000004
8503,8,503,36,1270.5,7,230.0,0,0,1,-0.46499999999999997
8504,8,504,37,1290.0,5,229.5,0,0,1,-0.445
8505,8,505,38,1310.0,7,235.0,0,0,1,-0.485
8506,8,506,38,1329.0,6,236.0,0,0,1,-0.47
8507,8,507,38,1348.0,6,239.0,0,0,1,-0.47
8508,8,508,38,1367.0,7,243.5,0,0,1,-0.485
8509,8,509,38,1386.0,10,251.5,0,0,1,-0.53
8510,8,510,38,1405.0,8,252.5,0,0,1,-0.5
8511,8,511,38,1424.0,8,256.5,0,0,1,-0.5
8512,8,512,38,1443.0,8,260.5,0,1,1,-0.5
8513,8,513,38,1462.0,8,264.5,0,0,1,-0.5
8514,8,514,41,1485.5,8,268.5,0,0,1,-0.53
8515,8,515,41,1506.0,8,272.5,0,0,1,-0.53
8516,8,516,41,1526.5,8,276.5,0,0,1,-0.53
8517,8,517,41,1547.0,8,280.5,0,0,1,-0.53
8518,8,518,41,1567.5,8,284.5,0,0,1,-0.53
8519,8,519,41,1588.0,8,288.5,0,0,1,-0.53
8520,8,520,41,1608.5,8,292.5,0,0,1,-0.53
8521,8,521,41,1629.0,9,298.0,0,4,1,-0.5449999999999999
8522,8,522,42,1651.0,9,302.5,0,0,1,-0.5549999999999999
8523,8,523,43,1673.5,9,307.0,0,0,1,-0.565
8524,8,524,43,1695.0,9,311.5,0,2,1,-0.565
8525,8,525,43,1716.5,9,316.0,0,0,1,-0.565
8526,8,526,43,1738.0,9,320.5,0,0,1,-0.565
8527,8,527,43,1759.5,9,325.0,0,2,1,-0.565
8528,8,528,43,1781.0,9,329.5,0,0,1,-0.565
8529,8,529,43,1802.5,9,334.0,0,0,1,-0.565
8530,8,530,43,1824.0,9,338.5,0,1,1,-0.565
8531,8,531,43,1845.5,9,343.0,0,0,1,-0.565
8532,8,532,43,1867.0,10,349.0,0,0,1,-0.58
8533,8,533,43,1888.5,10,354.0,0,2,1,-0.58
8534,8,534,43,1910.0,10,359.0,0,0,1,-0.58
8535,8,535,43,1931.5,10,364.0,0,0,1,-0.58
8536,8,536,43,1953.0,10,369.0,0,0,1,-0.58
8537,8,537,43,1974.5,11,375.5,0,0,1,-0.595
8538,8,538,43,1996.0,11,381.0,0,2,1,-0.595
8539,8,539,43,2017.5,12,388.0,0,0,1,-0.61
8540,8,540,43,2039.0,12,394.0,0,0,1,-0.61
8541,8,541,44,2062.0,12,400.0,0,2,1,-0.62
8542,8,542,44,2084.0,12,406.0,0,0,1,-0.62
8543,8,543,44,2106.0,12,412.0,0,1,1,-0.62
8544,8,544,46,2131.0,12,418.0,0,1,1,-0.64
8545,8,545,46,2154.0,12,424.0,0,2,1,-0.64
8546,8,546,46,2177.0,12,430.0,0,1,1,-0.64
8547,8,547,46,2200.0,12,436.0,0,1,1,-0.64
8548,8,548,46,2223.0,12,442.0,1,2,1,-0.64
8549,8,549,46,2246.0,12,448.0,0,1,1,-0.64
8550,8,550,47,2270.5,12,454.0,0,1,1,-0.6499999999999999
8551,8,551,47,2294.0,12,460.0,0,2,1,-0.6499999999999999
8552,8,552,47,2317.5,12,466.0,0,1,1,-0.6499999999999999
8553,8,553,47,2341.0,12,472.0,0,3,1,-0.6499999999999999
8554,8,554,48,2366.0,12,478.0,0,2,1,-0.6599999999999999
8555,8,555,48,2390.0,12,484.0,0,1,1,-0.6599999999999999
8556,8,556,48,2414.0,12,490.0,0,1,1,-0.6599999999999999
8557,8,557,50,2441.0,12,496.0,0,1,1,-0.6799999999999999
8558,8,558,50,2466.0,12,502.0,0,2,1,-0.6799999999999999
8559,8,559,50,2491.0,12,508.0,0,1,1,-0.6799999999999999
8560,8,560,50,2516.0,12,514.0,0,1,1,-0.6799999999999999
8561,8,561,50,2541.0,12,520.0,0,1,1,-0.6799999999999999
8562,8,562,52,2569.0,12,526.0,0,2,1,-0.7
8563,8,563,52,2595.0,12,532.0,0,0,1,-0.7
8564,8,564,53,2622.5,12,538.0,0,1,1,-0.71
8565,8,565,53,2649.0,12,544.0,0,2,1,-0.71
8566,8,566,53,2675.5,12,550.0,0,0,1,-0.71
8567,8,567,53,2702.0,12,556.0,0,1,1,-0.71
8568,8,568,54,2730.0,12,562.0,0,1,1,-0.72
8569,8,569,54,2757.0,12,568.0,0,2,1,-0.72
8570,8,570,54,2784.0,12,574.0,0,2,1,-0.72
8571,8,571,54,2811.0,12,580.0,0,1,1,-0.72
8572,8,572,56,2841.0,12,586.0,0,1,1,-0.74
8573,8,573,57,2870.5,12,592.0,0,2,1,-0.75
8574,8,574,57,2899.0,12,598.0,0,2,1,-0.75
8575,8,575,57,2927.5,12,604.0,0,1,1,-0.75
8576,8,576,57,2956.0,12,610.0,0,1,1,-0.75
8577,8,577,58,2986.0,12,616.0,0,0,1,-0.76
8578,8,578,58,3015.0,12,622.0,0,2,1,-0.76
8579,8,579,58,3044.0,12,628.0,0,2,1,-0.76
8580,8,580,58,3073.0,13,635.5,0,1,1,-0.7749999999999999
8581,8,581,58,3102.0,12,640.0,0,2,2,-0.76
8582,8,582,60,3134.0,12,646.0,0,2,2,-0.78
8583,8,583,60,3164.0,12,652.0,0,0,2,-0.78
8584,8,584,60,3194.0,12,658.0,0,2,2,-0.78
8585,8,585,60,3224.0,13,665.5,0,3,2,-0.7949999999999999
8586,8,586,60,3254.0,14,673.5,0,0,2,-0.8099999999999999
8587,8,587,60,3284.0,13,678.5,0,1,2,-0.7949999999999999
8588,8,588,61,3315.5,13,685.0,0,2,2,-0.8049999999999999
8589,8,589,62,3347.5,13,691.5,0,1,2,-0.815
8590,8,590,62,3378.5,14,699.5,0,0,2,-0.83
8591,8,591,62,3409.5,14,706.5,0,0,2,-0.83
8592,8,592,63,3442.0,14,713.5,0,0,2,-0.84
8593,8,593,62,3174.0,14,720.5,0,2,3,-0.83
8594,8,594,60,2971.0,14,727.5,0,0,3,-0.8099999999999999
8595,8,595,58,2844.0,14,734.5,0,0,3,-0.7899999999999999
8596,8,596,56,2782.5,14,741.5,0,1,3,-0.77
8597,8,597,57,2812.0,14,748.5,0,0,3,-0.7799999999999999
8598,8,598,55,2806.5,14,755.5,0,0,3,-0.76
8599,8,599,57,2837.0,14,762.5,0,0,3,-0.7799999999999999
8600,8,600,58,2867.0,14,769.5,0,0,3,-0.7899999999999999
8601,8,601,58,2896.0,14,776.5,0,0,3,-0.7899999999999999
8602,8,602,59,2926.5,14,783.5,0,0,3,-0.7999999999999999
8603,8,603,59,2956.0,14,790.5,0,0,3,-0.7999999999999999
8604,8,604,59,2985.5,14,797.5,0,0,3,-0.7999999999999999
8605,8,605,59,3015.0,14,804.5,0,0,3,-0.7999999999999999
8606,8,606,59,3044.5,14,811.5,0,0,3,-0.7999999999999999
8607,8,607,59,3074.0,14,818.5,0,2,3,-0.7999999999999999
8608,8,608,59,3103.5,14,825.5,0,0,3,-0.7999999999999999
8609,8,609,59,3133.0,14,832.5,0,0,3,-0.7999999999999999
8610,8,610,60,3164.0,14,839.5,0,0,3,-0.8099999999999999
8611,8,611,61,3195.5,14,846.5,0,0,3,-0.82
8612,8,612,61,3226.0,14,853.5,0,0,3,-0.82
8613,8,613,62,3258.0,14,860.5,0,0,3,-0.83
8614,8,614,62,3289.0,14,867.5,0,0,3,-0.83
8615,8,615,62,3320.0,14,874.5,0,0,3,-0.83
8616,8,616,62,3351.0,14,881.5,0,0,3,-0.83
8617,8,617,62,3382.0,14,888.5,0,1,3,-0.83
8618,8,618,62,3413.0,14,895.5,1,3,3,-0.83
8619,8,619,62,3444.0,14,902.5,0,0,3,-0.83
8620,8,620,62,3475.0,14,909.5,0,0,3,-0.83
8621,8,621,62,3506.0,14,916.5,0,0,3,-0.83
8622,8,622,63,3538.5,14,923.5,0,0,3,-0.84
8623,8,623,64,3571.5,14,930.5,0,0,3,-0.85
8624,8,624,65,3605.0,14,937.5,0,0,3,-0.86
8625,8,625,65,3637.5,14,944.5,0,0,3,-0.86
8626,8,626,66,3671.5,14,951.5,0,0,3,-0.87
8627,8,627,66,3704.5,14,958.5,0,0,3,-0.87
8628,8,628,67,3739.0,14,965.5,0,1,3,-0.88
8629,8,629,67,3772.5,14,972.5,0,1,3,-0.88
8630,8,630,67,3806.0,14,979.5,0,0,3,-0.88
8631,8,631,70,3844.0,14,986.5,0,0,3,-0.9099999999999999
8632,8,632,70,3879.0,14,993.5,0,0,3,-0.9099999999999999
8633,8,633,71,3915.5,14,1000.5,0,0,3,-0.9199999999999999
8634,8,634,71,3951.0,14,1007.5,0,0,3,-0.9199999999999999
8635,8,635,72,3988.0,14,1014.5,0,1,3,-0.9299999999999999
8636,8,636,72,4024.0,14,1021.5,0,0,3,-0.9299999999999999
8637,8,637,72,4060.0,14,1028.5,0,0,3,-0.9299999999999999
8638,8,638,73,4097.5,14,1035.5,0,0,3,-0.94
8639,8,639,73,4134.0,14,1042.5,0,1,3,-0.94
8640,8,640,74,4172.0,14,1049.5,0,0,3,-0.95
8641,8,641,74,4209.0,14,1056.5,0,0,3,-0.95
8642,8,642,74,4246.0,14,1063.5,0,0,3,-0.95
8643,8,643,74,4283.0,14,1070.5,0,0,3,-0.95
8644,8,644,78,4326.0,14,1077.5,0,0,3,-0.99
8645,8,645,78,4365.0,14,1084.5,0,0,3,-0.99
8646,8,646,78,4404.0,14,1091.5,0,0,3,-0.99
8647,8,647,78,4443.0,14,1098.5,0,1,3,-0.99
8648,8,648,78,4482.0,14,1105.5,0,1,3,-0.99
8649,8,649,79,4522.5,14,1112.5,0,0,3,-1.0
8650,8,650,79,4562.0,14,1119.5,0,0,3,-1.0
8651,8,651,79,4601.5,14,1126.5,0,0,3,-1.0
8652,8,652,80,4642.5,14,1133.5,0,0,3,-1.01
8653,8,653,81,4684.0,14,1140.5,0,0,4,-1.02
8654,8,654,81,4724.5,14,1147.5,0,0,4,-1.02
8655,8,655,81,4765.0,14,1154.5,0,1,4,-1.02
8656,8,656,82,4807.0,14,1161.5,0,0,4,-1.03
8657,8,657,82,4848.0,14,1168.5,0,0,4,-1.03
8658,8,658,82,4889.0,14,1175.5,0,0,4,-1.03
8659,8,659,82,4930.0,14,1182.5,0,0,4,-1.03
8660,8,660,82,4971.0,14,1189.5,0,0,4,-1.03
8661,8,661,83,5013.5,14,1196.5,0,0,4,-1.04
8662,8,662,84,5056.5,14,1203.5,0,0,4,-1.05
8663,8,663,85,5100.0,14,1210.5,0,0,4,-1.06
8664,8,664,85,5142.5,14,1217.5,0,0,4,-1.06
8665,8,665,79,4507.5,10,953.0,0,0,5,-0.9400000000000001
8666,8,666,75,4022.0,10,958.0,0,0,5,-0.9
8667,8,667,71,3568.5,8,880.5,0,0,5,-0.83
8668,8,668,67,3161.0,8,884.5,0,0,5,-0.79
8669,8,669,68,3196.0,7,798.5,1,0,5,-0.785
8670,8,670,65,2827.5,7,802.0,0,0,5,-0.755
8671,8,671,62,2487.0,7,805.5,0,0,5,-0.725
8672,8,672,61,2344.0,7,809.0,0,0,5,-0.715
8673,8,673,59,2211.5,5,645.0,0,0,5,-0.6649999999999999
8674,8,674,55,1933.0,5,647.5,0,0,5,-0.625
8675,8,675,54,1828.0,5,650.0,0,0,5,-0.615
8676,8,676,52,1732.0,6,654.0,1,0,5,-0.61
8677,8,677,48,1542.0,7,658.5,0,0,5,-0.585
8678,8,678,46,1457.5,6,659.5,0,1,5,-0.55
8679,8,679,45,1401.0,6,662.5,0,0,5,-0.54
8680,8,680,42,1273.5,6,665.5,0,0,5,-0.51
8681,8,681,40,1226.0,7,670.0,0,0,5,-0.505
8682,8,682,40,1209.0,7,673.5,0,2,5,-0.505
8683,8,683,37,1159.0,6,674.5,0,0,5,-0.45999999999999996
8684,8,684,35,1145.5,5,287.0,0,0,5,-0.425
8685,8,685,33,1139.5,4,287.5,0,1,5,-0.39
8686,8,686,31,1128.5,3,283.5,0,0,5,-0.355
8687,8,687,31,1144.0,3,285.0,1,2,5,-0.355
8688,8,688,29,1144.0,4,288.0,0,1,5,-0.35
8689,8,689,29,1158.5,5,291.5,0,0,5,-0.365
8690,8,690,29,1173.0,5,294.0,0,0,5,-0.365
8691,8,691,29,1187.5,5,296.5,0,0,5,-0.365
8692,8,692,30,1203.5,5,299.0,0,0,5,-0.375
8693,8,693,31,1220.0,5,301.5,0,0,5,-0.385
8694,8,694,31,1235.5,5,304.0,0,0,5,-0.385
8695,8,695,31,1251.0,6,308.0,0,1,5,-0.4
8696,8,696,31,1266.5,5,305.5,0,1,5,-0.385
8697,8,697,31,1282.0,5,308.0,0,1,5,-0.385
8698,8,698,31,1297.5,6,312.0,0,0,5,-0.4
8699,8,699,31,1313.0,5,313.0,0,1,5,-0.385
8700,8,700,32,1330.0,5,315.5,0,0,5,-0.395
8701,8,701,33,1347.5,5,318.0,0,0,5,-0.405
8702,8,702,35,1367.0,6,322.0,0,1,5,-0.43999999999999995
8703,8,703,38,1389.0,5,320.0,0,0,5,-0.455
8704,8,704,39,1409.5,5,322.5,0,1,5,-0.465
8705,8,705,40,1430.5,5,325.0,0,0,5,-0.47500000000000003
8706,8,706,40,1450.5,5,327.5,0,0,5,-0.47500000000000003
8707,8,707,40,1470.5,5,330.0,0,0,5,-0.47500000000000003
8708,8,708,40,1490.5,5,332.5,0,0,5,-0.47500000000000003
8709,8,709,40,1510.5,5,335.0,0,0,5,-0.47500000000000003
8710,8,710,40,1530.5,5,337.5,0,0,5,-0.47500000000000003
8711,8,711,40,1550.5,5,340.0,0,0,5,-0.47500000000000003
8712,8,712,43,1575.0,5,342.5,0,0,5,-0.505
8713,8,713,44,1598.0,5,345.0,0,0,5,-0.515
8714,8,714,44,1620.0,5,347.5,0,0,5,-0.515
8715,8,715,42,1419.0,5,350.0,0,0,6,-0.495
8716,8,716,40,1327.5,5,352.5,0,0,6,-0.47500000000000003
8717,8,717,38,1336.5,5,355.0,0,0,6,-0.455
8718,8,718,38,1355.5,5,357.5,0,0,6,-0.455
8719,8,719,38,1374.5,5,360.0,0,0,6,-0.455
8720,8,720,38,1393.5,5,362.5,0,0,6,-0.455
8721,8,721,38,1412.5,5,365.0,0,0,6,-0.455
8722,8,722,38,1431.5,5,367.5,0,0,6,-0.455
8723,8,723,38,1450.5,5,370.0,0,0,6,-0.455
8724,8,724,38,1469.5,5,372.5,1,0,6,-0.455
8725,8,725,38,1488.5,5,375.0,0,2,6,-0.455
8726,8,726,38,1507.5,5,377.5,0,0,6,-0.455
8727,8,727,38,1526.5,5,380.0,0,0,6,-0.455
8728,8,728,39,1547.0,5,382.5,0,0,6,-0.465
8729,8,729,40,1568.0,5,385.0,0,0,6,-0.47500000000000003
8730,8,730,40,1588.0,5,387.5,0,0,6,-0.47500000000000003
8731,8,731,40,1608.0,5,390.0,0,0,6,-0.47500000000000003
8732,8,732,41,1629.5,5,392.5,0,0,6,-0.485
8733,8,733,42,1651.5,5,395.0,0,0,6,-0.495
8734,8,734,42,1672.5,5,397.5,0,0,6,-0.495
8735,8,735,42,1693.5,5,400.0,0,0,6,-0.495
8736,8,736,42,1714.5,5,402.5,0,0,6,-0.495
8737,8,737,42,1735.5,5,405.0,0,0,6,-0.495
8738,8,738,42,1756.5,5,407.5,0,0,6,-0.495
8739,8,739,42,1777.5,5,410.0,0,0,6,-0.495
8740,8,740,42,1798.5,5,412.5,0,0,6,-0.495
8741,8,741,43,1821.0,5,415.0,0,1,6,-0.505
8742,8,742,44,1844.0,6,419.0,0,0,6,-0.53
8743,8,743,44,1866.0,6,422.0,0,0,6,-0.53
8744,8,744,44,1888.0,5,422.5,0,0,6,-0.515
8745,8,745,44,1910.0,5,425.0,0,2,6,-0.515
8746,8,746,44,1932.0,5,427.5,0,0,6,-0.515
8747,8,747,44,1954.0,6,431.5,0,0,6,-0.53
8748,8,748,44,1976.0,6,434.5,0,2,6,-0.53
8749,8,749,44,1998.0,6,437.5,0,0,6,-0.53
8750,8,750,44,2020.0,6,440.5,0,0,6,-0.53
8751,8,751,44,2042.0,6,443.5,0,2,6,-0.53
8752,8,752,45,2065.5,6,446.5,1,0,6,-0.54
8753,8,753,45,2088.0,6,449.5,0,0,6,-0.54
8754,8,754,45,2110.5,6,452.5,0,2,6,-0.54
8755,8,755,45,2133.0,6,455.5,0,2,6,-0.54
8756,8,756,45,2155.5,6,458.5,0,0,6,-0.54
8757,8,757,45,2178.0,7,463.0,0,2,6,-0.555
8758,8,758,45,2200.5,7,466.5,0,2,6,-0.555
8759,8,759,45,2223.0,7,470.0,0,0,6,-0.555
8760,8,760,46,2247.0,7,473.5,0,2,6,-0.5650000000000001
8761,8,761,47,2271.5,7,477.0,0,1,6,-0.575
8762,8,762,48,2296.5,7,480.5,0,0,6,-0.585
8763,8,763,48,2320.5,7,484.0,0,1,6,-0.585
8764,8,764,48,2344.5,7,487.5,0,1,6,-0.585
8765,8,765,48,2368.5,7,491.0,0,0,6,-0.585
8766,8,766,48,2392.5,7,494.5,0,1,6,-0.585
8767,8,767,48,2416.5,7,498.0,0,2,6,-0.585
8768,8,768,48,2440.5,7,501.5,0,1,6,-0.585
8769,8,769,48,2464.5,9,508.0,0,1,6,-0.615
8770,8,770,48,2488.5,9,512.5,0,2,6,-0.615
8771,8,771,50,2515.5,9,517.0,0,0,6,-0.635
8772,8,772,50,2540.5,9,521.5,0,1,6,-0.635
8773,8,773,52,2568.5,9,526.0,0,2,6,-0.655
8774,8,774,52,2594.5,9,530.5,0,0,6,-0.655
8775,8,775,52,2620.5,9,535.0,0,2,6,-0.655
8776,8,776,53,2648.0,9,539.5,0,1,6,-0.665
8777,8,777,53,2674.5,10,545.5,0,0,6,-0.68
8778,8,778,53,2701.0,9,548.5,0,0,6,-0.665
8779,8,779,53,2727.5,9,553.0,0,2,6,-0.665
8780,8,780,53,2754.0,9,557.5,0,0,6,-0.665
8781,8,781,54,2782.0,10,563.5,0,0,6,-0.6900000000000001
8782,8,782,54,2809.0,10,568.5,0,2,6,-0.6900000000000001
8783,8,783,54,2836.0,10,573.5,0,0,6,-0.6900000000000001
8784,8,784,54,2863.0,10,578.5,0,0,6,-0.6900000000000001
8785,8,785,55,2891.5,10,583.5,0,1,6,-0.7000000000000001
8786,8,786,55,2919.0,10,588.5,0,0,6,-0.7000000000000001
8787,8,787,55,2946.5,10,593.5,0,0,6,-0.7000000000000001
8788,8,788,56,2975.5,10,598.5,0,0,6,-0.7100000000000001
8789,8,789,56,3003.5,10,603.5,0,1,6,-0.7100000000000001
8790,8,790,56,3031.5,10,608.5,0,2,6,-0.7100000000000001
8791,8,791,57,3061.0,10,613.5,0,1,6,-0.72
8792,8,792,58,3091.0,10,618.5,0,0,6,-0.73
8793,8,793,58,3120.0,10,623.5,0,2,6,-0.73
8794,8,794,58,3149.0,10,628.5,0,2,6,-0.73
8795,8,795,58,3178.0,10,633.5,0,1,6,-0.73
8796,8,796,58,3207.0,10,638.5,0,1,6,-0.73
8797,8,797,58,3236.0,10,643.5,0,2,6,-0.73
8798,8,798,58,3265.0,10,648.5,0,2,6,-0.73
8799,8,799,58,3294.0,10,653.5,0,2,6,-0.73
8800,8,800,58,3323.0,10,658.5,0,0,6,-0.73
8801,8,801,59,3353.5,10,663.5,0,1,6,-0.74
8802,8,802,60,3384.5,10,668.5,0,1,6,-0.75
8803,8,803,60,3414.5,10,673.5,0,1,6,-0.75
8804,8,804,60,3444.5,10,678.5,0,3,6,-0.75
8805,8,805,60,3474.5,10,683.5,0,1,7,-0.75
8806,8,806,60,3504.5,10,688.5,0,0,7,-0.75
8807,8,807,60,3534.5,10,693.5,0,4,7,-0.75
8808,8,808,60,3564.5,10,698.5,0,1,7,-0.75
8809,8,809,60,3594.5,10,703.5,0,2,7,-0.75
8810,8,810,60,3624.5,10,708.5,0,0,7,-0.75
8811,8,811,63,3659.0,10,713.5,0,2,7,-0.78
8812,8,812,63,3690.5,10,718.5,0,1,7,-0.78
8813,8,813,63,3722.0,10,723.5,0,1,7,-0.78
8814,8,814,63,3753.5,10,728.5,0,2,7,-0.78
8815,8,815,63,3785.0,10,733.5,0,1,7,-0.78
8816,8,816,66,3821.0,10,738.5,0,0,7,-0.81
8817,8,817,64,3533.0,10,743.5,0,1,8,-0.79
8818,8,818,63,3318.0,10,748.5,0,1,8,-0.78
8819,8,819,61,3171.5,10,753.5,0,0,8,-0.76
8820,8,820,60,3088.5,10,758.5,0,1,8,-0.75
8821,8,821,61,3120.0,10,763.5,0,1,8,-0.76
8822,8,822,59,3098.5,10,768.5,0,0,8,-0.74
8823,8,823,59,3128.0,10,773.5,0,0,8,-0.74
8824,8,824,59,3157.5,10,778.5,0,0,8,-0.74
8825,8,825,59,3187.0,10,783.5,0,0,8,-0.74
8826,8,826,59,3216.5,10,788.5,0,2,8,-0.74
8827,8,827,59,3246.0,10,793.5,0,0,8,-0.74
8828,8,828,60,3277.0,10,798.5,0,0,8,-0.75
8829,8,829,60,3307.0,10,803.5,0,0,8,-0.75
8830,8,830,61,3338.5,10,808.5,0,0,8,-0.76
8831,8,831,62,3370.5,10,813.5,0,0,8,-0.77
8832,8,832,62,3401.5,10,818.5,0,1,8,-0.77
8833,8,833,62,3432.5,10,823.5,0,0,8,-0.77
8834,8,834,62,3463.5,10,828.5,0,0,8,-0.77
8835,8,835,62,3494.5,10,833.5,0,0,8,-0.77
8836,8,836,62,3525.5,10,838.5,0,2,8,-0.77
8837,8,837,62,3556.5,10,843.5,0,0,8,-0.77
8838,8,838,62,3587.5,10,848.5,0,0,8,-0.77
8839,8,839,62,3618.5,10,853.5,0,0,8,-0.77
8840,8,840,63,3651.0,10,858.5,0,0,8,-0.78
8841,8,841,63,3682.5,10,863.5,0,0,8,-0.78
8842,8,842,64,3715.5,10,868.5,0,2,8,-0.79
8843,8,843,64,3747.5,10,873.5,0,0,8,-0.79
8844,8,844,66,3782.5,10,878.5,0,0,8,-0.81
8845,8,845,66,3815.5,10,883.5,0,0,8,-0.81
8846,8,846,66,3848.5,10,888.5,0,1,8,-0.81
8847,8,847,67,3883.0,10,893.5,0,0,8,-0.8200000000000001
8848,8,848,68,3918.0,10,898.5,0,0,8,-0.8300000000000001
8849,8,849,68,3952.0,10,903.5,0,0,8,-0.8300000000000001
8850,8,850,69,3987.5,10,908.5,0,0,8,-0.84
8851,8,851,71,4025.0,10,913.5,0,0,8,-0.86
8852,8,852,73,4063.5,10,918.5,1,0,8,-0.88
8853,8,853,73,4100.0,10,923.5,0,0,8,-0.88
8854,8,854,73,4136.5,10,928.5,0,0,8,-0.88
8855,8,855,73,4173.0,10,933.5,0,0,8,-0.88
8856,8,856,73,4209.5,10,938.5,1,0,8,-0.88
8857,8,857,73,4246.0,10,943.5,0,1,8,-0.88
8858,8,858,73,4282.5,10,948.5,0,0,8,-0.88
8859,8,859,74,4320.5,10,953.5,0,0,8,-0.89
8860,8,860,76,4360.5,10,958.5,0,0,8,-0.91
8861,8,861,76,4398.5,10,963.5,0,0,8,-0.91
8862,8,862,78,4439.5,10,968.5,0,0,8,-0.93
8863,8,863,78,4478.5,11,975.0,1,0,8,-0.9450000000000001
8864,8,864,78,4517.5,11,980.5,0,0,8,-0.9450000000000001
8865,8,865,78,4556.5,12,987.5,0,0,8,-0.96
8866,8,866,78,4595.5,12,993.5,0,0,8,-0.96
8867,8,867,78,4634.5,12,999.5,0,2,8,-0.96
8868,8,868,78,4673.5,12,1005.5,0,0,8,-0.96
8869,8,869,78,4712.5,12,1011.5,0,0,8,-0.96
8870,8,870,78,4751.5,12,1017.5,0,0,8,-0.96
8871,8,871,80,4793.5,12,1023.5,0,0,8,-0.98
8872,8,872,80,4833.5,12,1029.5,0,0,8,-0.98
8873,8,873,82,4876.5,12,1035.5,0,0,8,-1.0
8874,8,874,82,4917.5,12,1041.5,0,0,8,-1.0
8875,8,875,82,4958.5,13,1049.0,0,0,8,-1.015
8876,8,876,82,4999.5,13,1055.5,1,0,8,-1.015
8877,8,877,82,5040.5,13,1062.0,0,0,9,-1.015
8878,8,878,82,5081.5,13,1068.5,1,0,9,-1.015
8879,8,879,82,5122.5,13,1075.0,1,0,9,-1.015
8880,8,880,83,5165.0,13,1081.5,0,0,9,-1.025
8881,8,881,83,5206.5,13,1088.0,0,1,9,-1.025
8882,8,882,85,5251.0,14,1096.0,0,0,9,-1.06
8883,8,883,81,4713.5,9,799.5,0,0,0,-0.9450000000000001
8884,8,884,77,4227.5,9,804.0,1,0,0,-0.905
8885,8,885,73,3766.0,9,808.5,0,1,0,-0.865
8886,8,886,69,3357.5,10,814.5,0,0,0,-0.84
8887,8,887,70,3393.5,11,821.0,0,0,0,-0.865
8888,8,888,66,3011.5,11,826.5,0,0,0,-0.8250000000000001
8889,8,889,62,2668.0,9,734.5,1,0,0,-0.755
8890,8,890,61,2429.0,9,739.0,0,0,0,-0.745
8891,8,891,60,2383.0,7,636.5,0,0,0,-0.705
8892,8,892,56,2106.0,5,609.0,0,0,0,-0.635
8893,8,893,55,1915.5,5,611.5,1,0,0,-0.625
8894,8,894,54,1885.0,4,603.0,0,0,0,-0.6000000000000001
8895,8,895,50,1667.5,4,605.0,0,0,0,-0.56
8896,8,896,47,1534.5,4,607.0,0,2,0,-0.53
8897,8,897,46,1518.0,4,609.0,0,1,0,-0.52
8898,8,898,42,1379.0,4,611.0,0,0,0,-0.48
8899,8,899,40,1314.0,4,613.0,0,0,0,-0.46
8900,8,900,39,1292.5,3,413.0,1,0,0,-0.435
8901,8,901,37,1237.0,4,416.0,0,0,0,-0.43
8902,8,902,35,1219.5,4,418.0,0,1,0,-0.41
8903,8,903,33,1207.0,4,420.0,0,0,0,-0.39
8904,8,904,31,1187.5,4,223.0,0,0,0,-0.37
8905,8,905,31,1203.0,3,223.0,0,0,0,-0.355
8906,8,906,29,1199.5,3,224.5,0,1,0,-0.33499999999999996
8907,8,907,29,1214.0,3,226.0,0,0,0,-0.33499999999999996
8908,8,908,29,1228.5,3,227.5,0,2,0,-0.33499999999999996
8909,8,909,30,1244.5,3,229.0,0,0,0,-0.345
8910,8,910,31,1261.0,3,230.5,0,1,0,-0.355
8911,8,911,31,1276.5,3,24.0,0,1,0,-0.355
8912,8,912,33,1295.0,3,25.5,0,1,0,-0.375
8913,8,913,35,1314.5,2,24.5,0,0,0,-0.38
8914,8,914,36,1333.5,2,25.5,0,1,0,-0.39
8915,8,915,36,1351.5,2,26.5,0,2,0,-0.39
8916,8,916,36,1369.5,2,27.5,0,0,0,-0.39
8917,8,917,36,1387.5,2,28.5,0,0,0,-0.39
8918,8,918,36,1405.5,2,29.5,0,0,0,-0.39
8919,8,919,36,1423.5,2,30.5,0,0,0,-0.39
8920,8,920,37,1443.0,2,31.5,0,0,0,-0.4
8921,8,921,38,1463.0,2,32.5,0,0,0,-0.41000000000000003
8922,8,922,40,1485.0,2,33.5,1,0,0,-0.43000000000000005
8923,8,923,40,1505.0,2,34.5,0,0,0,-0.43000000000000005
8924,8,924,40,1525.0,2,35.5,0,0,0,-0.43000000000000005
8925,8,925,40,1545.0,2,36.5,0,0,0,-0.43000000000000005
8926,8,926,40,1565.0,2,37.5,0,0,0,-0.43000000000000005
8927,8,927,40,1585.0,2,38.5,0,0,0,-0.43000000000000005
8928,8,928,40,1605.0,2,39.5,0,1,0,-0.43000000000000005
8929,8,929,41,1626.5,2,40.5,0,0,0,-0.43999999999999995
8930,8,930,41,1647.0,2,41.5,0,0,0,-0.43999999999999995
8931,8,931,42,1669.0,2,42.5,0,0,0,-0.44999999999999996
8932,8,932,42,1690.0,2,43.5,0,0,0,-0.44999999999999996
8933,8,933,41,1479.5,2,44.5,0,0,1,-0.43999999999999995
8934,8,934,39,1374.0,2,45.5,0,0,1,-0.42000000000000004
8935,8,935,37,1373.5,2,46.5,0,0,1,-0.4
8936,8,936,37,1392.0,2,47.5,0,0,1,-0.4
8937,8,937,37,1410.5,2,48.5,0,0,1,-0.4
8938,8,938,37,1429.0,2,49.5,0,0,1,-0.4
8939,8,939,37,1447.5,2,50.5,0,0,1,-0.4
8940,8,940,37,1466.0,2,51.5,0,0,1,-0.4
8941,8,941,39,1487.5,2,52.5,0,0,1,-0.42000000000000004
8942,8,942,39,1507.0,2,53.5,0,0,1,-0.42000000000000004
8943,8,943,41,1529.5,2,54.5,0,0,1,-0.43999999999999995
8944,8,944,41,1550.0,2,55.5,0,0,1,-0.43999999999999995
8945,8,945,41,1570.5,2,56.5,0,0,1,-0.43999999999999995
8946,8,946,39,1583.0,2,57.5,0,0,1,-0.42000000000000004
8947,8,947,38,1597.0,2,58.5,0,0,1,-0.41000000000000003
8948,8,948,38,1616.0,2,59.5,0,0,1,-0.41000000000000003
8949,8,949,41,1639.5,2,60.5,0,0,1,-0.43999999999999995
8950,8,950,42,1661.5,2,61.5,0,0,1,-0.44999999999999996
8951,8,951,43,1684.0,2,62.5,0,0,1,-0.45999999999999996
8952,8,952,43,1705.5,2,63.5,0,0,1,-0.45999999999999996
8953,8,953,43,1727.0,2,64.5,0,0,1,-0.45999999999999996
8954,8,954,43,1748.5,2,65.5,0,0,1,-0.45999999999999996
8955,8,955,43,1770.0,2,66.5,0,0,1,-0.45999999999999996
8956,8,956,43,1791.5,2,67.5,0,0,1,-0.45999999999999996
8957,8,957,43,1813.0,2,68.5,0,0,1,-0.45999999999999996
8958,8,958,43,1834.5,2,69.5,0,0,1,-0.45999999999999996
8959,8,959,43,1856.0,2,70.5,0,0,1,-0.45999999999999996
8960,8,960,43,1877.5,2,71.5,0,0,1,-0.45999999999999996
8961,8,961,44,1900.5,2,72.5,0,0,1,-0.47
8962,8,962,45,1924.0,3,75.0,0,0,1,-0.495
8963,8,963,45,1946.5,3,76.0,0,3,1,-0.495
8964,8,964,45,1969.0,3,77.5,0,0,1,-0.495
8965,8,965,46,1993.0,3,79.0,0,0,1,-0.505
8966,8,966,46,2016.0,4,82.0,0,3,1,-0.52
8967,8,967,46,2039.0,4,84.0,1,0,1,-0.52
8968,8,968,46,2062.0,4,86.0,0,0,1,-0.52
8969,8,969,46,2085.0,4,88.0,0,3,1,-0.52
8970,8,970,47,2109.5,4,90.0,0,0,1,-0.53
8971,8,971,48,2134.5,4,92.0,0,0,1,-0.54
8972,8,972,48,2158.5,4,94.0,0,1,1,-0.54
8973,8,973,48,2182.5,4,96.0,1,1,1,-0.54
8974,8,974,48,2206.5,4,98.0,0,0,1,-0.54
8975,8,975,48,2230.5,4,100.0,0,1,1,-0.54
8976,8,976,48,2254.5,4,102.0,0,1,1,-0.54
8977,8,977,48,2278.5,5,105.5,0,1,1,-0.5549999999999999
8978,8,978,48,2302.5,5,108.0,0,1,1,-0.5549999999999999
8979,8,979,48,2326.5,5,110.5,0,0,1,-0.5549999999999999
8980,8,980,49,2352.0,5,113.0,0,2,1,-0.565
8981,8,981,50,2378.0,5,115.5,0,1,1,-0.575
8982,8,982,51,2404.5,5,118.0,0,0,1,-0.585
8983,8,983,51,2430.0,5,120.5,0,0,1,-0.585
8984,8,984,53,2458.5,5,123.0,0,2,1,-0.605
8985,8,985,53,2485.0,5,125.5,0,0,1,-0.605
8986,8,986,53,2511.5,5,128.0,0,0,1,-0.605
8987,8,987,53,2538.0,5,130.5,0,2,1,-0.605
8988,8,988,53,2564.5,5,133.0,0,0,1,-0.605
8989,8,989,53,2591.0,5,135.5,0,0,1,-0.605
8990,8,990,54,2619.0,6,139.5,0,3,1,-0.63
8991,8,991,55,2647.5,5,140.5,0,0,1,-0.625
8992,8,992,55,2675.0,5,143.0,0,0,1,-0.625
8993,8,993,55,2702.5,5,145.5,0,3,1,-0.625
8994,8,994,55,2730.0,6,149.5,0,1,1,-0.64
8995,8,995,55,2757.5,6,152.5,0,0,1,-0.64
8996,8,996,55,2785.0,6,155.5,0,3,1,-0.64
8997,8,997,55,2812.5,6,158.5,0,0,1,-0.64
8998,8,998,56,2841.5,6,161.5,0,0,1,-0.65
8999,8,999,56,2869.5,7,166.0,0,4,1,-0.665
9000,9,0,0,0.0,0,0.0,0,0,0,-0.0
9001,9,1,0,0.0,0,0.0,0,0,0,-0.0
9002,9,2,0,0.0,0,0.0,0,0,0,-0.0
9003,9,3,0,0.0,0,0.0,0,0,0,-0.0
9004,9,4,0,0.0,0,0.0,0,0,0,-0.0
9005,9,5,0,0.0,0,0.0,0,0,0,-0.0
9006,9,6,0,0.0,0,0.0,0,0,0,-0.0
9007,9,7,0,0.0,0,0.0,0,0,0,-0.0
9008,9,8,0,0.0,0,0.0,0,0,0,-0.0
9009,9,9,0,0.0,0,0.0,0,0,0,-0.0
9010,9,10,0,0.0,0,0.0,0,0,0,-0.0
9011,9,11,0,0.0,0,0.0,0,0,0,-0.0
9012,9,12,0,0.0,0,0.0,0,0,0,-0.0
9013,9,13,0,0.0,0,0.0,0,0,0,-0.0
9014,9,14,0,0.0,0,0.0,0,0,0,-0.0
9015,9,15,0,0.0,0,0.0,0,0,0,-0.0
9016,9,16,0,0.0,0,0.0,0,0,0,-0.0
9017,9,17,0,0.0,0,0.0,0,0,0,-0.0
9018,9,18,0,0.0,0,0.0,0,0,0,-0.0
9019,9,19,0,0.0,0,0.0,0,0,0,-0.0
9020,9,20,0,0.0,0,0.0,0,0,0,-0.0
9021,9,21,0,0.0,0,0.0,0,0,0,-0.0
9022,9,22,0,0.0,0,0.0,0,0,0,-0.0
9023,9,23,0,0.0,0,0.0,0,0,0,-0.0
9024,9,24,0,0.0,0,0.0,0,0,0,-0.0
9025,9,25,0,0.0,0,0.0,0,0,0,-0.0
9026,9,26,0,0.0,0,0.0,0,0,0,-0.0
9027,9,27,0,0.0,0,0.0,0,0,0,-0.0
9028,9,28,0,0.0,0,0.0,0,0,0,-0.0
9029,9,29,0,0.0,0,0.0,0,0,0,-0.0
9030,9,30,0,0.0,0,0.0,0,0,0,-0.0
9031,9,31,0,0.0,0,0.0,0,0,0,-0.0
9032,9,32,0,0.0,0,0.0,0,0,0,-0.0
9033,9,33,0,0.0,0,0.0,0,0,0,-0.0
9034,9,34,0,0.0,0,0.0,0,0,0,-0.0
9035,9,35,0,0.0,0,0.0,0,0,0,-0.0
9036,9,36,0,0.0,0,0.0,0,0,0,-0.0
9037,9,37,0,0.0,0,0.0,0,0,0,-0.0
9038,9,38,0,0.0,0,0.0,0,0,0,-0.0
9039,9,39,0,0.0,0,0.0,0,0,0,-0.0
9040,9,40,0,0.0,0,0.0,0,0,0,-0.0
9041,9,41,0,0.0,0,0.0,0,0,0,-0.0
9042,9,42,0,0.0,0,0.0,0,0,0,-0.0
9043,9,43,0,0.0,0,0.0,0,0,0,-0.0
9044,9,44,0,0.0,0,0.0,0,0,0,-0.0
9045,9,45,0,0.0,0,0.0,0,0,0,-0.0
9046,9,46,0,0.0,0,0.0,0,0,0,-0.0
9047,9,47,0,0.0,0,0.0,0,0,0,-0.0
9048,9,48,0,0.0,0,0.0,0,0,0,-0.0
9049,9,49,0,0.0,0,0.0,0,0,1,-0.0
9050,9,50,0,0.0,0,0.0,0,0,1,-0.0
9051,9,51,0,0.0,0,0.0,0,0,1,-0.0
9052,9,52,0,0.0,0,0.0,0,0,1,-0.0
9053,9,53,0,0.0,0,0.0,0,0,1,-0.0
9054,9,54,0,0.0,0,0.0,0,0,1,-0.0
9055,9,55,0,0.0,0,0.0,0,0,1,-0.0
9056,9,56,0,0.0,0,0.0,0,0,1,-0.0
9057,9,57,0,0.0,0,0.0,0,0,1,-0.0
9058,9,58,0,0.0,0,0.0,0,0,1,-0.0
9059,9,59,0,0.0,0,0.0,0,0,1,-0.0
9060,9,60,0,0.0,0,0.0,0,0,1,-0.0
9061,9,61,0,0.0,0,0.0,0,0,1,-0.0
9062,9,62,0,0.0,0,0.0,0,0,1,-0.0
9063,9,63,0,0.0,0,0.0,0,0,1,-0.0
9064,9,64,0,0.0,0,0.0,0,0,1,-0.0
9065,9,65,0,0.0,0,0.0,0,0,1,-0.0
9066,9,66,0,0.0,0,0.0,0,0,1,-0.0
9067,9,67,0,0.0,0,0.0,0,0,1,-0.0
9068,9,68,0,0.0,0,0.0,0,0,1,-0.0
9069,9,69,0,0.0,1,1.5,0,0,1,-0.015
9070,9,70,0,0.0,1,2.0,0,0,1,-0.015
9071,9,71,0,0.0,1,2.5,0,0,1,-0.015
9072,9,72,0,0.0,0,0.0,0,0,1,-0.0
9073,9,73,0,0.0,0,0.0,0,0,1,-0.0
9074,9,74,0,0.0,0,0.0,0,0,1,-0.0
9075,9,75,0,0.0,1,1.5,0,0,1,-0.015
9076,9,76,0,0.0,1,2.0,0,0,1,-0.015
9077,9,77,0,0.0,1,2.5,0,0,1,-0.015
9078,9,78,4,6.0,2,4.5,0,0,1,-0.07
9079,9,79,4,8.0,3,7.0,0,0,1,-0.08499999999999999
9080,9,80,4,10.0,4,10.0,0,0,1,-0.1
9081,9,81,4,12.0,3,9.0,0,0,1,-0.08499999999999999
9082,9,82,4,14.0,3,10.5,0,0,1,-0.08499999999999999
9083,9,83,4,16.0,3,12.0,0,0,1,-0.08499999999999999
9084,9,84,4,18.0,4,15.0,0,0,1,-0.1
9085,9,85,4,20.0,5,18.5,0,0,1,-0.11499999999999999
9086,9,86,8,28.0,5,21.0,0,0,1,-0.155
9087,9,87,8,32.0,5,23.5,0,0,1,-0.155
9088,9,88,8,36.0,5,26.0,0,0,1,-0.155
9089,9,89,10,43.0,6,30.0,0,0,1,-0.19
9090,9,90,10,48.0,6,33.0,0,0,1,-0.19
9091,9,91,10,53.0,6,36.0,0,0,1,-0.19
9092,9,92,10,58.0,7,40.5,0,0,1,-0.20500000000000002
9093,9,93,10,63.0,6,42.0,0,0,1,-0.19
9094,9,94,10,68.0,6,45.0,0,0,1,-0.19
9095,9,95,10,73.0,6,48.0,0,0,1,-0.19
9096,9,96,10,78.0,7,52.5,0,0,1,-0.20500000000000002
9097,9,97,10,83.0,7,56.0,0,0,1,-0.20500000000000002
9098,9,98,10,88.0,7,59.5,0,0,1,-0.20500000000000002
9099,9,99,10,93.0,7,63.0,0,0,1,-0.20500000000000002
9100,9,100,10,98.0,8,68.0,0,0,1,-0.22
9101,9,101,10,103.0,7,70.0,0,0,1,-0.20500000000000002
9102,9,102,12,111.0,7,73.5,0,0,1,-0.22499999999999998
9103,9,103,12,117.0,7,77.0,0,0,1,-0.22499999999999998
9104,9,104,12,123.0,8,82.0,0,0,1,-0.24
9105,9,105,12,129.0,8,86.0,0,0,1,-0.24
9106,9,106,12,135.0,8,90.0,0,0,1,-0.24
9107,9,107,12,141.0,8,94.0,0,0,1,-0.24
9108,9,108,12,147.0,8,98.0,0,0,1,-0.24
9109,9,109,12,153.0,8,102.0,0,0,1,-0.24
9110,9,110,12,159.0,8,106.0,0,0,1,-0.24
9111,9,111,12,165.0,8,110.0,0,0,1,-0.24
9112,9,112,12,171.0,8,114.0,0,0,1,-0.24
9113,9,113,12,177.0,8,118.0,0,0,1,-0.24
9114,9,114,13,184.5,8,122.0,0,0,1,-0.25
9115,9,115,13,191.0,8,126.0,0,0,1,-0.25
9116,9,116,13,197.5,8,130.0,0,0,1,-0.25
9117,9,117,13,204.0,8,134.0,0,0,1,-0.25
9118,9,118,13,210.5,8,138.0,0,0,1,-0.25
9119,9,119,13,217.0,8,142.0,0,0,1,-0.25
9120,9,120,13,223.5,8,146.0,0,0,1,-0.25
9121,9,121,13,230.0,8,150.0,0,0,1,-0.25
9122,9,122,14,238.0,8,154.0,0,0,1,-0.26
9123,9,123,14,245.0,8,158.0,0,0,1,-0.26
9124,9,124,14,252.0,8,162.0,0,0,1,-0.26
9125,9,125,14,259.0,8,166.0,0,0,1,-0.26
9126,9,126,14,266.0,8,170.0,0,0,1,-0.26
9127,9,127,14,273.0,8,174.0,0,0,1,-0.26
9128,9,128,14,280.0,8,178.0,0,0,1,-0.26
9129,9,129,14,287.0,8,182.0,0,0,1,-0.26
9130,9,130,15,295.5,8,186.0,0,0,1,-0.27
9131,9,131,15,303.0,8,190.0,0,0,1,-0.27
9132,9,132,15,310.5,8,194.0,0,0,1,-0.27
9133,9,133,15,318.0,8,198.0,0,0,1,-0.27
9134,9,134,15,325.5,8,202.0,0,0,1,-0.27
9135,9,135,15,333.0,8,206.0,0,0,1,-0.27
9136,9,136,15,340.5,8,210.0,0,0,1,-0.27
9137,9,137,15,348.0,8,214.0,0,0,1,-0.27
9138,9,138,15,355.5,8,218.0,0,0,1,-0.27
9139,9,139,15,363.0,8,222.0,0,0,2,-0.27
9140,9,140,15,370.5,8,226.0,0,0,2,-0.27
9141,9,141,16,379.5,8,230.0,0,0,2,-0.28
9142,9,142,17,389.0,8,234.0,0,0,2,-0.29000000000000004
9143,9,143,17,397.5,8,238.0,0,0,2,-0.29000000000000004
9144,9,144,18,407.5,8,242.0,0,0,2,-0.3
9145,9,145,18,416.5,8,246.0,0,0,2,-0.3
9146,9,146,18,425.5,8,250.0,0,0,2,-0.3
9147,9,147,18,434.5,8,254.0,0,0,2,-0.3
9148,9,148,18,443.5,8,258.0,0,1,2,-0.3
9149,9,149,19,454.0,8,262.0,0,0,2,-0.31
9150,9,150,19,463.5,8,266.0,0,0,2,-0.31
9151,9,151,19,408.0,8,270.0,0,1,3,-0.31
9152,9,152,20,419.0,8,274.0,0,0,3,-0.32
9153,9,153,20,429.0,8,278.0,0,0,3,-0.32
9154,9,154,20,439.0,8,282.0,0,0,3,-0.32
9155,9,155,20,449.0,8,286.0,0,0,3,-0.32
9156,9,156,20,459.0,8,290.0,0,0,3,-0.32
9157,9,157,20,469.0,8,294.0,0,0,3,-0.32
9158,9,158,20,479.0,8,298.0,0,0,3,-0.32
9159,9,159,20,489.0,8,302.0,0,2,3,-0.32
9160,9,160,23,503.5,8,306.0,0,0,3,-0.35
9161,9,161,23,515.0,8,310.0,0,0,3,-0.35
9162,9,162,23,526.5,8,314.0,0,0,3,-0.35
9163,9,163,25,541.0,8,318.0,0,0,3,-0.37
9164,9,164,29,559.5,8,322.0,0,0,3,-0.41
9165,9,165,29,574.0,8,326.0,0,1,3,-0.41
9166,9,166,30,590.0,8,330.0,0,0,3,-0.42
9167,9,167,30,605.0,8,334.0,0,0,3,-0.42
9168,9,168,30,620.0,8,338.0,0,0,3,-0.42
9169,9,169,31,636.5,8,342.0,0,0,3,-0.43
9170,9,170,33,655.0,8,346.0,0,1,3,-0.45
9171,9,171,33,671.5,8,350.0,0,0,3,-0.45
9172,9,172,34,689.5,8,354.0,0,0,3,-0.46
9173,9,173,36,709.5,8,358.0,0,0,3,-0.48
9174,9,174,38,730.5,8,362.0,0,0,3,-0.5
9175,9,175,38,749.5,8,366.0,0,0,3,-0.5
9176,9,176,39,770.0,8,370.0,0,0,3,-0.51
9177,9,177,39,789.5,8,374.0,0,0,3,-0.51
9178,9,178,39,809.0,8,378.0,0,0,3,-0.51
9179,9,179,39,828.5,8,382.0,0,1,3,-0.51
9180,9,180,40,849.5,8,386.0,0,0,3,-0.52
9181,9,181,40,869.5,8,390.0,0,0,3,-0.52
9182,9,182,41,891.0,8,394.0,0,0,3,-0.53
9183,9,183,41,911.5,8,398.0,0,0,3,-0.53
9184,9,184,41,932.0,8,402.0,0,0,3,-0.53
9185,9,185,41,952.5,8,406.0,0,0,3,-0.53
9186,9,186,43,976.0,8,410.0,0,0,3,-0.55
9187,9,187,44,999.0,8,414.0,0,0,3,-0.56
9188,9,188,44,1021.0,8,418.0,0,1,3,-0.56
9189,9,189,44,1043.0,8,422.0,0,0,3,-0.56
9190,9,190,45,1066.5,8,426.0,0,0,3,-0.5700000000000001
9191,9,191,46,1090.5,8,430.0,0,0,3,-0.5800000000000001
9192,9,192,46,1113.5,8,434.0,0,0,3,-0.5800000000000001
9193,9,193,46,1136.5,8,438.0,0,0,3,-0.5800000000000001
9194,9,194,47,1161.0,8,442.0,0,0,3,-0.59
9195,9,195,48,1186.0,8,446.0,0,1,3,-0.6
9196,9,196,48,1210.0,8,450.0,0,0,3,-0.6
9197,9,197,48,1234.0,8,454.0,0,1,3,-0.6
9198,9,198,49,1259.5,8,458.0,0,0,3,-0.61
9199,9,199,49,1284.0,8,462.0,0,0,3,-0.61
9200,9,200,49,1308.5,8,466.0,0,0,3,-0.61
9201,9,201,51,1336.0,8,470.0,0,0,3,-0.63
9202,9,202,51,1361.5,8,474.0,0,0,3,-0.63
9203,9,203,51,1387.0,8,478.0,0,1,3,-0.63
9204,9,204,51,1412.5,8,482.0,0,0,3,-0.63
9205,9,205,53,1441.0,8,486.0,0,0,3,-0.65
9206,9,206,54,1469.0,8,490.0,0,0,3,-0.66
9207,9,207,54,1496.0,8,494.0,0,1,3,-0.66
9208,9,208,54,1523.0,8,498.0,0,1,3,-0.66
9209,9,209,54,1550.0,8,502.0,0,0,3,-0.66
9210,9,210,54,1577.0,8,506.0,0,0,3,-0.66
9211,9,211,54,1604.0,8,510.0,0,0,4,-0.66
9212,9,212,55,1632.5,8,514.0,0,0,4,-0.67
9213,9,213,55,1660.0,8,518.0,0,0,4,-0.67
9214,9,214,56,1689.0,8,522.0,0,0,4,-0.68
9215,9,215,57,1718.5,8,526.0,0,0,4,-0.69
9216,9,216,57,1747.0,8,530.0,0,0,4,-0.69
9217,9,217,57,1775.5,8,534.0,0,0,4,-0.69
9218,9,218,58,1805.5,8,538.0,0,1,4,-0.7
9219,9,219,59,1836.0,8,542.0,0,0,4,-0.71
9220,9,220,59,1865.5,8,546.0,0,0,4,-0.71
9221,9,221,60,1896.5,8,550.0,0,0,4,-0.72
9222,9,222,60,1926.5,8,554.0,0,0,4,-0.72
9223,9,223,55,1615.0,8,558.0,0,0,5,-0.67
9224,9,224,51,1408.5,8,562.0,0,0,5,-0.63
9225,9,225,47,1256.5,8,566.0,0,0,5,-0.59
9226,9,226,44,1139.5,8,570.0,0,0,5,-0.56
9227,9,227,45,1163.0,8,574.0,0,0,5,-0.5700000000000001
9228,9,228,42,1082.0,8,578.0,0,0,5,-0.54
9229,9,229,38,1024.5,7,518.0,0,0,5,-0.485
9230,9,230,35,991.0,7,521.5,0,0,5,-0.45499999999999996
9231,9,231,35,1008.5,7,525.0,0,0,5,-0.45499999999999996
9232,9,232,34,999.0,6,448.5,0,0,5,-0.43000000000000005
9233,9,233,32,1010.0,4,297.0,0,0,5,-0.38
9234,9,234,32,1026.0,4,299.0,0,0,5,-0.38
9235,9,235,32,1042.0,4,301.0,0,0,5,-0.38
9236,9,236,33,1059.5,4,303.0,0,0,5,-0.39
9237,9,237,33,1076.0,3,229.5,0,0,5,-0.375
9238,9,238,33,1092.5,3,231.0,0,0,5,-0.375
9239,9,239,33,1109.0,3,232.5,0,0,5,-0.375
9240,9,240,33,1125.5,3,234.0,0,2,5,-0.375
9241,9,241,33,1142.0,3,235.5,0,0,5,-0.375
9242,9,242,33,1158.5,3,237.0,0,0,5,-0.375
9243,9,243,33,1175.0,3,238.5,0,0,5,-0.375
9244,9,244,34,1193.0,3,240.0,0,0,5,-0.385
9245,9,245,34,1210.0,3,241.5,0,0,5,-0.385
9246,9,246,34,1227.0,3,243.0,0,0,5,-0.385
9247,9,247,34,1244.0,3,244.5,0,0,5,-0.385
9248,9,248,34,1261.0,3,246.0,0,0,5,-0.385
9249,9,249,34,1278.0,3,247.5,0,0,5,-0.385
9250,9,250,34,1295.0,3,249.0,0,0,5,-0.385
9251,9,251,34,1312.0,3,250.5,0,0,5,-0.385
9252,9,252,34,1329.0,3,252.0,0,0,5,-0.385
9253,9,253,36,1349.0,3,253.5,0,1,5,-0.40499999999999997
9254,9,254,36,1367.0,3,255.0,0,0,5,-0.40499999999999997
9255,9,255,37,1386.5,3,256.5,0,0,5,-0.415
9256,9,256,37,1405.0,3,258.0,0,0,5,-0.415
9257,9,257,37,1423.5,3,259.5,0,0,5,-0.415
9258,9,258,37,1442.0,3,261.0,0,0,5,-0.415
9259,9,259,37,1460.5,3,262.5,0,0,5,-0.415
9260,9,260,37,1479.0,3,264.0,0,0,5,-0.415
9261,9,261,37,1497.5,3,265.5,0,0,5,-0.415
9262,9,262,38,1517.5,4,268.5,0,0,5,-0.44
9263,9,263,38,1536.5,3,268.5,0,0,5,-0.425
9264,9,264,38,1555.5,3,270.0,0,0,5,-0.425
9265,9,265,39,1576.0,3,271.5,0,0,5,-0.435
9266,9,266,39,1595.5,3,273.0,0,0,5,-0.435
9267,9,267,39,1615.0,3,274.5,0,0,5,-0.435
9268,9,268,39,1634.5,3,276.0,0,0,5,-0.435
9269,9,269,39,1654.0,3,277.5,0,0,5,-0.435
9270,9,270,39,1673.5,3,279.0,0,0,5,-0.435
9271,9,271,39,1693.0,3,280.5,0,0,5,-0.435
9272,9,272,40,1714.0,3,282.0,0,1,5,-0.445
9273,9,273,38,1536.0,3,283.5,0,0,6,-0.425
9274,9,274,38,1476.5,3,285.0,0,0,6,-0.425
9275,9,275,38,1495.5,4,288.0,0,0,6,-0.44
9276,9,276,38,1514.5,4,290.0,0,0,6,-0.44
9277,9,277,38,1533.5,4,292.0,0,0,6,-0.44
9278,9,278,38,1552.5,4,294.0,0,0,6,-0.44
9279,9,279,38,1571.5,4,296.0,0,0,6,-0.44
9280,9,280,38,1590.5,5,299.5,0,0,6,-0.455
9281,9,281,38,1609.5,5,302.0,0,0,6,-0.455
9282,9,282,38,1628.5,5,304.5,0,0,6,-0.455
9283,9,283,38,1647.5,6,308.5,0,0,6,-0.47
9284,9,284,39,1668.0,5,309.5,0,0,6,-0.465
9285,9,285,40,1689.0,5,312.0,0,0,6,-0.47500000000000003
9286,9,286,40,1709.0,5,314.5,0,0,6,-0.47500000000000003
9287,9,287,43,1733.5,5,317.0,0,2,6,-0.505
9288,9,288,45,1758.0,8,324.0,0,0,6,-0.5700000000000001
9289,9,289,45,1780.5,6,324.0,0,0,6,-0.54
9290,9,290,45,1803.0,7,328.5,0,0,6,-0.555
9291,9,291,45,1825.5,6,330.0,0,0,6,-0.54
9292,9,292,46,1849.5,6,331.0,0,1,6,-0.55
9293,9,293,46,1872.5,8,337.0,0,1,6,-0.5800000000000001
9294,9,294,47,1897.0,9,342.5,0,0,6,-0.605
9295,9,295,47,1920.5,10,348.0,0,0,6,-0.62
9296,9,296,47,1944.0,9,351.0,0,0,6,-0.605
9297,9,297,47,1967.5,9,355.5,0,0,6,-0.605
9298,9,298,47,1991.0,10,361.5,0,0,6,-0.62
9299,9,299,47,2014.5,10,366.5,0,0,6,-0.62
9300,9,300,48,2039.5,10,371.5,0,0,6,-0.63
9301,9,301,48,2063.5,10,376.5,0,0,6,-0.63
9302,9,302,48,2087.5,10,381.5,0,0,6,-0.63
9303,9,303,48,2111.5,10,386.5,0,3,6,-0.63
9304,9,304,48,2135.5,10,391.5,0,0,6,-0.63
9305,9,305,49,2161.0,10,396.5,0,0,6,-0.64
9306,9,306,49,2185.5,10,401.5,0,2,6,-0.64
9307,9,307,49,2210.0,11,408.0,0,0,6,-0.655
9308,9,308,49,2234.5,11,413.5,0,0,6,-0.655
9309,9,309,49,2259.0,11,419.0,0,1,6,-0.655
9310,9,310,49,2283.5,11,424.5,0,0,6,-0.655
9311,9,311,49,2308.0,12,431.5,0,0,6,-0.6699999999999999
9312,9,312,50,2334.0,12,437.5,0,1,6,-0.6799999999999999
9313,9,313,50,2359.0,12,443.5,0,1,6,-0.6799999999999999
9314,9,314,51,2385.5,12,449.5,0,0,6,-0.69
9315,9,315,51,2411.0,12,455.5,0,1,6,-0.69
9316,9,316,51,2436.5,12,461.5,0,0,6,-0.69
9317,9,317,51,2462.0,12,467.5,0,0,6,-0.69
9318,9,318,51,2487.5,12,473.5,0,3,6,-0.69
9319,9,319,51,2513.0,13,481.0,0,0,6,-0.7050000000000001
9320,9,320,51,2538.5,13,487.5,0,1,6,-0.7050000000000001
9321,9,321,52,2565.5,13,494.0,0,3,6,-0.7150000000000001
9322,9,322,52,2591.5,13,500.5,0,0,6,-0.7150000000000001
9323,9,323,53,2619.0,13,507.0,0,0,6,-0.7250000000000001
9324,9,324,54,2647.0,13,513.5,0,5,6,-0.7350000000000001
9325,9,325,54,2674.0,13,520.0,0,0,6,-0.7350000000000001
9326,9,326,54,2701.0,13,526.5,0,0,6,-0.7350000000000001
9327,9,327,54,2728.0,13,533.0,0,1,6,-0.7350000000000001
9328,9,328,54,2755.0,13,539.5,0,1,6,-0.7350000000000001
9329,9,329,54,2782.0,13,546.0,0,1,6,-0.7350000000000001
9330,9,330,54,2809.0,13,552.5,0,1,6,-0.7350000000000001
9331,9,331,54,2836.0,13,559.0,0,0,6,-0.7350000000000001
9332,9,332,54,2863.0,13,565.5,0,1,6,-0.7350000000000001
9333,9,333,54,2890.0,13,572.0,0,1,6,-0.7350000000000001
9334,9,334,54,2917.0,13,578.5,0,0,6,-0.7350000000000001
9335,9,335,54,2944.0,13,585.0,0,4,6,-0.7350000000000001
9336,9,336,54,2971.0,13,591.5,0,1,6,-0.7350000000000001
9337,9,337,54,2998.0,13,598.0,0,1,6,-0.7350000000000001
9338,9,338,54,3025.0,13,604.5,0,1,6,-0.7350000000000001
9339,9,339,54,3052.0,13,611.0,0,2,6,-0.7350000000000001
9340,9,340,54,3079.0,13,617.5,0,1,6,-0.7350000000000001
9341,9,341,56,3109.0,13,624.0,0,1,6,-0.7550000000000001
9342,9,342,56,3137.0,13,630.5,0,2,6,-0.7550000000000001
9343,9,343,56,3165.0,13,637.0,0,0,6,-0.7550000000000001
9344,9,344,56,3193.0,13,643.5,0,0,6,-0.7550000000000001
9345,9,345,56,3221.0,13,650.0,0,1,6,-0.7550000000000001
9346,9,346,56,3249.0,13,656.5,0,0,6,-0.7550000000000001
9347,9,347,56,3277.0,13,663.0,0,1,6,-0.7550000000000001
9348,9,348,56,3305.0,13,669.5,0,0,6,-0.7550000000000001
9349,9,349,56,3333.0,13,676.0,0,0,6,-0.7550000000000001
9350,9,350,58,3364.0,13,682.5,0,0,6,-0.7749999999999999
9351,9,351,58,3393.0,13,689.0,0,2,6,-0.7749999999999999
9352,9,352,58,3422.0,13,695.5,0,0,6,-0.7749999999999999
9353,9,353,58,3451.0,13,702.0,0,1,6,-0.7749999999999999
9354,9,354,59,3481.5,13,708.5,0,2,6,-0.7849999999999999
9355,9,355,59,3511.0,13,715.0,0,1,6,-0.7849999999999999
9356,9,356,61,3543.5,13,721.5,0,0,6,-0.8049999999999999
9357,9,357,61,3574.0,13,728.0,0,0,6,-0.8049999999999999
9358,9,358,61,3604.5,13,734.5,0,1,6,-0.8049999999999999
9359,9,359,63,3638.0,13,741.0,0,0,6,-0.825
9360,9,360,64,3671.0,13,747.5,0,0,6,-0.835
9361,9,361,64,3703.0,13,754.0,0,1,6,-0.835
9362,9,362,64,3735.0,13,760.5,0,0,6,-0.835
9363,9,363,64,3767.0,14,768.5,0,0,7,-0.85
9364,9,364,65,3800.5,14,775.5,0,1,7,-0.86
9365,9,365,65,3833.0,14,782.5,0,0,7,-0.86
9366,9,366,65,3865.5,14,789.5,0,0,7,-0.86
9367,9,367,65,3898.0,14,796.5,0,1,7,-0.86
9368,9,368,65,3930.5,14,803.5,0,1,7,-0.86
9369,9,369,65,3963.0,14,810.5,0,0,7,-0.86
9370,9,370,66,3997.0,14,817.5,0,0,7,-0.87
9371,9,371,66,4030.0,14,824.5,0,0,7,-0.87
9372,9,372,66,4063.0,14,831.5,0,0,7,-0.87
9373,9,373,66,4096.0,14,838.5,0,0,7,-0.87
9374,9,374,67,4130.5,14,845.5,0,1,7,-0.88
9375,9,375,65,3868.0,14,852.5,0,2,8,-0.86
9376,9,376,63,3691.5,14,859.5,0,0,8,-0.84
9377,9,377,61,3516.5,14,866.5,0,0,8,-0.82
9378,9,378,60,3390.5,14,873.5,0,1,8,-0.8099999999999999
9379,9,379,60,3420.5,14,880.5,0,1,8,-0.8099999999999999
9380,9,380,58,3355.5,14,887.5,0,0,8,-0.7899999999999999
9381,9,381,57,3358.0,14,894.5,0,0,8,-0.7799999999999999
9382,9,382,57,3386.5,14,901.5,0,0,8,-0.7799999999999999
9383,9,383,58,3416.5,14,908.5,0,0,8,-0.7899999999999999
9384,9,384,58,3445.5,14,915.5,0,0,8,-0.7899999999999999
9385,9,385,58,3474.5,14,922.5,0,0,8,-0.7899999999999999
9386,9,386,58,3503.5,14,929.5,0,0,8,-0.7899999999999999
9387,9,387,58,3532.5,14,936.5,0,0,8,-0.7899999999999999
9388,9,388,58,3561.5,14,943.5,0,0,8,-0.7899999999999999
9389,9,389,59,3592.0,14,950.5,0,0,8,-0.7999999999999999
9390,9,390,60,3623.0,14,957.5,0,0,8,-0.8099999999999999
9391,9,391,62,3656.0,14,964.5,0,0,8,-0.83
9392,9,392,62,3687.0,14,971.5,0,0,8,-0.83
9393,9,393,63,3719.5,14,978.5,0,0,8,-0.84
9394,9,394,65,3754.0,14,985.5,0,0,8,-0.86
9395,9,395,65,3786.5,14,992.5,0,0,8,-0.86
9396,9,396,65,3819.0,14,999.5,0,0,8,-0.86
9397,9,397,65,3851.5,14,1006.5,0,0,8,-0.86
9398,9,398,65,3884.0,14,1013.5,0,0,8,-0.86
9399,9,399,65,3916.5,14,1020.5,0,0,8,-0.86
9400,9,400,65,3949.0,14,1027.5,0,2,8,-0.86
9401,9,401,65,3981.5,14,1034.5,0,0,8,-0.86
9402,9,402,65,4014.0,14,1041.5,0,0,8,-0.86
9403,9,403,65,4046.5,14,1048.5,0,0,8,-0.86
9404,9,404,67,4082.0,14,1055.5,0,0,8,-0.88
9405,9,405,67,4115.5,14,1062.5,0,2,8,-0.88
9406,9,406,68,4150.5,14,1069.5,0,0,8,-0.89
9407,9,407,68,4184.5,14,1076.5,0,0,8,-0.89
9408,9,408,68,4218.5,14,1083.5,0,0,8,-0.89
9409,9,409,68,4252.5,14,1090.5,0,2,8,-0.89
9410,9,410,69,4288.0,14,1097.5,0,0,8,-0.8999999999999999
9411,9,411,70,4324.0,14,1104.5,0,0,8,-0.9099999999999999
9412,9,412,70,4359.0,14,1111.5,0,0,8,-0.9099999999999999
9413,9,413,72,4397.0,14,1118.5,0,0,8,-0.9299999999999999
9414,9,414,73,4434.5,14,1125.5,0,0,8,-0.94
9415,9,415,74,4472.5,14,1132.5,0,1,8,-0.95
9416,9,416,75,4511.0,14,1139.5,0,0,8,-0.96
9417,9,417,75,4548.5,14,1146.5,0,0,8,-0.96
9418,9,418,75,4586.0,14,1153.5,0,0,8,-0.96
9419,9,419,75,4623.5,14,1160.5,0,0,8,-0.96
9420,9,420,75,4661.0,14,1167.5,0,1,8,-0.96
9421,9,421,75,4698.5,14,1174.5,0,0,8,-0.96
9422,9,422,75,4736.0,14,1181.5,0,0,8,-0.96
9423,9,423,75,4773.5,14,1188.5,1,0,8,-0.96
9424,9,424,76,4812.5,14,1195.5,0,0,8,-0.97
9425,9,425,76,4850.5,14,1202.5,0,0,8,-0.97
9426,9,426,76,4888.5,14,1209.5,0,0,8,-0.97
9427,9,427,76,4926.5,14,1216.5,0,0,8,-0.97
9428,9,428,77,4966.0,14,1223.5,0,0,8,-0.98
9429,9,429,77,5004.5,14,1230.5,0,1,8,-0.98
9430,9,430,78,5044.5,14,1237.5,0,0,8,-0.99
9431,9,431,78,5083.5,14,1244.5,0,1,8,-0.99
9432,9,432,78,5122.5,14,1251.5,0,0,8,-0.99
9433,9,433,79,5163.0,14,1258.5,0,0,8,-1.0
9434,9,434,79,5202.5,14,1265.5,0,0,8,-1.0
9435,9,435,81,5245.0,14,1272.5,0,0,9,-1.02
9436,9,436,81,5285.0,14,1279.5,0,1,9,-1.02
9437,9,437,81,5325.5,14,1286.5,0,1,9,-1.02
9438,9,438,81,5366.0,14,1293.5,0,0,9,-1.02
9439,9,439,81,5406.5,14,1300.5,0,0,9,-1.02
9440,9,440,81,5447.0,14,1307.5,0,1,9,-1.02
9441,9,441,75,4629.5,10,1076.5,0,0,0,-0.9
9442,9,442,73,4124.5,10,1081.5,0,0,0,-0.88
9443,9,443,70,3651.5,10,1086.5,0,0,0,-0.85
9444,9,444,67,3329.0,9,1005.5,0,0,0,-0.805
9445,9,445,67,3247.0,9,1010.0,0,0,0,-0.805
9446,9,446,63,2855.5,9,1014.5,0,0,0,-0.765
9447,9,447,60,2500.0,8,940.5,0,0,0,-0.72
9448,9,448,59,2437.0,8,944.5,0,0,0,-0.71
9449,9,449,56,2204.0,6,790.0,0,0,0,-0.65
9450,9,450,54,1978.0,5,715.5,0,0,0,-0.615
9451,9,451,52,1859.5,5,718.0,0,0,0,-0.595
9452,9,452,47,1631.5,5,720.5,0,0,0,-0.5449999999999999
9453,9,453,44,1455.0,5,723.0,0,0,0,-0.515
9454,9,454,43,1361.0,5,725.5,0,0,0,-0.505
9455,9,455,40,1226.0,5,728.0,0,1,0,-0.47500000000000003
9456,9,456,37,1108.0,4,549.0,0,0,0,-0.43
9457,9,457,35,1048.0,4,551.0,0,0,0,-0.41
9458,9,458,33,979.0,5,554.5,0,0,0,-0.405
9459,9,459,32,961.0,5,557.0,0,0,0,-0.395
9460,9,460,30,958.0,3,368.0,1,0,0,-0.345
9461,9,461,29,939.5,3,369.5,0,0,0,-0.33499999999999996
9462,9,462,29,948.0,3,371.0,0,0,0,-0.33499999999999996
9463,9,463,29,962.5,3,372.5,0,0,0,-0.33499999999999996
9464,9,464,29,972.0,3,374.0,0,2,0,-0.33499999999999996
9465,9,465,29,985.0,3,375.5,0,0,0,-0.33499999999999996
9466,9,466,29,999.5,3,377.0,1,0,0,-0.33499999999999996
9467,9,467,29,1014.0,2,183.5,0,0,0,-0.31999999999999995
9468,9,468,29,1028.5,2,184.5,0,0,0,-0.31999999999999995
9469,9,469,29,1043.0,2,185.5,0,0,0,-0.31999999999999995
9470,9,470,29,1057.5,2,186.5,0,0,0,-0.31999999999999995
9471,9,471,29,1072.0,2,187.5,0,1,0,-0.31999999999999995
9472,9,472,29,1086.5,2,188.5,0,0,0,-0.31999999999999995
9473,9,473,29,1101.0,3,191.0,0,0,0,-0.33499999999999996
9474,9,474,31,1118.5,3,192.5,0,0,0,-0.355
9475,9,475,31,1134.0,3,194.0,0,1,0,-0.355
9476,9,476,31,1149.5,3,195.5,0,1,0,-0.355
9477,9,477,31,1165.0,3,197.0,0,0,0,-0.355
9478,9,478,31,1180.5,4,200.0,0,0,0,-0.37
9479,9,479,31,1196.0,3,197.0,0,3,0,-0.355
9480,9,480,31,1211.5,3,198.5,0,1,0,-0.355
9481,9,481,31,1227.0,3,200.0,0,1,0,-0.355
9482,9,482,31,1242.5,4,203.0,0,1,0,-0.37
9483,9,483,31,1258.0,5,206.5,0,0,0,-0.385
9484,9,484,33,1276.5,5,209.0,0,0,0,-0.405
9485,9,485,33,1293.0,5,211.5,0,0,0,-0.405
9486,9,486,33,1309.5,6,215.5,0,0,0,-0.42000000000000004
9487,9,487,33,1326.0,5,214.5,0,0,0,-0.405
9488,9,488,33,1342.5,4,211.0,0,0,0,-0.39
9489,9,489,33,1359.0,4,213.0,0,0,0,-0.39
9490,9,490,34,1377.0,5,216.5,0,0,0,-0.41500000000000004
9491,9,491,32,1187.0,5,219.0,0,0,1,-0.395
9492,9,492,30,1102.0,5,221.5,0,0,1,-0.375
9493,9,493,32,1120.0,5,224.0,0,0,1,-0.395
9494,9,494,32,1136.0,5,226.5,0,0,1,-0.395
9495,9,495,35,1156.5,5,229.0,0,0,1,-0.425
9496,9,496,36,1175.5,5,231.5,0,2,1,-0.435
9497,9,497,36,1193.5,5,234.0,0,0,1,-0.435
9498,9,498,36,1211.5,5,236.5,0,0,1,-0.435
9499,9,499,35,1215.5,5,239.0,0,0,1,-0.425
9500,9,500,35,1233.0,5,241.5,0,0,1,-0.425
9501,9,501,35,1250.5,6,245.5,0,0,1,-0.43999999999999995
9502,9,502,35,1268.0,5,246.5,0,0,1,-0.425
9503,9,503,36,1287.0,5,249.0,0,0,1,-0.435
9504,9,504,38,1308.0,5,251.5,0,0,1,-0.455
9505,9,505,39,1328.5,6,255.5,0,0,1,-0.48
9506,9,506,39,1348.0,6,258.0,0,0,1,-0.48
9507,9,507,39,1367.5,6,261.0,0,0,1,-0.48
9508,9,508,39,1387.0,6,264.0,0,0,1,-0.48
9509,9,509,39,1406.5,7,268.5,0,0,1,-0.495
9510,9,510,39,1426.0,6,270.0,0,0,1,-0.48
9511,9,511,39,1445.5,6,273.0,0,0,1,-0.48
9512,9,512,39,1465.0,6,276.0,0,0,1,-0.48
9513,9,513,40,1486.0,6,279.0,0,0,1,-0.49
9514,9,514,40,1506.0,6,282.0,0,0,1,-0.49
9515,9,515,40,1526.0,6,285.0,0,0,1,-0.49
9516,9,516,40,1546.0,6,288.0,0,0,1,-0.49
9517,9,517,40,1566.0,6,291.0,0,0,1,-0.49
9518,9,518,40,1586.0,6,294.0,0,0,1,-0.49
9519,9,519,40,1606.0,6,297.0,0,0,1,-0.49
9520,9,520,41,1627.5,6,300.0,0,0,1,-0.5
9521,9,521,41,1648.0,6,303.0,1,1,1,-0.5
9522,9,522,42,1670.0,7,307.5,0,0,1,-0.525
9523,9,523,42,1691.0,8,312.5,0,0,1,-0.54
9524,9,524,42,1712.0,9,318.0,0,1,1,-0.5549999999999999
9525,9,525,42,1733.0,10,324.0,0,0,1,-0.57
9526,9,526,42,1754.0,9,327.0,0,0,1,-0.5549999999999999
9527,9,527,42,1775.0,9,331.5,0,2,1,-0.5549999999999999
9528,9,528,42,1796.0,9,336.0,0,0,1,-0.5549999999999999
9529,9,529,42,1817.0,10,342.0,0,0,1,-0.57
9530,9,530,42,1838.0,10,347.0,0,2,1,-0.57
9531,9,531,42,1859.0,10,352.0,0,2,1,-0.57
9532,9,532,42,1880.0,10,357.0,0,0,1,-0.57
9533,9,533,42,1901.0,10,362.0,0,2,1,-0.57
9534,9,534,43,1923.5,10,367.0,0,1,1,-0.58
9535,9,535,43,1945.0,10,372.0,0,0,1,-0.58
9536,9,536,43,1966.5,10,377.0,0,2,1,-0.58
9537,9,537,43,1988.0,10,382.0,0,1,1,-0.58
9538,9,538,44,2011.0,10,387.0,0,0,1,-0.59
9539,9,539,44,2033.0,11,393.5,0,1,1,-0.605
9540,9,540,44,2055.0,11,399.0,0,0,1,-0.605
9541,9,541,44,2077.0,12,406.0,0,0,1,-0.62
9542,9,542,45,2100.5,12,412.0,0,3,1,-0.63
9543,9,543,45,2123.0,12,418.0,0,0,1,-0.63
9544,9,544,46,2147.0,12,424.0,0,1,1,-0.64
9545,9,545,46,2170.0,12,430.0,0,2,1,-0.64
9546,9,546,46,2193.0,12,436.0,0,1,1,-0.64
9547,9,547,46,2216.0,12,442.0,0,0,1,-0.64
9548,9,548,46,2239.0,12,448.0,0,2,1,-0.64
9549,9,549,46,2262.0,12,454.0,0,1,1,-0.64
9550,9,550,46,2285.0,12,460.0,0,0,1,-0.64
9551,9,551,46,2308.0,12,466.0,0,1,1,-0.64
9552,9,552,46,2331.0,12,472.0,0,1,1,-0.64
9553,9,553,47,2355.5,12,478.0,0,2,1,-0.6499999999999999
9554,9,554,48,2380.5,12,484.0,0,1,1,-0.6599999999999999
9555,9,555,48,2404.5,12,490.0,0,0,1,-0.6599999999999999
9556,9,556,48,2428.5,12,496.0,0,2,1,-0.6599999999999999
9557,9,557,50,2455.5,12,502.0,0,0,1,-0.6799999999999999
9558,9,558,50,2480.5,12,508.0,0,2,1,-0.6799999999999999
9559,9,559,50,2505.5,12,514.0,0,2,1,-0.6799999999999999
9560,9,560,51,2532.0,12,520.0,0,0,1,-0.69
9561,9,561,51,2557.5,12,526.0,0,2,1,-0.69
9562,9,562,51,2583.0,12,532.0,0,2,1,-0.69
9563,9,563,51,2608.5,12,538.0,0,0,1,-0.69
9564,9,564,52,2635.5,12,544.0,0,1,1,-0.7
9565,9,565,54,2664.5,12,550.0,0,2,1,-0.72
9566,9,566,54,2691.5,12,556.0,0,1,1,-0.72
9567,9,567,54,2718.5,12,562.0,0,1,1,-0.72
9568,9,568,56,2748.5,12,568.0,0,1,1,-0.74
9569,9,569,57,2778.0,12,574.0,0,2,1,-0.75
9570,9,570,57,2806.5,12,580.0,0,0,1,-0.75
9571,9,571,58,2836.5,12,586.0,0,2,1,-0.76
9572,9,572,59,2867.0,12,592.0,0,0,1,-0.77
9573,9,573,59,2896.5,12,598.0,0,3,1,-0.77
9574,9,574,59,2926.0,12,604.0,0,1,1,-0.77
9575,9,575,59,2955.5,12,610.0,0,2,1,-0.77
9576,9,576,59,2985.0,12,616.0,0,0,1,-0.77
9577,9,577,59,3014.5,12,622.0,0,1,1,-0.77
9578,9,578,59,3044.0,12,628.0,0,4,1,-0.77
9579,9,579,59,3073.5,12,634.0,0,1,1,-0.77
9580,9,580,59,3103.0,12,640.0,0,1,1,-0.77
9581,9,581,59,3132.5,12,646.0,0,2,2,-0.77
9582,9,582,60,3163.5,12,652.0,0,0,2,-0.78
9583,9,583,60,3193.5,13,659.5,0,2,2,-0.7949999999999999
9584,9,584,61,3225.0,12,664.0,0,1,2,-0.79
9585,9,585,61,3255.5,12,670.0,0,0,2,-0.79
9586,9,586,61,3286.0,12,676.0,0,0,2,-0.79
9587,9,587,61,3316.5,13,683.5,0,2,2,-0.8049999999999999
9588,9,588,61,3347.0,13,690.0,0,0,2,-0.8049999999999999
9589,9,589,62,3379.0,13,696.5,0,2,2,-0.815
9590,9,590,62,3410.0,13,703.0,0,1,2,-0.815
9591,9,591,62,3441.0,13,709.5,0,1,2,-0.815
9592,9,592,63,3473.5,13,716.0,0,1,2,-0.825
9593,9,593,61,3195.0,13,722.5,0,2,3,-0.8049999999999999
9594,9,594,59,2987.5,13,729.0,0,0,3,-0.7849999999999999
9595,9,595,57,2851.0,13,735.5,0,0,3,-0.7649999999999999
9596,9,596,55,2780.5,13,742.0,0,1,3,-0.7450000000000001
9597,9,597,56,2793.5,13,748.5,0,0,3,-0.7550000000000001
9598,9,598,56,2805.0,13,755.0,0,0,3,-0.7550000000000001
9599,9,599,57,2834.5,13,761.5,0,0,3,-0.7649999999999999
9600,9,600,57,2863.0,13,768.0,0,0,3,-0.7649999999999999
9601,9,601,58,2893.0,13,774.5,0,0,3,-0.7749999999999999
9602,9,602,59,2923.5,13,781.0,0,0,3,-0.7849999999999999
9603,9,603,59,2953.0,13,787.5,0,0,3,-0.7849999999999999
9604,9,604,61,2985.5,13,794.0,0,1,3,-0.8049999999999999
9605,9,605,61,3016.0,13,800.5,0,0,3,-0.8049999999999999
9606,9,606,61,3046.5,13,807.0,0,1,3,-0.8049999999999999
9607,9,607,61,3077.0,13,813.5,0,2,3,-0.8049999999999999
9608,9,608,61,3107.5,13,820.0,0,0,3,-0.8049999999999999
9609,9,609,61,3138.0,13,826.5,0,0,3,-0.8049999999999999
9610,9,610,61,3168.5,13,833.0,0,1,3,-0.8049999999999999
9611,9,611,63,3202.0,13,839.5,0,0,3,-0.825
9612,9,612,63,3233.5,13,846.0,0,1,3,-0.825
9613,9,613,64,3266.5,13,852.5,0,0,3,-0.835
9614,9,614,64,3298.5,13,859.0,0,0,3,-0.835
9615,9,615,64,3330.5,13,865.5,0,0,3,-0.835
9616,9,616,64,3362.5,13,872.0,0,1,3,-0.835
9617,9,617,65,3396.0,13,878.5,1,1,3,-0.845
9618,9,618,65,3428.5,13,885.0,0,2,3,-0.845
9619,9,619,65,3461.0,13,891.5,0,0,3,-0.845
9620,9,620,65,3493.5,13,898.0,0,0,3,-0.845
9621,9,621,67,3529.0,13,904.5,0,0,3,-0.865
9622,9,622,68,3564.0,13,911.0,0,0,3,-0.875
9623,9,623,68,3598.0,13,917.5,0,0,3,-0.875
9624,9,624,68,3632.0,13,924.0,0,1,3,-0.875
9625,9,625,68,3666.0,13,930.5,0,0,3,-0.875
9626,9,626,68,3700.0,13,937.0,0,0,3,-0.875
9627,9,627,68,3734.0,13,943.5,0,0,3,-0.875
9628,9,628,69,3769.5,13,950.0,0,0,3,-0.885
9629,9,629,69,3804.0,13,956.5,0,1,3,-0.885
9630,9,630,69,3838.5,13,963.0,0,0,3,-0.885
9631,9,631,71,3876.0,13,969.5,0,0,3,-0.905
9632,9,632,72,3913.0,13,976.0,1,0,3,-0.915
9633,9,633,72,3949.0,13,982.5,0,0,3,-0.915
9634,9,634,72,3985.0,13,989.0,0,0,3,-0.915
9635,9,635,72,4021.0,13,995.5,0,1,3,-0.915
9636,9,636,73,4058.5,13,1002.0,0,0,3,-0.925
9637,9,637,73,4095.0,13,1008.5,0,0,3,-0.925
9638,9,638,73,4131.5,13,1015.0,0,1,3,-0.925
9639,9,639,73,4168.0,13,1021.5,0,0,3,-0.925
9640,9,640,73,4204.5,13,1028.0,0,0,3,-0.925
9641,9,641,75,4244.0,13,1034.5,0,0,3,-0.9450000000000001
9642,9,642,75,4281.5,13,1041.0,0,0,3,-0.9450000000000001
9643,9,643,76,4320.5,13,1047.5,1,0,3,-0.9550000000000001
9644,9,644,78,4361.5,13,1054.0,0,0,3,-0.9750000000000001
9645,9,645,78,4400.5,13,1060.5,0,1,3,-0.9750000000000001
9646,9,646,78,4439.5,13,1067.0,0,0,3,-0.9750000000000001
9647,9,647,78,4478.5,13,1073.5,0,0,3,-0.9750000000000001
9648,9,648,78,4517.5,13,1080.0,0,1,3,-0.9750000000000001
9649,9,649,78,4556.5,13,1086.5,0,0,3,-0.9750000000000001
9650,9,650,78,4595.5,13,1093.0,0,0,3,-0.9750000000000001
9651,9,651,79,4636.0,13,1099.5,0,0,3,-0.9850000000000001
9652,9,652,81,4678.5,13,1106.0,0,0,3,-1.0050000000000001
9653,9,653,81,4719.0,13,1112.5,0,0,4,-1.0050000000000001
9654,9,654,81,4759.5,13,1119.0,0,0,4,-1.0050000000000001
9655,9,655,82,4801.5,13,1125.5,0,0,4,-1.015
9656,9,656,82,4842.5,13,1132.0,0,0,4,-1.015
9657,9,657,82,4883.5,13,1138.5,0,0,4,-1.015
9658,9,658,82,4924.5,13,1145.0,0,0,4,-1.015
9659,9,659,84,4968.5,13,1151.5,0,0,4,-1.035
9660,9,660,85,5012.0,13,1158.0,1,0,4,-1.045
9661,9,661,85,5054.5,13,1164.5,0,0,4,-1.045
9662,9,662,85,5097.0,13,1171.0,0,0,4,-1.045
9663,9,663,85,5139.5,13,1177.5,0,0,4,-1.045
9664,9,664,85,5182.0,13,1184.0,0,0,4,-1.045
9665,9,665,80,4549.0,9,909.5,0,0,5,-0.935
9666,9,666,76,4068.5,9,914.0,0,0,5,-0.895
9667,9,667,72,3639.5,10,920.0,0,0,5,-0.87
9668,9,668,68,3230.0,8,812.0,0,0,5,-0.8
9669,9,669,68,3264.0,7,749.5,0,0,5,-0.785
9670,9,670,65,2899.0,7,753.0,0,0,5,-0.755
9671,9,671,62,2565.5,6,664.5,0,1,5,-0.71
9672,9,672,58,2300.5,7,669.0,0,1,5,-0.6849999999999999
9673,9,673,55,2100.5,5,585.5,0,1,5,-0.625
9674,9,674,50,1787.0,4,583.0,0,0,5,-0.56
9675,9,675,47,1655.0,4,585.0,0,1,5,-0.53
9676,9,676,46,1543.5,4,587.0,0,0,5,-0.52
9677,9,677,41,1335.0,3,490.5,1,1,5,-0.45499999999999996
9678,9,678,38,1262.5,4,493.5,0,0,5,-0.44
9679,9,679,36,1251.5,5,497.0,0,1,5,-0.435
9680,9,680,33,1177.0,6,501.0,0,0,5,-0.42000000000000004
9681,9,681,34,1195.0,6,504.0,0,1,5,-0.43000000000000005
9682,9,682,32,1157.0,6,507.0,0,1,5,-0.41000000000000003
9683,9,683,32,1142.0,4,310.0,0,0,5,-0.38
9684,9,684,31,1153.0,4,312.0,0,0,5,-0.37
9685,9,685,30,1145.0,4,314.0,0,1,5,-0.36
9686,9,686,29,1145.5,4,316.0,0,1,5,-0.35
9687,9,687,29,1160.0,3,312.0,0,2,5,-0.33499999999999996
9688,9,688,29,1171.0,2,108.0,0,0,5,-0.31999999999999995
9689,9,689,30,1187.0,2,109.0,0,0,5,-0.32999999999999996
9690,9,690,32,1205.0,2,110.0,0,1,5,-0.35
9691,9,691,32,1221.0,4,114.0,0,0,5,-0.38
9692,9,692,32,1237.0,4,116.0,0,0,5,-0.38
9693,9,693,32,1253.0,4,118.0,0,0,5,-0.38
9694,9,694,32,1269.0,4,120.0,0,0,5,-0.38
9695,9,695,32,1285.0,4,122.0,0,0,5,-0.38
9696,9,696,32,1301.0,4,124.0,0,0,5,-0.38
9697,9,697,32,1317.0,4,126.0,0,0,5,-0.38
9698,9,698,32,1333.0,4,124.5,0,0,5,-0.38
9699,9,699,32,1349.0,4,126.5,0,0,5,-0.38
9700,9,700,32,1365.0,4,128.5,0,0,5,-0.38
9701,9,701,32,1381.0,4,130.5,0,0,5,-0.38
9702,9,702,34,1400.0,4,132.5,0,0,5,-0.4
9703,9,703,35,1418.5,4,134.5,0,0,5,-0.41
9704,9,704,36,1437.5,4,136.5,0,2,5,-0.42
9705,9,705,37,1457.0,4,138.5,0,0,5,-0.43
9706,9,706,37,1475.5,4,140.5,0,0,5,-0.43
9707,9,707,39,1497.0,3,136.5,0,0,5,-0.435
9708,9,708,39,1516.5,3,138.0,0,0,5,-0.435
9709,9,709,39,1536.0,3,139.5,0,0,5,-0.435
9710,9,710,40,1557.0,3,141.0,0,0,5,-0.445
9711,9,711,40,1577.0,3,142.5,0,0,5,-0.445
9712,9,712,42,1600.0,3,144.0,0,0,5,-0.46499999999999997
9713,9,713,43,1622.5,3,145.5,0,0,5,-0.475
9714,9,714,43,1644.0,3,147.0,0,0,5,-0.475
9715,9,715,41,1442.5,3,148.5,0,0,6,-0.45499999999999996
9716,9,716,39,1350.5,3,150.0,0,0,6,-0.435
9717,9,717,38,1366.5,3,151.5,0,0,6,-0.425
9718,9,718,38,1385.5,3,153.0,0,0,6,-0.425
9719,9,719,38,1398.5,3,154.5,0,0,6,-0.425
9720,9,720,37,1411.0,3,156.0,0,0,6,-0.415
9721,9,721,38,1431.0,3,157.5,0,0,6,-0.425
9722,9,722,40,1453.0,3,159.0,0,0,6,-0.445
9723,9,723,40,1473.0,3,160.5,0,0,6,-0.445
9724,9,724,40,1493.0,3,162.0,0,0,6,-0.445
9725,9,725,40,1513.0,3,163.5,0,2,6,-0.445
9726,9,726,40,1533.0,3,165.0,0,0,6,-0.445
9727,9,727,40,1553.0,3,166.5,0,0,6,-0.445
9728,9,728,42,1576.0,3,168.0,0,0,6,-0.46499999999999997
9729,9,729,42,1597.0,3,169.5,0,0,6,-0.46499999999999997
9730,9,730,42,1618.0,3,171.0,0,0,6,-0.46499999999999997
9731,9,731,43,1640.5,3,172.5,0,0,6,-0.475
9732,9,732,43,1662.0,3,174.0,0,0,6,-0.475
9733,9,733,44,1685.0,3,175.5,0,0,6,-0.485
9734,9,734,44,1707.0,3,177.0,1,0,6,-0.485
9735,9,735,44,1729.0,3,178.5,0,0,6,-0.485
9736,9,736,44,1751.0,3,180.0,0,0,6,-0.485
9737,9,737,45,1774.5,3,181.5,0,0,6,-0.495
9738,9,738,43,1791.0,3,183.0,0,0,6,-0.475
9739,9,739,43,1812.5,3,184.5,0,0,6,-0.475
9740,9,740,43,1834.0,3,186.0,0,0,6,-0.475
9741,9,741,44,1857.0,3,187.5,0,0,6,-0.485
9742,9,742,44,1879.0,3,189.0,0,0,6,-0.485
9743,9,743,44,1901.0,3,190.5,0,0,6,-0.485
9744,9,744,44,1923.0,3,192.0,0,0,6,-0.485
9745,9,745,44,1945.0,4,195.0,0,2,6,-0.5
9746,9,746,45,1968.5,3,195.0,0,0,6,-0.495
9747,9,747,43,1939.5,5,199.5,0,0,6,-0.505
9748,9,748,44,1962.5,5,202.0,0,2,6,-0.515
9749,9,749,44,1984.5,7,207.5,0,0,6,-0.545
9750,9,750,44,2006.5,7,211.0,0,0,6,-0.545
9751,9,751,45,2030.0,6,212.0,0,0,6,-0.54
9752,9,752,46,2054.0,6,215.0,0,0,6,-0.55
9753,9,753,47,2078.5,6,218.0,0,0,6,-0.5599999999999999
9754,9,754,47,2102.0,7,222.5,0,0,6,-0.575
9755,9,755,47,2125.5,7,226.0,0,2,6,-0.575
9756,9,756,47,2149.0,7,229.5,0,0,6,-0.575
9757,9,757,47,2172.5,7,233.0,0,1,6,-0.575
9758,9,758,47,2196.0,7,236.5,0,2,6,-0.575
9759,9,759,47,2219.5,7,240.0,0,0,6,-0.575
9760,9,760,48,2244.5,7,243.5,0,2,6,-0.585
9761,9,761,49,2270.0,7,247.0,0,1,6,-0.595
9762,9,762,49,2294.5,7,250.5,0,0,6,-0.595
9763,9,763,49,2319.0,7,254.0,0,1,6,-0.595
9764,9,764,49,2343.5,7,257.5,0,1,6,-0.595
9765,9,765,49,2368.0,7,261.0,0,0,6,-0.595
9766,9,766,49,2392.5,7,264.5,0,1,6,-0.595
9767,9,767,49,2417.0,7,268.0,0,1,6,-0.595
9768,9,768,50,2443.0,7,271.5,0,0,6,-0.605
9769,9,769,50,2468.0,7,275.0,0,2,6,-0.605
9770,9,770,51,2494.5,7,278.5,0,1,6,-0.615
9771,9,771,51,2520.0,7,282.0,0,0,6,-0.615
9772,9,772,51,2545.5,7,285.5,0,2,6,-0.615
9773,9,773,53,2574.0,7,289.0,0,2,6,-0.635
9774,9,774,53,2600.5,8,294.0,0,0,6,-0.65
9775,9,775,53,2627.0,8,298.0,0,1,6,-0.65
9776,9,776,54,2655.0,8,302.0,0,2,6,-0.66
9777,9,777,54,2682.0,8,306.0,0,1,6,-0.66
9778,9,778,54,2709.0,8,310.0,0,0,6,-0.66
9779,9,779,54,2736.0,8,314.0,0,1,6,-0.66
9780,9,780,55,2764.5,8,318.0,0,1,6,-0.67
9781,9,781,55,2792.0,8,322.0,0,2,6,-0.67
9782,9,782,55,2819.5,8,326.0,0,1,6,-0.67
9783,9,783,55,2847.0,8,330.0,0,0,6,-0.67
9784,9,784,55,2874.5,8,334.0,0,0,6,-0.67
9785,9,785,56,2903.5,8,338.0,0,2,6,-0.68
9786,9,786,56,2931.5,8,342.0,0,0,6,-0.68
9787,9,787,57,2961.0,8,346.0,0,1,6,-0.69
9788,9,788,57,2989.5,8,350.0,0,0,6,-0.69
9789,9,789,58,3019.5,8,354.0,0,1,6,-0.7
9790,9,790,58,3048.5,8,358.0,0,0,6,-0.7
9791,9,791,59,3079.0,8,362.0,0,0,6,-0.71
9792,9,792,59,3108.5,8,366.0,0,0,6,-0.71
9793,9,793,59,3138.0,8,370.0,0,2,6,-0.71
9794,9,794,59,3167.5,8,374.0,0,0,6,-0.71
9795,9,795,59,3197.0,8,378.0,0,1,6,-0.71
9796,9,796,59,3226.5,8,382.0,0,2,6,-0.71
9797,9,797,59,3256.0,8,386.0,0,0,6,-0.71
9798,9,798,59,3285.5,8,390.0,0,2,6,-0.71
9799,9,799,59,3315.0,8,394.0,0,1,6,-0.71
9800,9,800,59,3344.5,8,398.0,1,1,6,-0.71
9801,9,801,60,3375.5,8,402.0,0,2,6,-0.72
9802,9,802,60,3405.5,8,406.0,0,2,6,-0.72
9803,9,803,60,3435.5,8,410.0,0,1,6,-0.72
9804,9,804,60,3465.5,8,414.0,0,2,6,-0.72
9805,9,805,61,3497.0,8,418.0,0,3,7,-0.73
9806,9,806,61,3527.5,8,422.0,0,0,7,-0.73
9807,9,807,61,3558.0,8,426.0,0,2,7,-0.73
9808,9,808,61,3588.5,8,430.0,0,2,7,-0.73
9809,9,809,63,3622.0,8,434.0,1,0,7,-0.75
9810,9,810,64,3655.0,8,438.0,0,3,7,-0.76
9811,9,811,64,3687.0,8,442.0,0,0,7,-0.76
9812,9,812,64,3719.0,8,446.0,0,1,7,-0.76
9813,9,813,64,3751.0,8,450.0,0,1,7,-0.76
9814,9,814,64,3783.0,8,454.0,0,1,7,-0.76
9815,9,815,64,3815.0,8,458.0,0,2,7,-0.76
9816,9,816,65,3848.5,8,462.0,0,2,7,-0.77
9817,9,817,63,3561.0,8,466.0,0,0,8,-0.75
9818,9,818,63,3342.5,8,470.0,0,2,8,-0.75
9819,9,819,61,3192.0,8,474.0,0,0,8,-0.73
9820,9,820,60,3113.0,8,478.0,0,1,8,-0.72
9821,9,821,60,3143.0,8,482.0,0,2,8,-0.72
9822,9,822,58,3121.0,8,486.0,0,1,8,-0.7
9823,9,823,58,3150.0,8,490.0,0,1,8,-0.7
9824,9,824,58,3179.0,8,494.0,0,1,8,-0.7
9825,9,825,59,3209.5,8,498.0,0,0,8,-0.71
9826,9,826,60,3240.5,8,502.0,0,1,8,-0.72
9827,9,827,60,3270.5,8,506.0,0,2,8,-0.72
9828,9,828,60,3300.5,8,510.0,0,0,8,-0.72
9829,9,829,60,3330.5,8,514.0,0,0,8,-0.72
9830,9,830,60,3360.5,8,518.0,0,0,8,-0.72
9831,9,831,60,3390.5,8,522.0,0,0,8,-0.72
9832,9,832,61,3422.0,8,526.0,0,0,8,-0.73
9833,9,833,61,3452.5,8,530.0,0,0,8,-0.73
9834,9,834,61,3483.0,8,534.0,0,0,8,-0.73
9835,9,835,61,3513.5,8,538.0,0,0,8,-0.73
9836,9,836,61,3544.0,8,542.0,0,0,8,-0.73
9837,9,837,63,3577.5,8,546.0,0,0,8,-0.75
9838,9,838,64,3610.5,8,550.0,0,0,8,-0.76
9839,9,839,64,3642.5,8,554.0,0,0,8,-0.76
9840,9,840,65,3676.0,8,558.0,0,0,8,-0.77
9841,9,841,66,3710.0,8,562.0,0,0,8,-0.78
9842,9,842,65,3741.0,8,566.0,0,2,8,-0.77
9843,9,843,66,3775.0,8,570.0,0,1,8,-0.78
9844,9,844,67,3809.5,8,574.0,0,0,8,-0.79
9845,9,845,67,3843.0,8,578.0,0,0,8,-0.79
9846,9,846,67,3876.5,8,582.0,0,2,8,-0.79
9847,9,847,68,3911.5,8,586.0,0,0,8,-0.8
9848,9,848,69,3947.0,8,590.0,0,0,8,-0.8099999999999999
9849,9,849,70,3983.0,8,594.0,0,0,8,-0.82
9850,9,850,70,4018.0,8,598.0,0,0,8,-0.82
9851,9,851,71,4054.5,8,602.0,0,0,8,-0.83
9852,9,852,72,4091.5,8,606.0,0,0,8,-0.84
9853,9,853,72,4127.5,8,610.0,0,2,8,-0.84
9854,9,854,72,4163.5,8,614.0,0,0,8,-0.84
9855,9,855,72,4199.5,8,618.0,0,0,8,-0.84
9856,9,856,72,4235.5,8,622.0,0,0,8,-0.84
9857,9,857,72,4271.5,8,626.0,0,1,8,-0.84
9858,9,858,72,4307.5,8,630.0,0,0,8,-0.84
9859,9,859,73,4345.0,8,634.0,0,0,8,-0.85
9860,9,860,75,4384.5,8,638.0,0,0,8,-0.87
9861,9,861,76,4423.5,8,642.0,0,0,8,-0.88
9862,9,862,76,4461.5,8,646.0,0,0,8,-0.88
9863,9,863,77,4501.0,8,650.0,0,0,8,-0.89
9864,9,864,78,4541.0,9,655.5,0,0,8,-0.915
9865,9,865,78,4580.0,9,660.0,1,0,8,-0.915
9866,9,866,78,4619.0,9,664.5,0,0,8,-0.915
9867,9,867,78,4658.0,9,669.0,0,0,8,-0.915
9868,9,868,78,4697.0,9,673.5,0,0,8,-0.915
9869,9,869,78,4736.0,11,681.0,0,0,8,-0.9450000000000001
9870,9,870,78,4775.0,11,686.5,0,0,8,-0.9450000000000001
9871,9,871,79,4815.5,11,692.0,0,0,8,-0.9550000000000001
9872,9,872,80,4856.5,11,697.5,0,0,8,-0.9650000000000001
9873,9,873,80,4896.5,11,703.0,0,0,8,-0.9650000000000001
9874,9,874,80,4936.5,11,708.5,0,1,8,-0.9650000000000001
9875,9,875,80,4976.5,11,714.0,0,0,8,-0.9650000000000001
9876,9,876,80,5016.5,11,719.5,0,0,8,-0.9650000000000001
9877,9,877,80,5056.5,11,725.0,0,0,9,-0.9650000000000001
9878,9,878,80,5096.5,11,730.5,0,0,9,-0.9650000000000001
9879,9,879,81,5138.0,11,736.0,0,2,9,-0.9750000000000001
9880,9,880,82,5180.0,11,741.5,0,0,9,-0.985
9881,9,881,83,5222.5,11,747.0,1,1,9,-0.995
9882,9,882,84,5265.5,12,754.0,0,0,9,-1.02
9883,9,883,80,4726.5,8,496.5,0,0,0,-0.92
9884,9,884,76,4228.5,8,500.5,0,1,0,-0.88
9885,9,885,73,3769.5,8,305.0,0,0,0,-0.85
9886,9,886,70,3456.5,7,241.5,0,0,0,-0.8049999999999999
9887,9,887,70,3377.5,7,244.0,1,0,0,-0.8049999999999999
9888,9,888,66,2999.5,7,247.5,1,0,0,-0.765
9889,9,889,63,2666.0,8,252.5,0,0,0,-0.75
9890,9,890,62,2624.0,9,258.0,1,0,0,-0.755
9891,9,891,59,2382.5,9,262.5,0,0,0,-0.725
9892,9,892,57,2171.5,7,247.5,0,0,0,-0.6749999999999999
9893,9,893,55,2074.0,6,143.0,0,0,0,-0.64
9894,9,894,52,1875.5,4,38.0,1,0,0,-0.5800000000000001
9895,9,895,49,1703.5,3,25.5,1,0,0,-0.535
9896,9,896,49,1673.5,2,9.5,0,1,0,-0.52
9897,9,897,45,1485.0,2,10.5,1,1,0,-0.48
9898,9,898,42,1373.5,2,11.5,0,0,0,-0.44999999999999996
9899,9,899,41,1362.0,3,14.0,0,0,0,-0.45499999999999996
9900,9,900,36,1195.0,3,15.5,0,1,0,-0.40499999999999997
9901,9,901,31,1058.5,3,17.0,0,0,0,-0.355
9902,9,902,28,1046.5,3,18.5,1,1,0,-0.325
9903,9,903,27,1051.0,3,20.0,0,1,0,-0.315
9904,9,904,27,1064.5,3,21.5,0,0,0,-0.315
9905,9,905,27,1078.0,3,23.0,0,0,0,-0.315
9906,9,906,27,1091.5,3,24.5,0,1,0,-0.315
9907,9,907,27,1105.0,3,26.0,0,0,0,-0.315
9908,9,908,27,1118.5,2,21.5,0,0,0,-0.30000000000000004
9909,9,909,28,1133.5,2,22.5,0,1,0,-0.31000000000000005
9910,9,910,29,1149.0,2,23.5,0,0,0,-0.31999999999999995
9911,9,911,29,1163.5,2,24.5,0,1,0,-0.31999999999999995
9912,9,912,32,1182.5,2,25.5,1,1,0,-0.35
9913,9,913,32,1198.5,2,26.5,0,1,0,-0.35
9914,9,914,33,1216.0,2,27.5,0,1,0,-0.36
9915,9,915,33,1232.5,2,28.5,0,1,0,-0.36
9916,9,916,33,1249.0,2,29.5,1,0,0,-0.36
9917,9,917,33,1265.5,2,30.5,0,0,0,-0.36
9918,9,918,34,1283.5,2,31.5,0,0,0,-0.37
9919,9,919,34,1300.5,2,32.5,0,0,0,-0.37
9920,9,920,35,1319.0,2,33.5,0,0,0,-0.38
9921,9,921,41,1345.5,2,34.5,0,0,0,-0.43999999999999995
9922,9,922,41,1366.0,2,35.5,0,0,0,-0.43999999999999995
9923,9,923,41,1386.5,2,36.5,0,0,0,-0.43999999999999995
9924,9,924,41,1407.0,2,37.5,0,0,0,-0.43999999999999995
9925,9,925,41,1427.5,2,38.5,0,0,0,-0.43999999999999995
9926,9,926,41,1448.0,2,39.5,0,0,0,-0.43999999999999995
9927,9,927,41,1468.5,2,40.5,0,0,0,-0.43999999999999995
9928,9,928,41,1489.0,2,41.5,0,0,0,-0.43999999999999995
9929,9,929,42,1511.0,2,42.5,0,0,0,-0.44999999999999996
9930,9,930,42,1532.0,2,43.5,0,0,0,-0.44999999999999996
9931,9,931,43,1554.5,2,44.5,0,0,0,-0.45999999999999996
9932,9,932,43,1576.0,2,45.5,0,0,0,-0.45999999999999996
9933,9,933,41,1383.5,2,46.5,0,0,1,-0.43999999999999995
9934,9,934,39,1280.5,2,47.5,0,0,1,-0.42000000000000004
9935,9,935,37,1283.0,2,48.5,0,0,1,-0.4
9936,9,936,37,1301.5,2,49.5,0,0,1,-0.4
9937,9,937,37,1320.0,2,50.5,0,0,1,-0.4
9938,9,938,37,1338.5,2,51.5,0,0,1,-0.4
9939,9,939,38,1358.5,2,52.5,0,0,1,-0.41000000000000003
9940,9,940,38,1377.5,2,53.5,0,0,1,-0.41000000000000003
9941,9,941,40,1399.5,2,54.5,0,0,1,-0.43000000000000005
9942,9,942,41,1421.0,2,55.5,0,0,1,-0.43999999999999995
9943,9,943,41,1441.5,2,56.5,0,0,1,-0.43999999999999995
9944,9,944,43,1465.0,2,57.5,0,0,1,-0.45999999999999996
9945,9,945,43,1486.5,2,58.5,0,0,1,-0.45999999999999996
9946,9,946,41,1500.0,2,59.5,0,0,1,-0.43999999999999995
9947,9,947,40,1516.0,2,60.5,0,0,1,-0.43000000000000005
9948,9,948,40,1536.0,2,61.5,0,0,1,-0.43000000000000005
9949,9,949,42,1559.0,2,62.5,0,0,1,-0.44999999999999996
9950,9,950,42,1580.0,2,63.5,0,1,1,-0.44999999999999996
9951,9,951,43,1602.5,2,64.5,0,0,1,-0.45999999999999996
9952,9,952,43,1624.0,2,65.5,0,0,1,-0.45999999999999996
9953,9,953,43,1645.5,2,66.5,0,0,1,-0.45999999999999996
9954,9,954,43,1667.0,2,67.5,0,0,1,-0.45999999999999996
9955,9,955,43,1688.5,2,68.5,0,0,1,-0.45999999999999996
9956,9,956,43,1710.0,2,69.5,0,0,1,-0.45999999999999996
9957,9,957,44,1733.0,2,70.5,0,0,1,-0.47
9958,9,958,44,1755.0,2,71.5,0,0,1,-0.47
9959,9,959,44,1777.0,3,74.0,0,0,1,-0.485
9960,9,960,44,1799.0,3,75.5,0,0,1,-0.485
9961,9,961,45,1822.5,3,77.0,0,0,1,-0.495
9962,9,962,45,1845.0,3,78.5,0,0,1,-0.495
9963,9,963,44,1849.0,3,80.0,0,2,1,-0.485
9964,9,964,44,1871.0,3,81.5,0,0,1,-0.485
9965,9,965,44,1893.0,3,83.0,0,0,1,-0.485
9966,9,966,44,1915.0,3,84.5,0,1,1,-0.485
9967,9,967,45,1938.5,5,89.0,0,0,1,-0.525
9968,9,968,45,1961.0,5,91.5,0,0,1,-0.525
9969,9,969,45,1983.5,5,94.0,0,1,1,-0.525
9970,9,970,46,2007.5,5,96.5,0,0,1,-0.535
9971,9,971,46,2030.5,6,100.5,0,0,1,-0.55
9972,9,972,46,2053.5,6,103.5,0,1,1,-0.55
9973,9,973,46,2076.5,6,106.5,0,1,1,-0.55
9974,9,974,46,2099.5,6,109.5,0,0,1,-0.55
9975,9,975,46,2122.5,6,112.5,0,1,1,-0.55
9976,9,976,46,2145.5,6,115.5,0,0,1,-0.55
9977,9,977,46,2168.5,6,118.5,0,0,1,-0.55
9978,9,978,47,2193.0,6,121.5,0,0,1,-0.5599999999999999
9979,9,979,47,2216.5,6,124.5,0,0,1,-0.5599999999999999
9980,9,980,48,2241.5,6,127.5,0,0,1,-0.57
9981,9,981,50,2268.5,6,130.5,0,0,1,-0.59
9982,9,982,51,2295.0,6,133.5,0,0,1,-0.6
9983,9,983,51,2320.5,6,136.5,0,0,1,-0.6
9984,9,984,53,2349.0,6,139.5,0,1,1,-0.62
9985,9,985,53,2375.5,6,142.5,0,1,1,-0.62
9986,9,986,53,2402.0,6,145.5,0,0,1,-0.62
9987,9,987,53,2428.5,6,148.5,0,1,1,-0.62
9988,9,988,53,2455.0,6,151.5,0,2,1,-0.62
9989,9,989,53,2481.5,6,154.5,0,0,1,-0.62
9990,9,990,53,2508.0,6,157.5,0,1,1,-0.62
9991,9,991,53,2534.5,6,160.5,0,3,1,-0.62
9992,9,992,53,2561.0,6,163.5,0,0,1,-0.62
9993,9,993,53,2587.5,6,166.5,0,0,1,-0.62
9994,9,994,53,2614.0,6,169.5,0,3,1,-0.62
9995,9,995,53,2640.5,6,172.5,0,1,1,-0.62
9996,9,996,54,2668.5,6,175.5,0,0,1,-0.63
9997,9,997,55,2697.0,6,178.5,0,1,1,-0.64
9998,9,998,55,2724.5,6,181.5,0,2,1,-0.64
9999,9,999,55,2752.0,6,184.5,0,0,1,-0.64
